2.788343191146850586e+00
2.648333787918090820e+00
2.520120859146118164e+00
2.529984712600708008e+00
2.359106779098510742e+00
2.388747453689575195e+00
2.338967561721801758e+00
2.453631877899169922e+00
2.051051139831542969e+00
2.148729085922241211e+00
2.088558673858642578e+00
2.314078092575073242e+00
2.096797704696655273e+00
1.837925672531127930e+00
2.119953870773315430e+00
1.987958073616027832e+00
2.026354312896728516e+00
2.026392459869384766e+00
2.051644086837768555e+00
1.810368418693542480e+00
1.922142863273620605e+00
1.737351655960083008e+00
1.991459012031555176e+00
1.945873260498046875e+00
1.944097042083740234e+00
1.782234787940979004e+00
1.720414280891418457e+00
1.716679573059082031e+00
1.873944878578186035e+00
1.696494102478027344e+00
2.008614301681518555e+00
1.757422208786010742e+00
1.757177829742431641e+00
1.530742883682250977e+00
1.633940100669860840e+00
1.796630978584289551e+00
1.705393671989440918e+00
1.705566763877868652e+00
1.772180080413818359e+00
1.671589970588684082e+00
1.768045067787170410e+00
1.686919927597045898e+00
1.703913688659667969e+00
1.719530582427978516e+00
1.594662070274353027e+00
1.702758073806762695e+00
1.485721826553344727e+00
1.635919809341430664e+00
1.832989931106567383e+00
1.702858805656433105e+00
1.722907304763793945e+00
1.681861400604248047e+00
1.526404380798339844e+00
1.450196027755737305e+00
1.742051005363464355e+00
1.680682539939880371e+00
1.610369920730590820e+00
1.856636285781860352e+00
1.718076705932617188e+00
1.571295499801635742e+00
1.771872758865356445e+00
1.604361534118652344e+00
1.720657825469970703e+00
1.637933969497680664e+00
1.595959067344665527e+00
1.875750303268432617e+00
1.718228220939636230e+00
1.556527972221374512e+00
1.495872378349304199e+00
1.731808185577392578e+00
1.736544966697692871e+00
1.749895095825195312e+00
1.602800846099853516e+00
1.685399532318115234e+00
1.534361720085144043e+00
1.646484613418579102e+00
1.635258316993713379e+00
1.718249917030334473e+00
1.565223336219787598e+00
1.727264523506164551e+00
1.833318591117858887e+00
1.405607700347900391e+00
1.791503548622131348e+00
1.855911850929260254e+00
1.718506813049316406e+00
1.582909226417541504e+00
1.479312658309936523e+00
1.560148954391479492e+00
1.599040627479553223e+00
1.568828463554382324e+00
1.530554771423339844e+00
1.878334641456604004e+00
1.639908909797668457e+00
1.393772482872009277e+00
1.274651169776916504e+00
1.559910058975219727e+00
1.661230444908142090e+00
1.477943778038024902e+00
1.750052928924560547e+00
1.455284476280212402e+00
1.279716610908508301e+00
1.557891488075256348e+00
1.553938031196594238e+00
1.428335189819335938e+00
1.513377904891967773e+00
1.307004570960998535e+00
1.618544459342956543e+00
1.524046897888183594e+00
1.399127244949340820e+00
1.571303844451904297e+00
1.451082229614257812e+00
1.372764229774475098e+00
1.497860074043273926e+00
1.368501067161560059e+00
1.571517944335937500e+00
1.426784992218017578e+00
1.484617352485656738e+00
1.425489425659179688e+00
1.423243761062622070e+00
1.349189043045043945e+00
1.329790949821472168e+00
1.663998842239379883e+00
1.424360871315002441e+00
1.399529218673706055e+00
1.558048605918884277e+00
1.555591464042663574e+00
1.608394145965576172e+00
1.506505966186523438e+00
1.615470409393310547e+00
1.730046272277832031e+00
1.328306078910827637e+00
1.361306667327880859e+00
1.544107675552368164e+00
1.362805485725402832e+00
1.360523223876953125e+00
1.413828611373901367e+00
1.423541903495788574e+00
1.587628245353698730e+00
1.446273446083068848e+00
1.577802658081054688e+00
1.199622273445129395e+00
1.727474570274353027e+00
1.359694957733154297e+00
1.223780751228332520e+00
1.533887624740600586e+00
1.143736362457275391e+00
1.611807584762573242e+00
1.212945222854614258e+00
1.218355298042297363e+00
1.419347524642944336e+00
1.574793100357055664e+00
1.470424056053161621e+00
1.278787255287170410e+00
1.424530148506164551e+00
1.388793587684631348e+00
1.356753110885620117e+00
1.622115254402160645e+00
1.185646414756774902e+00
1.579108357429504395e+00
1.669924378395080566e+00
1.539368629455566406e+00
1.262316703796386719e+00
1.499582767486572266e+00
1.398111462593078613e+00
1.490073800086975098e+00
1.472042083740234375e+00
1.370650768280029297e+00
1.587852716445922852e+00
1.273304343223571777e+00
1.293226361274719238e+00
1.274064421653747559e+00
1.387932538986206055e+00
1.319888949394226074e+00
1.317568898200988770e+00
1.424675464630126953e+00
1.300265073776245117e+00
1.635433554649353027e+00
1.570574402809143066e+00
1.477959394454956055e+00
1.328311324119567871e+00
1.238308429718017578e+00
1.363481640815734863e+00
1.560297131538391113e+00
1.283938527107238770e+00
1.533250808715820312e+00
1.279818296432495117e+00
1.297310829162597656e+00
1.315055608749389648e+00
1.394080042839050293e+00
1.420883417129516602e+00
1.248633146286010742e+00
1.355875611305236816e+00
1.359216451644897461e+00
1.264780879020690918e+00
1.303240537643432617e+00
1.355236053466796875e+00
1.276229977607727051e+00
1.392484307289123535e+00
1.317172050476074219e+00
1.564030051231384277e+00
1.473500609397888184e+00
1.374895453453063965e+00
1.413543105125427246e+00
1.432619214057922363e+00
1.519627332687377930e+00
1.424192667007446289e+00
1.648594498634338379e+00
1.328659415245056152e+00
1.267781853675842285e+00
1.031758069992065430e+00
1.373659133911132812e+00
1.316697001457214355e+00
1.444901943206787109e+00
1.174638628959655762e+00
1.216003894805908203e+00
1.647810935974121094e+00
1.649987816810607910e+00
1.398699522018432617e+00
1.198099851608276367e+00
1.133736133575439453e+00
1.257753133773803711e+00
1.423690795898437500e+00
1.213106870651245117e+00
1.242619276046752930e+00
1.107985496520996094e+00
1.642379641532897949e+00
1.255246877670288086e+00
1.155169248580932617e+00
1.320654392242431641e+00
1.254418134689331055e+00
1.398977041244506836e+00
1.498025178909301758e+00
1.408537745475769043e+00
1.553405284881591797e+00
1.452034711837768555e+00
1.133515954017639160e+00
1.549657821655273438e+00
1.305788874626159668e+00
1.201269507408142090e+00
1.306403636932373047e+00
1.124423027038574219e+00
1.439954996109008789e+00
1.352218747138977051e+00
1.303894042968750000e+00
1.232514023780822754e+00
1.336370944976806641e+00
1.445646524429321289e+00
1.042853474617004395e+00
1.154488563537597656e+00
1.115282058715820312e+00
1.337006211280822754e+00
1.259812712669372559e+00
1.498520970344543457e+00
1.269469022750854492e+00
1.339918017387390137e+00
1.476600170135498047e+00
1.371232151985168457e+00
1.125733733177185059e+00
1.004040598869323730e+00
1.108932733535766602e+00
1.399007797241210938e+00
9.435379505157470703e-01
1.161270260810852051e+00
1.198058128356933594e+00
1.341264843940734863e+00
1.205446124076843262e+00
1.141290426254272461e+00
1.294467091560363770e+00
1.184871077537536621e+00
1.062626957893371582e+00
1.459538459777832031e+00
1.380807042121887207e+00
1.375187754631042480e+00
1.418529272079467773e+00
1.561478257179260254e+00
1.110339641571044922e+00
1.275367021560668945e+00
1.260298132896423340e+00
1.293264508247375488e+00
1.329110860824584961e+00
1.594132423400878906e+00
1.056565046310424805e+00
1.173923373222351074e+00
1.432615160942077637e+00
1.286797404289245605e+00
1.474700927734375000e+00
1.115132331848144531e+00
1.178270578384399414e+00
1.506632447242736816e+00
1.275736093521118164e+00
1.288773894309997559e+00
1.323981642723083496e+00
1.358531117439270020e+00
1.159454345703125000e+00
1.059197783470153809e+00
1.139345526695251465e+00
1.275878667831420898e+00
1.333420038223266602e+00
1.410107374191284180e+00
1.094460725784301758e+00
1.209212183952331543e+00
1.074349403381347656e+00
1.189236760139465332e+00
1.254274129867553711e+00
1.242764472961425781e+00
1.420284390449523926e+00
1.364410758018493652e+00
1.417343974113464355e+00
1.276461124420166016e+00
1.277587890625000000e+00
1.162329673767089844e+00
1.630917668342590332e+00
1.215978980064392090e+00
1.153356909751892090e+00
1.398490190505981445e+00
1.385341048240661621e+00
1.372315287590026855e+00
1.337803840637207031e+00
1.100529670715332031e+00
1.256607651710510254e+00
1.419550538063049316e+00
1.237266898155212402e+00
1.306818842887878418e+00
1.425767064094543457e+00
1.163780450820922852e+00
1.312428236007690430e+00
1.050298810005187988e+00
1.096794486045837402e+00
1.390363574028015137e+00
1.114778280258178711e+00
1.289835214614868164e+00
1.274189233779907227e+00
1.128819108009338379e+00
1.263255000114440918e+00
1.343513250350952148e+00
1.075504422187805176e+00
1.200342178344726562e+00
1.133789777755737305e+00
1.134402632713317871e+00
1.261822700500488281e+00
1.347419977188110352e+00
1.192508339881896973e+00
1.107088685035705566e+00
1.098463773727416992e+00
1.181324005126953125e+00
1.121047616004943848e+00
1.331293106079101562e+00
1.010427474975585938e+00
1.113798499107360840e+00
1.165043354034423828e+00
1.256689906120300293e+00
1.264900565147399902e+00
1.152386426925659180e+00
1.205315113067626953e+00
1.135040521621704102e+00
1.082789421081542969e+00
1.291444659233093262e+00
1.319393992424011230e+00
1.318733096122741699e+00
1.186637639999389648e+00
1.279654383659362793e+00
1.073284745216369629e+00
1.170913815498352051e+00
1.165757536888122559e+00
1.071114540100097656e+00
1.059583425521850586e+00
1.135500907897949219e+00
1.053868889808654785e+00
1.317462563514709473e+00
1.157629966735839844e+00
1.050558567047119141e+00
1.025491237640380859e+00
1.388483524322509766e+00
1.349106550216674805e+00
1.403918981552124023e+00
1.501577734947204590e+00
1.185299038887023926e+00
1.001715064048767090e+00
1.335100293159484863e+00
1.199352860450744629e+00
1.353222846984863281e+00
1.079300165176391602e+00
1.422817468643188477e+00
8.795766830444335938e-01
1.072206497192382812e+00
1.169148445129394531e+00
1.301785111427307129e+00
1.212806582450866699e+00
1.287772655487060547e+00
1.227685332298278809e+00
1.403779387474060059e+00
1.167410731315612793e+00
9.331446886062622070e-01
1.108022689819335938e+00
1.228612065315246582e+00
1.189596652984619141e+00
1.455091595649719238e+00
1.147850513458251953e+00
1.264605998992919922e+00
1.395776629447937012e+00
1.197070837020874023e+00
1.175929784774780273e+00
1.166067361831665039e+00
1.123072266578674316e+00
8.440922498703002930e-01
1.213971138000488281e+00
1.056342720985412598e+00
1.119566202163696289e+00
8.084862828254699707e-01
1.164303660392761230e+00
1.378588795661926270e+00
1.246843457221984863e+00
1.084037184715270996e+00
1.272387385368347168e+00
1.307842969894409180e+00
1.070427298545837402e+00
9.781275987625122070e-01
8.165630102157592773e-01
1.308334350585937500e+00
1.122107625007629395e+00
1.198870897293090820e+00
1.345115184783935547e+00
1.142136693000793457e+00
1.648633480072021484e+00
1.033521413803100586e+00
1.201607704162597656e+00
1.153357982635498047e+00
1.200033664703369141e+00
1.245931625366210938e+00
1.058958649635314941e+00
1.178402662277221680e+00
1.158451437950134277e+00
1.525262475013732910e+00
1.268211483955383301e+00
1.179831862449645996e+00
1.040766835212707520e+00
1.104310631752014160e+00
1.370021343231201172e+00
1.268485665321350098e+00
1.321314454078674316e+00
1.089854598045349121e+00
9.205293059349060059e-01
1.187639117240905762e+00
1.034037947654724121e+00
1.352403044700622559e+00
1.164183020591735840e+00
1.172510623931884766e+00
1.436674952507019043e+00
1.336357831954956055e+00
1.094935297966003418e+00
1.186089634895324707e+00
1.105482697486877441e+00
1.554329156875610352e+00
1.266907215118408203e+00
1.092349648475646973e+00
1.481784224510192871e+00
1.349997043609619141e+00
1.084499478340148926e+00
1.414205908775329590e+00
1.181695938110351562e+00
1.273342013359069824e+00
9.260600209236145020e-01
1.367389678955078125e+00
1.084542751312255859e+00
1.354276895523071289e+00
1.292624473571777344e+00
1.501771211624145508e+00
1.306675076484680176e+00
1.411648273468017578e+00
1.132622718811035156e+00
8.579820394515991211e-01
1.433409333229064941e+00
1.080200791358947754e+00
9.157742857933044434e-01
9.283165335655212402e-01
1.074289917945861816e+00
1.288959264755249023e+00
1.099734187126159668e+00
1.112564682960510254e+00
1.296794772148132324e+00
1.257283329963684082e+00
1.076531410217285156e+00
1.291014671325683594e+00
1.105664134025573730e+00
1.321037054061889648e+00
1.109292864799499512e+00
9.192586541175842285e-01
1.384288907051086426e+00
1.256005048751831055e+00
1.030278205871582031e+00
1.235804200172424316e+00
1.099706053733825684e+00
9.938387274742126465e-01
1.132642269134521484e+00
1.128084778785705566e+00
1.092817902565002441e+00
1.114732265472412109e+00
1.243396043777465820e+00
1.129187464714050293e+00
1.248734354972839355e+00
8.700548410415649414e-01
1.215202927589416504e+00
1.158139109611511230e+00
9.296620488166809082e-01
1.114684224128723145e+00
1.157257437705993652e+00
1.151681900024414062e+00
1.250361680984497070e+00
9.499680995941162109e-01
1.070139288902282715e+00
1.079517126083374023e+00
1.238131761550903320e+00
1.209111690521240234e+00
1.419300675392150879e+00
1.105403900146484375e+00
1.062743902206420898e+00
1.177628755569458008e+00
9.896888136863708496e-01
1.049620509147644043e+00
1.183319568634033203e+00
1.220772981643676758e+00
8.357799053192138672e-01
1.362620711326599121e+00
9.303830265998840332e-01
1.076671481132507324e+00
1.379967212677001953e+00
9.383186697959899902e-01
1.424758672714233398e+00
1.216250300407409668e+00
1.035534977912902832e+00
8.947709798812866211e-01
1.021536469459533691e+00
9.891168475151062012e-01
1.096996188163757324e+00
1.137810230255126953e+00
1.154010772705078125e+00
1.119510889053344727e+00
1.232673645019531250e+00
9.081792235374450684e-01
1.003840565681457520e+00
1.033716559410095215e+00
1.038100957870483398e+00
9.686111807823181152e-01
1.030023455619812012e+00
1.102425098419189453e+00
1.193090915679931641e+00
1.094884514808654785e+00
1.328197956085205078e+00
1.175207018852233887e+00
9.116719961166381836e-01
1.043822646141052246e+00
1.182809829711914062e+00
9.849163293838500977e-01
1.009589552879333496e+00
1.118955254554748535e+00
1.068397402763366699e+00
9.931184649467468262e-01
1.232634782791137695e+00
1.241624236106872559e+00
1.123579621315002441e+00
1.222034335136413574e+00
1.201061010360717773e+00
1.107298016548156738e+00
1.311643123626708984e+00
1.099107384681701660e+00
1.000192880630493164e+00
1.029675483703613281e+00
9.735561609268188477e-01
1.281097650527954102e+00
1.081395268440246582e+00
1.128873705863952637e+00
1.118188858032226562e+00
1.170744776725769043e+00
8.646785020828247070e-01
1.064565658569335938e+00
1.173369050025939941e+00
1.253324985504150391e+00
9.756363630294799805e-01
1.142133593559265137e+00
9.542921781539916992e-01
8.463764190673828125e-01
9.170733094215393066e-01
1.270672202110290527e+00
1.213869571685791016e+00
9.535196423530578613e-01
9.051389098167419434e-01
1.152568101882934570e+00
8.954268097877502441e-01
1.105950951576232910e+00
1.178138971328735352e+00
1.147601485252380371e+00
1.109893560409545898e+00
8.504165410995483398e-01
1.032789587974548340e+00
1.088784694671630859e+00
9.655052423477172852e-01
1.063762903213500977e+00
1.041472315788269043e+00
1.096645832061767578e+00
1.149408340454101562e+00
1.168336629867553711e+00
1.103755235671997070e+00
8.285809159278869629e-01
9.649937152862548828e-01
1.001218318939208984e+00
1.119127035140991211e+00
7.857818007469177246e-01
9.928085803985595703e-01
1.105703234672546387e+00
1.104555726051330566e+00
9.952719211578369141e-01
1.119701385498046875e+00
1.018970370292663574e+00
1.138166308403015137e+00
1.114757537841796875e+00
1.094481825828552246e+00
1.186731457710266113e+00
1.261584043502807617e+00
9.232732057571411133e-01
1.066032171249389648e+00
1.039752721786499023e+00
9.131581187248229980e-01
1.100042939186096191e+00
1.143410325050354004e+00
1.171988725662231445e+00
1.254225492477416992e+00
1.045726180076599121e+00
1.143280744552612305e+00
1.068361520767211914e+00
1.137516140937805176e+00
1.223309278488159180e+00
1.220811486244201660e+00
1.025234580039978027e+00
8.956608176231384277e-01
1.040855050086975098e+00
1.067748188972473145e+00
1.096831679344177246e+00
1.297400712966918945e+00
1.091437697410583496e+00
1.126428365707397461e+00
9.015381336212158203e-01
1.012826085090637207e+00
9.984860420227050781e-01
9.955328702926635742e-01
1.129263401031494141e+00
9.499016404151916504e-01
9.813637733459472656e-01
1.036496996879577637e+00
1.073953032493591309e+00
9.737808704376220703e-01
1.160663008689880371e+00
1.142934203147888184e+00
1.113908290863037109e+00
1.087963819503784180e+00
1.077996373176574707e+00
8.243094682693481445e-01
9.806293249130249023e-01
8.274009227752685547e-01
1.087711095809936523e+00
1.274435281753540039e+00
9.739103317260742188e-01
1.188910484313964844e+00
1.074282884597778320e+00
1.113932251930236816e+00
1.102206230163574219e+00
9.310859441757202148e-01
1.132566332817077637e+00
1.154797673225402832e+00
1.122560858726501465e+00
9.256871938705444336e-01
1.149285554885864258e+00
9.598300457000732422e-01
1.259845495223999023e+00
1.197232961654663086e+00
1.048407316207885742e+00
9.629492759704589844e-01
1.035957098007202148e+00
9.731308817863464355e-01
1.197739601135253906e+00
1.387729048728942871e+00
1.065212368965148926e+00
1.026700377464294434e+00
1.365112900733947754e+00
9.804490804672241211e-01
9.850281476974487305e-01
9.188005924224853516e-01
1.271617412567138672e+00
9.212492108345031738e-01
1.117316603660583496e+00
1.058694839477539062e+00
1.035699367523193359e+00
1.055519938468933105e+00
9.525562524795532227e-01
9.295011758804321289e-01
1.109321355819702148e+00
9.174326062202453613e-01
1.249130010604858398e+00
1.039989233016967773e+00
9.102692604064941406e-01
9.933813810348510742e-01
1.104900240898132324e+00
1.164978146553039551e+00
9.186760187149047852e-01
1.034482002258300781e+00
8.522571325302124023e-01
1.129985332489013672e+00
1.172820091247558594e+00
1.092161774635314941e+00
1.140201091766357422e+00
1.219278216361999512e+00
9.600754976272583008e-01
1.030431628227233887e+00
1.081071496009826660e+00
1.071269512176513672e+00
9.349781274795532227e-01
8.865208029747009277e-01
8.941268920898437500e-01
9.683918356895446777e-01
9.965076446533203125e-01
1.026642560958862305e+00
1.182527542114257812e+00
9.061652421951293945e-01
1.182318210601806641e+00
1.224929094314575195e+00
1.005758047103881836e+00
1.344282984733581543e+00
1.268076300621032715e+00
9.255651831626892090e-01
1.131801128387451172e+00
9.499212503433227539e-01
1.137337207794189453e+00
9.021055102348327637e-01
1.094387769699096680e+00
1.270935654640197754e+00
1.025908827781677246e+00
1.062491893768310547e+00
1.056817412376403809e+00
9.089640974998474121e-01
1.064314246177673340e+00
8.479306697845458984e-01
1.106182694435119629e+00
1.166721224784851074e+00
1.247883319854736328e+00
8.511174917221069336e-01
9.277111291885375977e-01
9.721720218658447266e-01
8.907805681228637695e-01
1.119579195976257324e+00
9.967145919799804688e-01
9.650474190711975098e-01
9.751797318458557129e-01
9.804335832595825195e-01
8.218385577201843262e-01
1.076032876968383789e+00
1.265206813812255859e+00
1.031549334526062012e+00
1.066000819206237793e+00
9.526094794273376465e-01
1.366949439048767090e+00
1.056448936462402344e+00
1.006700634956359863e+00
8.075299263000488281e-01
1.032585740089416504e+00
8.724139928817749023e-01
9.038286209106445312e-01
8.613129854202270508e-01
1.024124383926391602e+00
1.075222611427307129e+00
1.320610046386718750e+00
1.203785419464111328e+00
7.560485601425170898e-01
1.022843122482299805e+00
8.693885207176208496e-01
9.791292548179626465e-01
9.306536316871643066e-01
8.465468287467956543e-01
8.199982047080993652e-01
1.001091718673706055e+00
1.072010517120361328e+00
8.746128082275390625e-01
7.748397588729858398e-01
1.074607491493225098e+00
9.618858695030212402e-01
8.046843409538269043e-01
9.119685888290405273e-01
7.577717304229736328e-01
8.185743689537048340e-01
8.037964701652526855e-01
8.594208359718322754e-01
8.058352470397949219e-01
1.031262993812561035e+00
8.300567865371704102e-01
7.399027943611145020e-01
7.724813222885131836e-01
8.170756101608276367e-01
8.478292822837829590e-01
1.041943788528442383e+00
9.234846234321594238e-01
9.417150020599365234e-01
9.825169444084167480e-01
8.892820477485656738e-01
7.985258698463439941e-01
1.081500649452209473e+00
7.234063148498535156e-01
8.050322532653808594e-01
6.994417905807495117e-01
6.579979062080383301e-01
8.237639069557189941e-01
8.006449341773986816e-01
1.273931980133056641e+00
9.942129254341125488e-01
9.853587150573730469e-01
9.259257316589355469e-01
7.551163434982299805e-01
1.079445600509643555e+00
8.265259861946105957e-01
9.252753853797912598e-01
8.774677515029907227e-01
9.507052302360534668e-01
1.116811037063598633e+00
8.964505791664123535e-01
8.763611912727355957e-01
6.929421424865722656e-01
7.875252962112426758e-01
8.666589260101318359e-01
7.291483879089355469e-01
7.965303063392639160e-01
1.214378118515014648e+00
7.367712259292602539e-01
9.837410449981689453e-01
7.582994103431701660e-01
1.126908302307128906e+00
1.077958106994628906e+00
8.871961236000061035e-01
1.026172995567321777e+00
9.529121518135070801e-01
9.648497104644775391e-01
9.357931613922119141e-01
9.010926485061645508e-01
9.137883186340332031e-01
7.599866986274719238e-01
8.573026061058044434e-01
7.710123062133789062e-01
7.599222660064697266e-01
8.650116920471191406e-01
6.684833168983459473e-01
8.002770543098449707e-01
6.704418659210205078e-01
8.703417778015136719e-01
8.947625160217285156e-01
9.052019119262695312e-01
7.567448019981384277e-01
7.544972300529479980e-01
8.490573763847351074e-01
5.656261444091796875e-01
6.175085902214050293e-01
8.564794063568115234e-01
8.352626562118530273e-01
8.639753460884094238e-01
8.987187147140502930e-01
8.899802565574645996e-01
1.322073817253112793e+00
8.736510872840881348e-01
1.065472006797790527e+00
7.677443027496337891e-01
7.175310254096984863e-01
9.737315177917480469e-01
9.564753174781799316e-01
8.314360976219177246e-01
9.687482714653015137e-01
9.737454056739807129e-01
8.349099159240722656e-01
8.343569636344909668e-01
1.049128770828247070e+00
1.304304718971252441e+00
7.422892451286315918e-01
1.000383019447326660e+00
1.013568043708801270e+00
8.668801188468933105e-01
8.928883075714111328e-01
9.348962306976318359e-01
6.893196702003479004e-01
9.242649674415588379e-01
9.518175125122070312e-01
1.072783827781677246e+00
6.400542259216308594e-01
8.205746412277221680e-01
1.050735950469970703e+00
9.074224829673767090e-01
1.073923110961914062e+00
5.512911081314086914e-01
9.148901104927062988e-01
9.011979103088378906e-01
8.381125330924987793e-01
7.684454917907714844e-01
8.741475343704223633e-01
9.055569171905517578e-01
1.143754363059997559e+00
8.247234225273132324e-01
6.515148878097534180e-01
9.698057174682617188e-01
8.617218732833862305e-01
7.571656703948974609e-01
9.269207119941711426e-01
7.332786917686462402e-01
7.847164273262023926e-01
8.092412948608398438e-01
1.012290835380554199e+00
8.917546868324279785e-01
7.751339673995971680e-01
8.012754917144775391e-01
9.938673973083496094e-01
1.122382998466491699e+00
9.296697974205017090e-01
7.810168862342834473e-01
7.452557086944580078e-01
7.236043214797973633e-01
7.878313064575195312e-01
9.804059267044067383e-01
5.812404155731201172e-01
7.412236928939819336e-01
9.962442517280578613e-01
6.292480230331420898e-01
7.788332104682922363e-01
9.192343354225158691e-01
1.114411592483520508e+00
9.433146119117736816e-01
9.082615375518798828e-01
7.584007978439331055e-01
8.201134204864501953e-01
6.202034354209899902e-01
8.634328246116638184e-01
1.007489085197448730e+00
9.121015071868896484e-01
9.504902958869934082e-01
5.430933237075805664e-01
8.321582078933715820e-01
5.854685306549072266e-01
9.125941395759582520e-01
8.203493356704711914e-01
9.993950724601745605e-01
6.489314436912536621e-01
8.535773754119873047e-01
7.780700922012329102e-01
1.040589690208435059e+00
8.586551547050476074e-01
6.991793513298034668e-01
9.530824422836303711e-01
9.837367534637451172e-01
8.085170388221740723e-01
1.002068519592285156e+00
6.249948740005493164e-01
8.363539576530456543e-01
9.332832098007202148e-01
8.962092995643615723e-01
7.362645864486694336e-01
9.145629405975341797e-01
7.957558631896972656e-01
7.966474294662475586e-01
1.131837129592895508e+00
1.091210961341857910e+00
1.077963113784790039e+00
7.418920993804931641e-01
8.467295169830322266e-01
9.994899630546569824e-01
7.833889126777648926e-01
7.523895502090454102e-01
8.157988190650939941e-01
8.518583774566650391e-01
1.038229107856750488e+00
7.999193668365478516e-01
8.179918527603149414e-01
6.844540238380432129e-01
9.730669856071472168e-01
8.688037395477294922e-01
9.804189205169677734e-01
1.138185858726501465e+00
8.367571234703063965e-01
8.950206637382507324e-01
9.052193164825439453e-01
1.102904319763183594e+00
9.297683835029602051e-01
8.646330833435058594e-01
1.020105600357055664e+00
7.910880446434020996e-01
1.305141329765319824e+00
9.361720681190490723e-01
8.933275938034057617e-01
6.957342028617858887e-01
6.273139715194702148e-01
1.056006073951721191e+00
8.972216844558715820e-01
1.032044053077697754e+00
9.599363803863525391e-01
8.613478541374206543e-01
8.077636957168579102e-01
8.624981641769409180e-01
1.099288821220397949e+00
8.382481932640075684e-01
1.021801710128784180e+00
1.001607298851013184e+00
1.017636895179748535e+00
8.759775161743164062e-01
7.462745308876037598e-01
1.079577565193176270e+00
5.272018313407897949e-01
1.162686586380004883e+00
8.464013934135437012e-01
8.668394088745117188e-01
9.776257872581481934e-01
9.090713262557983398e-01
9.552990794181823730e-01
9.738273024559020996e-01
7.322099208831787109e-01
9.233379364013671875e-01
8.573317527770996094e-01
9.936548471450805664e-01
9.381463527679443359e-01
9.492768645286560059e-01
7.119929194450378418e-01
9.139870405197143555e-01
1.044286966323852539e+00
9.674642086029052734e-01
7.389662861824035645e-01
8.481031656265258789e-01
9.373940825462341309e-01
6.715267896652221680e-01
9.642616510391235352e-01
9.993040561676025391e-01
1.063239812850952148e+00
8.473824858665466309e-01
8.746350407600402832e-01
8.357015848159790039e-01
6.843993663787841797e-01
9.133616685867309570e-01
7.458285093307495117e-01
9.845687747001647949e-01
8.129173517227172852e-01
1.007676124572753906e+00
1.020494937896728516e+00
6.348687410354614258e-01
9.918423295021057129e-01
6.977451443672180176e-01
7.888045907020568848e-01
8.544725179672241211e-01
7.716252803802490234e-01
9.514725208282470703e-01
9.228798151016235352e-01
8.455579280853271484e-01
6.985681653022766113e-01
1.202454566955566406e+00
9.286250472068786621e-01
9.316708445549011230e-01
1.119039535522460938e+00
9.348964691162109375e-01
8.561538457870483398e-01
8.021671772003173828e-01
9.066891670227050781e-01
7.248441576957702637e-01
8.602767586708068848e-01
7.451388239860534668e-01
9.815149307250976562e-01
7.119751572608947754e-01
8.483340144157409668e-01
9.379746317863464355e-01
7.045273184776306152e-01
7.091853022575378418e-01
7.154790759086608887e-01
6.831095218658447266e-01
7.778742313385009766e-01
7.981415390968322754e-01
7.010629177093505859e-01
8.646900653839111328e-01
8.424296379089355469e-01
7.099590897560119629e-01
1.040905594825744629e+00
8.353280425071716309e-01
8.018530607223510742e-01
9.206278920173645020e-01
1.023664832115173340e+00
6.753906011581420898e-01
8.078866600990295410e-01
7.547551989555358887e-01
9.747112989425659180e-01
9.136514663696289062e-01
7.740308046340942383e-01
7.990889549255371094e-01
9.111670851707458496e-01
9.502032995223999023e-01
5.968162417411804199e-01
9.902089834213256836e-01
8.736218810081481934e-01
9.508855342864990234e-01
7.711656689643859863e-01
1.018581628799438477e+00
1.001630306243896484e+00
9.473606944084167480e-01
8.354471325874328613e-01
7.516595125198364258e-01
8.260703086853027344e-01
6.345787048339843750e-01
1.080915689468383789e+00
8.830135464668273926e-01
7.003845572471618652e-01
6.431615352630615234e-01
8.694411516189575195e-01
7.401399016380310059e-01
8.545431494712829590e-01
6.252166032791137695e-01
8.592253923416137695e-01
9.304270148277282715e-01
1.001096606254577637e+00
7.708504796028137207e-01
7.530336380004882812e-01
8.849570751190185547e-01
7.566024065017700195e-01
6.702902317047119141e-01
8.598353266716003418e-01
7.536097168922424316e-01
1.160235166549682617e+00
6.677733659744262695e-01
9.944847822189331055e-01
9.016845822334289551e-01
8.660488724708557129e-01
8.449072837829589844e-01
7.039743065834045410e-01
7.085133790969848633e-01
1.171855330467224121e+00
5.656228661537170410e-01
9.273083209991455078e-01
7.029035091400146484e-01
9.261460304260253906e-01
1.035608410835266113e+00
7.143227458000183105e-01
8.833495974540710449e-01
8.466745018959045410e-01
8.167086839675903320e-01
1.038410782814025879e+00
9.669157266616821289e-01
8.397157192230224609e-01
7.571300864219665527e-01
1.096799612045288086e+00
9.375106096267700195e-01
9.452062249183654785e-01
8.849643468856811523e-01
8.669615983963012695e-01
6.938495635986328125e-01
1.054633855819702148e+00
9.770094752311706543e-01
1.119768977165222168e+00
6.595580577850341797e-01
1.160953879356384277e+00
1.071884751319885254e+00
8.993707895278930664e-01
8.833296298980712891e-01
9.297447800636291504e-01
9.707614779472351074e-01
8.182637095451354980e-01
9.143176674842834473e-01
1.078868746757507324e+00
7.161051034927368164e-01
8.831647038459777832e-01
8.788440823554992676e-01
9.612081050872802734e-01
6.586768031120300293e-01
7.558903098106384277e-01
7.601018548011779785e-01
7.989814281463623047e-01
8.637040853500366211e-01
5.379533767700195312e-01
7.471761703491210938e-01
7.466731071472167969e-01
6.996516585350036621e-01
8.397489190101623535e-01
7.122953534126281738e-01
8.932967782020568848e-01
9.865084886550903320e-01
1.154770731925964355e+00
8.029297590255737305e-01
1.070198774337768555e+00
7.232845425605773926e-01
6.548496484756469727e-01
6.080749630928039551e-01
1.109155297279357910e+00
9.416314363479614258e-01
8.064603805541992188e-01
8.807004690170288086e-01
1.059808492660522461e+00
9.179099202156066895e-01
7.468049526214599609e-01
9.152500629425048828e-01
7.605963349342346191e-01
8.127264976501464844e-01
8.459465503692626953e-01
9.824172258377075195e-01
9.678159356117248535e-01
1.083741188049316406e+00
8.858830332756042480e-01
7.860571742057800293e-01
7.827224731445312500e-01
7.115825414657592773e-01
1.289401650428771973e+00
9.873306751251220703e-01
7.028022408485412598e-01
8.825458288192749023e-01
7.768436670303344727e-01
1.040655612945556641e+00
7.251095771789550781e-01
7.732037901878356934e-01
8.844149708747863770e-01
8.748646378517150879e-01
6.780264973640441895e-01
8.499764800071716309e-01
9.832373857498168945e-01
1.064540982246398926e+00
7.167364358901977539e-01
8.793653249740600586e-01
5.507404208183288574e-01
8.096384406089782715e-01
1.015315294265747070e+00
8.334221839904785156e-01
1.017895221710205078e+00
9.545428156852722168e-01
9.209852218627929688e-01
7.974504232406616211e-01
1.238487362861633301e+00
1.129304170608520508e+00
8.452044129371643066e-01
9.315835833549499512e-01
8.362219929695129395e-01
1.061627268791198730e+00
8.523951768875122070e-01
8.132187724113464355e-01
6.823830604553222656e-01
8.524473309516906738e-01
8.268538713455200195e-01
8.154096603393554688e-01
8.172024488449096680e-01
9.041094779968261719e-01
1.035600781440734863e+00
5.756585001945495605e-01
9.248468279838562012e-01
9.352974295616149902e-01
1.094722390174865723e+00
6.942009329795837402e-01
8.015549778938293457e-01
1.012342333793640137e+00
9.181463122367858887e-01
8.465116620063781738e-01
8.588805794715881348e-01
8.297251462936401367e-01
8.290520310401916504e-01
7.865781188011169434e-01
9.872984290122985840e-01
7.354981899261474609e-01
7.142742872238159180e-01
8.742725253105163574e-01
9.350370764732360840e-01
8.085412979125976562e-01
9.535980820655822754e-01
7.176913022994995117e-01
5.326505303382873535e-01
8.039945960044860840e-01
9.853751063346862793e-01
6.242567300796508789e-01
7.580422163009643555e-01
1.037830471992492676e+00
9.194916486740112305e-01
7.604872584342956543e-01
9.518576264381408691e-01
7.583078742027282715e-01
9.852114915847778320e-01
8.308194279670715332e-01
9.483695030212402344e-01
8.754411935806274414e-01
5.870450735092163086e-01
1.142178654670715332e+00
8.553237915039062500e-01
1.189391374588012695e+00
9.053623080253601074e-01
1.192951083183288574e+00
4.443604648113250732e-01
7.460055351257324219e-01
7.242817282676696777e-01
9.491903781890869141e-01
9.450052976608276367e-01
6.877568960189819336e-01
8.460821509361267090e-01
8.816522955894470215e-01
7.109207510948181152e-01
7.212203741073608398e-01
1.079042434692382812e+00
6.984049677848815918e-01
9.331542253494262695e-01
8.804008364677429199e-01
8.665022850036621094e-01
1.108926296234130859e+00
7.548027038574218750e-01
1.058372974395751953e+00
9.375016689300537109e-01
1.058598279953002930e+00
7.813027501106262207e-01
1.058068990707397461e+00
9.029997587203979492e-01
6.841235756874084473e-01
9.607621431350708008e-01
8.056424856185913086e-01
6.893161535263061523e-01
6.341984868049621582e-01
8.661110997200012207e-01
7.481614351272583008e-01
7.856132984161376953e-01
9.686337709426879883e-01
8.443508148193359375e-01
8.530185222625732422e-01
7.367240786552429199e-01
1.024807810783386230e+00
1.047165751457214355e+00
9.288037419319152832e-01
8.351084589958190918e-01
9.574307203292846680e-01
7.155509591102600098e-01
6.365965604782104492e-01
8.746913671493530273e-01
9.642964005470275879e-01
9.139645099639892578e-01
6.640792489051818848e-01
7.803006172180175781e-01
6.223911643028259277e-01
6.905670166015625000e-01
9.970352053642272949e-01
8.080546259880065918e-01
8.370752930641174316e-01
9.241471886634826660e-01
7.238956689834594727e-01
8.746345639228820801e-01
6.797301769256591797e-01
7.847782969474792480e-01
9.368684887886047363e-01
6.772346496582031250e-01
7.840371131896972656e-01
7.227442860603332520e-01
8.731737732887268066e-01
9.793004393577575684e-01
8.352735638618469238e-01
7.009469866752624512e-01
8.068746328353881836e-01
9.696139693260192871e-01
9.323908090591430664e-01
8.473747968673706055e-01
7.953907847404479980e-01
5.659710764884948730e-01
1.054905652999877930e+00
1.101960420608520508e+00
7.346701025962829590e-01
7.921938896179199219e-01
8.807361721992492676e-01
9.616221785545349121e-01
1.023287892341613770e+00
9.862538576126098633e-01
8.756153583526611328e-01
7.462224364280700684e-01
7.867569923400878906e-01
8.077943921089172363e-01
8.176930546760559082e-01
7.620871067047119141e-01
9.894848465919494629e-01
7.479293942451477051e-01
9.474918842315673828e-01
1.272300720214843750e+00
9.844161272048950195e-01
8.504395484924316406e-01
6.044436097145080566e-01
9.070901274681091309e-01
1.136234283447265625e+00
9.009659290313720703e-01
7.494462728500366211e-01
7.266024947166442871e-01
9.600241184234619141e-01
7.287090420722961426e-01
7.559676766395568848e-01
1.105633020401000977e+00
5.077359080314636230e-01
8.822510838508605957e-01
5.645750164985656738e-01
1.057303786277770996e+00
7.258169651031494141e-01
9.161701202392578125e-01
8.323656916618347168e-01
7.088442444801330566e-01
7.832126617431640625e-01
9.672245979309082031e-01
7.950623631477355957e-01
7.364391088485717773e-01
9.749091863632202148e-01
9.191674590110778809e-01
9.232196211814880371e-01
8.376607894897460938e-01
7.331752777099609375e-01
8.845838904380798340e-01
8.634934425354003906e-01
8.645123839378356934e-01
5.147304534912109375e-01
7.429803013801574707e-01
8.790434002876281738e-01
9.752628207206726074e-01
7.145129442214965820e-01
8.718119859695434570e-01
9.236632585525512695e-01
9.070813059806823730e-01
8.308944106101989746e-01
9.468811750411987305e-01
7.516361474990844727e-01
7.178596854209899902e-01
7.625131011009216309e-01
6.440913081169128418e-01
5.686041712760925293e-01
7.285195589065551758e-01
7.152751684188842773e-01
8.925908207893371582e-01
6.294790506362915039e-01
8.749418258666992188e-01
9.881339669227600098e-01
8.943778276443481445e-01
8.368599414825439453e-01
5.421434044837951660e-01
6.329475641250610352e-01
7.712879180908203125e-01
7.934387922286987305e-01
8.764996528625488281e-01
6.871291995048522949e-01
6.651247739791870117e-01
8.721945285797119141e-01
8.041508197784423828e-01
6.928681135177612305e-01
7.724593877792358398e-01
8.962183594703674316e-01
8.296627402305603027e-01
8.886305689811706543e-01
7.855122089385986328e-01
6.128447055816650391e-01
5.513184666633605957e-01
6.843414902687072754e-01
8.495821356773376465e-01
7.646531462669372559e-01
5.802311897277832031e-01
8.520056605339050293e-01
7.263903617858886719e-01
7.921698689460754395e-01
8.528603911399841309e-01
1.076469302177429199e+00
9.813060760498046875e-01
6.590568423271179199e-01
6.814949512481689453e-01
9.848708510398864746e-01
9.807300567626953125e-01
6.286139488220214844e-01
9.099155664443969727e-01
9.305080771446228027e-01
8.920876979827880859e-01
7.902639508247375488e-01
8.052741289138793945e-01
1.020658969879150391e+00
8.178418278694152832e-01
6.950864195823669434e-01
8.281131386756896973e-01
7.662922739982604980e-01
8.508557081222534180e-01
9.852313995361328125e-01
9.711030721664428711e-01
8.216902613639831543e-01
7.932911515235900879e-01
8.390060663223266602e-01
8.507387042045593262e-01
6.921218633651733398e-01
1.146631598472595215e+00
9.346022605895996094e-01
8.856458067893981934e-01
8.817883133888244629e-01
6.700404882431030273e-01
8.407276272773742676e-01
7.736334800720214844e-01
7.419624924659729004e-01
5.357691645622253418e-01
8.801908493041992188e-01
7.100183963775634766e-01
8.087599277496337891e-01
5.903400778770446777e-01
6.575267910957336426e-01
1.198222637176513672e+00
7.573134899139404297e-01
7.592329382896423340e-01
8.221309781074523926e-01
7.506335973739624023e-01
7.298513650894165039e-01
7.710906863212585449e-01
9.026552438735961914e-01
7.833858728408813477e-01
9.809995293617248535e-01
7.421149611473083496e-01
8.871656060218811035e-01
7.326799631118774414e-01
7.525033950805664062e-01
8.916929960250854492e-01
1.092315912246704102e+00
7.258724570274353027e-01
7.229400277137756348e-01
7.869923710823059082e-01
9.491705298423767090e-01
9.391201138496398926e-01
7.212169170379638672e-01
8.238905072212219238e-01
7.857928872108459473e-01
8.605935573577880859e-01
8.103277683258056641e-01
8.149558305740356445e-01
7.956957817077636719e-01
7.888442873954772949e-01
6.792751550674438477e-01
9.052338004112243652e-01
7.349470257759094238e-01
7.936806678771972656e-01
6.953194141387939453e-01
7.987977266311645508e-01
5.285567641258239746e-01
1.048400878906250000e+00
6.403161883354187012e-01
8.582984209060668945e-01
6.292120218276977539e-01
8.310841917991638184e-01
8.529940247535705566e-01
7.164968848228454590e-01
6.209917068481445312e-01
6.660748124122619629e-01
8.541661500930786133e-01
8.231022357940673828e-01
9.947680234909057617e-01
5.893126726150512695e-01
7.902209758758544922e-01
9.876278042793273926e-01
8.440086245536804199e-01
7.956526279449462891e-01
7.710066437721252441e-01
6.206764578819274902e-01
7.872768044471740723e-01
8.690729141235351562e-01
6.067436933517456055e-01
8.077417612075805664e-01
8.246106505393981934e-01
8.178845643997192383e-01
9.050504565238952637e-01
8.864811062812805176e-01
6.229408383369445801e-01
8.820656538009643555e-01
9.691163897514343262e-01
9.241835474967956543e-01
7.730782628059387207e-01
9.291324019432067871e-01
6.264015436172485352e-01
7.036736607551574707e-01
8.461540937423706055e-01
6.683379411697387695e-01
8.653098344802856445e-01
1.742207407951354980e+00
5.476850271224975586e-01
5.239666104316711426e-01
5.660288333892822266e-01
7.388321161270141602e-01
6.876436471939086914e-01
4.835537672042846680e-01
7.250900864601135254e-01
6.535071134567260742e-01
6.369062662124633789e-01
7.566615939140319824e-01
8.030945062637329102e-01
5.034853219985961914e-01
6.430950760841369629e-01
6.648249030113220215e-01
6.385672092437744141e-01
5.711059570312500000e-01
5.302516222000122070e-01
3.746949434280395508e-01
8.566867709159851074e-01
5.579739809036254883e-01
6.866526007652282715e-01
6.161875724792480469e-01
6.140781641006469727e-01
8.298180103302001953e-01
6.809670925140380859e-01
5.416119694709777832e-01
6.828106045722961426e-01
7.851551771163940430e-01
7.282947897911071777e-01
5.759471058845520020e-01
5.343572497367858887e-01
6.388756632804870605e-01
5.778818130493164062e-01
4.873536229133605957e-01
5.996392369270324707e-01
5.709639787673950195e-01
5.036842226982116699e-01
6.442281007766723633e-01
6.440933346748352051e-01
6.704018115997314453e-01
6.144520640373229980e-01
5.087591409683227539e-01
8.141511678695678711e-01
5.315660834312438965e-01
7.425805926322937012e-01
4.717292785644531250e-01
6.909270882606506348e-01
7.559021115303039551e-01
3.800820112228393555e-01
6.689357757568359375e-01
7.109682559967041016e-01
5.584343075752258301e-01
6.398952007293701172e-01
4.842122197151184082e-01
6.048495769500732422e-01
7.151272296905517578e-01
6.901494264602661133e-01
6.307114958763122559e-01
6.594475507736206055e-01
4.884938597679138184e-01
5.697835683822631836e-01
5.694142580032348633e-01
6.108244657516479492e-01
5.369814038276672363e-01
5.614346861839294434e-01
3.877876102924346924e-01
3.974353373050689697e-01
5.486477613449096680e-01
6.923814415931701660e-01
4.309961795806884766e-01
4.315243363380432129e-01
6.058443188667297363e-01
7.122370004653930664e-01
6.782073974609375000e-01
5.896641612052917480e-01
5.228672027587890625e-01
6.892483830451965332e-01
4.598139226436614990e-01
5.569672584533691406e-01
5.856243968009948730e-01
7.232162952423095703e-01
6.079890131950378418e-01
5.815079212188720703e-01
6.868038773536682129e-01
5.652880072593688965e-01
6.318192481994628906e-01
5.975046157836914062e-01
4.807362556457519531e-01
6.073740720748901367e-01
6.207163333892822266e-01
5.953161716461181641e-01
7.134530544281005859e-01
7.767883539199829102e-01
5.849338769912719727e-01
5.576269030570983887e-01
1.041949152946472168e+00
5.524755120277404785e-01
5.182642340660095215e-01
6.603512167930603027e-01
5.978326797485351562e-01
6.079514622688293457e-01
5.766404867172241211e-01
4.782597422599792480e-01
6.156651377677917480e-01
5.489189028739929199e-01
5.378829240798950195e-01
4.007794260978698730e-01
5.037848949432373047e-01
6.359019279479980469e-01
6.669021844863891602e-01
6.144031286239624023e-01
4.809988141059875488e-01
6.389108896255493164e-01
5.033338069915771484e-01
7.192564606666564941e-01
6.273176074028015137e-01
5.159942507743835449e-01
5.864324569702148438e-01
5.441877841949462891e-01
6.048749685287475586e-01
7.808819413185119629e-01
7.468840479850769043e-01
8.005061745643615723e-01
6.028406620025634766e-01
6.767812967300415039e-01
5.841822624206542969e-01
4.434631466865539551e-01
6.714622378349304199e-01
4.074260592460632324e-01
5.158693194389343262e-01
6.162157654762268066e-01
7.679128646850585938e-01
5.381717085838317871e-01
6.257068514823913574e-01
5.060258507728576660e-01
6.247571110725402832e-01
5.750319957733154297e-01
8.281822800636291504e-01
5.142211318016052246e-01
5.310533642768859863e-01
6.124738454818725586e-01
6.486511826515197754e-01
5.356749296188354492e-01
7.139782905578613281e-01
4.996777176856994629e-01
6.471405029296875000e-01
6.917998790740966797e-01
5.877861380577087402e-01
5.923603773117065430e-01
6.379385590553283691e-01
5.474897623062133789e-01
6.235548853874206543e-01
5.892678499221801758e-01
7.770855426788330078e-01
3.759066164493560791e-01
4.996263682842254639e-01
4.033994078636169434e-01
6.850228905677795410e-01
5.804725289344787598e-01
6.954982876777648926e-01
7.659525871276855469e-01
5.225663185119628906e-01
4.740168154239654541e-01
4.432907402515411377e-01
7.300767302513122559e-01
7.524505257606506348e-01
4.813040494918823242e-01
5.893411040306091309e-01
4.105955660343170166e-01
5.996352434158325195e-01
6.840155124664306641e-01
5.080185532569885254e-01
7.530820965766906738e-01
6.734366416931152344e-01
6.253681778907775879e-01
5.164158940315246582e-01
4.714748859405517578e-01
8.483948111534118652e-01
7.042216062545776367e-01
6.173943281173706055e-01
4.209789931774139404e-01
6.464811563491821289e-01
7.513833045959472656e-01
6.289622187614440918e-01
3.856243491172790527e-01
5.783294439315795898e-01
4.244226813316345215e-01
8.053190708160400391e-01
7.956255674362182617e-01
9.090218544006347656e-01
5.006981492042541504e-01
5.156447291374206543e-01
9.150836467742919922e-01
4.865763187408447266e-01
4.317514002323150635e-01
5.525929331779479980e-01
7.767968177795410156e-01
5.396210551261901855e-01
7.154903411865234375e-01
5.954599976539611816e-01
5.201342701911926270e-01
5.800589323043823242e-01
7.593182921409606934e-01
7.498002052307128906e-01
6.249679923057556152e-01
4.313055574893951416e-01
7.610704898834228516e-01
6.170354485511779785e-01
7.444785833358764648e-01
5.750815272331237793e-01
6.662724614143371582e-01
5.126249194145202637e-01
6.951023936271667480e-01
7.093597650527954102e-01
5.268061757087707520e-01
5.679345726966857910e-01
5.409174561500549316e-01
7.334595918655395508e-01
7.547624707221984863e-01
5.206984877586364746e-01
4.853104352951049805e-01
5.447741150856018066e-01
4.474579989910125732e-01
6.618514060974121094e-01
5.405927896499633789e-01
7.259473800659179688e-01
7.453727126121520996e-01
7.858572006225585938e-01
5.588830709457397461e-01
5.346322059631347656e-01
4.825979173183441162e-01
8.133786320686340332e-01
9.334089756011962891e-01
5.564371347427368164e-01
9.862918257713317871e-01
4.930075705051422119e-01
7.200645208358764648e-01
6.439988613128662109e-01
6.410953998565673828e-01
7.274739742279052734e-01
8.809732198715209961e-01
6.745066642761230469e-01
5.997880101203918457e-01
6.251829266548156738e-01
5.096406340599060059e-01
7.903860211372375488e-01
6.452493667602539062e-01
7.817794680595397949e-01
6.451123952865600586e-01
6.059580445289611816e-01
6.562331914901733398e-01
7.499432563781738281e-01
6.452097296714782715e-01
9.757895469665527344e-01
6.263263225555419922e-01
5.969884395599365234e-01
6.572993993759155273e-01
6.949157714843750000e-01
5.085202455520629883e-01
6.642418503761291504e-01
6.084517836570739746e-01
4.517686665058135986e-01
7.740859389305114746e-01
6.604063510894775391e-01
6.269314289093017578e-01
6.286431550979614258e-01
7.430600523948669434e-01
6.392951607704162598e-01
7.262627482414245605e-01
7.954098582267761230e-01
6.363915801048278809e-01
7.544621229171752930e-01
7.998051643371582031e-01
6.446514129638671875e-01
5.834589600563049316e-01
5.013701915740966797e-01
6.967257857322692871e-01
7.183707952499389648e-01
6.122646331787109375e-01
6.084048151969909668e-01
4.674064218997955322e-01
6.252180933952331543e-01
6.365057826042175293e-01
7.454607486724853516e-01
9.100975394248962402e-01
9.614910483360290527e-01
6.257297396659851074e-01
3.892567157745361328e-01
5.460431575775146484e-01
5.767382383346557617e-01
5.628823637962341309e-01
5.565434694290161133e-01
9.463645219802856445e-01
6.166246533393859863e-01
5.558537840843200684e-01
7.715345621109008789e-01
4.182478189468383789e-01
5.434824824333190918e-01
7.029036283493041992e-01
6.020957231521606445e-01
7.186674475669860840e-01
7.167184352874755859e-01
7.610146999359130859e-01
7.716194987297058105e-01
3.322765529155731201e-01
5.991343855857849121e-01
6.962301731109619141e-01
7.086033225059509277e-01
8.633441329002380371e-01
4.914450943470001221e-01
6.013000011444091797e-01
5.485734343528747559e-01
6.315966248512268066e-01
5.460383892059326172e-01
6.090058088302612305e-01
4.493606984615325928e-01
6.454560756683349609e-01
6.265858411788940430e-01
6.224119663238525391e-01
8.677124977111816406e-01
7.824422121047973633e-01
7.254151701927185059e-01
6.868042349815368652e-01
8.062772154808044434e-01
6.468306183815002441e-01
7.289153337478637695e-01
6.353355646133422852e-01
6.524026393890380859e-01
5.937322974205017090e-01
5.878955125808715820e-01
5.514434576034545898e-01
7.018598318099975586e-01
7.757598161697387695e-01
6.179969906806945801e-01
6.629356145858764648e-01
5.910450816154479980e-01
6.135453581809997559e-01
7.837102413177490234e-01
7.775118350982666016e-01
6.998795866966247559e-01
7.359567880630493164e-01
5.079165697097778320e-01
6.303213834762573242e-01
5.072025656700134277e-01
6.206173896789550781e-01
8.617138266563415527e-01
7.607381939888000488e-01
6.059543490409851074e-01
6.215308308601379395e-01
6.809790730476379395e-01
6.327530145645141602e-01
7.610315084457397461e-01
9.240353107452392578e-01
6.506096124649047852e-01
5.637664198875427246e-01
6.866723895072937012e-01
4.381659924983978271e-01
4.306456446647644043e-01
7.031472325325012207e-01
6.479806900024414062e-01
4.940220415592193604e-01
7.584095597267150879e-01
6.528613567352294922e-01
5.252619981765747070e-01
6.118920445442199707e-01
6.232420802116394043e-01
4.281868934631347656e-01
7.534413933753967285e-01
8.633373975753784180e-01
6.073548197746276855e-01
7.559642195701599121e-01
5.939749479293823242e-01
4.501485228538513184e-01
6.067442893981933594e-01
6.722841858863830566e-01
4.463815391063690186e-01
8.459211587905883789e-01
7.117126584053039551e-01
5.922481417655944824e-01
5.830308198928833008e-01
5.917847752571105957e-01
6.715745329856872559e-01
8.146465420722961426e-01
8.532059192657470703e-01
7.395517230033874512e-01
6.013500690460205078e-01
5.432763099670410156e-01
6.139028668403625488e-01
8.011534214019775391e-01
5.792995095252990723e-01
8.126528859138488770e-01
6.397970318794250488e-01
6.588479876518249512e-01
6.168446540832519531e-01
5.697814822196960449e-01
5.956973433494567871e-01
5.892198681831359863e-01
7.640519738197326660e-01
7.862669229507446289e-01
5.417317152023315430e-01
4.728821814060211182e-01
4.160451591014862061e-01
7.440620064735412598e-01
7.551145553588867188e-01
5.612180233001708984e-01
6.256445050239562988e-01
5.449761152267456055e-01
8.094775080680847168e-01
7.655948400497436523e-01
7.200911641120910645e-01
8.597293496131896973e-01
7.584592700004577637e-01
8.429217934608459473e-01
6.816894412040710449e-01
4.268424808979034424e-01
7.222790122032165527e-01
8.456404209136962891e-01
7.682989239692687988e-01
6.038423180580139160e-01
5.791145563125610352e-01
5.014595985412597656e-01
8.189314007759094238e-01
1.032963037490844727e+00
6.656691431999206543e-01
5.790307521820068359e-01
8.050681352615356445e-01
6.168447732925415039e-01
4.967000782489776611e-01
6.746016740798950195e-01
6.693641543388366699e-01
7.982040047645568848e-01
7.153046727180480957e-01
7.920846343040466309e-01
5.783820748329162598e-01
7.123957276344299316e-01
6.782444119453430176e-01
5.674108862876892090e-01
5.861561298370361328e-01
6.972070336341857910e-01
6.471740603446960449e-01
7.517377734184265137e-01
7.088111042976379395e-01
6.447702646255493164e-01
4.993944764137268066e-01
8.386771082878112793e-01
6.352843642234802246e-01
5.275788903236389160e-01
5.603113174438476562e-01
6.275323629379272461e-01
6.299625039100646973e-01
5.571578145027160645e-01
7.198002934455871582e-01
9.162769317626953125e-01
6.945304870605468750e-01
7.379425168037414551e-01
6.400711536407470703e-01
4.450342953205108643e-01
7.586709260940551758e-01
7.683297991752624512e-01
5.484641790390014648e-01
3.836712837219238281e-01
5.469851493835449219e-01
5.139464139938354492e-01
7.655166387557983398e-01
6.752469539642333984e-01
7.235861420631408691e-01
3.783401250839233398e-01
7.492644190788269043e-01
6.128214001655578613e-01
7.561043500900268555e-01
7.138540744781494141e-01
5.407817959785461426e-01
7.799351215362548828e-01
4.578468203544616699e-01
6.340260505676269531e-01
5.992320775985717773e-01
5.558309555053710938e-01
5.464561581611633301e-01
6.331967115402221680e-01
8.972805142402648926e-01
7.503704428672790527e-01
6.939988136291503906e-01
6.018614172935485840e-01
7.006278634071350098e-01
8.014293909072875977e-01
8.071370720863342285e-01
5.261099338531494141e-01
6.728389859199523926e-01
4.074826836585998535e-01
7.825880050659179688e-01
8.055533766746520996e-01
5.737500190734863281e-01
6.341664195060729980e-01
7.486989498138427734e-01
5.482895374298095703e-01
5.533245205879211426e-01
6.885372996330261230e-01
6.286704540252685547e-01
5.359565019607543945e-01
6.446945667266845703e-01
6.827672123908996582e-01
6.652476787567138672e-01
6.401971578598022461e-01
8.227847218513488770e-01
6.914376616477966309e-01
5.705230832099914551e-01
5.231018662452697754e-01
6.637732386589050293e-01
7.994059324264526367e-01
7.338969707489013672e-01
6.122415661811828613e-01
5.304934382438659668e-01
6.371135115623474121e-01
6.926664710044860840e-01
5.433713793754577637e-01
7.202613949775695801e-01
6.599112749099731445e-01
7.884626388549804688e-01
6.188013553619384766e-01
8.130612373352050781e-01
7.213581204414367676e-01
4.754384458065032959e-01
6.257430315017700195e-01
5.399510264396667480e-01
8.583537340164184570e-01
7.085132598876953125e-01
7.323412299156188965e-01
6.340857148170471191e-01
6.735712289810180664e-01
5.493726730346679688e-01
6.411914229393005371e-01
6.227211356163024902e-01
7.666115164756774902e-01
6.423354148864746094e-01
8.423106670379638672e-01
6.279610395431518555e-01
6.273590326309204102e-01
5.840139389038085938e-01
7.214762568473815918e-01
7.108930945396423340e-01
6.410001516342163086e-01
4.615755081176757812e-01
8.045458793640136719e-01
4.620017707347869873e-01
5.771904587745666504e-01
5.313519835472106934e-01
8.029121160507202148e-01
7.716138362884521484e-01
6.091853380203247070e-01
6.108637452125549316e-01
7.152157425880432129e-01
5.774219036102294922e-01
6.242131590843200684e-01
9.120192527770996094e-01
6.319029927253723145e-01
7.264891862869262695e-01
4.883083701133728027e-01
7.793874144554138184e-01
6.482564210891723633e-01
6.342618465423583984e-01
7.026764750480651855e-01
5.194065570831298828e-01
6.085503697395324707e-01
4.695298671722412109e-01
6.428064703941345215e-01
7.750096321105957031e-01
8.357299566268920898e-01
6.100482344627380371e-01
8.258446455001831055e-01
7.880331277847290039e-01
5.817288756370544434e-01
7.311519980430603027e-01
5.280128121376037598e-01
5.693262815475463867e-01
7.078474760055541992e-01
5.674043893814086914e-01
5.652810931205749512e-01
5.775280594825744629e-01
6.193392872810363770e-01
8.354882001876831055e-01
5.650829672813415527e-01
6.082478761672973633e-01
7.802506685256958008e-01
8.606852889060974121e-01
6.105249524116516113e-01
4.673268795013427734e-01
6.329324245452880859e-01
5.836452841758728027e-01
5.479803681373596191e-01
6.472483873367309570e-01
4.360869228839874268e-01
7.880568504333496094e-01
6.164900064468383789e-01
7.144339680671691895e-01
7.051838636398315430e-01
4.790389835834503174e-01
6.954564452171325684e-01
5.782729387283325195e-01
6.520178914070129395e-01
7.574580311775207520e-01
8.055769801139831543e-01
5.963162183761596680e-01
5.218471288681030273e-01
5.746123194694519043e-01
6.950597167015075684e-01
6.154403686523437500e-01
6.790193915367126465e-01
6.036881804466247559e-01
7.286775112152099609e-01
9.671613574028015137e-01
6.454286575317382812e-01
4.986611306667327881e-01
5.822197794914245605e-01
7.321975231170654297e-01
7.191646695137023926e-01
3.838797509670257568e-01
7.420552968978881836e-01
7.288888692855834961e-01
8.595042824745178223e-01
6.596373319625854492e-01
6.001778244972229004e-01
4.914678931236267090e-01
5.033684372901916504e-01
8.158341646194458008e-01
5.874716639518737793e-01
5.220704674720764160e-01
5.669732093811035156e-01
5.805172324180603027e-01
6.201960444450378418e-01
1.011780858039855957e+00
6.425929665565490723e-01
6.370288133621215820e-01
6.365411877632141113e-01
6.759125590324401855e-01
5.341437458992004395e-01
5.747017860412597656e-01
5.853087902069091797e-01
5.414205789566040039e-01
7.339453697204589844e-01
5.298909544944763184e-01
6.991351246833801270e-01
5.207964777946472168e-01
5.845658183097839355e-01
6.819171309471130371e-01
4.344580769538879395e-01
6.873871684074401855e-01
7.373827695846557617e-01
5.968630313873291016e-01
4.629504978656768799e-01
7.233110666275024414e-01
6.384674310684204102e-01
5.990979075431823730e-01
6.548469066619873047e-01
6.382858157157897949e-01
6.651559472084045410e-01
4.637908935546875000e-01
7.824758887290954590e-01
5.054293274879455566e-01
7.956261634826660156e-01
5.767248272895812988e-01
5.997309088706970215e-01
7.416948676109313965e-01
6.874049305915832520e-01
7.464346289634704590e-01
6.673658490180969238e-01
7.683821916580200195e-01
5.532248616218566895e-01
7.064586877822875977e-01
6.214151978492736816e-01
7.366001009941101074e-01
5.501474142074584961e-01
6.610109806060791016e-01
7.526456713676452637e-01
7.064077258110046387e-01
5.589981675148010254e-01
5.799202919006347656e-01
5.297495722770690918e-01
5.935800671577453613e-01
5.555906891822814941e-01
7.029623389244079590e-01
5.563624501228332520e-01
5.847975611686706543e-01
6.472446918487548828e-01
6.829380989074707031e-01
5.012015104293823242e-01
5.792483091354370117e-01
6.707426309585571289e-01
7.047700881958007812e-01
6.230487227439880371e-01
5.785058736801147461e-01
9.631519317626953125e-01
4.334775209426879883e-01
8.328951001167297363e-01
6.819102764129638672e-01
8.607748746871948242e-01
5.700214505195617676e-01
4.403036534786224365e-01
1.027881145477294922e+00
5.381349921226501465e-01
6.881152391433715820e-01
5.812566280364990234e-01
5.555526614189147949e-01
5.277642011642456055e-01
8.063606619834899902e-01
7.005175352096557617e-01
6.577468514442443848e-01
6.575692296028137207e-01
6.205994486808776855e-01
6.970447301864624023e-01
5.142391324043273926e-01
5.591976642608642578e-01
8.564252257347106934e-01
8.530799746513366699e-01
7.419469356536865234e-01
6.364965438842773438e-01
6.273470520973205566e-01
6.781225800514221191e-01
6.355059742927551270e-01
5.513830780982971191e-01
7.572668194770812988e-01
6.091041564941406250e-01
7.752529978752136230e-01
6.539799571037292480e-01
5.372786521911621094e-01
5.999202728271484375e-01
5.561696887016296387e-01
5.308076739311218262e-01
5.112755298614501953e-01
6.238030195236206055e-01
5.950024724006652832e-01
6.243023872375488281e-01
7.941634058952331543e-01
7.114064693450927734e-01
7.835507392883300781e-01
8.477627038955688477e-01
6.081066727638244629e-01
6.153658032417297363e-01
7.868230938911437988e-01
6.577906012535095215e-01
5.576274991035461426e-01
7.194708585739135742e-01
1.025972247123718262e+00
4.784620702266693115e-01
7.822074890136718750e-01
6.142848134040832520e-01
6.309978365898132324e-01
9.237346649169921875e-01
7.248312234878540039e-01
5.092624425888061523e-01
6.725712418556213379e-01
4.275270104408264160e-01
9.338336586952209473e-01
5.883682966232299805e-01
8.458079099655151367e-01
6.725147962570190430e-01
5.567037463188171387e-01
9.100432395935058594e-01
6.094731092453002930e-01
6.900375485420227051e-01
6.880024671554565430e-01
5.980046987533569336e-01
7.137055993080139160e-01
7.595443129539489746e-01
5.842881798744201660e-01
7.156074643135070801e-01
8.173257112503051758e-01
5.568600893020629883e-01
9.759098887443542480e-01
7.479535937309265137e-01
5.437432527542114258e-01
5.970565676689147949e-01
6.325913071632385254e-01
6.209546923637390137e-01
7.880363464355468750e-01
4.909523129463195801e-01
6.112650036811828613e-01
6.201165914535522461e-01
6.054033041000366211e-01
6.633893251419067383e-01
6.333626508712768555e-01
8.769173622131347656e-01
6.534734368324279785e-01
4.464307427406311035e-01
5.703215599060058594e-01
4.422125816345214844e-01
5.070946216583251953e-01
5.012523531913757324e-01
4.601374566555023193e-01
3.945154249668121338e-01
3.479886054992675781e-01
3.959386944770812988e-01
3.706702888011932373e-01
3.790659010410308838e-01
5.143010616302490234e-01
4.646698534488677979e-01
5.528404116630554199e-01
4.901397526264190674e-01
5.303438901901245117e-01
3.857634067535400391e-01
3.702805936336517334e-01
4.300456345081329346e-01
5.981448292732238770e-01
6.891293525695800781e-01
4.397017657756805420e-01
4.482140243053436279e-01
3.824294209480285645e-01
5.691260695457458496e-01
5.146826505661010742e-01
4.727161824703216553e-01
4.920200109481811523e-01
4.660941958427429199e-01
3.399134278297424316e-01
3.829934298992156982e-01
4.969915747642517090e-01
2.976081967353820801e-01
5.315871238708496094e-01
3.470760583877563477e-01
4.130146503448486328e-01
3.571421802043914795e-01
4.357296824455261230e-01
2.667601406574249268e-01
4.102614223957061768e-01
4.266296625137329102e-01
2.876594066619873047e-01
3.595852851867675781e-01
3.373197615146636963e-01
2.670207917690277100e-01
3.674697875976562500e-01
4.812355339527130127e-01
3.140165209770202637e-01
4.139619171619415283e-01
6.520185470581054688e-01
6.415179967880249023e-01
2.839149832725524902e-01
4.148800671100616455e-01
4.510586857795715332e-01
3.188062608242034912e-01
3.945191502571105957e-01
4.765580892562866211e-01
4.657571017742156982e-01
3.812744617462158203e-01
4.300822913646697998e-01
3.424452245235443115e-01
3.671529591083526611e-01
2.723237276077270508e-01
5.855261683464050293e-01
3.556955456733703613e-01
4.466206431388854980e-01
4.436425566673278809e-01
3.216144144535064697e-01
4.287567138671875000e-01
5.301572084426879883e-01
4.728492498397827148e-01
4.556667208671569824e-01
2.804566919803619385e-01
4.452577233314514160e-01
3.127784132957458496e-01
4.458178281784057617e-01
4.268878102302551270e-01
3.757107257843017578e-01
3.125100731849670410e-01
4.224668145179748535e-01
3.606862723827362061e-01
4.563479721546173096e-01
4.241284430027008057e-01
4.811701774597167969e-01
5.102398395538330078e-01
3.888636827468872070e-01
3.046037852764129639e-01
5.584468841552734375e-01
7.522589564323425293e-01
4.260109066963195801e-01
3.046305775642395020e-01
3.283398449420928955e-01
2.077805399894714355e-01
4.853924214839935303e-01
5.040526390075683594e-01
4.470759928226470947e-01
4.137570559978485107e-01
4.948388040065765381e-01
5.753395557403564453e-01
5.267409086227416992e-01
4.482822120189666748e-01
4.983299076557159424e-01
4.038815200328826904e-01
4.036814272403717041e-01
4.542393684387207031e-01
6.191475391387939453e-01
4.261189401149749756e-01
6.016674041748046875e-01
5.745245814323425293e-01
5.186052322387695312e-01
3.319619894027709961e-01
5.951862335205078125e-01
3.812986910343170166e-01
5.013846755027770996e-01
3.728972673416137695e-01
5.842496156692504883e-01
4.492254853248596191e-01
4.519491195678710938e-01
3.849329650402069092e-01
4.438101947307586670e-01
6.095203161239624023e-01
5.874302983283996582e-01
6.148107051849365234e-01
4.371487200260162354e-01
5.446913242340087891e-01
4.040684998035430908e-01
4.792892336845397949e-01
4.409999847412109375e-01
3.710114657878875732e-01
3.892882764339447021e-01
5.077402591705322266e-01
6.014860868453979492e-01
5.823299884796142578e-01
5.409592986106872559e-01
3.167941868305206299e-01
4.744158685207366943e-01
4.285331666469573975e-01
2.733014822006225586e-01
3.959188461303710938e-01
4.377383291721343994e-01
4.849656522274017334e-01
5.286554694175720215e-01
3.562724292278289795e-01
4.064364135265350342e-01
3.251896202564239502e-01
4.474996328353881836e-01
5.307964086532592773e-01
3.921519517898559570e-01
4.076720476150512695e-01
4.141430556774139404e-01
4.786324203014373779e-01
3.459823727607727051e-01
5.381191372871398926e-01
4.062485098838806152e-01
3.193443119525909424e-01
4.545783102512359619e-01
3.674442768096923828e-01
3.329875171184539795e-01
5.123888254165649414e-01
3.417961895465850830e-01
4.054642915725708008e-01
4.093587100505828857e-01
4.576161205768585205e-01
4.275769889354705811e-01
4.918511211872100830e-01
5.621340870857238770e-01
5.698889493942260742e-01
2.862723469734191895e-01
6.213145852088928223e-01
5.587498545646667480e-01
2.884063720703125000e-01
2.945731282234191895e-01
4.550763964653015137e-01
3.411431908607482910e-01
3.643191456794738770e-01
5.564275979995727539e-01
5.580334067344665527e-01
3.802005648612976074e-01
3.086001873016357422e-01
3.553421795368194580e-01
5.176765918731689453e-01
5.779278874397277832e-01
3.715280294418334961e-01
4.347487390041351318e-01
4.625188708305358887e-01
3.756314218044281006e-01
3.895657062530517578e-01
3.567364513874053955e-01
4.510185420513153076e-01
5.269047021865844727e-01
4.735963344573974609e-01
4.605387151241302490e-01
4.380460083484649658e-01
3.191601336002349854e-01
6.308310031890869141e-01
4.455718994140625000e-01
5.416248440742492676e-01
5.586378574371337891e-01
5.634176731109619141e-01
4.104579389095306396e-01
4.350826144218444824e-01
3.722382187843322754e-01
5.483075380325317383e-01
4.859752058982849121e-01
4.829146564006805420e-01
5.480545759201049805e-01
4.758977591991424561e-01
5.703503489494323730e-01
5.876967310905456543e-01
3.476453423500061035e-01
5.069739818572998047e-01
5.293827652931213379e-01
4.279276132583618164e-01
3.768524527549743652e-01
4.440785944461822510e-01
5.124317407608032227e-01
2.411052733659744263e-01
3.972989320755004883e-01
4.114591181278228760e-01
4.957266151905059814e-01
5.280649065971374512e-01
1.943241953849792480e-01
5.605501532554626465e-01
4.317723810672760010e-01
6.778713464736938477e-01
4.708801805973052979e-01
5.818669795989990234e-01
5.061974525451660156e-01
6.898556351661682129e-01
4.655264019966125488e-01
3.791793286800384521e-01
5.039626359939575195e-01
5.108978748321533203e-01
3.959083855152130127e-01
3.524390459060668945e-01
5.226678848266601562e-01
4.143802821636199951e-01
3.868900537490844727e-01
4.714212715625762939e-01
5.007485151290893555e-01
4.076739251613616943e-01
3.816880583763122559e-01
4.927436411380767822e-01
4.179076552391052246e-01
5.070935487747192383e-01
5.013772845268249512e-01
3.778130412101745605e-01
6.467771530151367188e-01
4.464760124683380127e-01
3.605667650699615479e-01
5.114911794662475586e-01
4.047260880470275879e-01
4.126093089580535889e-01
3.852658867835998535e-01
6.177220344543457031e-01
6.373618841171264648e-01
3.783923089504241943e-01
5.129254460334777832e-01
6.419116258621215820e-01
5.004880428314208984e-01
3.471209406852722168e-01
4.830717444419860840e-01
3.616933822631835938e-01
4.437856674194335938e-01
4.113022983074188232e-01
4.461829960346221924e-01
4.437621533870697021e-01
4.658532142639160156e-01
3.722706735134124756e-01
5.009480714797973633e-01
3.610494434833526611e-01
3.593959808349609375e-01
5.072239637374877930e-01
2.801540493965148926e-01
3.842282295227050781e-01
5.298848748207092285e-01
3.925068080425262451e-01
6.814110279083251953e-01
3.697101473808288574e-01
4.896846115589141846e-01
5.954079031944274902e-01
6.681115031242370605e-01
3.717408478260040283e-01
5.219428539276123047e-01
5.380458235740661621e-01
3.070267736911773682e-01
4.640511572360992432e-01
6.105574965476989746e-01
5.175252556800842285e-01
3.955434262752532959e-01
6.425592899322509766e-01
4.071257114410400391e-01
6.232843995094299316e-01
6.154642105102539062e-01
5.099130272865295410e-01
5.517087578773498535e-01
4.358403384685516357e-01
3.639960289001464844e-01
4.139709174633026123e-01
5.606392025947570801e-01
5.292484164237976074e-01
3.731037676334381104e-01
4.593467116355895996e-01
5.726877450942993164e-01
4.052408635616302490e-01
4.308070540428161621e-01
5.245869755744934082e-01
3.113329708576202393e-01
7.329875826835632324e-01
6.538748741149902344e-01
6.039565801620483398e-01
5.543001294136047363e-01
6.425761580467224121e-01
4.846293032169342041e-01
4.576670229434967041e-01
4.328586161136627197e-01
6.107096076011657715e-01
3.583154976367950439e-01
4.621516466140747070e-01
4.983715713024139404e-01
5.833636522293090820e-01
5.929275155067443848e-01
3.164020776748657227e-01
4.967980682849884033e-01
3.201245367527008057e-01
3.683167695999145508e-01
5.703108310699462891e-01
5.838297009468078613e-01
3.423730134963989258e-01
4.290742576122283936e-01
4.044936895370483398e-01
4.175351262092590332e-01
4.336078763008117676e-01
4.032198190689086914e-01
3.355735540390014648e-01
6.076610088348388672e-01
4.246123731136322021e-01
6.345125436782836914e-01
4.679304659366607666e-01
4.461446404457092285e-01
5.267314910888671875e-01
4.352055490016937256e-01
4.421938359737396240e-01
3.791395723819732666e-01
5.641960501670837402e-01
3.713086247444152832e-01
7.989922761917114258e-01
5.000315308570861816e-01
3.424570262432098389e-01
3.784891068935394287e-01
3.409405052661895752e-01
4.305709004402160645e-01
3.853646516799926758e-01
3.920246660709381104e-01
5.859094858169555664e-01
3.214685916900634766e-01
6.195837259292602539e-01
4.329280257225036621e-01
5.174286961555480957e-01
4.418565034866333008e-01
2.647410333156585693e-01
3.874514698982238770e-01
3.276362419128417969e-01
3.753967881202697754e-01
4.918501973152160645e-01
4.855228364467620850e-01
4.474177062511444092e-01
6.685148477554321289e-01
4.929479658603668213e-01
4.271616935729980469e-01
4.201942682266235352e-01
4.683116674423217773e-01
4.909964203834533691e-01
5.910078287124633789e-01
4.208716452121734619e-01
3.974887430667877197e-01
5.977645516395568848e-01
4.840802252292633057e-01
3.902176320552825928e-01
5.084336996078491211e-01
5.576439499855041504e-01
5.871306061744689941e-01
6.048391461372375488e-01
3.908952176570892334e-01
4.419151544570922852e-01
7.092133760452270508e-01
5.215322971343994141e-01
2.587742507457733154e-01
4.938668906688690186e-01
5.636163949966430664e-01
5.691460967063903809e-01
6.273410320281982422e-01
3.565165996551513672e-01
6.782767176628112793e-01
7.291066646575927734e-01
4.173247218132019043e-01
3.434336483478546143e-01
4.177192449569702148e-01
5.366958379745483398e-01
3.847119212150573730e-01
4.437844753265380859e-01
4.683798551559448242e-01
4.204767644405364990e-01
3.090766072273254395e-01
3.915331065654754639e-01
6.582896709442138672e-01
3.380855321884155273e-01
3.053923547267913818e-01
4.317350387573242188e-01
4.140295684337615967e-01
7.948763966560363770e-01
3.282759785652160645e-01
5.693726539611816406e-01
7.161967754364013672e-01
5.634836554527282715e-01
5.481300354003906250e-01
4.137368500232696533e-01
5.550165772438049316e-01
4.278474748134613037e-01
5.034410953521728516e-01
3.668056130409240723e-01
4.636696875095367432e-01
3.204987943172454834e-01
6.492205262184143066e-01
5.067451000213623047e-01
4.051539003849029541e-01
6.393992900848388672e-01
4.716362357139587402e-01
5.915213823318481445e-01
5.593007206916809082e-01
4.017687737941741943e-01
4.502186179161071777e-01
4.747470915317535400e-01
4.857177138328552246e-01
4.560305178165435791e-01
2.521073818206787109e-01
6.453436017036437988e-01
5.408644676208496094e-01
4.500214755535125732e-01
4.437423944473266602e-01
5.792303085327148438e-01
3.158608376979827881e-01
5.783429741859436035e-01
5.473316907882690430e-01
4.396718740463256836e-01
6.221166253089904785e-01
4.470179975032806396e-01
4.961594045162200928e-01
7.468164563179016113e-01
7.436113953590393066e-01
6.716536283493041992e-01
3.708360195159912109e-01
5.056774616241455078e-01
5.567157268524169922e-01
5.819671750068664551e-01
4.461664557456970215e-01
4.323232471942901611e-01
6.325338482856750488e-01
3.356293141841888428e-01
5.929993391036987305e-01
5.118770599365234375e-01
6.323820352554321289e-01
4.474926590919494629e-01
4.465903639793395996e-01
4.955714941024780273e-01
5.292733311653137207e-01
4.682378172874450684e-01
5.188319087028503418e-01
3.984310328960418701e-01
4.996200203895568848e-01
3.494857847690582275e-01
7.640761733055114746e-01
5.729397535324096680e-01
3.833690881729125977e-01
4.526566565036773682e-01
6.195389032363891602e-01
5.711969733238220215e-01
5.449956059455871582e-01
4.325218498706817627e-01
4.560710489749908447e-01
5.313836336135864258e-01
3.298436403274536133e-01
4.167793393135070801e-01
3.900099992752075195e-01
3.816889226436614990e-01
6.135602593421936035e-01
5.400626659393310547e-01
5.482581257820129395e-01
5.647812485694885254e-01
3.501708805561065674e-01
3.293097019195556641e-01
4.287458658218383789e-01
4.507876634597778320e-01
4.220992922782897949e-01
5.206544399261474609e-01
3.043852150440216064e-01
3.715161085128784180e-01
4.868033826351165771e-01
5.321574211120605469e-01
4.254756271839141846e-01
4.531736969947814941e-01
4.544238746166229248e-01
3.370090425014495850e-01
3.904537856578826904e-01
5.499837398529052734e-01
5.122612118721008301e-01
5.483251810073852539e-01
2.922563552856445312e-01
5.396921038627624512e-01
3.299374878406524658e-01
5.088834762573242188e-01
6.995300054550170898e-01
3.275561034679412842e-01
4.140203297138214111e-01
3.854159712791442871e-01
5.115103721618652344e-01
5.061889886856079102e-01
4.042450785636901855e-01
4.871715605258941650e-01
8.202134370803833008e-01
7.001690268516540527e-01
5.611668229103088379e-01
5.582165718078613281e-01
6.217538118362426758e-01
4.718759655952453613e-01
4.830394387245178223e-01
5.166022181510925293e-01
4.421992301940917969e-01
3.519904613494873047e-01
5.177499651908874512e-01
5.155593752861022949e-01
5.633480548858642578e-01
4.562529623508453369e-01
4.813627898693084717e-01
3.936747312545776367e-01
7.665960192680358887e-01
6.216654181480407715e-01
5.774643421173095703e-01
4.696074128150939941e-01
4.643485844135284424e-01
3.591480255126953125e-01
5.709243416786193848e-01
3.598228394985198975e-01
4.798121452331542969e-01
4.619058668613433838e-01
3.767839074134826660e-01
6.288532614707946777e-01
3.851712346076965332e-01
3.484402000904083252e-01
5.938510298728942871e-01
3.625063300132751465e-01
6.171588301658630371e-01
4.389299452304840088e-01
5.400947332382202148e-01
5.263522267341613770e-01
4.252571761608123779e-01
3.830664455890655518e-01
3.119290471076965332e-01
6.073275208473205566e-01
4.982872903347015381e-01
6.083793640136718750e-01
7.157092690467834473e-01
4.321926534175872803e-01
4.117746949195861816e-01
4.551171064376831055e-01
5.973942875862121582e-01
3.428595662117004395e-01
7.491053342819213867e-01
6.408995389938354492e-01
4.502168893814086914e-01
5.108233094215393066e-01
3.720502257347106934e-01
4.120866358280181885e-01
3.122455179691314697e-01
6.428858041763305664e-01
3.992123603820800781e-01
5.368015766143798828e-01
4.051904678344726562e-01
4.189214706420898438e-01
4.047197699546813965e-01
3.054159283638000488e-01
4.363362789154052734e-01
4.061175584793090820e-01
5.426043868064880371e-01
5.405257940292358398e-01
4.574349522590637207e-01
6.622229218482971191e-01
5.472475886344909668e-01
5.044159293174743652e-01
2.426804304122924805e-01
2.826691567897796631e-01
5.170832872390747070e-01
5.872347354888916016e-01
5.985637903213500977e-01
4.081039130687713623e-01
3.962480127811431885e-01
5.465293526649475098e-01
4.704319238662719727e-01
3.737165033817291260e-01
4.935740530490875244e-01
5.331404805183410645e-01
3.889808356761932373e-01
5.427091121673583984e-01
4.975979626178741455e-01
4.726648032665252686e-01
4.040925800800323486e-01
5.411669015884399414e-01
5.454064011573791504e-01
4.600558578968048096e-01
3.551579713821411133e-01
7.150881886482238770e-01
6.461281776428222656e-01
3.298655152320861816e-01
4.901689887046813965e-01
4.023514389991760254e-01
6.866867542266845703e-01
3.222227394580841064e-01
3.949196636676788330e-01
4.546994566917419434e-01
4.899538755416870117e-01
4.179793596267700195e-01
5.197624564170837402e-01
5.791443586349487305e-01
4.426140189170837402e-01
3.953396677970886230e-01
4.074491262435913086e-01
6.121512651443481445e-01
4.795443117618560791e-01
4.869012236595153809e-01
5.615994930267333984e-01
5.318954586982727051e-01
6.134697794914245605e-01
4.928996562957763672e-01
3.744414150714874268e-01
4.916025400161743164e-01
4.053375720977783203e-01
5.461288690567016602e-01
7.034738063812255859e-01
3.334381580352783203e-01
2.919054627418518066e-01
6.133795976638793945e-01
4.269141554832458496e-01
6.231263875961303711e-01
3.437585532665252686e-01
3.057893514633178711e-01
4.667529463768005371e-01
4.551171958446502686e-01
5.642608404159545898e-01
4.467649161815643311e-01
6.898695230484008789e-01
4.835410714149475098e-01
2.855916321277618408e-01
6.009540557861328125e-01
7.000685930252075195e-01
3.460748195648193359e-01
7.123861908912658691e-01
5.762270092964172363e-01
4.636747539043426514e-01
4.689528048038482666e-01
3.359011709690093994e-01
3.654045760631561279e-01
5.327568650245666504e-01
4.840176999568939209e-01
4.094226956367492676e-01
6.687566637992858887e-01
5.854531526565551758e-01
6.006108522415161133e-01
7.282687425613403320e-01
4.945335388183593750e-01
5.836518406867980957e-01
4.685226082801818848e-01
7.837145328521728516e-01
4.892840683460235596e-01
4.514876604080200195e-01
3.188582360744476318e-01
4.982581138610839844e-01
6.003393530845642090e-01
4.925231039524078369e-01
5.279690027236938477e-01
7.860280871391296387e-01
6.296384334564208984e-01
4.936321675777435303e-01
6.449905633926391602e-01
3.994065821170806885e-01
4.152193665504455566e-01
6.424978375434875488e-01
6.252311468124389648e-01
3.834826052188873291e-01
3.209988772869110107e-01
5.438805222511291504e-01
5.227525830268859863e-01
6.852126717567443848e-01
5.679342746734619141e-01
4.377413690090179443e-01
6.756704449653625488e-01
3.607696294784545898e-01
4.638949036598205566e-01
3.519088923931121826e-01
5.334066152572631836e-01
5.061879754066467285e-01
7.341594696044921875e-01
3.084813952445983887e-01
6.417856216430664062e-01
5.215517282485961914e-01
5.564244985580444336e-01
4.683302640914916992e-01
5.737093091011047363e-01
4.200957119464874268e-01
3.836672306060791016e-01
4.128060638904571533e-01
5.331323742866516113e-01
8.502705097198486328e-01
6.990881562232971191e-01
6.779031157493591309e-01
4.414437711238861084e-01
4.956597685813903809e-01
4.698636233806610107e-01
6.457304358482360840e-01
4.836041629314422607e-01
4.079889953136444092e-01
5.591437816619873047e-01
5.300852656364440918e-01
4.242669343948364258e-01
6.551395058631896973e-01
8.816281557083129883e-01
5.218600034713745117e-01
4.501989483833312988e-01
4.932729005813598633e-01
6.898345947265625000e-01
3.465975821018218994e-01
4.504875838756561279e-01
6.888718605041503906e-01
3.923308849334716797e-01
7.187379598617553711e-01
3.527863919734954834e-01
5.221034884452819824e-01
3.625787794589996338e-01
6.093263030052185059e-01
4.212017357349395752e-01
4.028827548027038574e-01
4.821033179759979248e-01
6.131815910339355469e-01
5.369094014167785645e-01
7.308464050292968750e-01
4.625894129276275635e-01
3.397833108901977539e-01
6.078418493270874023e-01
7.240885496139526367e-01
6.077343225479125977e-01
4.453917741775512695e-01
4.165033698081970215e-01
3.455116450786590576e-01
4.532145857810974121e-01
4.550475478172302246e-01
3.339222371578216553e-01
5.108188986778259277e-01
5.053828954696655273e-01
6.506752967834472656e-01
5.915274620056152344e-01
4.082242846488952637e-01
5.199154615402221680e-01
4.592355787754058838e-01
2.895064055919647217e-01
5.696355700492858887e-01
5.401282906532287598e-01
4.764104485511779785e-01
4.360695481300354004e-01
5.102003812789916992e-01
5.150873064994812012e-01
5.284495353698730469e-01
4.281364381313323975e-01
6.066491007804870605e-01
4.126747250556945801e-01
5.474883317947387695e-01
5.019956231117248535e-01
5.556985139846801758e-01
4.178453385829925537e-01
7.879689335823059082e-01
6.215929388999938965e-01
5.731426477432250977e-01
6.466674208641052246e-01
1.036930322647094727e+00
1.675815433263778687e-01
3.242063224315643311e-01
3.944535553455352783e-01
1.658097654581069946e-01
4.451041519641876221e-01
5.509417653083801270e-01
3.057320415973663330e-01
3.914838433265686035e-01
4.045548737049102783e-01
3.063158690929412842e-01
4.872343540191650391e-01
4.075312614440917969e-01
4.429577887058258057e-01
2.938569188117980957e-01
4.045023918151855469e-01
3.500623404979705811e-01
3.403366804122924805e-01
3.740366399288177490e-01
3.270132243633270264e-01
3.832754194736480713e-01
3.483099341392517090e-01
3.369682431221008301e-01
2.693344056606292725e-01
3.446460664272308350e-01
4.873186349868774414e-01
2.508789598941802979e-01
3.799239695072174072e-01
3.838757872581481934e-01
4.033846557140350342e-01
2.516004145145416260e-01
2.310369759798049927e-01
3.654738366603851318e-01
3.321432769298553467e-01
2.205630689859390259e-01
3.410562872886657715e-01
3.312104344367980957e-01
2.466382384300231934e-01
2.851603031158447266e-01
3.163247406482696533e-01
2.984907031059265137e-01
3.817427754402160645e-01
3.070558905601501465e-01
1.664606481790542603e-01
1.581781804561614990e-01
2.698442637920379639e-01
4.645379185676574707e-01
4.447841048240661621e-01
2.709933817386627197e-01
2.130472511053085327e-01
3.041405677795410156e-01
2.973899245262145996e-01
2.941246032714843750e-01
1.529280394315719604e-01
2.782907187938690186e-01
1.757080554962158203e-01
2.259076982736587524e-01
2.240143716335296631e-01
3.293092250823974609e-01
1.671435087919235229e-01
2.963955700397491455e-01
2.263655513525009155e-01
2.477947622537612915e-01
3.427315056324005127e-01
2.443373203277587891e-01
2.763743102550506592e-01
3.412382900714874268e-01
1.475810557603836060e-01
3.767260313034057617e-01
4.431541264057159424e-01
2.391928732395172119e-01
2.873182296752929688e-01
2.892380952835083008e-01
3.532516956329345703e-01
4.399493336677551270e-01
1.641272157430648804e-01
2.323655039072036743e-01
1.472897678613662720e-01
1.550264060497283936e-01
3.076724410057067871e-01
3.477839827537536621e-01
2.994432449340820312e-01
2.141396105289459229e-01
4.149186611175537109e-01
2.605733275413513184e-01
3.038859963417053223e-01
2.588911056518554688e-01
2.206843197345733643e-01
2.193612158298492432e-01
2.864152789115905762e-01
2.022071480751037598e-01
2.697984576225280762e-01
2.877497375011444092e-01
1.895377486944198608e-01
2.255122959613800049e-01
2.477521151304244995e-01
2.717351317405700684e-01
2.140789777040481567e-01
4.446730315685272217e-01
3.731723427772521973e-01
3.335883021354675293e-01
2.940232157707214355e-01
1.516619473695755005e-01
2.865955829620361328e-01
1.935212761163711548e-01
1.572916358709335327e-01
3.652132749557495117e-01
1.320952177047729492e-01
2.814861238002777100e-01
3.643065690994262695e-01
2.167174220085144043e-01
2.163250893354415894e-01
5.309394001960754395e-01
2.787602543830871582e-01
4.074490070343017578e-01
2.454797774553298950e-01
4.174691736698150635e-01
3.292624354362487793e-01
3.026882410049438477e-01
3.663774728775024414e-01
3.511284589767456055e-01
2.056146413087844849e-01
1.938402205705642700e-01
2.813354432582855225e-01
4.930936992168426514e-01
3.301554918289184570e-01
3.190790116786956787e-01
2.328769266605377197e-01
2.669310271739959717e-01
4.385545849800109863e-01
2.260155677795410156e-01
2.353377789258956909e-01
3.440012633800506592e-01
3.570004105567932129e-01
3.251238763332366943e-01
4.052480459213256836e-01
3.425134420394897461e-01
4.916100800037384033e-01
2.441103011369705200e-01
3.094054758548736572e-01
2.285351157188415527e-01
1.999482661485671997e-01
3.642589151859283447e-01
2.140748500823974609e-01
3.517904281616210938e-01
2.486360818147659302e-01
3.083778023719787598e-01
2.651195824146270752e-01
3.049231171607971191e-01
3.272858560085296631e-01
3.349383771419525146e-01
1.940029859542846680e-01
2.548576593399047852e-01
2.559225261211395264e-01
1.738849878311157227e-01
2.581104338169097900e-01
2.183766216039657593e-01
2.635957896709442139e-01
2.772200107574462891e-01
2.487872987985610962e-01
1.806747615337371826e-01
2.322935461997985840e-01
2.744721174240112305e-01
4.198956787586212158e-01
4.246957004070281982e-01
3.201120197772979736e-01
1.809601187705993652e-01
2.241396009922027588e-01
3.407398164272308350e-01
1.242288574576377869e-01
1.888517737388610840e-01
1.609974950551986694e-01
3.260176181793212891e-01
3.260679543018341064e-01
3.497473895549774170e-01
1.904365271329879761e-01
2.935876250267028809e-01
3.753998875617980957e-01
3.968275189399719238e-01
2.308502644300460815e-01
3.011412322521209717e-01
3.104957938194274902e-01
2.276364564895629883e-01
3.132887482643127441e-01
3.049390316009521484e-01
2.962466180324554443e-01
3.151972293853759766e-01
3.160475492477416992e-01
3.163686990737915039e-01
2.878919243812561035e-01
1.347136795520782471e-01
2.560079395771026611e-01
2.506045401096343994e-01
1.923429220914840698e-01
2.543072104454040527e-01
3.843042254447937012e-01
1.969566196203231812e-01
1.387505233287811279e-01
2.454451471567153931e-01
3.459205925464630127e-01
3.753565251827239990e-01
1.509889960289001465e-01
3.835532665252685547e-01
1.841827481985092163e-01
2.471580803394317627e-01
3.030064404010772705e-01
4.672881364822387695e-01
2.959946393966674805e-01
3.700162768363952637e-01
3.433537483215332031e-01
4.042015373706817627e-01
2.108353525400161743e-01
4.128425121307373047e-01
3.449864089488983154e-01
3.519071340560913086e-01
3.009942173957824707e-01
3.684623241424560547e-01
3.109348416328430176e-01
2.834922075271606445e-01
1.557509601116180420e-01
2.323126494884490967e-01
4.161504209041595459e-01
4.723731279373168945e-01
2.898309230804443359e-01
1.817526817321777344e-01
3.017769455909729004e-01
1.804894953966140747e-01
3.553301095962524414e-01
3.572319149971008301e-01
4.535907506942749023e-01
3.221092224121093750e-01
5.246532559394836426e-01
1.751264929771423340e-01
4.271786212921142578e-01
2.513108253479003906e-01
1.998656839132308960e-01
3.453271389007568359e-01
3.024968504905700684e-01
2.973307669162750244e-01
3.461636304855346680e-01
2.820346951484680176e-01
1.893760263919830322e-01
3.273925483226776123e-01
4.919666945934295654e-01
3.837220966815948486e-01
4.231034815311431885e-01
4.131439030170440674e-01
3.035297691822052002e-01
3.424628078937530518e-01
3.488038778305053711e-01
1.652039438486099243e-01
5.808594822883605957e-01
2.883468568325042725e-01
1.874784529209136963e-01
1.720432490110397339e-01
2.133776843547821045e-01
4.654001295566558838e-01
1.807108521461486816e-01
4.257311522960662842e-01
1.589295864105224609e-01
3.425560891628265381e-01
2.679087519645690918e-01
3.759440779685974121e-01
2.722219824790954590e-01
2.058611214160919189e-01
2.473097145557403564e-01
3.840821087360382080e-01
1.131890639662742615e-01
3.852313160896301270e-01
3.781363964080810547e-01
2.482502162456512451e-01
2.879078686237335205e-01
3.620274066925048828e-01
3.666179776191711426e-01
2.572378516197204590e-01
1.552710235118865967e-01
2.569966018199920654e-01
3.753866851329803467e-01
2.663591504096984863e-01
2.976449728012084961e-01
2.293752133846282959e-01
3.145973384380340576e-01
3.110047876834869385e-01
4.313158988952636719e-01
2.164158374071121216e-01
4.464882016181945801e-01
3.044282197952270508e-01
3.901147246360778809e-01
3.040073513984680176e-01
2.762800157070159912e-01
2.885369658470153809e-01
3.855315744876861572e-01
3.117622733116149902e-01
3.908811211585998535e-01
3.125183880329132080e-01
2.212779521942138672e-01
2.097363770008087158e-01
3.133211135864257812e-01
3.612674176692962646e-01
3.058608174324035645e-01
3.578139245510101318e-01
4.435957968235015869e-01
4.050717055797576904e-01
3.819704055786132812e-01
3.381451368331909180e-01
2.463840842247009277e-01
4.919133782386779785e-01
5.167266130447387695e-01
2.520338594913482666e-01
3.274823129177093506e-01
3.630423843860626221e-01
2.826063632965087891e-01
4.063788950443267822e-01
3.346557617187500000e-01
5.280749201774597168e-01
3.846933245658874512e-01
3.065693080425262451e-01
2.766369581222534180e-01
4.772362411022186279e-01
3.691755533218383789e-01
2.716158628463745117e-01
4.507154524326324463e-01
2.214394360780715942e-01
4.664967656135559082e-01
3.314387202262878418e-01
3.828077316284179688e-01
4.280483424663543701e-01
3.377332687377929688e-01
3.704948425292968750e-01
5.288161039352416992e-01
3.418381214141845703e-01
4.303918778896331787e-01
2.919059693813323975e-01
4.444508850574493408e-01
4.347254633903503418e-01
4.044563472270965576e-01
5.492159128189086914e-01
3.830985426902770996e-01
3.152171969413757324e-01
4.741887748241424561e-01
3.652517795562744141e-01
2.328782230615615845e-01
3.730479180812835693e-01
5.120478272438049316e-01
2.107895016670227051e-01
4.206880629062652588e-01
4.271057546138763428e-01
4.184503555297851562e-01
3.112282752990722656e-01
2.999983429908752441e-01
2.147188782691955566e-01
4.481425285339355469e-01
3.745409846305847168e-01
2.518961727619171143e-01
4.140992462635040283e-01
4.622960686683654785e-01
4.350600838661193848e-01
3.062590658664703369e-01
3.676371574401855469e-01
4.225774407386779785e-01
4.777387082576751709e-01
3.064780235290527344e-01
3.863819539546966553e-01
2.789424061775207520e-01
6.649870276451110840e-01
3.240535855293273926e-01
6.697272062301635742e-01
3.866673707962036133e-01
3.572142422199249268e-01
2.043648809194564819e-01
2.828226387500762939e-01
4.386155307292938232e-01
3.273910880088806152e-01
2.492689788341522217e-01
4.081760644912719727e-01
4.540626704692840576e-01
3.430661559104919434e-01
4.356350898742675781e-01
3.657235801219940186e-01
3.161046206951141357e-01
2.413338273763656616e-01
6.155065298080444336e-01
2.427492290735244751e-01
2.679341435432434082e-01
5.974823832511901855e-01
4.001888930797576904e-01
3.088982403278350830e-01
2.564119100570678711e-01
4.217901825904846191e-01
3.287927508354187012e-01
2.905675172805786133e-01
5.939152240753173828e-01
7.002790570259094238e-01
3.760282695293426514e-01
4.303734302520751953e-01
3.562852740287780762e-01
4.193056523799896240e-01
3.876011967658996582e-01
3.457801342010498047e-01
3.267123103141784668e-01
2.544495165348052979e-01
4.721473753452301025e-01
3.400865197181701660e-01
3.895919024944305420e-01
2.139533162117004395e-01
2.427921444177627563e-01
2.870928943157196045e-01
3.405652642250061035e-01
2.289175391197204590e-01
3.308515548706054688e-01
4.895777702331542969e-01
3.682286739349365234e-01
3.460608124732971191e-01
2.030191868543624878e-01
3.301409482955932617e-01
3.893955051898956299e-01
3.303734064102172852e-01
1.608984619379043579e-01
4.509824216365814209e-01
4.015618860721588135e-01
2.842438817024230957e-01
2.184399068355560303e-01
3.363547623157501221e-01
2.661221921443939209e-01
3.338875770568847656e-01
3.080275654792785645e-01
2.985232472419738770e-01
3.141906857490539551e-01
4.183306992053985596e-01
3.834685385227203369e-01
3.328457772731781006e-01
2.242953032255172729e-01
2.615851461887359619e-01
3.749560713768005371e-01
3.459568023681640625e-01
2.737324535846710205e-01
3.695502877235412598e-01
2.700552642345428467e-01
4.147579073905944824e-01
2.834261357784271240e-01
3.915488719940185547e-01
2.849769294261932373e-01
2.895205616950988770e-01
2.476442903280258179e-01
4.174763560295104980e-01
2.868365049362182617e-01
2.395354062318801880e-01
2.507398724555969238e-01
3.524844944477081299e-01
2.992169559001922607e-01
4.472042322158813477e-01
3.043472468852996826e-01
2.470517009496688843e-01
2.176494598388671875e-01
3.482882380485534668e-01
5.110590457916259766e-01
6.441169977188110352e-01
3.270004093647003174e-01
1.413156837224960327e-01
5.524899363517761230e-01
5.558685064315795898e-01
3.037590384483337402e-01
4.899808168411254883e-01
3.805730640888214111e-01
5.986319780349731445e-01
2.663500607013702393e-01
4.535419642925262451e-01
4.050970077514648438e-01
2.486764192581176758e-01
4.334729909896850586e-01
2.890845239162445068e-01
4.879927635192871094e-01
4.125878214836120605e-01
5.305126905441284180e-01
4.850527346134185791e-01
4.316165745258331299e-01
4.687915444374084473e-01
3.063947558403015137e-01
3.292410969734191895e-01
5.239425301551818848e-01
4.336654245853424072e-01
2.859296500682830811e-01
2.823423743247985840e-01
2.978756725788116455e-01
3.284122049808502197e-01
3.021706640720367432e-01
3.379082679748535156e-01
5.154208540916442871e-01
3.755524754524230957e-01
4.318372607231140137e-01
3.433947265148162842e-01
4.146410822868347168e-01
3.360110223293304443e-01
4.777866601943969727e-01
3.883308470249176025e-01
4.147745072841644287e-01
2.740822732448577881e-01
4.374513030052185059e-01
2.608550190925598145e-01
2.253379225730895996e-01
3.652601540088653564e-01
4.784442782402038574e-01
5.435779094696044922e-01
3.070545494556427002e-01
3.954847753047943115e-01
2.067754119634628296e-01
4.161318838596343994e-01
5.665356516838073730e-01
5.258104205131530762e-01
3.525403141975402832e-01
3.323892951011657715e-01
3.893713951110839844e-01
2.808350622653961182e-01
3.531515002250671387e-01
4.286296069622039795e-01
2.894826829433441162e-01
4.293282032012939453e-01
2.198057472705841064e-01
2.350128889083862305e-01
4.672977626323699951e-01
4.414792954921722412e-01
3.402092158794403076e-01
4.229066669940948486e-01
6.258974075317382812e-01
2.631370723247528076e-01
3.498824834823608398e-01
4.706319868564605713e-01
3.295394778251647949e-01
4.848892092704772949e-01
5.321142673492431641e-01
2.505156695842742920e-01
4.162587821483612061e-01
4.034076333045959473e-01
4.540326893329620361e-01
5.472062230110168457e-01
2.997857630252838135e-01
3.926151096820831299e-01
2.060279995203018188e-01
2.383931130170822144e-01
5.941855907440185547e-01
2.961277067661285400e-01
4.151679873466491699e-01
4.422481656074523926e-01
4.188634455204010010e-01
4.914458692073822021e-01
3.305787444114685059e-01
3.121362924575805664e-01
2.385014593601226807e-01
2.423079162836074829e-01
3.561630249023437500e-01
5.187403559684753418e-01
2.576757967472076416e-01
4.164507091045379639e-01
4.120123982429504395e-01
3.775774836540222168e-01
2.740128040313720703e-01
2.058223336935043335e-01
1.696411520242691040e-01
3.685693740844726562e-01
3.177509307861328125e-01
2.120593339204788208e-01
6.770866513252258301e-01
3.809533715248107910e-01
2.852131128311157227e-01
3.420878648757934570e-01
2.547034025192260742e-01
4.475279152393341064e-01
2.242386639118194580e-01
5.333254337310791016e-01
3.735562860965728760e-01
2.533441185951232910e-01
5.169697999954223633e-01
4.344961047172546387e-01
2.981963753700256348e-01
2.760486304759979248e-01
6.124718785285949707e-01
1.910244226455688477e-01
3.766242861747741699e-01
2.621137499809265137e-01
3.970500528812408447e-01
3.893684446811676025e-01
2.806874215602874756e-01
5.537698864936828613e-01
3.363678753376007080e-01
2.640577256679534912e-01
1.912156194448471069e-01
3.326719105243682861e-01
3.618781864643096924e-01
4.089244306087493896e-01
4.534787833690643311e-01
2.814230322837829590e-01
2.850169539451599121e-01
2.237938195466995239e-01
3.024666011333465576e-01
3.051961958408355713e-01
6.532537937164306641e-01
5.377259850502014160e-01
2.505164146423339844e-01
4.135804474353790283e-01
4.285317361354827881e-01
4.874660968780517578e-01
4.285150468349456787e-01
6.241402029991149902e-01
4.210205972194671631e-01
5.371009707450866699e-01
5.648198127746582031e-01
5.317041277885437012e-01
2.905805706977844238e-01
3.786535561084747314e-01
2.607485949993133545e-01
4.109565615653991699e-01
3.447397053241729736e-01
2.399212419986724854e-01
4.638395011425018311e-01
5.458597540855407715e-01
3.846425116062164307e-01
4.771172404289245605e-01
3.563734889030456543e-01
6.044603586196899414e-01
4.916243255138397217e-01
5.082117915153503418e-01
5.036985874176025391e-01
4.979701936244964600e-01
4.852811396121978760e-01
4.252575933933258057e-01
3.735788166522979736e-01
5.348221063613891602e-01
5.599700212478637695e-01
3.982387781143188477e-01
5.184827446937561035e-01
4.620687663555145264e-01
3.211180269718170166e-01
3.311438560485839844e-01
1.895241886377334595e-01
3.494666218757629395e-01
3.707280755043029785e-01
3.890925943851470947e-01
3.630491793155670166e-01
3.733185231685638428e-01
5.138885378837585449e-01
2.684227526187896729e-01
4.528233110904693604e-01
5.434621572494506836e-01
2.665131390094757080e-01
2.789493203163146973e-01
5.388985872268676758e-01
1.801337897777557373e-01
4.035741984844207764e-01
3.097224533557891846e-01
1.802133768796920776e-01
5.072574615478515625e-01
3.227106332778930664e-01
3.430755436420440674e-01
4.420031309127807617e-01
3.749584257602691650e-01
4.179829061031341553e-01
2.633173763751983643e-01
4.540681838989257812e-01
3.408026695251464844e-01
3.286737799644470215e-01
4.239925146102905273e-01
3.405427634716033936e-01
3.733053803443908691e-01
5.956626534461975098e-01
2.717931866645812988e-01
2.814205884933471680e-01
4.138687252998352051e-01
3.321251571178436279e-01
3.363055884838104248e-01
3.672336339950561523e-01
2.468646615743637085e-01
1.701586842536926270e-01
2.287678569555282593e-01
4.068865478038787842e-01
4.024820327758789062e-01
3.910939991474151611e-01
3.294818997383117676e-01
2.051457464694976807e-01
3.643559813499450684e-01
2.540861964225769043e-01
5.422486066818237305e-01
2.246036082506179810e-01
3.993606865406036377e-01
4.026939272880554199e-01
4.330855906009674072e-01
3.782828152179718018e-01
2.586972117424011230e-01
2.961419522762298584e-01
4.235464632511138916e-01
3.158235549926757812e-01
2.695002853870391846e-01
3.087800443172454834e-01
5.092835426330566406e-01
3.539706170558929443e-01
3.739053606986999512e-01
3.334555923938751221e-01
3.637656569480895996e-01
2.159450054168701172e-01
2.482374310493469238e-01
5.954869389533996582e-01
4.846863746643066406e-01
3.763014376163482666e-01
4.407843947410583496e-01
2.874051034450531006e-01
4.407485425472259521e-01
5.506381392478942871e-01
3.487797677516937256e-01
5.004178881645202637e-01
3.144446015357971191e-01
5.399385094642639160e-01
4.673590958118438721e-01
4.718763232231140137e-01
3.310930430889129639e-01
3.532968163490295410e-01
4.180913865566253662e-01
2.331894040107727051e-01
4.672958552837371826e-01
7.117272615432739258e-01
3.426938354969024658e-01
4.131588339805603027e-01
2.483869045972824097e-01
2.426053732633590698e-01
3.775980770587921143e-01
3.970655798912048340e-01
3.068620562553405762e-01
3.681123554706573486e-01
3.965470492839813232e-01
4.555057883262634277e-01
4.250227808952331543e-01
3.119117915630340576e-01
2.171254903078079224e-01
2.574107944965362549e-01
4.812069237232208252e-01
4.370329380035400391e-01
3.675804138183593750e-01
4.653681218624114990e-01
3.806571662425994873e-01
4.108289480209350586e-01
2.875719964504241943e-01
5.394839048385620117e-01
4.681532382965087891e-01
3.167513608932495117e-01
3.934389054775238037e-01
2.997280955314636230e-01
2.638243436813354492e-01
4.380187392234802246e-01
3.484586775302886963e-01
4.110231101512908936e-01
5.966441035270690918e-01
2.573867142200469971e-01
4.218003749847412109e-01
2.033010572195053101e-01
5.740287899971008301e-01
1.990784853696823120e-01
2.569835782051086426e-01
3.122313320636749268e-01
2.597740292549133301e-01
3.253870308399200439e-01
3.941322565078735352e-01
2.389901727437973022e-01
3.069121837615966797e-01
3.036718368530273438e-01
4.067935347557067871e-01
4.004265069961547852e-01
3.957456350326538086e-01
5.459675788879394531e-01
4.409541189670562744e-01
2.955806255340576172e-01
4.961244761943817139e-01
4.023265540599822998e-01
4.634560048580169678e-01
5.752737522125244141e-01
3.507304489612579346e-01
6.363441348075866699e-01
4.740016460418701172e-01
2.063692659139633179e-01
3.220549821853637695e-01
3.469912707805633545e-01
4.356964230537414551e-01
4.194803833961486816e-01
4.091633260250091553e-01
2.432363629341125488e-01
3.055925071239471436e-01
1.761420667171478271e-01
2.809003889560699463e-01
1.070876941084861755e-01
3.713602721691131592e-01
2.812360227108001709e-01
3.234075605869293213e-01
2.727061808109283447e-01
3.574205636978149414e-01
2.080219238996505737e-01
3.277066349983215332e-01
2.521701753139495850e-01
2.263702899217605591e-01
2.835039198398590088e-01
3.168169260025024414e-01
1.814267486333847046e-01
1.766265332698822021e-01
3.916545212268829346e-01
2.381334304809570312e-01
2.520630061626434326e-01
2.041276842355728149e-01
1.785050928592681885e-01
2.167998552322387695e-01
2.208262979984283447e-01
3.135707378387451172e-01
2.446054518222808838e-01
2.698492705821990967e-01
1.921642720699310303e-01
2.222850471735000610e-01
3.874602615833282471e-01
2.965438365936279297e-01
1.588858962059020996e-01
1.911194473505020142e-01
2.477504014968872070e-01
3.208818733692169189e-01
2.398651689291000366e-01
2.703327834606170654e-01
1.306854933500289917e-01
2.673862576484680176e-01
1.999952197074890137e-01
2.775503098964691162e-01
2.223769128322601318e-01
2.106813043355941772e-01
1.464009732007980347e-01
1.585326343774795532e-01
2.357794195413589478e-01
1.104701012372970581e-01
1.416013538837432861e-01
2.756490409374237061e-01
1.118692606687545776e-01
2.220968753099441528e-01
2.002414762973785400e-01
2.308619171380996704e-01
4.318753480911254883e-01
2.160655409097671509e-01
1.538532078266143799e-01
1.900683492422103882e-01
1.403880566358566284e-01
1.483249366283416748e-01
3.160080909729003906e-01
2.594134807586669922e-01
1.768255680799484253e-01
9.990829974412918091e-02
1.069031059741973877e-01
1.394288539886474609e-01
1.036037951707839966e-01
1.990907341241836548e-01
2.164151370525360107e-01
1.294344216585159302e-01
2.431757152080535889e-01
2.513357698917388916e-01
1.617523133754730225e-01
2.052789181470870972e-01
2.484126687049865723e-01
1.429209262132644653e-01
1.103631258010864258e-01
2.096225321292877197e-01
2.317893952131271362e-01
1.361235380172729492e-01
1.496809273958206177e-01
1.749747097492218018e-01
1.634989976882934570e-01
2.343939244747161865e-01
1.297424435615539551e-01
1.123306676745414734e-01
1.707697063684463501e-01
1.421164125204086304e-01
1.303891986608505249e-01
1.861472725868225098e-01
1.788726449012756348e-01
8.554574102163314819e-02
8.860537409782409668e-02
2.326525896787643433e-01
4.794499650597572327e-02
1.818884462118148804e-01
1.118982657790184021e-01
2.680348753929138184e-01
1.996956020593643188e-01
2.974238097667694092e-01
3.885544240474700928e-01
4.733826816082000732e-01
1.258888840675354004e-01
1.959625035524368286e-01
1.640889048576354980e-01
1.334980130195617676e-01
1.474585235118865967e-01
1.195832863450050354e-01
1.630302667617797852e-01
7.569985091686248779e-02
1.385562568902969360e-01
2.197166830301284790e-01
2.665242552757263184e-01
7.936733216047286987e-02
1.644389182329177856e-01
2.284579724073410034e-01
2.791191339492797852e-01
1.444728970527648926e-01
2.113729566335678101e-01
1.580891460180282593e-01
1.949394345283508301e-01
1.422779709100723267e-01
1.809408664703369141e-01
1.983504593372344971e-01
2.424969673156738281e-01
1.702557504177093506e-01
2.075589001178741455e-01
6.327779591083526611e-02
1.300616562366485596e-01
2.945708632469177246e-01
2.728207111358642578e-01
8.527038246393203735e-02
2.164776027202606201e-01
2.004168480634689331e-01
1.324278861284255981e-01
2.518484890460968018e-01
2.738566994667053223e-01
2.486500740051269531e-01
2.211373895406723022e-01
1.563265770673751831e-01
1.616478860378265381e-01
1.702377200126647949e-01
2.637221813201904297e-01
2.181745916604995728e-01
2.645483911037445068e-01
2.357870191335678101e-01
1.733564883470535278e-01
2.077690660953521729e-01
2.077884823083877563e-01
2.144438773393630981e-01
2.613022327423095703e-01
2.133100628852844238e-01
2.380949407815933228e-01
1.945066154003143311e-01
1.290179342031478882e-01
2.248512655496597290e-01
8.434887975454330444e-02
2.033455669879913330e-01
2.292179465293884277e-01
2.379765659570693970e-01
1.829790323972702026e-01
5.798608437180519104e-02
3.277503848075866699e-01
1.589929461479187012e-01
2.054531723260879517e-01
2.080999612808227539e-01
1.451497077941894531e-01
2.330904155969619751e-01
1.944399327039718628e-01
1.958198845386505127e-01
8.517743647098541260e-02
1.756784766912460327e-01
2.102114111185073853e-01
1.874087005853652954e-01
2.819163799285888672e-01
2.392003834247589111e-01
1.406507641077041626e-01
1.963062435388565063e-01
1.633457243442535400e-01
1.116460338234901428e-01
3.841937184333801270e-01
1.125638559460639954e-01
2.060029804706573486e-01
1.173226982355117798e-01
2.050263583660125732e-01
1.884047985076904297e-01
1.439877599477767944e-01
1.727378219366073608e-01
4.763824045658111572e-01
4.001877605915069580e-01
9.899602085351943970e-02
3.404862880706787109e-01
4.311986267566680908e-01
1.195333451032638550e-01
1.533671319484710693e-01
1.127547994256019592e-01
1.793090403079986572e-01
2.168246656656265259e-01
1.532333642244338989e-01
1.421288102865219116e-01
1.925406306982040405e-01
3.655327558517456055e-01
2.205766737461090088e-01
2.451981008052825928e-01
2.127032428979873657e-01
3.169777691364288330e-01
3.182359337806701660e-01
1.851727664470672607e-01
1.451469361782073975e-01
1.850146353244781494e-01
1.989666074514389038e-01
3.876314461231231689e-01
1.560401469469070435e-01
1.445603817701339722e-01
3.940527141094207764e-01
1.191743165254592896e-01
2.389148026704788208e-01
2.562119066715240479e-01
1.734050363302230835e-01
8.342568576335906982e-02
1.634233593940734863e-01
1.052486076951026917e-01
2.636321485042572021e-01
1.555169969797134399e-01
1.906415224075317383e-01
8.607879281044006348e-02
1.873993873596191406e-01
4.739019572734832764e-01
2.426842153072357178e-01
1.810066252946853638e-01
1.897609829902648926e-01
2.232804447412490845e-01
1.425949633121490479e-01
1.653862297534942627e-01
3.899880051612854004e-01
2.139949351549148560e-01
1.586913168430328369e-01
1.846575587987899780e-01
2.507893741130828857e-01
2.023418396711349487e-01
2.128523439168930054e-01
1.491233110427856445e-01
2.184327393770217896e-01
1.603549420833587646e-01
2.886240482330322266e-01
2.201395481824874878e-01
2.874657809734344482e-01
2.729619145393371582e-01
2.535198032855987549e-01
1.481118798255920410e-01
3.252145648002624512e-01
1.126945540308952332e-01
1.944123506546020508e-01
1.824686229228973389e-01
3.240808844566345215e-01
2.649113535881042480e-01
1.402124911546707153e-01
1.343951225280761719e-01
1.306942105293273926e-01
1.560224294662475586e-01
2.457273751497268677e-01
2.515113055706024170e-01
2.970093786716461182e-01
2.421251386404037476e-01
2.038257271051406860e-01
1.767753064632415771e-01
1.236417517066001892e-01
1.218458265066146851e-01
3.139475584030151367e-01
1.889263540506362915e-01
1.911582052707672119e-01
3.118008971214294434e-01
2.310410887002944946e-01
1.534864008426666260e-01
1.635889858007431030e-01
1.744510233402252197e-01
1.818590164184570312e-01
1.664109230041503906e-01
1.243394017219543457e-01
9.417261183261871338e-02
1.773988753557205200e-01
1.892781555652618408e-01
2.501584291458129883e-01
3.514457345008850098e-01
1.791929751634597778e-01
1.631399244070053101e-01
1.678070425987243652e-01
1.888340562582015991e-01
2.387999445199966431e-01
2.328821122646331787e-01
2.747263312339782715e-01
2.222544699907302856e-01
1.089214906096458435e-01
2.818331122398376465e-01
1.415529251098632812e-01
1.272111684083938599e-01
1.725949645042419434e-01
3.611837923526763916e-01
2.469562888145446777e-01
3.278304636478424072e-01
2.990599870681762695e-01
2.039166390895843506e-01
2.543727159500122070e-01
1.230298802256584167e-01
1.203635856509208679e-01
1.904605627059936523e-01
1.719134300947189331e-01
2.975441515445709229e-01
1.368235051631927490e-01
2.152691632509231567e-01
2.160459756851196289e-01
1.885296106338500977e-01
4.083602726459503174e-01
1.820354312658309937e-01
1.255232393741607666e-01
1.678461730480194092e-01
3.056971728801727295e-01
7.173104584217071533e-02
4.567156434059143066e-01
1.752204746007919312e-01
3.405719697475433350e-01
2.406923621892929077e-01
2.676025927066802979e-01
3.524388670921325684e-01
1.628958433866500854e-01
4.403156042098999023e-01
2.180194854736328125e-01
1.060931533575057983e-01
1.410762518644332886e-01
1.905245631933212280e-01
2.533315122127532959e-01
3.645744323730468750e-01
2.479514777660369873e-01
2.632091343402862549e-01
1.925349980592727661e-01
2.401593327522277832e-01
1.584868729114532471e-01
2.264295816421508789e-01
2.324664145708084106e-01
2.126062065362930298e-01
3.803207576274871826e-01
2.885383069515228271e-01
2.940247654914855957e-01
2.025874257087707520e-01
2.564857006072998047e-01
2.188502699136734009e-01
1.244361773133277893e-01
2.750570774078369141e-01
3.025434315204620361e-01
7.001033425331115723e-02
2.553874254226684570e-01
3.875854909420013428e-01
3.566970825195312500e-01
2.151348292827606201e-01
2.076182365417480469e-01
2.196784466505050659e-01
2.609610855579376221e-01
1.225828528404235840e-01
1.582515984773635864e-01
1.806228905916213989e-01
1.059709563851356506e-01
1.841601580381393433e-01
6.123628020286560059e-01
2.239165753126144409e-01
2.242440432310104370e-01
2.710692584514617920e-01
2.069438695907592773e-01
4.500343799591064453e-01
3.395073413848876953e-01
3.579883575439453125e-01
1.296523064374923706e-01
1.807981580495834351e-01
2.928394675254821777e-01
3.425543010234832764e-01
3.135010600090026855e-01
3.094440996646881104e-01
4.319427311420440674e-01
2.814107537269592285e-01
1.172681525349617004e-01
2.219724655151367188e-01
2.073514461517333984e-01
2.455114424228668213e-01
3.142613768577575684e-01
3.254467546939849854e-01
1.788027137517929077e-01
2.514301538467407227e-01
2.939870655536651611e-01
3.629662096500396729e-01
2.496749758720397949e-01
3.442811965942382812e-01
4.522729218006134033e-01
1.898587048053741455e-01
1.798087358474731445e-01
4.160338938236236572e-01
3.253540396690368652e-01
2.302298396825790405e-01
1.537442207336425781e-01
2.873358726501464844e-01
2.279286384582519531e-01
3.212615847587585449e-01
4.947354793548583984e-01
1.694596707820892334e-01
3.281532824039459229e-01
1.627385467290878296e-01
2.589737474918365479e-01
1.512102633714675903e-01
1.569686383008956909e-01
3.190678358078002930e-01
1.422548890113830566e-01
3.274776339530944824e-01
3.520800173282623291e-01
2.816415131092071533e-01
2.055820822715759277e-01
2.436144948005676270e-01
1.576021015644073486e-01
3.657656908035278320e-01
2.850758135318756104e-01
2.346071451902389526e-01
2.359146475791931152e-01
2.429531067609786987e-01
2.774375975131988525e-01
2.384521663188934326e-01
2.453278005123138428e-01
3.853023350238800049e-01
3.144493103027343750e-01
3.209027945995330811e-01
3.597931861877441406e-01
2.794408798217773438e-01
2.419308125972747803e-01
8.161187171936035156e-02
3.231089115142822266e-01
3.020615279674530029e-01
1.742807030677795410e-01
1.853895634412765503e-01
1.134287714958190918e-01
2.883652448654174805e-01
1.996143162250518799e-01
3.062332868576049805e-01
1.537688821554183960e-01
1.426699906587600708e-01
1.836043000221252441e-01
3.279349207878112793e-01
3.715240657329559326e-01
5.069465041160583496e-01
1.452949792146682739e-01
3.177793622016906738e-01
3.210840821266174316e-01
2.152346819639205933e-01
1.766301244497299194e-01
2.479847073554992676e-01
2.933998703956604004e-01
3.019000887870788574e-01
2.598997950553894043e-01
1.915726810693740845e-01
3.715400695800781250e-01
3.264918625354766846e-01
2.438648492097854614e-01
2.197485268115997314e-01
2.697991728782653809e-01
2.792838513851165771e-01
2.655017971992492676e-01
1.714287102222442627e-01
2.044345289468765259e-01
1.577385067939758301e-01
1.935699284076690674e-01
2.424395084381103516e-01
3.376346230506896973e-01
2.145494520664215088e-01
1.746179312467575073e-01
1.431756019592285156e-01
2.894824445247650146e-01
2.748102247714996338e-01
3.134337961673736572e-01
2.708663344383239746e-01
1.558492183685302734e-01
4.192709028720855713e-01
1.725531071424484253e-01
1.883744001388549805e-01
3.219260573387145996e-01
2.199789434671401978e-01
3.679647147655487061e-01
2.272838205099105835e-01
3.711795806884765625e-01
1.334495693445205688e-01
3.480277657508850098e-01
2.577672898769378662e-01
8.863647282123565674e-02
1.988036334514617920e-01
1.170344948768615723e-01
3.474091887474060059e-01
8.908434212207794189e-02
3.497024774551391602e-01
3.674932718276977539e-01
1.747392863035202026e-01
1.629398316144943237e-01
3.069190979003906250e-01
3.841950893402099609e-01
2.820198237895965576e-01
3.014573156833648682e-01
3.545512557029724121e-01
1.398945301771163940e-01
4.028538465499877930e-01
3.428020775318145752e-01
3.088010847568511963e-01
2.166291922330856323e-01
1.750095039606094360e-01
4.038951992988586426e-01
2.621842324733734131e-01
3.254158496856689453e-01
2.766428589820861816e-01
2.377044409513473511e-01
1.952401399612426758e-01
1.104118749499320984e-01
3.344012498855590820e-01
2.489251643419265747e-01
3.105122745037078857e-01
1.902079433202743530e-01
1.807475686073303223e-01
4.739677608013153076e-01
4.829548895359039307e-01
2.764714956283569336e-01
3.908350467681884766e-01
2.434753328561782837e-01
3.594044744968414307e-01
5.330380201339721680e-01
3.422683477401733398e-01
3.535450100898742676e-01
2.141637653112411499e-01
2.932854890823364258e-01
3.411230444908142090e-01
2.874418795108795166e-01
1.881988048553466797e-01
1.461083292961120605e-01
3.106608986854553223e-01
2.427215576171875000e-01
1.789547950029373169e-01
4.417519271373748779e-01
2.236244380474090576e-01
1.446962803602218628e-01
2.472180724143981934e-01
2.115532606840133667e-01
3.288959264755249023e-01
3.530372381210327148e-01
1.419459581375122070e-01
4.567607641220092773e-01
3.618220686912536621e-01
3.583163619041442871e-01
2.071188837289810181e-01
3.410815596580505371e-01
2.388641685247421265e-01
2.999267280101776123e-01
1.107452958822250366e-01
1.439878344535827637e-01
2.930051088333129883e-01
3.014916479587554932e-01
1.750115752220153809e-01
2.510106563568115234e-01
2.705248296260833740e-01
2.647957503795623779e-01
2.097871601581573486e-01
4.132987856864929199e-01
1.566542387008666992e-01
3.023664951324462891e-01
4.876124560832977295e-01
1.229476779699325562e-01
1.738157570362091064e-01
2.377442419528961182e-01
2.760219573974609375e-01
1.682548969984054565e-01
2.896898984909057617e-01
1.632826924324035645e-01
2.559604048728942871e-01
2.977370619773864746e-01
1.686447709798812866e-01
2.092987596988677979e-01
2.984670698642730713e-01
3.013637363910675049e-01
4.142833352088928223e-01
3.917591869831085205e-01
2.482483536005020142e-01
2.911372780799865723e-01
1.489119678735733032e-01
8.231398463249206543e-02
4.630612730979919434e-01
1.517234295606613159e-01
3.402430117130279541e-01
1.505239456892013550e-01
2.444185018539428711e-01
2.190231829881668091e-01
2.548404335975646973e-01
2.589462101459503174e-01
5.036059617996215820e-01
4.296565353870391846e-01
2.701085209846496582e-01
3.684025406837463379e-01
1.229904219508171082e-01
1.179578304290771484e-01
1.938881278038024902e-01
3.244684040546417236e-01
5.109817981719970703e-01
1.878587454557418823e-01
2.571958005428314209e-01
1.194613128900527954e-01
2.489061504602432251e-01
2.832412421703338623e-01
3.082455694675445557e-01
1.978379786014556885e-01
2.437816560268402100e-01
4.228412806987762451e-01
2.096585929393768311e-01
2.775308787822723389e-01
2.937494218349456787e-01
2.922224998474121094e-01
3.805770874023437500e-01
2.940316498279571533e-01
4.308583736419677734e-01
2.961019277572631836e-01
2.996480166912078857e-01
1.388943344354629517e-01
2.809257507324218750e-01
2.603970766067504883e-01
2.580006420612335205e-01
3.706042766571044922e-01
1.884287297725677490e-01
2.550113797187805176e-01
2.613581120967864990e-01
3.587203323841094971e-01
2.541538178920745850e-01
2.441349327564239502e-01
2.243443131446838379e-01
2.905959486961364746e-01
2.908239662647247314e-01
3.661420345306396484e-01
2.636075317859649658e-01
1.824800521135330200e-01
2.518284916877746582e-01
2.602840662002563477e-01
2.909707725048065186e-01
3.108259141445159912e-01
1.811266541481018066e-01
3.386034667491912842e-01
3.106005191802978516e-01
1.172852739691734314e-01
3.881564438343048096e-01
2.152960300445556641e-01
2.457875758409500122e-01
3.937086164951324463e-01
1.976623982191085815e-01
3.566336631774902344e-01
3.425582647323608398e-01
2.044111192226409912e-01
4.183133244514465332e-01
2.747888267040252686e-01
3.481013178825378418e-01
3.187480568885803223e-01
3.535263240337371826e-01
3.912672996520996094e-01
3.365437388420104980e-01
3.645874559879302979e-01
2.756576836109161377e-01
2.155993729829788208e-01
3.480105996131896973e-01
3.887467384338378906e-01
2.051506489515304565e-01
1.752526015043258667e-01
1.878989487886428833e-01
2.170356214046478271e-01
2.809323370456695557e-01
3.755286037921905518e-01
2.485482543706893921e-01
3.398353457450866699e-01
2.253652662038803101e-01
1.569872796535491943e-01
1.733180135488510132e-01
3.603677451610565186e-01
2.439141720533370972e-01
3.847502768039703369e-01
2.440237849950790405e-01
2.224419713020324707e-01
1.774572283029556274e-01
2.691643536090850830e-01
2.758666872978210449e-01
3.017454743385314941e-01
3.644526004791259766e-01
1.682100445032119751e-01
3.772911727428436279e-01
1.941700875759124756e-01
3.067167401313781738e-01
3.250457942485809326e-01
3.879239857196807861e-01
2.969053089618682861e-01
1.341723054647445679e-01
3.420237004756927490e-01
1.749571412801742554e-01
2.212446779012680054e-01
2.895804643630981445e-01
3.378552198410034180e-01
1.937928348779678345e-01
3.393932878971099854e-01
2.209166884422302246e-01
1.935699731111526489e-01
3.482693731784820557e-01
2.869507670402526855e-01
2.352219372987747192e-01
1.700234562158584595e-01
2.719179093837738037e-01
4.264532327651977539e-01
1.534499824047088623e-01
3.138979077339172363e-01
3.095923364162445068e-01
1.426465064287185669e-01
2.953725159168243408e-01
1.784671247005462646e-01
2.461296617984771729e-01
1.768707334995269775e-01
1.439352184534072876e-01
2.148178517818450928e-01
2.867555320262908936e-01
3.289734125137329102e-01
2.111641764640808105e-01
3.746501505374908447e-01
2.808327376842498779e-01
2.657863497734069824e-01
2.255052030086517334e-01
1.963834017515182495e-01
3.316508531570434570e-01
1.694821268320083618e-01
2.360390573740005493e-01
1.926999390125274658e-01
3.118733763694763184e-01
2.803952991962432861e-01
4.278064668178558350e-01
2.521811425685882568e-01
3.594696223735809326e-01
3.013876676559448242e-01
2.563069462776184082e-01
1.928186118602752686e-01
2.494340389966964722e-01
1.983020603656768799e-01
2.436383962631225586e-01
3.939656615257263184e-01
2.505616545677185059e-01
1.414496153593063354e-01
2.980197072029113770e-01
3.030045628547668457e-01
4.982225000858306885e-01
2.972508072853088379e-01
2.938938438892364502e-01
2.178262174129486084e-01
3.102752268314361572e-01
2.872394621372222900e-01
2.093816548585891724e-01
2.115387171506881714e-01
3.867984712123870850e-01
2.547472119331359863e-01
2.380724549293518066e-01
3.229978680610656738e-01
3.710483014583587646e-01
4.412486255168914795e-01
4.289761781692504883e-01
3.246066272258758545e-01
3.651859760284423828e-01
3.480343222618103027e-01
2.896385490894317627e-01
3.469622433185577393e-01
3.563188314437866211e-01
3.442169129848480225e-01
1.852857619524002075e-01
5.006975531578063965e-01
2.448951452970504761e-01
2.889138162136077881e-01
4.304615557193756104e-01
2.040761858224868774e-01
1.952013671398162842e-01
1.663973182439804077e-01
3.375107645988464355e-01
3.585976660251617432e-01
5.327407717704772949e-01
3.947232067584991455e-01
2.191293686628341675e-01
2.184647023677825928e-01
2.785412073135375977e-01
2.899475395679473877e-01
8.346974849700927734e-01
1.079912930727005005e-01
1.616356223821640015e-01
2.159471809864044189e-01
1.722037643194198608e-01
1.718695610761642456e-01
3.118482530117034912e-01
2.070161402225494385e-01
3.796434700489044189e-01
2.625387310981750488e-01
3.831068575382232666e-01
1.962653249502182007e-01
2.850394845008850098e-01
1.378162056207656860e-01
2.383767813444137573e-01
1.530410051345825195e-01
1.838170289993286133e-01
2.521300017833709717e-01
2.441138923168182373e-01
2.847316861152648926e-01
1.462065875530242920e-01
1.917698830366134644e-01
1.025331914424896240e-01
1.361764967441558838e-01
9.442679584026336670e-02
1.644687056541442871e-01
1.429205238819122314e-01
1.249788329005241394e-01
2.641968727111816406e-01
6.527402251958847046e-02
2.110820263624191284e-01
1.440260708332061768e-01
2.440345436334609985e-01
1.334276795387268066e-01
1.659245193004608154e-01
2.494380623102188110e-01
1.928948462009429932e-01
1.314307898283004761e-01
1.836042404174804688e-01
1.819499582052230835e-01
1.310901194810867310e-01
1.453806459903717041e-01
2.558243274688720703e-01
1.971601694822311401e-01
2.018998265266418457e-01
2.111891061067581177e-01
1.686042845249176025e-01
1.342409104108810425e-01
1.013400554656982422e-01
2.314279228448867798e-01
6.109342724084854126e-02
1.729729771614074707e-01
7.730242609977722168e-02
1.202223822474479675e-01
1.752577871084213257e-01
9.131999313831329346e-02
8.978991955518722534e-02
1.999865621328353882e-01
1.286455541849136353e-01
1.589082777500152588e-01
8.787035942077636719e-02
8.202011883258819580e-02
1.958987712860107422e-01
5.948306247591972351e-02
1.713710576295852661e-01
6.282692402601242065e-02
1.403902769088745117e-01
1.234722062945365906e-01
1.182709559798240662e-01
1.613254696130752563e-01
1.495824903249740601e-01
1.018077284097671509e-01
8.146380633115768433e-02
2.207813858985900879e-01
1.635412424802780151e-01
1.210109442472457886e-01
1.111233308911323547e-01
2.351993918418884277e-01
1.636864244937896729e-01
1.769706159830093384e-01
1.215845718979835510e-01
2.652282118797302246e-01
1.934409439563751221e-01
2.172303050756454468e-01
9.955704957246780396e-02
2.259120345115661621e-01
2.387588322162628174e-01
1.560010462999343872e-01
1.701365262269973755e-01
2.527643740177154541e-01
1.173107177019119263e-01
1.352269798517227173e-01
1.063702106475830078e-01
7.215306907892227173e-02
1.267680376768112183e-01
1.670919507741928101e-01
2.040638178586959839e-01
1.597469747066497803e-01
1.085040494799613953e-01
1.266213208436965942e-01
7.413823157548904419e-02
1.605421155691146851e-01
1.573337912559509277e-01
7.028607279062271118e-02
1.255996078252792358e-01
1.631964445114135742e-01
1.046972423791885376e-01
1.164252609014511108e-01
8.865846693515777588e-02
1.537039428949356079e-01
1.642286181449890137e-01
1.758750826120376587e-01
1.576598286628723145e-01
2.547729611396789551e-01
8.705928921699523926e-02
1.524470150470733643e-01
7.417830824851989746e-02
9.684679657220840454e-02
2.623271048069000244e-01
1.580604612827301025e-01
1.644795835018157959e-01
1.845633983612060547e-01
1.079439893364906311e-01
1.350379437208175659e-01
1.259778290987014771e-01
1.070086285471916199e-01
1.466056108474731445e-01
1.246892586350440979e-01
1.113622710108757019e-01
1.500833034515380859e-01
1.509115993976593018e-01
2.506165206432342529e-01
1.525715589523315430e-01
1.299810558557510376e-01
1.352002173662185669e-01
1.333965212106704712e-01
5.899467691779136658e-02
1.841559261083602905e-01
1.297338157892227173e-01
1.152729317545890808e-01
1.850651353597640991e-01
1.837096214294433594e-01
6.151997670531272888e-02
6.797021627426147461e-02
6.358314305543899536e-02
6.275875121355056763e-02
1.427941322326660156e-01
2.091962546110153198e-01
1.319905668497085571e-01
6.110764667391777039e-02
7.547184079885482788e-02
8.677256852388381958e-02
7.690075039863586426e-02
9.242551028728485107e-02
7.155660539865493774e-02
1.227317973971366882e-01
1.356659978628158569e-01
5.813446640968322754e-02
1.284144371747970581e-01
1.429729610681533813e-01
1.806018203496932983e-01
1.317800432443618774e-01
1.179301515221595764e-01
7.207845151424407959e-02
1.461061537265777588e-01
1.217555180191993713e-01
9.081736952066421509e-02
8.155001699924468994e-02
6.969090551137924194e-02
1.470549106597900391e-01
7.637353241443634033e-02
2.257587909698486328e-01
2.810088694095611572e-01
1.469992250204086304e-01
7.571504265069961548e-02
5.882950872182846069e-02
1.347999423742294312e-01
1.249413639307022095e-01
1.754210740327835083e-01
2.431096136569976807e-01
1.538687199354171753e-01
4.036258533596992493e-02
1.132798790931701660e-01
8.720194548368453979e-02
1.445629447698593140e-01
1.538858562707901001e-01
9.434194862842559814e-02
1.420078128576278687e-01
1.715442687273025513e-01
9.867653250694274902e-02
1.378586590290069580e-01
1.938309073448181152e-01
1.239746510982513428e-01
1.757463812828063965e-01
1.622906476259231567e-01
7.122085988521575928e-02
1.043798029422760010e-01
1.180168241262435913e-01
4.425727203488349915e-02
1.735048145055770874e-01
3.088801205158233643e-01
1.369971930980682373e-01
8.134432882070541382e-02
1.304610222578048706e-01
1.035443842411041260e-01
8.465386182069778442e-02
1.169049590826034546e-01
7.153825461864471436e-02
1.257385760545730591e-01
1.749176234006881714e-01
1.405178755521774292e-01
5.904408171772956848e-02
1.665267497301101685e-01
1.062835454940795898e-01
7.439735531806945801e-02
1.908719241619110107e-01
5.722106620669364929e-02
2.260117977857589722e-01
1.223202869296073914e-01
1.387945562601089478e-01
1.351558119058609009e-01
1.890499889850616455e-01
9.485363960266113281e-02
1.749918758869171143e-01
9.229896217584609985e-02
1.791416108608245850e-01
1.104858741164207458e-01
5.909304320812225342e-02
1.427516937255859375e-01
1.021012142300605774e-01
2.194339632987976074e-01
2.806811332702636719e-01
8.861060440540313721e-02
1.733729839324951172e-01
2.124263048171997070e-01
2.594583928585052490e-01
8.193907886743545532e-02
2.212327569723129272e-01
3.491097092628479004e-01
1.181098744273185730e-01
1.919074654579162598e-01
1.073225885629653931e-01
4.034540429711341858e-02
5.778761208057403564e-02
1.371876597404479980e-01
2.121936380863189697e-01
1.260168552398681641e-01
2.365626394748687744e-01
1.768976300954818726e-01
6.532987207174301147e-02
9.988826513290405273e-02
2.225879766047000885e-02
7.169829308986663818e-02
1.467940658330917358e-01
2.612288594245910645e-01
7.469496876001358032e-02
6.000699475407600403e-02
7.608553767204284668e-02
3.266949653625488281e-01
1.170600205659866333e-01
1.819462329149246216e-01
1.565214544534683228e-01
1.091644689440727234e-01
1.570049077272415161e-01
1.945143043994903564e-01
1.107628494501113892e-01
1.086224019527435303e-01
2.523008584976196289e-01
9.458961337804794312e-02
8.590155839920043945e-02
1.675011217594146729e-01
9.508600085973739624e-02
1.004318296909332275e-01
1.279117763042449951e-01
1.297003477811813354e-01
1.707186102867126465e-01
1.257595121860504150e-01
2.194352447986602783e-02
2.947915717959403992e-02
1.267640292644500732e-01
1.171315386891365051e-01
1.852950900793075562e-01
1.027273163199424744e-01
1.190335601568222046e-01
1.647930145263671875e-01
9.144195914268493652e-02
2.473391741514205933e-01
1.520727425813674927e-01
1.400939971208572388e-01
1.921793371438980103e-01
1.219443380832672119e-01
1.399385333061218262e-01
1.365519762039184570e-01
1.876363903284072876e-01
1.254215240478515625e-01
1.552039384841918945e-01
5.793265253305435181e-02
1.360900551080703735e-01
1.390227526426315308e-01
1.311571896076202393e-01
2.355640679597854614e-01
1.528805345296859741e-01
8.350498229265213013e-02
8.301124721765518188e-02
9.919079393148422241e-02
1.736694723367691040e-01
1.358455419540405273e-01
1.857445240020751953e-01
1.824131160974502563e-01
1.725885421037673950e-01
2.087729126214981079e-01
1.910362243652343750e-01
2.184139788150787354e-01
2.095879018306732178e-01
9.464930742979049683e-02
2.393619567155838013e-01
7.847525179386138916e-02
1.302077472209930420e-01
7.878882437944412231e-02
1.665443629026412964e-01
1.862566918134689331e-01
1.693988293409347534e-01
1.134203076362609863e-01
1.912170648574829102e-01
2.928194999694824219e-01
1.920533180236816406e-01
2.873815894126892090e-01
1.770269870758056641e-01
2.073552161455154419e-01
1.210260912775993347e-01
7.332558929920196533e-02
8.474601805210113525e-02
1.899145245552062988e-01
1.530875861644744873e-01
1.304395496845245361e-01
6.724864244461059570e-02
1.756462603807449341e-01
1.155965030193328857e-01
1.945827305316925049e-01
1.028146073222160339e-01
2.742539346218109131e-01
2.451384663581848145e-01
1.238618269562721252e-01
2.004139572381973267e-01
2.318457067012786865e-01
1.791767179965972900e-01
1.031895205378532410e-01
1.189899593591690063e-01
2.262415885925292969e-01
2.652767598628997803e-01
1.999141424894332886e-01
1.773892790079116821e-01
2.231717705726623535e-01
1.822665035724639893e-01
1.718564927577972412e-01
2.129506915807723999e-01
1.208587139844894409e-01
1.929029524326324463e-01
1.125172004103660583e-01
1.867865622043609619e-01
1.589039117097854614e-01
7.273501902818679810e-02
1.530852913856506348e-01
2.545595765113830566e-01
1.583043038845062256e-01
2.950097620487213135e-01
2.157359123229980469e-01
2.109589427709579468e-01
1.716447025537490845e-01
9.105042368173599243e-02
7.460559904575347900e-02
2.376480549573898315e-01
8.649401366710662842e-02
2.181835472583770752e-01
9.530669450759887695e-02
1.356323510408401489e-01
1.605647355318069458e-01
1.638503521680831909e-01
1.770614236593246460e-01
2.233165353536605835e-01
1.646337211132049561e-01
1.426951587200164795e-01
2.257862538099288940e-01
3.112319111824035645e-01
2.715650796890258789e-01
2.008551359176635742e-01
1.085829883813858032e-01
2.936020195484161377e-01
1.716559976339340210e-01
1.590226590633392334e-01
3.016590476036071777e-01
2.219968587160110474e-01
1.618964225053787231e-01
3.569055497646331787e-01
2.824004292488098145e-01
1.772840470075607300e-01
2.357468903064727783e-01
1.498027592897415161e-01
8.854093402624130249e-02
1.097775325179100037e-01
1.065015867352485657e-01
3.030020594596862793e-01
3.070023059844970703e-01
2.714567482471466064e-01
1.249837800860404968e-01
9.013728052377700806e-02
7.781386375427246094e-02
1.483015418052673340e-01
1.452908366918563843e-01
3.060225248336791992e-01
2.307611107826232910e-01
1.423457115888595581e-01
3.992108702659606934e-01
1.143262386322021484e-01
2.299491465091705322e-01
2.295099049806594849e-01
3.270107209682464600e-01
2.585664391517639160e-01
3.742695748805999756e-01
1.062294766306877136e-01
1.917328685522079468e-01
7.036527991294860840e-02
1.495074927806854248e-01
2.167501151561737061e-01
2.785742282867431641e-01
9.309735149145126343e-02
2.209047526121139526e-01
1.972628086805343628e-01
1.381541192531585693e-01
2.281831502914428711e-01
3.283898234367370605e-01
1.499897688627243042e-01
2.877462804317474365e-01
2.293674945831298828e-01
1.840897798538208008e-01
1.747716516256332397e-01
2.811045348644256592e-01
3.182681500911712646e-01
1.658215671777725220e-01
2.023847103118896484e-01
1.269014179706573486e-01
2.175660878419876099e-01
7.267120480537414551e-02
2.927132546901702881e-01
3.212067186832427979e-01
2.221521735191345215e-01
2.508216798305511475e-01
1.557727009057998657e-01
1.953235268592834473e-01
2.580354809761047363e-01
1.180332079529762268e-01
1.112470999360084534e-01
2.075244486331939697e-01
1.711349934339523315e-01
1.668558120727539062e-01
1.087784394621849060e-01
2.385259419679641724e-01
2.608228623867034912e-01
9.136196225881576538e-02
1.889828741550445557e-01
1.598349064588546753e-01
1.336619257926940918e-01
2.268092483282089233e-01
1.700311005115509033e-01
2.004784345626831055e-01
1.756304055452346802e-01
2.169710993766784668e-01
1.921083033084869385e-01
1.960694491863250732e-01
1.332471072673797607e-01
2.063410878181457520e-01
2.832714617252349854e-01
2.024736851453781128e-01
1.268919110298156738e-01
1.846211701631546021e-01
2.063506096601486206e-01
2.065692991018295288e-01
1.563174128532409668e-01
1.844750195741653442e-01
3.038127422332763672e-01
1.798229217529296875e-01
2.422051280736923218e-01
2.155332565307617188e-01
5.712076425552368164e-01
3.044189512729644775e-01
2.390764206647872925e-01
1.602316945791244507e-01
2.273378968238830566e-01
2.017686665058135986e-01
1.850263029336929321e-01
1.599432528018951416e-01
1.550293415784835815e-01
1.209983974695205688e-01
2.344886660575866699e-01
3.682253360748291016e-01
1.564631909132003784e-01
1.137638166546821594e-01
2.782451808452606201e-01
2.050619125366210938e-01
1.669864356517791748e-01
2.352264374494552612e-01
3.068307340145111084e-01
2.819044589996337891e-01
1.499549895524978638e-01
1.520356237888336182e-01
1.768185794353485107e-01
1.463846713304519653e-01
3.157532513141632080e-01
1.509798616170883179e-01
1.648174673318862915e-01
1.079257875680923462e-01
3.303027749061584473e-01
2.132564038038253784e-01
5.677426233887672424e-02
1.989868879318237305e-01
2.300420552492141724e-01
1.565377414226531982e-01
1.417923867702484131e-01
4.726130887866020203e-02
1.568155288696289062e-01
2.128125131130218506e-01
1.330354064702987671e-01
2.643181979656219482e-01
1.191359162330627441e-01
2.748357951641082764e-01
2.447388172149658203e-01
2.131196558475494385e-01
2.031967043876647949e-01
1.772760152816772461e-01
2.559971511363983154e-01
1.759386658668518066e-01
2.839181721210479736e-01
2.579808235168457031e-01
2.098106890916824341e-01
1.396494060754776001e-01
1.094765812158584595e-01
1.529039442539215088e-01
1.635913550853729248e-01
1.035741418600082397e-01
1.817566305398941040e-01
1.979035437107086182e-01
1.021332740783691406e-01
1.023168489336967468e-01
5.018546581268310547e-01
1.922124624252319336e-01
2.347540706396102905e-01
1.927248239517211914e-01
1.388597488403320312e-01
3.086265623569488525e-01
2.679081559181213379e-01
2.644613683223724365e-01
2.083226889371871948e-01
2.977704107761383057e-01
2.350742071866989136e-01
1.176372691988945007e-01
3.465045988559722900e-01
2.454701811075210571e-01
1.994043886661529541e-01
4.892957210540771484e-02
2.274195104837417603e-01
2.382805943489074707e-01
1.181838139891624451e-01
1.399660855531692505e-01
1.948607116937637329e-01
8.611090481281280518e-02
1.175045222043991089e-01
3.279398381710052490e-01
3.406296074390411377e-01
1.775363683700561523e-01
3.081690371036529541e-01
3.596148490905761719e-01
2.138037383556365967e-01
2.295317947864532471e-01
1.293641477823257446e-01
8.610557764768600464e-02
1.139121949672698975e-01
5.131343007087707520e-02
1.250109225511550903e-01
2.480479627847671509e-01
2.637297213077545166e-01
2.177917063236236572e-01
2.850910723209381104e-01
2.181205451488494873e-01
1.002045795321464539e-01
1.345656812191009521e-01
1.577277332544326782e-01
2.992595136165618896e-01
1.362025141716003418e-01
1.997543722391128540e-01
2.019286155700683594e-01
2.196330130100250244e-01
1.860539764165878296e-01
3.275236487388610840e-01
2.374216616153717041e-01
3.569908440113067627e-01
3.028593361377716064e-01
2.587070167064666748e-01
1.941167116165161133e-01
2.831948101520538330e-01
1.902290135622024536e-01
2.516779601573944092e-01
1.183552965521812439e-01
1.864963918924331665e-01
1.432076245546340942e-01
2.235994189977645874e-01
2.214595079421997070e-01
2.892954647541046143e-01
1.676697582006454468e-01
2.127367556095123291e-01
2.298846840858459473e-01
1.947276890277862549e-01
1.901927143335342407e-01
1.599067151546478271e-01
1.477806270122528076e-01
2.585366368293762207e-01
2.356637567281723022e-01
2.227485924959182739e-01
3.442452847957611084e-01
2.268270701169967651e-01
1.996039152145385742e-01
3.639087080955505371e-01
1.759137064218521118e-01
1.520968526601791382e-01
2.106459289789199829e-01
2.663986980915069580e-01
3.665283620357513428e-01
2.524693608283996582e-01
2.344826459884643555e-01
2.214043289422988892e-01
1.680956780910491943e-01
9.340844303369522095e-02
1.824937909841537476e-01
1.461167782545089722e-01
1.846320480108261108e-01
2.365440726280212402e-01
1.581745892763137817e-01
1.829015761613845825e-01
1.698515415191650391e-01
1.923919022083282471e-01
2.518072426319122314e-01
9.236276149749755859e-02
1.780268847942352295e-01
1.622698158025741577e-01
3.775819540023803711e-01
1.440669894218444824e-01
1.611203849315643311e-01
2.630594670772552490e-01
2.284835875034332275e-01
6.116615980863571167e-02
2.455094605684280396e-01
2.254553884267807007e-01
6.671139597892761230e-02
1.936479508876800537e-01
1.642027944326400757e-01
5.137857049703598022e-02
1.823196262121200562e-01
1.683643609285354614e-01
2.901796400547027588e-01
2.083886861801147461e-01
2.046230584383010864e-01
1.744691580533981323e-01
1.218350753188133240e-01
2.933599352836608887e-01
1.297120153903961182e-01
2.600297331809997559e-01
1.307680755853652954e-01
3.439066410064697266e-01
1.818948686122894287e-01
2.393261045217514038e-01
2.201199233531951904e-01
1.238150671124458313e-01
1.528657972812652588e-01
1.533432304859161377e-01
1.253159642219543457e-01
2.841447591781616211e-01
2.512189745903015137e-01
1.642461568117141724e-01
2.049943506717681885e-01
3.780597448348999023e-01
2.636505961418151855e-01
1.373917311429977417e-01
1.193800792098045349e-01
2.663055658340454102e-01
1.322460621595382690e-01
1.922398954629898071e-01
2.492143213748931885e-01
1.273463815450668335e-01
1.674201190471649170e-01
1.463334858417510986e-01
1.396211236715316772e-01
2.236512154340744019e-01
2.012802958488464355e-01
1.961667537689208984e-01
7.077059149742126465e-02
1.884056925773620605e-01
3.323309421539306641e-01
1.463605165481567383e-01
1.942353099584579468e-01
1.353868842124938965e-01
3.430401980876922607e-01
2.341894507408142090e-01
1.484670042991638184e-01
2.617042660713195801e-01
1.379141360521316528e-01
3.300950825214385986e-01
2.089622765779495239e-01
1.367679983377456665e-01
2.339514642953872681e-01
3.385186791419982910e-01
3.396636247634887695e-01
1.801757365465164185e-01
4.776215255260467529e-01
1.763778626918792725e-01
2.764803767204284668e-01
1.065837889909744263e-01
2.031375765800476074e-01
2.759298980236053467e-01
1.894428282976150513e-01
6.775689870119094849e-02
1.313518136739730835e-01
4.906009733676910400e-01
3.106556832790374756e-01
2.029887735843658447e-01
1.808214783668518066e-01
3.510912954807281494e-01
3.072851896286010742e-01
8.124763518571853638e-02
3.111478090286254883e-01
2.716945111751556396e-01
2.302016168832778931e-01
1.454053074121475220e-01
1.893962621688842773e-01
1.767577379941940308e-01
1.802521049976348877e-01
2.123948633670806885e-01
1.920061707496643066e-01
3.609766364097595215e-01
2.966424524784088135e-01
1.362264454364776611e-01
9.739147871732711792e-02
3.243702352046966553e-01
4.193139970302581787e-01
2.359558641910552979e-01
2.436995208263397217e-01
4.094719290733337402e-01
3.928671479225158691e-01
1.047807559370994568e-01
2.653888463973999023e-01
1.579074263572692871e-01
1.893677413463592529e-01
1.558958888053894043e-01
9.702074527740478516e-02
2.114139646291732788e-01
2.953927218914031982e-01
1.962374448776245117e-01
3.302602469921112061e-01
2.074242681264877319e-01
2.807327508926391602e-01
2.054522931575775146e-01
1.659332513809204102e-01
2.026060968637466431e-01
1.872651129961013794e-01
2.427382767200469971e-01
2.572833299636840820e-01
3.028171360492706299e-01
2.252880036830902100e-01
1.853760182857513428e-01
2.253550589084625244e-01
8.967489749193191528e-02
1.764775812625885010e-01
2.723898589611053467e-01
1.972257494926452637e-01
1.534838378429412842e-01
2.355177998542785645e-01
5.412979423999786377e-02
3.749439716339111328e-01
1.736942678689956665e-01
2.059422135353088379e-01
2.602100372314453125e-01
2.622487246990203857e-01
3.963512480258941650e-01
1.829158663749694824e-01
1.694067418575286865e-01
1.213755309581756592e-01
1.763047426939010620e-01
1.035552918910980225e-01
1.351539790630340576e-01
1.180259957909584045e-01
1.973736286163330078e-01
9.484358876943588257e-02
1.122224032878875732e-01
1.644152104854583740e-01
8.076009154319763184e-02
2.410561889410018921e-01
1.445921063423156738e-01
3.418347537517547607e-01
1.318572312593460083e-01
7.431614398956298828e-02
1.531225889921188354e-01
5.880399048328399658e-02
6.968768686056137085e-02
2.023940384387969971e-01
2.604831457138061523e-01
7.252054661512374878e-02
6.273127347230911255e-02
1.095315888524055481e-01
1.243107095360755920e-01
1.176726147532463074e-01
1.546093225479125977e-01
1.156363636255264282e-01
3.197288513183593750e-02
5.148791894316673279e-02
1.135763227939605713e-01
1.123666837811470032e-01
3.019471168518066406e-01
1.670326292514801025e-01
1.016295254230499268e-01
2.042136192321777344e-01
7.782495021820068359e-02
7.618372887372970581e-02
1.673003286123275757e-01
7.612536102533340454e-02
1.025915071368217468e-01
1.526473909616470337e-01
8.289545774459838867e-02
1.058944463729858398e-01
1.432140916585922241e-01
9.583468735218048096e-02
1.397935152053833008e-01
2.840003371238708496e-01
1.263101249933242798e-01
2.063657194375991821e-01
4.353668540716171265e-02
9.794836491346359253e-02
1.464200317859649658e-01
1.563248187303543091e-01
6.802764534950256348e-02
7.557334005832672119e-02
9.163168072700500488e-02
1.380001753568649292e-01
6.895805150270462036e-02
4.773734137415885925e-02
7.639025151729583740e-02
7.686600834131240845e-02
8.538284152746200562e-02
1.093066483736038208e-01
1.593624502420425415e-01
1.157190725207328796e-01
8.221722394227981567e-02
8.354854583740234375e-02
1.232168152928352356e-01
8.668305724859237671e-02
5.047410726547241211e-02
1.491010487079620361e-01
1.691122949123382568e-01
9.495781362056732178e-02
1.178375259041786194e-01
1.279479414224624634e-01
9.774525463581085205e-02
1.385762393474578857e-01
1.112335547804832458e-01
1.207797676324844360e-01
1.115800142288208008e-01
1.670357137918472290e-01
5.629481747746467590e-02
9.133735299110412598e-02
5.492101982235908508e-02
9.889693558216094971e-02
1.263639926910400391e-01
1.770625114440917969e-01
2.347126007080078125e-01
4.365376755595207214e-02
6.217583641409873962e-02
1.021219864487648010e-01
1.223066523671150208e-01
1.035985723137855530e-01
1.485200226306915283e-01
8.608330041170120239e-02
8.660314232110977173e-02
5.467163026332855225e-02
9.365634620189666748e-02
1.574110984802246094e-01
5.250974372029304504e-02
2.001512497663497925e-01
6.781058758497238159e-02
9.683047980070114136e-02
1.634873002767562866e-01
1.707023531198501587e-01
1.850871443748474121e-01
2.277161777019500732e-01
6.485562771558761597e-02
8.655355125665664673e-02
9.025631099939346313e-02
1.409288048744201660e-01
9.720027446746826172e-02
1.433805227279663086e-01
7.934990525245666504e-02
2.580049633979797363e-01
1.968476474285125732e-01
1.412939876317977905e-01
2.190055251121520996e-01
8.239185065031051636e-02
4.432082921266555786e-02
4.754450172185897827e-02
1.367280632257461548e-01
9.090058505535125732e-02
8.693771809339523315e-02
1.281596720218658447e-01
2.038393020629882812e-01
1.507243961095809937e-01
2.245935052633285522e-01
1.732841134071350098e-01
3.233831375837326050e-02
9.971819818019866943e-02
1.055927127599716187e-01
1.474099904298782349e-01
9.019982814788818359e-02
1.428352296352386475e-01
1.120623275637626648e-01
1.559498459100723267e-01
1.877014338970184326e-01
1.411996185779571533e-01
1.192573234438896179e-01
1.177031621336936951e-01
9.586193412542343140e-02
1.075268089771270752e-01
1.314016431570053101e-01
8.434143662452697754e-02
7.196005433797836304e-02
1.034745201468467712e-01
9.144154191017150879e-02
1.463026255369186401e-01
1.586142778396606445e-01
2.537494003772735596e-01
1.652033776044845581e-01
3.540547937154769897e-02
5.490590631961822510e-02
1.486873626708984375e-01
1.019290983676910400e-01
1.531884670257568359e-01
6.866234540939331055e-02
1.650542020797729492e-01
2.270282208919525146e-01
1.444497257471084595e-01
7.122267782688140869e-02
7.833545655012130737e-02
4.377099126577377319e-02
7.472468167543411255e-02
1.053229272365570068e-01
1.759026050567626953e-01
9.159898757934570312e-02
1.161789521574974060e-01
1.229749843478202820e-01
5.165720731019973755e-02
1.170870661735534668e-01
1.084854453802108765e-01
4.945395886898040771e-02
1.218017414212226868e-01
3.065868839621543884e-02
1.434087008237838745e-01
8.287880569696426392e-02
1.803392618894577026e-01
4.994951188564300537e-02
1.675069183111190796e-01
9.541302919387817383e-02
9.402005374431610107e-02
1.828982084989547729e-01
6.174717471003532410e-02
1.945503205060958862e-01
7.322287559509277344e-02
2.742154002189636230e-01
1.159397065639495850e-01
4.513639956712722778e-02
2.285045832395553589e-01
1.699674576520919800e-01
9.248489141464233398e-02
1.308570057153701782e-01
7.096436619758605957e-02
1.048245057463645935e-01
1.035242527723312378e-01
1.578580290079116821e-01
2.098232656717300415e-01
9.507463872432708740e-02
1.194881647825241089e-01
8.209585398435592651e-02
1.794235557317733765e-01
9.443549066781997681e-02
1.045399010181427002e-01
2.373410165309906006e-01
1.436391621828079224e-01
1.877982020378112793e-01
1.129153668880462646e-01
2.015101909637451172e-01
3.064946271479129791e-02
9.113936871290206909e-02
1.158736273646354675e-01
5.973314493894577026e-02
7.907848060131072998e-02
9.965262562036514282e-02
1.003303676843643188e-01
1.588676422834396362e-01
2.610972225666046143e-01
2.576987817883491516e-02
6.709231436252593994e-02
1.472693532705307007e-01
2.857137471437454224e-02
1.892028152942657471e-01
1.052983775734901428e-01
1.784463971853256226e-01
1.067457795143127441e-01
1.131334826350212097e-01
1.422279030084609985e-01
2.282452583312988281e-01
1.581291258335113525e-01
3.794450685381889343e-02
6.156926229596138000e-02
7.209865003824234009e-02
1.560908704996109009e-01
1.751871556043624878e-01
1.318424046039581299e-01
1.347774267196655273e-01
7.312584668397903442e-02
6.135448068380355835e-02
1.374349445104598999e-01
1.001864075660705566e-01
2.543417811393737793e-01
3.878820538520812988e-01
1.428319960832595825e-01
1.221148520708084106e-01
1.451371908187866211e-01
1.092409044504165649e-01
1.139290332794189453e-01
1.038912385702133179e-01
1.733952015638351440e-01
8.021626621484756470e-02
8.027783781290054321e-02
9.237704426050186157e-02
2.476428896188735962e-01
1.396974027156829834e-01
7.823742926120758057e-02
1.051859632134437561e-01
1.229474097490310669e-01
1.566710919141769409e-01
7.569149881601333618e-02
1.486822664737701416e-01
7.793784886598587036e-02
6.191461160778999329e-02
6.342504918575286865e-02
9.877426922321319580e-02
3.831552341580390930e-02
1.529488563537597656e-01
1.490574628114700317e-01
1.434996426105499268e-01
2.003559023141860962e-01
8.435539901256561279e-02
3.034770488739013672e-01
1.088926121592521667e-01
1.818009167909622192e-01
7.814942300319671631e-02
5.907266214489936829e-02
1.335531920194625854e-01
2.925802767276763916e-01
6.887966394424438477e-02
6.481247395277023315e-02
1.015812605619430542e-01
3.689771890640258789e-02
1.038556396961212158e-01
2.371571213006973267e-01
2.002327442169189453e-01
1.598482429981231689e-01
6.612840294837951660e-02
1.134327054023742676e-01
1.171722859144210815e-01
1.453845649957656860e-01
1.046972423791885376e-01
1.137322559952735901e-01
7.993994653224945068e-02
1.249765753746032715e-01
7.181017100811004639e-02
1.153060644865036011e-01
9.824465960264205933e-02
8.201016485691070557e-02
7.642915844917297363e-02
1.337168812751770020e-01
8.220405131578445435e-02
9.111592918634414673e-02
1.415585577487945557e-01
2.798145413398742676e-01
1.376611292362213135e-01
1.125111058354377747e-01
1.378366947174072266e-01
1.034207493066787720e-01
7.234244048595428467e-02
1.387079805135726929e-01
1.016146913170814514e-01
1.912194341421127319e-01
2.029291093349456787e-01
8.289081603288650513e-02
9.118752181529998779e-02
1.714174300432205200e-01
1.256751269102096558e-01
8.408906310796737671e-02
4.442968964576721191e-02
1.436575353145599365e-01
5.060746893286705017e-02
2.557319998741149902e-01
1.100028753280639648e-01
8.458288013935089111e-02
3.136106133460998535e-01
1.428972035646438599e-01
7.986141741275787354e-02
1.428918838500976562e-01
2.087784111499786377e-01
7.827278226613998413e-02
1.843530684709548950e-01
1.716193705797195435e-01
1.103280186653137207e-01
1.489249616861343384e-01
9.877957403659820557e-02
1.337985843420028687e-01
1.204867511987686157e-01
1.113784760236740112e-01
4.457071796059608459e-02
7.233613729476928711e-02
1.807592660188674927e-01
1.884561032056808472e-01
1.801084429025650024e-01
1.081705763936042786e-01
2.369971275329589844e-01
1.623265594244003296e-01
1.333646178245544434e-01
1.030456647276878357e-01
1.102339029312133789e-01
3.191238641738891602e-01
1.377312541007995605e-01
1.187813580036163330e-01
1.762239634990692139e-01
4.824006929993629456e-02
7.797209173440933228e-02
4.810016602277755737e-02
5.134105309844017029e-02
1.563579440116882324e-01
2.091832756996154785e-01
7.066565752029418945e-02
1.073180809617042542e-01
1.281373351812362671e-01
6.923561543226242065e-02
1.920443624258041382e-01
1.435065269470214844e-01
9.467118233442306519e-02
1.413170695304870605e-01
8.424843847751617432e-02
4.527322575449943542e-02
1.075904816389083862e-01
1.243605613708496094e-01
8.778911828994750977e-02
7.873449474573135376e-02
1.740890294313430786e-01
7.224480062723159790e-02
1.461193412542343140e-01
4.403977841138839722e-02
2.270351201295852661e-01
3.544979393482208252e-01
6.797359138727188110e-02
1.002542376518249512e-01
1.053867638111114502e-01
2.122629731893539429e-01
1.558402478694915771e-01
1.686599850654602051e-01
1.973620802164077759e-01
8.159711956977844238e-02
1.494127064943313599e-01
8.384403586387634277e-02
1.117502674460411072e-01
9.097991883754730225e-02
1.089987680315971375e-01
1.739029139280319214e-01
1.803359836339950562e-01
1.601446419954299927e-01
6.426402926445007324e-02
1.587552875280380249e-01
1.903500556945800781e-01
1.066588908433914185e-01
8.136621862649917603e-02
6.402182579040527344e-02
1.058369576930999756e-01
2.536477744579315186e-01
2.290262430906295776e-01
4.692428559064865112e-02
1.536638885736465454e-01
7.267829775810241699e-02
1.577142179012298584e-01
7.933346927165985107e-02
1.370121836662292480e-01
1.204906329512596130e-01
8.292760699987411499e-02
1.077414453029632568e-01
3.891089558601379395e-01
2.045322358608245850e-01
2.120554447174072266e-01
1.291843652725219727e-01
1.785560250282287598e-01
1.711071729660034180e-01
1.769851595163345337e-01
1.471959203481674194e-01
1.026399880647659302e-01
1.008116528391838074e-01
3.667354583740234375e-01
7.161710411310195923e-02
1.768306493759155273e-01
9.711762517690658569e-02
5.304941534996032715e-02
2.254846841096878052e-01
2.391176074743270874e-01
1.014810577034950256e-01
1.652090400457382202e-01
1.396361589431762695e-01
1.375202387571334839e-01
1.027106791734695435e-01
1.401236802339553833e-01
1.695666909217834473e-01
1.101102530956268311e-01
3.141719102859497070e-01
1.623781025409698486e-01
2.811345160007476807e-01
1.467971503734588623e-01
1.485143899917602539e-01
9.867920726537704468e-02
6.784843653440475464e-02
2.180411517620086670e-01
2.417073249816894531e-01
1.206190064549446106e-01
7.781751453876495361e-02
1.425981074571609497e-01
1.228628084063529968e-01
2.435704469680786133e-01
1.878693401813507080e-01
7.107494771480560303e-02
1.019061133265495300e-01
6.527096778154373169e-02
3.139834105968475342e-01
1.055497378110885620e-01
9.055143594741821289e-02
2.206232696771621704e-01
1.305597126483917236e-01
5.783771350979804993e-02
1.738567948341369629e-01
1.809591501951217651e-01
1.055413335561752319e-01
1.600415706634521484e-01
1.589430123567581177e-01
3.092627525329589844e-01
1.855579167604446411e-01
1.863202303647994995e-01
9.495195001363754272e-02
1.292893737554550171e-01
1.364538967609405518e-01
2.350851446390151978e-01
2.004311382770538330e-01
1.392915546894073486e-01
1.211480945348739624e-01
1.139389500021934509e-01
6.512927263975143433e-02
7.996437698602676392e-02
1.452605426311492920e-01
1.959437876939773560e-01
1.519456356763839722e-01
6.395884603261947632e-02
2.444761693477630615e-01
1.255623400211334229e-01
2.047474980354309082e-01
2.401797473430633545e-01
1.169771254062652588e-01
1.407590359449386597e-01
1.397899389266967773e-01
6.279791891574859619e-02
1.011619865894317627e-01
2.017840892076492310e-01
1.985363364219665527e-01
1.401388049125671387e-01
1.644231826066970825e-01
8.167760074138641357e-02
1.030326858162879944e-01
3.358103334903717041e-01
3.022802174091339111e-01
1.583169400691986084e-01
2.595061659812927246e-01
1.782239973545074463e-01
2.480834275484085083e-01
1.462239027023315430e-01
1.869275718927383423e-01
9.507993608713150024e-02
1.814521849155426025e-01
1.611256003379821777e-01
1.013366580009460449e-01
1.928817331790924072e-01
1.311715245246887207e-01
1.658830344676971436e-01
9.174897521734237671e-02
1.337310820817947388e-01
2.136945277452468872e-01
2.437079995870590210e-01
8.164297789335250854e-02
2.073535174131393433e-01
2.099796086549758911e-01
2.537754476070404053e-01
1.442693620920181274e-01
1.959532946348190308e-01
9.528549015522003174e-02
2.175877690315246582e-01
3.791056275367736816e-01
1.730322539806365967e-01
2.318990081548690796e-01
1.481756716966629028e-01
9.002281725406646729e-02
9.507272392511367798e-02
1.743644773960113525e-01
1.414155215024948120e-01
2.017578184604644775e-01
1.027161926031112671e-01
2.884156405925750732e-01
2.138050198554992676e-01
2.330431640148162842e-01
1.284508705139160156e-01
1.071224138140678406e-01
5.450337752699851990e-02
1.124400198459625244e-01
7.480709999799728394e-02
1.472801417112350464e-01
2.484775930643081665e-01
3.972493708133697510e-01
1.274568885564804077e-01
8.991921693086624146e-02
3.649065494537353516e-01
1.139542460441589355e-01
2.231267094612121582e-01
1.370414048433303833e-01
1.110349446535110474e-01
2.360947877168655396e-01
1.485683619976043701e-01
1.873916983604431152e-01
2.380526065826416016e-01
2.096641659736633301e-01
3.095328211784362793e-01
7.277263700962066650e-02
2.077370285987854004e-01
1.965614259243011475e-01
1.187588870525360107e-01
1.215220466256141663e-01
1.859366297721862793e-01
2.542813718318939209e-01
1.397604495286941528e-01
1.394436955451965332e-01
8.078663051128387451e-02
6.501996517181396484e-02
2.024314105510711670e-01
1.229903995990753174e-01
1.123386174440383911e-01
9.355127066373825073e-02
1.673799008131027222e-01
2.179508805274963379e-01
1.719217300415039062e-01
1.663363724946975708e-01
1.858942508697509766e-01
5.771979689598083496e-02
1.668912023305892944e-01
1.584780067205429077e-01
6.873201578855514526e-02
1.871438920497894287e-01
7.292584329843521118e-02
1.732487827539443970e-01
1.404004395008087158e-01
2.310343533754348755e-01
6.304753571748733521e-02
1.881167590618133545e-01
7.397662103176116943e-02
3.299812972545623779e-01
5.311321839690208435e-02
8.842591941356658936e-02
1.774158179759979248e-01
1.257072240114212036e-01
2.658981382846832275e-01
2.415493577718734741e-01
2.060351967811584473e-01
2.138097584247589111e-01
5.080333352088928223e-02
1.079460307955741882e-01
6.143150478601455688e-02
1.168519705533981323e-01
1.594887524843215942e-01
1.447452008724212646e-01
1.261265128850936890e-01
1.248992532491683960e-01
5.914110690355300903e-02
2.024306803941726685e-01
3.414373844861984253e-02
1.835029423236846924e-01
1.075098887085914612e-01
3.443159461021423340e-01
1.052500829100608826e-01
2.061335295438766479e-01
2.215317040681838989e-01
4.840321093797683716e-02
2.072063684463500977e-01
1.899699419736862183e-01
8.146800845861434937e-02
4.307375103235244751e-02
1.828557252883911133e-01
5.750913545489311218e-02
1.974271535873413086e-01
1.198442801833152771e-01
8.546741306781768799e-02
1.080321744084358215e-01
1.887047588825225830e-01
1.319687962532043457e-01
1.176530271768569946e-01
1.832758486270904541e-01
2.000836282968521118e-01
4.670831188559532166e-02
3.627333045005798340e-01
1.263744682073593140e-01
5.501804128289222717e-02
9.410967677831649780e-02
1.876800805330276489e-01
2.127225846052169800e-01
1.269155293703079224e-01
1.519325226545333862e-01
1.994307786226272583e-01
1.967321038246154785e-01
1.829578280448913574e-01
3.061713874340057373e-01
2.501738071441650391e-01
2.129606753587722778e-01
1.423328816890716553e-01
1.167935952544212341e-01
1.545043438673019409e-01
5.532333254814147949e-02
1.804267019033432007e-01
1.043355315923690796e-01
2.399099469184875488e-01
1.779305636882781982e-01
2.230727523565292358e-01
1.508087515830993652e-01
2.595011293888092041e-01
8.692955970764160156e-02
2.856489717960357666e-01
1.958084553480148315e-01
8.776021748781204224e-02
6.012486293911933899e-02
1.466726958751678467e-01
1.081107631325721741e-01
1.504573076963424683e-01
2.629490196704864502e-01
1.884824037551879883e-01
3.155347704887390137e-01
1.815727353096008301e-01
3.076971471309661865e-01
9.809924662113189697e-02
1.193764880299568176e-01
6.491823494434356689e-02
2.672231495380401611e-01
5.027725175023078918e-02
1.471168547868728638e-01
2.226116359233856201e-01
5.932078137993812561e-02
7.087299972772598267e-02
1.692917644977569580e-01
3.825432658195495605e-01
1.375973969697952271e-01
1.765030175447463989e-01
1.843917965888977051e-01
2.373044192790985107e-01
8.438257873058319092e-02
2.228137701749801636e-01
2.367133945226669312e-01
8.022312074899673462e-02
1.952912062406539917e-01
2.325546294450759888e-01
1.328076422214508057e-01
2.446522861719131470e-01
2.015728503465652466e-01
1.109342649579048157e-01
2.039870172739028931e-01
1.243680790066719055e-01
9.018488228321075439e-02
5.486470833420753479e-02
1.932473182678222656e-01
2.068851143121719360e-01
1.581857055425643921e-01
1.154195964336395264e-01
1.545576602220535278e-01
2.157858312129974365e-01
1.819970458745956421e-01
1.430668234825134277e-01
2.080142050981521606e-01
1.604227274656295776e-01
1.707258075475692749e-01
2.349871993064880371e-01
1.199695840477943420e-01
1.177145019173622131e-01
1.301355659961700439e-01
1.844536364078521729e-01
7.263939082622528076e-02
1.817068159580230713e-01
1.085797101259231567e-01
3.795427381992340088e-01
4.733875021338462830e-02
2.051181644201278687e-01
1.090923845767974854e-01
1.490873098373413086e-01
7.166222482919692993e-02
2.312166243791580200e-01
1.495061069726943970e-01
1.852638870477676392e-01
2.454389184713363647e-01
9.317240118980407715e-02
1.859022080898284912e-01
5.551898106932640076e-02
2.258116304874420166e-01
1.283030509948730469e-01
2.218708246946334839e-01
2.163594514131546021e-01
2.479736208915710449e-01
1.317313462495803833e-01
7.449492812156677246e-02
9.194637835025787354e-02
1.972843557596206665e-01
2.613267600536346436e-01
8.086622506380081177e-02
1.754294037818908691e-01
4.174884259700775146e-01
1.792569011449813843e-01
9.202177077531814575e-02
1.928142756223678589e-01
4.378604143857955933e-02
1.176530048251152039e-01
2.304739356040954590e-01
8.722199499607086182e-02
1.996463537216186523e-01
2.152716815471649170e-01
9.418486803770065308e-02
9.728505462408065796e-02
1.204267740249633789e-01
2.989754378795623779e-01
1.250706017017364502e-01
1.837890744209289551e-01
2.091379761695861816e-01
1.365745812654495239e-01
1.894189715385437012e-01
2.955280542373657227e-01
2.920168340206146240e-01
2.371593117713928223e-01
2.622315585613250732e-01
1.426616460084915161e-01
2.231115251779556274e-01
2.151816338300704956e-01
2.908776998519897461e-01
2.310307472944259644e-01
9.475391358137130737e-02
1.921105235815048218e-01
2.374778240919113159e-01
1.462111622095108032e-01
1.335997283458709717e-01
1.708113998174667358e-01
3.636405467987060547e-01
2.443818300962448120e-01
1.191339120268821716e-01
1.256635487079620361e-01
9.246070683002471924e-02
9.970205277204513550e-02
6.549518555402755737e-02
1.966888606548309326e-01
1.694592982530593872e-01
6.244961544871330261e-02
1.008578240871429443e-01
8.055116981267929077e-02
1.722376346588134766e-01
1.001548692584037781e-01
2.401102483272552490e-01
1.804883480072021484e-01
2.896445393562316895e-01
1.703703403472900391e-01
6.378003209829330444e-02
7.234454154968261719e-02
1.347369998693466187e-01
2.507372200489044189e-01
1.326920837163925171e-01
8.550878614187240601e-02
1.133756786584854126e-01
8.079785108566284180e-02
1.146197170019149780e-01
2.222406417131423950e-01
1.722321659326553345e-01
4.434816539287567139e-02
1.242214664816856384e-01
1.745479851961135864e-01
7.053467631340026855e-02
1.605091430246829987e-02
1.311080604791641235e-01
8.000113070011138916e-02
1.138189584016799927e-01
8.472013473510742188e-02
1.283421963453292847e-01
8.671589195728302002e-02
6.543555110692977905e-02
5.715830996632575989e-02
5.836448073387145996e-02
1.176034957170486450e-01
1.217116490006446838e-01
7.572205364704132080e-02
7.893730700016021729e-02
5.087656900286674500e-02
1.207795888185501099e-01
6.721404939889907837e-02
4.430023953318595886e-02
5.691476911306381226e-02
1.459517329931259155e-01
2.025809288024902344e-01
8.104278892278671265e-02
1.234504878520965576e-01
1.161678731441497803e-01
2.592654526233673096e-02
9.916670620441436768e-02
2.936372533440589905e-02
2.498109489679336548e-01
1.601013839244842529e-01
2.728485688567161560e-02
7.810509949922561646e-02
1.115966141223907471e-01
7.672259211540222168e-02
7.126127928495407104e-02
2.363919317722320557e-01
1.254132539033889771e-01
1.580479741096496582e-01
1.138533949851989746e-01
6.279090046882629395e-02
3.254460543394088745e-02
1.054918840527534485e-01
8.172197639942169189e-02
1.037165448069572449e-01
7.976364344358444214e-02
8.270358294248580933e-02
2.552154660224914551e-02
8.309976011514663696e-02
7.424768060445785522e-02
1.055007353425025940e-01
4.511408135294914246e-02
1.211703941226005554e-01
5.629706010222434998e-02
1.488503068685531616e-01
6.137253344058990479e-02
1.734225153923034668e-01
1.076515987515449524e-01
2.848089039325714111e-01
2.083571404218673706e-01
8.910000324249267578e-02
1.224590092897415161e-01
8.385616540908813477e-02
5.785582959651947021e-02
5.223525688052177429e-02
3.925659656524658203e-01
6.477209180593490601e-02
3.094573505222797394e-02
1.167189031839370728e-01
4.451505094766616821e-02
4.946009069681167603e-02
3.446089625358581543e-01
4.903164505958557129e-02
1.241111382842063904e-01
2.169774025678634644e-01
2.051947414875030518e-01
1.326180100440979004e-01
1.511455923318862915e-01
5.542750284075737000e-02
9.779740869998931885e-02
9.907993674278259277e-02
3.386057913303375244e-01
1.135990247130393982e-01
1.648898273706436157e-01
6.766291707754135132e-02
9.481401741504669189e-02
3.964507952332496643e-02
5.808769166469573975e-02
1.468877345323562622e-01
8.712957054376602173e-02
1.195053905248641968e-01
6.760002672672271729e-02
1.263418644666671753e-01
6.736303120851516724e-02
6.083131954073905945e-02
8.232813328504562378e-02
1.873084902763366699e-02
1.090587452054023743e-01
9.422106295824050903e-02
5.181157588958740234e-02
2.672367356717586517e-02
3.088448569178581238e-02
3.176667541265487671e-02
1.379354149103164673e-01
8.105119317770004272e-02
1.517809927463531494e-01
5.449553579092025757e-02
1.091140657663345337e-01
4.829327017068862915e-02
1.003387048840522766e-01
5.411432310938835144e-02
5.309198424220085144e-02
9.717183560132980347e-02
1.640395522117614746e-01
1.507066786289215088e-01
4.773823171854019165e-02
1.241708323359489441e-01
1.672084778547286987e-01
1.716745346784591675e-01
6.110185012221336365e-02
1.468948870897293091e-01
1.590229421854019165e-01
1.276673227548599243e-01
4.440756142139434814e-02
7.912148535251617432e-02
7.783725112676620483e-02
5.081632733345031738e-02
4.392651468515396118e-02
3.894703090190887451e-02
7.052490860223770142e-02
1.385006457567214966e-01
5.640142038464546204e-02
6.809885054826736450e-02
4.017565399408340454e-02
1.209092587232589722e-01
6.700247526168823242e-02
8.055735379457473755e-02
1.909662932157516479e-01
8.854629844427108765e-02
9.821058064699172974e-02
9.464240074157714844e-02
1.565915644168853760e-01
1.098144277930259705e-01
2.131811231374740601e-01
1.037915423512458801e-01
2.617520689964294434e-01
7.714530080556869507e-02
2.403010055422782898e-02
1.018350720405578613e-01
1.262414306402206421e-01
4.767482355237007141e-02
1.190476268529891968e-01
1.819128990173339844e-01
8.730546385049819946e-02
6.042367592453956604e-02
7.484833151102066040e-02
1.518778651952743530e-01
3.533241525292396545e-02
1.233049407601356506e-01
4.774199798703193665e-02
1.421796083450317383e-01
1.079266890883445740e-01
6.979117542505264282e-02
9.790461510419845581e-02
4.270305112004280090e-02
2.566613443195819855e-02
1.375588476657867432e-01
1.017682626843452454e-01
1.685879081487655640e-01
5.845342949032783508e-02
6.672798097133636475e-02
6.846866011619567871e-02
9.988607466220855713e-02
1.949548423290252686e-01
1.562284976243972778e-01
1.053830236196517944e-01
5.809164419770240784e-02
6.380026787519454956e-02
1.224186345934867859e-01
7.115615159273147583e-02
6.403992325067520142e-02
1.127617955207824707e-01
9.127715229988098145e-02
1.552951633930206299e-01
1.005472689867019653e-01
1.114442721009254456e-01
7.360944151878356934e-02
1.002534478902816772e-01
4.217424616217613220e-02
3.058556467294692993e-02
1.305428594350814819e-01
4.927950724959373474e-02
1.587109118700027466e-01
8.927964419126510620e-02
8.513417840003967285e-02
1.433873921632766724e-01
1.959147118031978607e-02
5.627110600471496582e-02
4.527915269136428833e-02
6.740649789571762085e-02
7.422557473182678223e-02
3.272379562258720398e-02
9.656544029712677002e-02
4.642616212368011475e-02
1.349404007196426392e-01
1.400283426046371460e-01
1.214679256081581116e-01
6.386701017618179321e-02
4.927770048379898071e-02
9.230537712574005127e-02
5.388191342353820801e-02
1.323305070400238037e-01
1.309568583965301514e-01
7.764452695846557617e-02
1.420654952526092529e-01
5.308277904987335205e-02
4.352963343262672424e-02
1.340868920087814331e-01
9.607645124197006226e-02
7.580623775720596313e-02
1.184125691652297974e-01
2.315339259803295135e-02
8.943085372447967529e-02
2.662366442382335663e-02
1.474470496177673340e-01
9.405211359262466431e-02
4.907564818859100342e-02
1.269829720258712769e-01
1.125187277793884277e-01
6.196164712309837341e-02
9.726043045520782471e-02
1.293718367815017700e-01
3.346005082130432129e-02
1.426957845687866211e-01
9.031006693840026855e-02
4.944957420229911804e-02
1.400421559810638428e-01
7.505515217781066895e-02
2.092277556657791138e-01
9.932002425193786621e-02
5.518458038568496704e-02
2.396245300769805908e-01
9.034043550491333008e-02
1.352355480194091797e-01
2.609952911734580994e-02
4.998385906219482422e-02
2.612957060337066650e-01
7.557355612516403198e-02
1.692375689744949341e-01
1.211590692400932312e-01
3.988200053572654724e-02
2.887781336903572083e-02
1.139330565929412842e-01
1.940970271825790405e-01
1.582584679126739502e-01
1.200827658176422119e-01
7.751304656267166138e-02
9.519275277853012085e-02
6.821731477975845337e-02
1.439116746187210083e-01
2.266711294651031494e-01
1.797338873147964478e-01
4.326767101883888245e-02
1.872360333800315857e-02
7.538512349128723145e-02
6.137102842330932617e-02
1.786417067050933838e-01
6.365369260311126709e-02
1.514102220535278320e-01
6.092456355690956116e-02
5.864552780985832214e-02
1.608944982290267944e-01
6.892548501491546631e-02
1.107897236943244934e-01
2.343707233667373657e-01
1.360977739095687866e-01
6.293264776468276978e-02
1.207815036177635193e-01
7.071347534656524658e-02
1.350568681955337524e-01
1.961072385311126709e-01
5.940460413694381714e-02
9.042992442846298218e-02
3.019107133150100708e-02
4.748150706291198730e-02
5.544586852192878723e-02
1.942373067140579224e-01
2.116136699914932251e-01
6.752055138349533081e-02
9.500672668218612671e-02
2.278649955987930298e-01
1.827696114778518677e-01
1.462364792823791504e-01
1.185484230518341064e-01
1.507753431797027588e-01
1.695937812328338623e-01
1.606658548116683960e-01
7.921969890594482422e-02
2.885459065437316895e-01
5.994028225541114807e-02
4.620703309774398804e-02
8.448573201894760132e-02
1.528591066598892212e-01
6.290585547685623169e-02
2.429792135953903198e-01
9.297911822795867920e-02
2.062458693981170654e-01
8.451975882053375244e-02
8.883661776781082153e-02
1.454958021640777588e-01
4.181595146656036377e-02
1.061471924185752869e-01
2.050171643495559692e-01
1.898567825555801392e-01
1.653439849615097046e-01
4.572907462716102600e-02
6.726914644241333008e-02
2.224099077284336090e-02
8.190171420574188232e-02
1.114938706159591675e-01
1.921991407871246338e-01
1.832914501428604126e-01
1.202316656708717346e-01
8.553367108106613159e-02
1.162096336483955383e-01
6.536493450403213501e-02
3.456684350967407227e-01
1.257326304912567139e-01
1.037843003869056702e-01
2.655550539493560791e-01
8.728028088808059692e-02
6.997328251600265503e-02
4.574374109506607056e-02
6.853518635034561157e-02
1.177950426936149597e-01
1.319371759891510010e-01
1.365974545478820801e-01
1.995957195758819580e-01
1.984398216009140015e-01
1.245186179876327515e-01
1.926879286766052246e-01
1.088972464203834534e-01
1.656770855188369751e-01
1.686195731163024902e-01
4.436612874269485474e-02
5.558891966938972473e-02
1.691446155309677124e-01
8.646611124277114868e-02
2.697650492191314697e-01
9.309829026460647583e-02
1.958121508359909058e-01
9.973449259996414185e-02
6.816888600587844849e-02
6.960164755582809448e-02
4.650796949863433838e-02
7.539863139390945435e-02
7.631434500217437744e-02
1.100782006978988647e-01
9.562747925519943237e-02
6.951607763767242432e-02
6.398274749517440796e-02
1.136006116867065430e-01
1.474307030439376831e-01
1.812071651220321655e-01
9.440039098262786865e-02
7.620615512132644653e-02
2.061810195446014404e-01
9.095312654972076416e-02
1.763862222433090210e-01
1.362848132848739624e-01
9.890260547399520874e-02
2.312064468860626221e-01
1.226349920034408569e-01
1.357964426279067993e-01
2.891902625560760498e-01
1.524996608495712280e-01
2.686798013746738434e-02
2.084169983863830566e-01
9.134511649608612061e-02
3.878787532448768616e-02
1.602541357278823853e-01
1.714065819978713989e-01
1.331193298101425171e-01
2.583447098731994629e-01
2.373376488685607910e-01
2.081219553947448730e-01
2.193882167339324951e-01
1.652672886848449707e-01
8.806970715522766113e-02
3.859848529100418091e-02
5.099567770957946777e-02
9.512583911418914795e-02
9.194760769605636597e-02
8.395049721002578735e-02
9.566840529441833496e-02
9.273028373718261719e-02
1.089353263378143311e-01
1.144838035106658936e-01
1.316448450088500977e-01
4.192658886313438416e-02
1.349882483482360840e-01
1.417935639619827271e-01
1.835992038249969482e-01
7.017678022384643555e-02
4.028338938951492310e-02
7.322285324335098267e-02
8.373019844293594360e-02
9.065405279397964478e-02
1.282820701599121094e-01
1.163037866353988647e-01
4.654115810990333557e-02
1.342746615409851074e-01
1.385588049888610840e-01
5.419441685080528259e-02
1.204342544078826904e-01
1.586928665637969971e-01
1.137688755989074707e-01
5.523164197802543640e-02
1.059094890952110291e-01
7.524988055229187012e-02
4.184317216277122498e-02
1.112572178244590759e-01
1.007441803812980652e-01
1.453058868646621704e-01
1.171697974205017090e-01
1.411085128784179688e-01
1.475947350263595581e-01
8.680047094821929932e-02
2.449890077114105225e-01
1.443181186914443970e-01
1.499298363924026489e-01
1.165877655148506165e-01
8.860220015048980713e-02
6.379152834415435791e-02
7.174190878868103027e-02
5.676731839776039124e-02
1.858344823122024536e-01
6.557036191225051880e-02
7.542356103658676147e-02
1.325234323740005493e-01
3.127425312995910645e-01
7.573527842760086060e-02
1.245042160153388977e-01
1.437933295965194702e-01
3.589296713471412659e-02
9.654136747121810913e-02
1.507118046283721924e-01
8.280982077121734619e-02
1.924273669719696045e-01
2.601401209831237793e-01
5.360429361462593079e-02
1.141773238778114319e-01
6.539324671030044556e-02
1.340184211730957031e-01
8.390239626169204712e-02
2.966334521770477295e-01
1.352214217185974121e-01
1.029595509171485901e-01
1.964568346738815308e-02
1.702845096588134766e-01
1.206316500902175903e-01
1.242442205548286438e-01
1.220819428563117981e-01
1.026268377900123596e-01
5.834369361400604248e-02
1.215590238571166992e-01
1.112676039338111877e-01
1.431631147861480713e-01
5.686734244227409363e-02
5.658139660954475403e-02
3.970151394605636597e-02
2.344426326453685760e-02
2.425194978713989258e-01
2.311471104621887207e-01
1.879455000162124634e-01
1.157625019550323486e-01
8.439695835113525391e-02
8.599290251731872559e-02
1.683504879474639893e-01
9.851505607366561890e-02
5.625406280159950256e-02
7.275523990392684937e-02
8.624792844057083130e-02
3.951113820075988770e-01
2.331753075122833252e-01
1.567712724208831787e-01
7.634674012660980225e-02
1.482452005147933960e-01
7.237746566534042358e-02
5.314078927040100098e-02
7.569009810686111450e-02
1.599191129207611084e-01
7.649557292461395264e-02
2.935000061988830566e-01
5.376511812210083008e-02
2.658931165933609009e-02
2.102329730987548828e-01
7.761872559785842896e-02
1.307865232229232788e-01
9.522501379251480103e-02
7.251517474651336670e-02
1.228463202714920044e-01
1.656221598386764526e-01
2.127915322780609131e-01
2.295076251029968262e-01
8.391938358545303345e-02
1.489518135786056519e-01
1.063640713691711426e-01
1.206654384732246399e-01
3.188607394695281982e-01
1.744350492954254150e-01
2.160396426916122437e-01
7.628570497035980225e-02
5.121392011642456055e-02
4.823591187596321106e-02
1.819286346435546875e-01
1.558857262134552002e-01
1.488202363252639771e-01
8.809410780668258667e-02
6.401281803846359253e-02
1.019629165530204773e-01
2.945995330810546875e-01
1.190225481986999512e-01
1.764006018638610840e-01
1.582135409116744995e-01
1.765638142824172974e-01
1.809572428464889526e-01
5.313313752412796021e-02
5.389046669006347656e-02
3.285769522190093994e-01
1.125317588448524475e-01
2.620972990989685059e-01
1.659669280052185059e-01
2.064029127359390259e-01
8.032763004302978516e-02
1.163246110081672668e-01
1.040147915482521057e-01
2.179477512836456299e-01
2.879300415515899658e-01
2.549149990081787109e-01
1.172684654593467712e-01
1.317773312330245972e-01
2.131482362747192383e-01
4.274743199348449707e-01
7.762282341718673706e-02
1.226665824651718140e-01
1.550282090902328491e-01
9.966249018907546997e-02
1.781678497791290283e-01
2.038984745740890503e-01
8.913219720125198364e-02
8.330329507589340210e-02
1.926941573619842529e-01
1.386411786079406738e-01
6.427598744630813599e-02
2.714698612689971924e-01
2.139492034912109375e-01
1.039953902363777161e-01
2.713610231876373291e-01
7.346103340387344360e-02
2.398001849651336670e-01
2.020456790924072266e-01
6.296984106302261353e-02
1.633279919624328613e-01
1.567338705062866211e-01
2.423388808965682983e-01
1.567824631929397583e-01
8.703047782182693481e-02
8.227627724409103394e-02
1.467256695032119751e-01
2.599899172782897949e-01
2.159458100795745850e-01
9.026352316141128540e-02
1.458504498004913330e-01
1.952604055404663086e-01
5.525510013103485107e-02
1.224485114216804504e-01
1.325436532497406006e-01
2.408826798200607300e-01
5.119649171829223633e-01
4.044616594910621643e-02
2.313390225172042847e-01
5.245007574558258057e-02
1.367353945970535278e-01
2.088745236396789551e-01
1.191328689455986023e-01
1.624570935964584351e-01
1.650943756103515625e-01
7.971994578838348389e-02
2.549414038658142090e-01
3.976730257272720337e-02
1.677052527666091919e-01
2.242920547723770142e-01
1.655189096927642822e-01
2.867124378681182861e-01
1.862294822931289673e-01
1.139687001705169678e-01
1.325597614049911499e-01
3.594978153705596924e-01
1.096170619130134583e-01
1.780880689620971680e-01
1.416783481836318970e-01
1.095330491662025452e-01
1.200964003801345825e-01
1.413708925247192383e-01
6.012355163693428040e-02
1.384589821100234985e-01
1.574105471372604370e-01
1.924055516719818115e-01
8.232609927654266357e-02
1.230455189943313599e-01
3.009471893310546875e-01
1.564441323280334473e-01
1.426961869001388550e-01
4.416629672050476074e-02
1.415136009454727173e-01
5.397201701998710632e-02
1.872734427452087402e-01
1.548337787389755249e-01
1.099708452820777893e-01
1.101162508130073547e-01
1.046335771679878235e-01
1.879363805055618286e-01
1.338580250740051270e-01
1.756581813097000122e-01
1.913619935512542725e-01
9.177255630493164062e-02
5.221305042505264282e-02
1.559785753488540649e-01
1.847080439329147339e-01
1.926728934049606323e-01
1.022929698228836060e-01
6.974749267101287842e-02
1.275950670242309570e-01
1.308718025684356689e-01
9.407731145620346069e-02
1.317902058362960815e-01
1.761617958545684814e-01
1.563047915697097778e-01
2.558456361293792725e-01
2.766659855842590332e-01
3.084725141525268555e-01
1.611888855695724487e-01
1.532209515571594238e-01
9.867172688245773315e-02
1.354702562093734741e-01
1.815701276063919067e-01
4.797394573688507080e-02
1.197245121002197266e-01
2.167790234088897705e-01
4.796830192208290100e-02
1.164364889264106750e-01
1.132205203175544739e-01
6.632183492183685303e-02
7.860184460878372192e-02
2.949594557285308838e-01
9.123858064413070679e-02
1.285017132759094238e-01
1.583065092563629150e-01
3.423898816108703613e-01
1.500772684812545776e-01
9.419842809438705444e-02
1.630440205335617065e-01
1.688974201679229736e-01
1.810991466045379639e-01
1.835409551858901978e-01
9.172069281339645386e-02
2.155856639146804810e-01
1.538251042366027832e-01
1.805287301540374756e-01
1.326554566621780396e-01
2.585907280445098877e-01
1.465453356504440308e-01
1.511790156364440918e-01
1.086780577898025513e-01
5.644175410270690918e-02
1.070586740970611572e-01
1.628127843141555786e-01
8.595899492502212524e-02
2.023606449365615845e-01
3.550771623849868774e-02
7.070647925138473511e-02
2.940103784203529358e-02
1.414113193750381470e-01
1.479289829730987549e-01
8.655453473329544067e-02
2.091089636087417603e-01
1.821942627429962158e-01
1.188208088278770447e-01
1.491382867097854614e-01
2.711960375308990479e-01
9.156174957752227783e-02
1.456434428691864014e-01
2.388232052326202393e-01
1.057931333780288696e-01
9.528849273920059204e-02
6.232477352023124695e-02
2.677583992481231689e-01
1.433804780244827271e-01
1.955916434526443481e-01
3.535196483135223389e-01
1.398926675319671631e-01
1.280923634767532349e-01
1.636825054883956909e-01
2.282600551843643188e-01
9.828399866819381714e-02
1.730812638998031616e-01
1.539896577596664429e-01
1.855759918689727783e-01
2.754434347152709961e-01
2.345935255289077759e-01
1.039269715547561646e-01
6.885486841201782227e-02
1.079708561301231384e-01
2.038109451532363892e-01
2.201682627201080322e-01
6.099470704793930054e-02
6.619080901145935059e-02
1.308317780494689941e-01
1.261680573225021362e-01
5.431615933775901794e-02
5.755157768726348877e-02
9.663201123476028442e-02
1.112889498472213745e-01
2.991532683372497559e-01
2.569048404693603516e-01
1.166513934731483459e-01
1.763867586851119995e-01
1.385844945907592773e-01
1.323635578155517578e-01
1.336674541234970093e-01
2.344804257154464722e-01
1.389307528734207153e-01
8.138260245323181152e-02
1.056791096925735474e-01
1.415840834379196167e-01
1.555942744016647339e-01
1.534647643566131592e-01
1.082910448312759399e-01
1.386407315731048584e-01
3.159601688385009766e-01
1.723154336214065552e-01
2.055436670780181885e-01
1.242027059197425842e-01
1.121607646346092224e-01
2.519677877426147461e-01
2.572624683380126953e-01
3.745767101645469666e-02
8.175960183143615723e-02
1.657550334930419922e-01
8.191388100385665894e-02
5.487900972366333008e-02
1.463674306869506836e-01
1.668517291545867920e-01
6.530739367008209229e-02
2.149974852800369263e-01
1.049627438187599182e-01
1.589018106460571289e-01
5.187711864709854126e-02
8.557904511690139771e-02
3.762331604957580566e-02
1.018102169036865234e-01
7.755868881940841675e-02
6.850913912057876587e-02
4.671371355652809143e-02
1.205271929502487183e-01
1.466873735189437866e-01
1.961611211299896240e-01
1.047565713524818420e-01
4.516702294349670410e-01
3.055388629436492920e-01
1.848512738943099976e-01
6.201942265033721924e-02
7.629546523094177246e-02
8.805992454290390015e-02
6.285119056701660156e-02
7.093312591314315796e-02
1.592164784669876099e-01
6.915907561779022217e-02
1.143538355827331543e-01
4.021909087896347046e-02
1.350460350513458252e-01
9.089635312557220459e-02
1.402697563171386719e-01
5.151607096195220947e-02
1.509440243244171143e-01
6.215310469269752502e-02
9.963412582874298096e-02
1.000875234603881836e-01
2.531162500381469727e-01
1.164363399147987366e-01
6.222599744796752930e-02
3.803601861000061035e-02
5.592554435133934021e-02
1.397679746150970459e-01
1.099539995193481445e-01
1.771580576896667480e-01
1.236294955015182495e-01
3.454880788922309875e-02
1.941346377134323120e-01
1.314079612493515015e-01
1.557482928037643433e-01
1.385655403137207031e-01
6.591329723596572876e-02
1.554699987173080444e-01
6.188495457172393799e-02
7.767226547002792358e-02
1.459578722715377808e-01
9.412743896245956421e-02
1.327769011259078979e-01
7.361458241939544678e-02
1.362793296575546265e-01
8.606223762035369873e-02
5.915806442499160767e-02
7.952336221933364868e-02
1.092619299888610840e-01
3.209180757403373718e-02
7.297395914793014526e-02
3.592755645513534546e-02
9.368534386157989502e-02
1.644301116466522217e-01
6.800379604101181030e-02
9.173391014337539673e-02
1.625111252069473267e-01
4.026318341493606567e-02
9.842160344123840332e-02
6.368686258792877197e-02
1.047901511192321777e-01
3.233693540096282959e-02
2.574164606630802155e-02
5.662967264652252197e-02
8.933700621128082275e-02
1.204247847199440002e-01
1.076200827956199646e-01
7.618663460016250610e-02
3.220609202980995178e-02
6.425733119249343872e-02
1.091541051864624023e-01
6.170626729726791382e-03
5.253538116812705994e-02
7.219731807708740234e-02
1.164340078830718994e-01
8.817800134420394897e-02
2.067861706018447876e-02
6.965082883834838867e-02
8.140803128480911255e-02
1.393722891807556152e-01
1.025759801268577576e-01
6.137241423130035400e-02
1.337052583694458008e-01
3.689774870872497559e-02
8.168762177228927612e-02
5.897213518619537354e-02
3.931023925542831421e-02
2.367514371871948242e-02
6.922911852598190308e-02
6.851036101579666138e-02
1.370940506458282471e-01
3.303609043359756470e-02
3.978433459997177124e-02
1.399525105953216553e-01
8.986800163984298706e-02
1.737342625856399536e-01
1.219200789928436279e-01
9.144128113985061646e-02
3.039794228971004486e-02
3.776106983423233032e-02
1.199766620993614197e-01
4.616374522447586060e-02
5.458297207951545715e-02
8.153744041919708252e-02
1.065197587013244629e-02
1.288727670907974243e-01
7.998174428939819336e-02
2.346669696271419525e-02
8.983755111694335938e-02
1.382476985454559326e-01
2.715840190649032593e-02
7.844173908233642578e-02
5.331499129533767700e-02
1.060342192649841309e-01
1.061248853802680969e-01
5.186212435364723206e-02
9.603448212146759033e-02
4.941374063491821289e-02
7.445828616619110107e-02
4.246830195188522339e-02
1.071967482566833496e-01
6.454911828041076660e-02
7.173679769039154053e-02
5.266937986016273499e-02
1.146997734904289246e-01
5.089235305786132812e-02
1.046649739146232605e-01
2.367571368813514709e-02
4.137450456619262695e-02
1.024900972843170166e-01
6.060426682233810425e-02
7.323334366083145142e-02
9.160830080509185791e-02
1.249901056289672852e-01
3.328423947095870972e-02
5.724931508302688599e-02
3.339042514562606812e-02
2.295256778597831726e-02
3.329581767320632935e-02
5.449476838111877441e-02
6.031025201082229614e-02
5.444667860865592957e-02
1.557608395814895630e-01
1.467585563659667969e-02
4.679207131266593933e-02
6.587400287389755249e-02
7.301301509141921997e-02
6.304959207773208618e-02
9.460557252168655396e-02
4.682329297065734863e-02
1.515662483870983124e-02
7.509847730398178101e-02
1.802248954772949219e-01
1.231999769806861877e-01
8.700165897607803345e-02
5.869343131780624390e-02
5.678844079375267029e-02
1.746839284896850586e-01
1.618097722530364990e-01
5.423841997981071472e-02
4.598268494009971619e-02
6.991342455148696899e-02
3.074825368821620941e-02
7.146599888801574707e-02
4.974360018968582153e-02
6.783135980367660522e-02
8.377045392990112305e-02
2.051950246095657349e-02
3.020411916077136993e-02
3.923942521214485168e-02
5.693789198994636536e-02
4.270564019680023193e-02
1.973851621150970459e-01
6.815744936466217041e-02
2.159480154514312744e-01
4.078043252229690552e-02
6.904868036508560181e-02
4.797464981675148010e-02
3.680509701371192932e-02
1.719390153884887695e-01
1.068776920437812805e-01
8.469706028699874878e-02
8.191817998886108398e-02
1.395219266414642334e-01
4.943045601248741150e-02
1.736710071563720703e-01
1.354706436395645142e-01
1.474834531545639038e-01
5.603883787989616394e-02
8.331511914730072021e-02
6.077600643038749695e-02
5.749974399805068970e-02
2.067849598824977875e-02
5.962024256587028503e-02
8.033779263496398926e-02
7.948924601078033447e-02
8.568008989095687866e-02
1.185774207115173340e-01
2.940208837389945984e-02
8.583865314722061157e-02
1.885045766830444336e-01
1.503683179616928101e-01
9.518866240978240967e-02
1.252627223730087280e-01
5.991747975349426270e-02
7.191979140043258667e-02
3.607075661420822144e-02
2.744287066161632538e-02
1.372219622135162354e-01
1.055918335914611816e-01
1.281627416610717773e-01
1.442405134439468384e-01
1.157658621668815613e-01
7.989700138568878174e-02
6.154221296310424805e-02
1.237500905990600586e-01
4.071819037199020386e-02
8.268966525793075562e-02
2.606027759611606598e-02
1.819157749414443970e-01
5.250808224081993103e-02
6.281947344541549683e-02
1.800210028886795044e-01
3.920542448759078979e-02
6.407471746206283569e-02
1.908089518547058105e-01
7.666242867708206177e-02
3.980769217014312744e-02
1.427527666091918945e-01
7.350085675716400146e-02
1.473552435636520386e-01
6.806588172912597656e-02
1.774516403675079346e-01
1.376602053642272949e-01
2.006728351116180420e-01
2.828229963779449463e-02
1.145701482892036438e-02
9.697360545396804810e-02
2.506407797336578369e-01
6.887415796518325806e-02
1.537627428770065308e-01
1.290059089660644531e-01
1.944560110569000244e-01
2.054345458745956421e-01
4.323184862732887268e-02
8.083416521549224854e-02
1.034615933895111084e-01
1.240572780370712280e-01
1.023680567741394043e-01
2.115171849727630615e-01
1.523067355155944824e-01
1.713126897811889648e-01
1.383069157600402832e-01
5.081077292561531067e-02
1.880205869674682617e-01
1.274116784334182739e-01
1.219788864254951477e-01
9.375655651092529297e-02
7.404743880033493042e-02
7.305568456649780273e-02
1.292411237955093384e-01
6.320539861917495728e-02
8.187383413314819336e-02
6.009795144200325012e-02
4.588728770613670349e-02
6.500878930091857910e-02
4.152852296829223633e-02
6.299192458391189575e-02
7.651449739933013916e-02
5.652125924825668335e-02
2.885922491550445557e-01
2.093505114316940308e-01
1.828116327524185181e-01
1.654161512851715088e-01
5.597151443362236023e-02
1.927446946501731873e-02
2.836692333221435547e-02
4.222637042403221130e-02
4.282664880156517029e-02
5.628496408462524414e-02
4.940187558531761169e-02
6.768034398555755615e-02
1.157561317086219788e-01
1.527592241764068604e-01
1.510927528142929077e-01
1.173618137836456299e-01
5.449602007865905762e-02
1.185573786497116089e-01
1.276559978723526001e-01
2.239296771585941315e-02
7.158736884593963623e-02
1.034059152007102966e-01
7.340028136968612671e-02
8.592317998409271240e-02
5.328446999192237854e-02
8.180589228868484497e-02
6.804695725440979004e-02
1.519344747066497803e-01
1.799568384885787964e-01
7.330983132123947144e-02
3.517987951636314392e-02
1.192345563322305679e-02
6.141501665115356445e-02
1.718176305294036865e-01
1.220613270998001099e-01
5.399726703763008118e-02
6.911869347095489502e-02
1.130151972174644470e-01
8.377628773450851440e-02
4.933131486177444458e-02
7.864250987768173218e-02
6.572528928518295288e-02
3.621576726436614990e-02
5.977588519454002380e-02
3.962121903896331787e-02
3.410302475094795227e-02
1.642264574766159058e-01
1.310931891202926636e-01
2.960359454154968262e-01
3.868453577160835266e-02
1.147310286760330200e-01
6.250920146703720093e-02
2.553596198558807373e-01
1.281343847513198853e-01
9.235975891351699829e-02
1.115656495094299316e-01
7.568285614252090454e-02
9.786995500326156616e-02
1.173052787780761719e-01
1.136903017759323120e-01
7.128543406724929810e-02
8.951761573553085327e-02
7.570606470108032227e-02
6.686148047447204590e-02
9.912381321191787720e-02
1.632771790027618408e-01
7.686199992895126343e-02
9.018547832965850830e-02
1.344612687826156616e-01
1.528957039117813110e-01
8.559252321720123291e-02
2.554861903190612793e-01
2.920129597187042236e-01
7.189677655696868896e-02
1.089322865009307861e-01
1.777205988764762878e-02
1.030875518918037415e-01
1.227208077907562256e-01
9.312860667705535889e-02
1.780103743076324463e-01
4.324597120285034180e-02
1.278905570507049561e-01
2.232952713966369629e-01
1.179750263690948486e-01
9.176535159349441528e-02
9.781403839588165283e-02
3.058071248233318329e-02
1.509681344032287598e-01
3.179495781660079956e-02
2.365479916334152222e-01
9.465503692626953125e-02
8.162178099155426025e-02
1.712946891784667969e-01
1.882502734661102295e-01
5.908409878611564636e-02
6.880486011505126953e-02
2.044685333967208862e-01
8.179949223995208740e-02
2.120136320590972900e-01
1.387854814529418945e-01
1.488525569438934326e-01
2.600097469985485077e-02
7.399529218673706055e-02
7.594002038240432739e-02
8.527365326881408691e-02
9.653510153293609619e-02
1.520578712224960327e-01
6.452600657939910889e-02
8.461463451385498047e-02
6.386342644691467285e-02
7.930385321378707886e-02
4.551592841744422913e-02
3.828160837292671204e-02
8.813028037548065186e-02
5.387225747108459473e-02
4.564594477415084839e-02
2.020616233348846436e-01
7.186210155487060547e-02
9.639833122491836548e-02
1.061175987124443054e-01
1.441980451345443726e-01
1.316731572151184082e-01
1.189218536019325256e-01
5.423972383141517639e-02
9.082590043544769287e-02
1.085446625947952271e-01
6.814800202846527100e-02
1.079280003905296326e-01
9.843228757381439209e-02
7.266904413700103760e-02
1.510447859764099121e-01
8.068835735321044922e-02
6.880055367946624756e-02
4.788822308182716370e-02
6.707327812910079956e-02
9.864759445190429688e-02
8.637996762990951538e-02
2.154056541621685028e-02
3.613790124654769897e-02
6.558226048946380615e-02
1.502677500247955322e-01
1.183932647109031677e-01
1.249944269657135010e-01
5.881900712847709656e-02
9.024938195943832397e-02
7.233518362045288086e-02
1.641251333057880402e-02
4.462302103638648987e-02
5.427665635943412781e-02
9.305749088525772095e-02
1.097724586725234985e-01
1.530699133872985840e-01
2.050029337406158447e-01
1.054473519325256348e-01
4.472951218485832214e-02
1.410009711980819702e-01
5.058688670396804810e-02
5.558102205395698547e-02
3.749319165945053101e-02
1.085543781518936157e-01
9.133178740739822388e-02
1.948288530111312866e-01
1.333336979150772095e-01
5.690049380064010620e-02
1.340368688106536865e-01
2.163866907358169556e-01
7.345291227102279663e-02
1.215201392769813538e-01
9.437461942434310913e-02
5.696277692914009094e-02
3.744604811072349548e-02
2.871589176356792450e-02
4.980655759572982788e-02
1.637678295373916626e-01
4.125023260712623596e-02
1.488925218582153320e-01
1.276421099901199341e-01
1.098182126879692078e-01
1.698826849460601807e-01
1.926490813493728638e-01
2.550492063164710999e-02
2.991087436676025391e-01
1.184913367033004761e-01
1.325453370809555054e-01
1.207047477364540100e-01
2.146445214748382568e-01
1.674192585051059723e-02
6.000836938619613647e-02
6.609179079532623291e-02
1.067655980587005615e-01
1.425065249204635620e-01
8.132029324769973755e-02
1.108000874519348145e-01
4.547286778688430786e-02
9.814374148845672607e-02
1.973311752080917358e-01
2.576327323913574219e-01
6.622961908578872681e-02
2.638694643974304199e-01
1.632815450429916382e-01
5.673837661743164062e-02
6.745305657386779785e-02
1.101080775260925293e-01
5.896415561437606812e-02
2.175524979829788208e-01
1.546850204467773438e-01
7.228998094797134399e-02
1.119068861007690430e-01
5.543355643749237061e-02
3.653973713517189026e-02
1.359051018953323364e-01
9.554298222064971924e-02
1.689487993717193604e-01
6.428026407957077026e-02
4.510472342371940613e-02
2.018621563911437988e-01
2.625194787979125977e-01
1.263533681631088257e-01
8.408831804990768433e-02
3.747257962822914124e-02
9.201704710721969604e-02
2.648160457611083984e-01
1.009443402290344238e-01
1.946281790733337402e-01
8.718649297952651978e-02
7.542724907398223877e-02
1.650313884019851685e-01
6.801839172840118408e-02
2.659017443656921387e-01
5.586157739162445068e-02
1.568113416433334351e-01
1.155141144990921021e-01
8.273784071207046509e-02
9.883239865303039551e-02
1.259334236383438110e-01
5.382031574845314026e-02
9.042964130640029907e-02
2.332732975482940674e-01
9.287916868925094604e-02
6.072039902210235596e-02
9.932040423154830933e-02
1.818208694458007812e-01
5.503406375646591187e-02
9.490303695201873779e-02
5.451367422938346863e-02
4.771674424409866333e-02
2.220205217599868774e-01
1.319887340068817139e-01
1.125649139285087585e-01
1.230378299951553345e-01
7.130508869886398315e-02
2.086592167615890503e-01
1.275308728218078613e-01
2.085129320621490479e-01
1.683341562747955322e-01
1.074599400162696838e-01
4.290247708559036255e-02
1.971442103385925293e-01
1.356947273015975952e-01
7.134931534528732300e-02
4.798765480518341064e-02
6.729563325643539429e-02
8.881919085979461670e-02
1.742686629295349121e-01
5.568988248705863953e-02
8.471377193927764893e-02
7.120302319526672363e-02
1.760274618864059448e-01
6.903018057346343994e-02
5.811820179224014282e-02
1.171101778745651245e-01
1.169365495443344116e-01
2.479940839111804962e-02
9.211590886116027832e-02
1.700575351715087891e-01
2.081278413534164429e-01
8.205332607030868530e-02
2.016042172908782959e-01
2.008206844329833984e-01
1.787750273942947388e-01
1.935583055019378662e-01
6.989354640245437622e-02
1.487284153699874878e-01
2.339394390583038330e-01
2.709962129592895508e-01
9.157751500606536865e-02
8.842504769563674927e-02
1.128576844930648804e-01
1.261135786771774292e-01
2.281357645988464355e-01
8.485177904367446899e-02
6.132939085364341736e-02
2.284300327301025391e-01
1.152039468288421631e-01
1.581058800220489502e-01
1.285166442394256592e-01
4.391420632600784302e-02
1.023014709353446960e-01
2.328359186649322510e-01
2.213698327541351318e-01
6.426336616277694702e-02
9.061237424612045288e-02
9.167139232158660889e-02
1.436495780944824219e-01
1.372373402118682861e-01
1.753456145524978638e-01
1.046609356999397278e-01
1.112209632992744446e-01
1.325566619634628296e-01
9.425231069326400757e-02
1.149242743849754333e-01
5.888869985938072205e-02
5.126331001520156860e-02
1.312919259071350098e-01
2.221748977899551392e-01
9.840847551822662354e-02
1.043146476149559021e-01
2.034931331872940063e-01
5.946984142065048218e-02
3.478238880634307861e-01
1.421672999858856201e-01
1.542965620756149292e-01
1.385115236043930054e-01
1.313364505767822266e-01
1.574269980192184448e-01
1.075115799903869629e-01
1.862743049860000610e-01
1.703883111476898193e-01
1.903914846479892731e-02
7.742659002542495728e-02
1.508069932460784912e-01
2.724101580679416656e-02
1.329922527074813843e-01
1.490440666675567627e-01
9.609323740005493164e-02
1.357603222131729126e-01
1.109481602907180786e-01
1.577857285737991333e-01
1.298085749149322510e-01
1.579507887363433838e-01
7.043673098087310791e-02
1.409360170364379883e-01
1.708196401596069336e-01
6.714070588350296021e-02
1.576272398233413696e-01
7.183001190423965454e-02
3.281926512718200684e-01
5.015307292342185974e-02
1.328354179859161377e-01
1.153268069028854370e-01
1.279608309268951416e-01
1.171349883079528809e-01
2.038021236658096313e-01
1.113813593983650208e-01
6.959078460931777954e-02
1.264935135841369629e-01
1.300001144409179688e-01
1.290203928947448730e-01
5.213243141770362854e-02
1.642022728919982910e-01
4.170690849423408508e-02
7.894352078437805176e-02
9.040369093418121338e-02
1.562217772006988525e-01
3.447742462158203125e-01
8.036416023969650269e-02
1.453433781862258911e-01
1.821466684341430664e-01
6.531108915805816650e-02
3.888882324099540710e-02
8.528853952884674072e-02
1.295663714408874512e-01
4.273298010230064392e-02
1.226902008056640625e-01
1.899178624153137207e-01
7.038398832082748413e-02
2.124026715755462646e-01
5.716882646083831787e-02
1.394544094800949097e-01
2.606354653835296631e-01
1.538780629634857178e-01
2.754007875919342041e-01
5.047562718391418457e-02
1.545924395322799683e-01
2.354601174592971802e-01
6.362936645746231079e-02
1.879683285951614380e-01
1.793503463268280029e-01
1.890661716461181641e-01
1.550385504961013794e-01
2.119002118706703186e-02
1.023632958531379700e-01
9.942242503166198730e-02
2.166737914085388184e-01
1.318498849868774414e-01
1.026711016893386841e-01
1.947020292282104492e-01
1.256460845470428467e-01
7.012126594781875610e-02
6.846890598535537720e-02
4.624847322702407837e-02
1.818799376487731934e-01
2.524557411670684814e-01
8.890646696090698242e-02
2.347861975431442261e-01
2.143153250217437744e-01
5.223138257861137390e-02
6.770529597997665405e-02
1.383943017572164536e-02
5.108524858951568604e-02
1.011763960123062134e-01
1.799485385417938232e-01
4.359268769621849060e-02
5.414775758981704712e-02
1.066050976514816284e-01
1.032368913292884827e-01
6.855078041553497314e-02
8.559579402208328247e-02
1.403313130140304565e-01
9.703461080789566040e-02
1.245003417134284973e-01
9.382877498865127563e-02
1.168024614453315735e-01
1.086936146020889282e-01
1.300451308488845825e-01
4.284117743372917175e-02
1.188770234584808350e-01
2.778552472591400146e-01
3.172525018453598022e-02
7.828126847743988037e-02
1.175159662961959839e-01
3.453311324119567871e-02
3.842786327004432678e-02
4.061521589756011963e-02
6.467439979314804077e-02
1.077913865447044373e-01
9.237308055162429810e-02
3.549070283770561218e-02
9.686551988124847412e-02
6.126227229833602905e-02
1.899795979261398315e-01
5.724921077489852905e-02
7.482765614986419678e-02
3.437708318233489990e-02
1.521781980991363525e-01
2.371816188097000122e-01
6.204070895910263062e-02
6.495806574821472168e-02
1.346598565578460693e-02
1.329130232334136963e-01
1.202187538146972656e-01
1.089305207133293152e-01
1.239216178655624390e-01
3.447277098894119263e-02
1.618603765964508057e-01
9.947038441896438599e-02
3.580346331000328064e-02
1.041459590196609497e-01
1.769365072250366211e-01
1.304748207330703735e-01
1.002401709556579590e-01
1.839061528444290161e-01
2.289099097251892090e-01
5.154007673263549805e-02
9.951245784759521484e-02
2.046733051538467407e-01
1.594769954681396484e-01
9.066820144653320312e-02
7.449591159820556641e-02
1.572798788547515869e-01
7.973586022853851318e-02
1.245980262756347656e-01
2.579624056816101074e-01
1.651275455951690674e-01
1.289285421371459961e-01
3.989508002996444702e-02
9.161370992660522461e-02
1.071052104234695435e-01
1.290183216333389282e-01
1.169022247195243835e-01
1.137942820787429810e-01
1.893043369054794312e-01
1.542179733514785767e-01
7.118711620569229126e-02
2.788106501102447510e-01
2.719525694847106934e-01
5.058992281556129456e-02
1.590422242879867554e-01
7.437184453010559082e-02
1.896211355924606323e-01
1.624986976385116577e-01
4.173505306243896484e-02
6.542012095451354980e-02
1.808724105358123779e-01
1.709239780902862549e-01
9.226283431053161621e-02
2.934853360056877136e-02
