2.302607536315917969e+00
4.740253925323486328e+00
2.304068565368652344e+00
2.301066160202026367e+00
2.301910638809204102e+00
2.300219058990478516e+00
2.319156408309936523e+00
2.302132844924926758e+00
2.303028821945190430e+00
2.305365324020385742e+00
2.305950880050659180e+00
2.299892902374267578e+00
2.303651094436645508e+00
2.304961442947387695e+00
2.318109273910522461e+00
2.300774097442626953e+00
2.304747104644775391e+00
2.299093961715698242e+00
2.311623334884643555e+00
2.300073862075805664e+00
2.302547693252563477e+00
2.300255775451660156e+00
2.303394794464111328e+00
2.310039281845092773e+00
2.301757335662841797e+00
2.303004741668701172e+00
2.298765659332275391e+00
2.302384614944458008e+00
2.300111055374145508e+00
2.299339532852172852e+00
2.298881769180297852e+00
2.308479309082031250e+00
2.307037591934204102e+00
2.307761430740356445e+00
2.296569347381591797e+00
2.296124935150146484e+00
2.305887699127197266e+00
2.298370361328125000e+00
2.310115337371826172e+00
2.303360939025878906e+00
2.302385091781616211e+00
2.309134483337402344e+00
2.303077459335327148e+00
2.306313514709472656e+00
2.306172609329223633e+00
2.299048900604248047e+00
2.300561904907226562e+00
2.303874731063842773e+00
2.301354169845581055e+00
2.300372362136840820e+00
2.298524856567382812e+00
2.302282571792602539e+00
2.307917356491088867e+00
2.300788164138793945e+00
2.298990249633789062e+00
2.304754972457885742e+00
2.298363685607910156e+00
2.299152851104736328e+00
2.302512168884277344e+00
2.305075168609619141e+00
2.303663969039916992e+00
2.300863981246948242e+00
2.301270961761474609e+00
2.300355195999145508e+00
2.329915523529052734e+00
2.300773859024047852e+00
2.308570623397827148e+00
2.292341232299804688e+00
2.297679424285888672e+00
2.301166296005249023e+00
2.305097341537475586e+00
2.308617115020751953e+00
2.305517196655273438e+00
2.301596164703369141e+00
2.301579236984252930e+00
2.301642179489135742e+00
2.295768737792968750e+00
2.303268909454345703e+00
2.303397178649902344e+00
2.304973363876342773e+00
2.302915573120117188e+00
2.297376394271850586e+00
2.302798748016357422e+00
2.301175594329833984e+00
2.306543111801147461e+00
2.296243667602539062e+00
2.298056125640869141e+00
2.304244518280029297e+00
2.292924165725708008e+00
2.299696445465087891e+00
2.303786039352416992e+00
2.305060148239135742e+00
2.296694517135620117e+00
2.298458337783813477e+00
2.302993059158325195e+00
2.313469648361206055e+00
2.305568218231201172e+00
2.301198244094848633e+00
2.320615291595458984e+00
2.293518066406250000e+00
2.299952983856201172e+00
2.303388595581054688e+00
2.296592950820922852e+00
2.303483009338378906e+00
2.305023908615112305e+00
2.302182912826538086e+00
2.308848619461059570e+00
2.297588586807250977e+00
2.308739423751831055e+00
2.303467273712158203e+00
2.305678129196166992e+00
2.307865381240844727e+00
2.306039810180664062e+00
2.314094066619873047e+00
2.307865381240844727e+00
2.298313140869140625e+00
2.301474332809448242e+00
2.303136348724365234e+00
2.306878089904785156e+00
2.297857999801635742e+00
2.299590110778808594e+00
2.303458452224731445e+00
2.302636146545410156e+00
2.306083202362060547e+00
2.308732271194458008e+00
2.304295539855957031e+00
2.302464485168457031e+00
2.306276082992553711e+00
2.302368879318237305e+00
2.303152322769165039e+00
2.301796674728393555e+00
2.302041292190551758e+00
2.300170660018920898e+00
2.303979873657226562e+00
2.300444126129150391e+00
2.309787273406982422e+00
2.301092863082885742e+00
2.302543401718139648e+00
2.297434091567993164e+00
2.294700622558593750e+00
2.303327560424804688e+00
2.297603607177734375e+00
2.306877613067626953e+00
2.302768945693969727e+00
2.314419031143188477e+00
2.304152727127075195e+00
2.301465272903442383e+00
2.296805381774902344e+00
2.300000429153442383e+00
2.295606136322021484e+00
2.297688961029052734e+00
2.308845520019531250e+00
2.296698093414306641e+00
2.304800748825073242e+00
2.306465387344360352e+00
2.299699306488037109e+00
2.304540872573852539e+00
2.298282146453857422e+00
2.306803941726684570e+00
2.307786226272583008e+00
2.307678222656250000e+00
2.305549383163452148e+00
2.300159692764282227e+00
2.306019306182861328e+00
2.299389362335205078e+00
2.301616668701171875e+00
2.310734748840332031e+00
2.301986455917358398e+00
2.293203592300415039e+00
2.294760227203369141e+00
2.304596900939941406e+00
2.304550647735595703e+00
2.301572799682617188e+00
2.305417060852050781e+00
2.301326513290405273e+00
2.308320283889770508e+00
2.304567337036132812e+00
2.307360172271728516e+00
2.305905103683471680e+00
2.304757833480834961e+00
2.305761337280273438e+00
2.308546066284179688e+00
2.301402568817138672e+00
2.301502227783203125e+00
2.300800085067749023e+00
2.306022644042968750e+00
2.302603006362915039e+00
2.305877685546875000e+00
2.307209491729736328e+00
2.304218292236328125e+00
2.302095890045166016e+00
2.300995588302612305e+00
2.306493520736694336e+00
2.306893825531005859e+00
2.304772615432739258e+00
2.302566528320312500e+00
2.303670883178710938e+00
2.305145740509033203e+00
2.302646875381469727e+00
2.302713871002197266e+00
2.304414033889770508e+00
2.300114393234252930e+00
2.298878908157348633e+00
2.308157682418823242e+00
2.305972814559936523e+00
2.304116010665893555e+00
2.303258419036865234e+00
2.302754402160644531e+00
2.304966211318969727e+00
2.304357767105102539e+00
2.304354190826416016e+00
2.307838678359985352e+00
2.302601099014282227e+00
2.304684400558471680e+00
2.302766323089599609e+00
2.304069042205810547e+00
2.303067445755004883e+00
2.298662662506103516e+00
2.302916765213012695e+00
2.305237054824829102e+00
2.300037145614624023e+00
2.302093982696533203e+00
2.302103281021118164e+00
2.303762674331665039e+00
2.306387901306152344e+00
2.304675340652465820e+00
2.303917646408081055e+00
2.300571680068969727e+00
2.301071882247924805e+00
2.303987264633178711e+00
2.299454212188720703e+00
2.305529832839965820e+00
2.301756858825683594e+00
2.305412054061889648e+00
2.303172349929809570e+00
2.303366661071777344e+00
2.300501823425292969e+00
2.300377130508422852e+00
2.303202867507934570e+00
2.299991607666015625e+00
2.298923254013061523e+00
2.299199581146240234e+00
2.301378965377807617e+00
2.303623914718627930e+00
2.300679206848144531e+00
2.300148248672485352e+00
2.303845882415771484e+00
2.300627708435058594e+00
2.306028604507446289e+00
2.301081895828247070e+00
2.302721977233886719e+00
2.306039810180664062e+00
2.306967973709106445e+00
2.302103042602539062e+00
2.306650161743164062e+00
2.306157112121582031e+00
2.304624319076538086e+00
2.298293590545654297e+00
2.306612491607666016e+00
2.303807735443115234e+00
2.306517839431762695e+00
2.301324605941772461e+00
2.307600021362304688e+00
2.304309844970703125e+00
2.306042909622192383e+00
2.307755708694458008e+00
2.301866531372070312e+00
2.302235841751098633e+00
2.305806398391723633e+00
2.304590463638305664e+00
2.304228305816650391e+00
2.302707910537719727e+00
2.306116580963134766e+00
2.299880266189575195e+00
2.303016662597656250e+00
2.303125619888305664e+00
2.300724029541015625e+00
2.301263809204101562e+00
2.301692008972167969e+00
2.304263114929199219e+00
2.304631948471069336e+00
2.301260232925415039e+00
2.299595594406127930e+00
2.305862903594970703e+00
2.304311037063598633e+00
2.302537679672241211e+00
2.302928686141967773e+00
2.301168680191040039e+00
2.302804946899414062e+00
2.305177927017211914e+00
2.305250406265258789e+00
2.301439285278320312e+00
2.301941394805908203e+00
2.301065206527709961e+00
2.304599046707153320e+00
2.301804304122924805e+00
2.303660631179809570e+00
2.304612636566162109e+00
2.302616119384765625e+00
2.300913810729980469e+00
2.305011749267578125e+00
2.302342653274536133e+00
2.303117036819458008e+00
2.304203748703002930e+00
2.301702260971069336e+00
2.303192615509033203e+00
2.300052404403686523e+00
2.303669929504394531e+00
2.302284955978393555e+00
2.301985740661621094e+00
2.297290325164794922e+00
2.301141262054443359e+00
2.306107044219970703e+00
2.303376197814941406e+00
2.305571794509887695e+00
2.303050041198730469e+00
2.300183773040771484e+00
2.299230813980102539e+00
2.304820060729980469e+00
2.303219318389892578e+00
2.301265478134155273e+00
2.299719095230102539e+00
2.304281949996948242e+00
2.303516626358032227e+00
2.305138587951660156e+00
2.302304029464721680e+00
2.306935548782348633e+00
2.305591821670532227e+00
2.302341938018798828e+00
2.302671194076538086e+00
2.303637266159057617e+00
2.303785324096679688e+00
2.304376363754272461e+00
2.301386356353759766e+00
2.305200576782226562e+00
2.303939104080200195e+00
2.301753282546997070e+00
2.303117275238037109e+00
2.301327228546142578e+00
2.302878618240356445e+00
2.305464506149291992e+00
2.305236816406250000e+00
2.302112817764282227e+00
2.300607919692993164e+00
2.302645921707153320e+00
2.302609205245971680e+00
2.302908897399902344e+00
2.299520969390869141e+00
2.299757957458496094e+00
2.305359840393066406e+00
2.304287195205688477e+00
2.305691480636596680e+00
2.300644874572753906e+00
2.303154230117797852e+00
2.305756568908691406e+00
2.302352666854858398e+00
2.303961753845214844e+00
2.301103830337524414e+00
2.304662704467773438e+00
2.303980827331542969e+00
2.301988363265991211e+00
2.306625127792358398e+00
2.301855564117431641e+00
2.301614999771118164e+00
2.300691604614257812e+00
2.303960561752319336e+00
2.301744937896728516e+00
2.301453113555908203e+00
2.302458047866821289e+00
2.301200866699218750e+00
2.300381422042846680e+00
2.303283929824829102e+00
2.303012371063232422e+00
2.298622131347656250e+00
2.302927970886230469e+00
2.301938772201538086e+00
2.302212476730346680e+00
2.303917884826660156e+00
2.303118467330932617e+00
2.303360223770141602e+00
2.302787065505981445e+00
2.302292346954345703e+00
2.303774118423461914e+00
2.305499792098999023e+00
2.304861307144165039e+00
2.302363634109497070e+00
2.304143667221069336e+00
2.302576780319213867e+00
2.304255485534667969e+00
2.299010515213012695e+00
2.303794622421264648e+00
2.300578594207763672e+00
2.303889513015747070e+00
2.300635814666748047e+00
2.305948019027709961e+00
2.306213855743408203e+00
2.301909923553466797e+00
2.300491571426391602e+00
2.304718017578125000e+00
2.300717353820800781e+00
2.298906803131103516e+00
2.298286676406860352e+00
2.302150487899780273e+00
2.300617218017578125e+00
2.301962852478027344e+00
2.301996707916259766e+00
2.304403781890869141e+00
2.300581216812133789e+00
2.304257392883300781e+00
2.302407979965209961e+00
2.303617954254150391e+00
2.299615621566772461e+00
2.304342508316040039e+00
2.304260253906250000e+00
2.301183938980102539e+00
2.299530029296875000e+00
2.304303169250488281e+00
2.304531812667846680e+00
2.300949335098266602e+00
2.302658319473266602e+00
2.306820154190063477e+00
2.299066781997680664e+00
2.302921533584594727e+00
2.303347587585449219e+00
2.301407337188720703e+00
2.305555582046508789e+00
2.305763006210327148e+00
2.305732727050781250e+00
2.303934574127197266e+00
2.297665596008300781e+00
2.302821636199951172e+00
2.306271314620971680e+00
2.301594495773315430e+00
2.306538105010986328e+00
2.301800727844238281e+00
2.298763751983642578e+00
2.298116207122802734e+00
2.299989223480224609e+00
2.301938772201538086e+00
2.305078983306884766e+00
2.305309295654296875e+00
2.304599046707153320e+00
2.306890726089477539e+00
2.302417039871215820e+00
2.301615953445434570e+00
2.305106163024902344e+00
2.300998449325561523e+00
2.309345483779907227e+00
2.300839662551879883e+00
2.299717187881469727e+00
2.303902864456176758e+00
2.301845073699951172e+00
2.300449609756469727e+00
2.307469367980957031e+00
2.297612905502319336e+00
2.300574779510498047e+00
2.299954414367675781e+00
2.303704977035522461e+00
2.304570674896240234e+00
2.300273180007934570e+00
2.300224304199218750e+00
2.304427862167358398e+00
2.306272268295288086e+00
2.303714275360107422e+00
2.303398370742797852e+00
2.305019140243530273e+00
2.304381847381591797e+00
2.304786205291748047e+00
2.299707651138305664e+00
2.302987337112426758e+00
2.295224428176879883e+00
2.304170131683349609e+00
2.305428028106689453e+00
2.301433801651000977e+00
2.300830841064453125e+00
2.300168991088867188e+00
2.302386045455932617e+00
2.305307865142822266e+00
2.301350355148315430e+00
2.302919149398803711e+00
2.300322294235229492e+00
2.302358865737915039e+00
2.301129817962646484e+00
2.298943042755126953e+00
2.302740573883056641e+00
2.301985502243041992e+00
2.302315473556518555e+00
2.302394866943359375e+00
2.302759170532226562e+00
2.297721385955810547e+00
2.306960344314575195e+00
2.304671764373779297e+00
2.306118965148925781e+00
2.302787065505981445e+00
2.307089805603027344e+00
2.304233789443969727e+00
2.299659967422485352e+00
2.299552440643310547e+00
2.308702707290649414e+00
2.302188634872436523e+00
2.297920227050781250e+00
2.305824995040893555e+00
2.306290626525878906e+00
2.302462100982666016e+00
2.304601669311523438e+00
2.301121950149536133e+00
2.301066875457763672e+00
2.299437761306762695e+00
2.302581548690795898e+00
2.304648876190185547e+00
2.303386211395263672e+00
2.304786920547485352e+00
2.305253744125366211e+00
2.306661367416381836e+00
2.300291061401367188e+00
2.305041313171386719e+00
2.301409482955932617e+00
2.302322864532470703e+00
2.307198286056518555e+00
2.307657957077026367e+00
2.301623582839965820e+00
2.303787469863891602e+00
2.303751230239868164e+00
2.302139520645141602e+00
2.298228979110717773e+00
2.302570104598999023e+00
2.298309326171875000e+00
2.302325487136840820e+00
2.301649808883666992e+00
2.301524877548217773e+00
2.305962085723876953e+00
2.301010608673095703e+00
2.304472208023071289e+00
2.301987648010253906e+00
2.302071571350097656e+00
2.303479909896850586e+00
2.299526691436767578e+00
2.304691553115844727e+00
2.304046392440795898e+00
2.304110288619995117e+00
2.301505565643310547e+00
2.301364898681640625e+00
2.300721645355224609e+00
2.301587104797363281e+00
2.301948308944702148e+00
2.304597616195678711e+00
2.300345659255981445e+00
2.302486419677734375e+00
2.302833795547485352e+00
2.308822393417358398e+00
2.303787946701049805e+00
2.304485321044921875e+00
2.305038213729858398e+00
2.304567098617553711e+00
2.303074836730957031e+00
2.302550792694091797e+00
2.302046775817871094e+00
2.297833681106567383e+00
2.303771495819091797e+00
2.302316188812255859e+00
2.302976608276367188e+00
2.306290388107299805e+00
2.305574417114257812e+00
2.304654836654663086e+00
2.305877447128295898e+00
2.306505918502807617e+00
2.300383090972900391e+00
2.303704977035522461e+00
2.298217058181762695e+00
2.303835391998291016e+00
2.304951190948486328e+00
2.300565004348754883e+00
2.301038265228271484e+00
2.302661180496215820e+00
2.302831649780273438e+00
2.302270889282226562e+00
2.300575971603393555e+00
2.305173635482788086e+00
2.305436134338378906e+00
2.302178382873535156e+00
2.302990913391113281e+00
2.300606489181518555e+00
2.304097175598144531e+00
2.307658433914184570e+00
2.303146839141845703e+00
2.302619457244873047e+00
2.305096387863159180e+00
2.300678968429565430e+00
2.299606800079345703e+00
2.301142692565917969e+00
2.304153442382812500e+00
2.307466268539428711e+00
2.304068088531494141e+00
2.302365779876708984e+00
2.304005622863769531e+00
2.304695129394531250e+00
2.304064750671386719e+00
2.301249265670776367e+00
2.303659439086914062e+00
2.303060054779052734e+00
2.303937435150146484e+00
2.302274703979492188e+00
2.300270318984985352e+00
2.302546501159667969e+00
2.302028179168701172e+00
2.306507110595703125e+00
2.299408197402954102e+00
2.303001880645751953e+00
2.306296586990356445e+00
2.304994344711303711e+00
2.302374124526977539e+00
2.306301116943359375e+00
2.305092811584472656e+00
2.304227590560913086e+00
2.304965257644653320e+00
2.302223205566406250e+00
2.304567098617553711e+00
2.303018808364868164e+00
2.302759885787963867e+00
2.304113626480102539e+00
2.303732633590698242e+00
2.300454139709472656e+00
2.300771713256835938e+00
2.302128791809082031e+00
2.301970005035400391e+00
2.303550243377685547e+00
2.304792165756225586e+00
2.302120685577392578e+00
2.301635026931762695e+00
2.298662900924682617e+00
2.300804615020751953e+00
2.301801204681396484e+00
2.306368827819824219e+00
2.301164627075195312e+00
2.301406145095825195e+00
2.303401470184326172e+00
2.302614450454711914e+00
2.307336568832397461e+00
2.303160905838012695e+00
2.304855346679687500e+00
2.304181814193725586e+00
2.301339149475097656e+00
2.303198337554931641e+00
2.303060054779052734e+00
2.302562475204467773e+00
2.300795555114746094e+00
2.302945613861083984e+00
2.302242517471313477e+00
2.303070783615112305e+00
2.301177501678466797e+00
2.302871465682983398e+00
2.304598331451416016e+00
2.301697731018066406e+00
2.303125143051147461e+00
2.305827856063842773e+00
2.300610780715942383e+00
2.301847457885742188e+00
2.301259756088256836e+00
2.302232980728149414e+00
2.302455186843872070e+00
2.299398660659790039e+00
2.307374477386474609e+00
2.303455591201782227e+00
2.301339387893676758e+00
2.304996728897094727e+00
2.304396867752075195e+00
2.302794933319091797e+00
2.301779270172119141e+00
2.304629802703857422e+00
2.301399707794189453e+00
2.301088571548461914e+00
2.302306652069091797e+00
2.305157899856567383e+00
2.302016019821166992e+00
2.303811073303222656e+00
2.304298639297485352e+00
2.302435398101806641e+00
2.301935434341430664e+00
2.303136110305786133e+00
2.301430940628051758e+00
2.301173925399780273e+00
2.301562547683715820e+00
2.302987575531005859e+00
2.303072214126586914e+00
2.304402589797973633e+00
2.304223299026489258e+00
2.302881717681884766e+00
2.304144382476806641e+00
2.305722236633300781e+00
2.300349950790405273e+00
2.301640748977661133e+00
2.300338029861450195e+00
2.301641941070556641e+00
2.303285121917724609e+00
2.301433086395263672e+00
2.302580118179321289e+00
2.303419828414916992e+00
2.304433345794677734e+00
2.303499460220336914e+00
2.305306434631347656e+00
2.305166482925415039e+00
2.303643703460693359e+00
2.301982879638671875e+00
2.305313348770141602e+00
2.303928136825561523e+00
2.304314374923706055e+00
2.301272630691528320e+00
2.305109500885009766e+00
2.304482698440551758e+00
2.299098014831542969e+00
2.300125598907470703e+00
2.302427291870117188e+00
2.300898075103759766e+00
2.303024053573608398e+00
2.304471015930175781e+00
2.301895618438720703e+00
2.303105115890502930e+00
2.300323009490966797e+00
2.302786350250244141e+00
2.303192377090454102e+00
2.304477214813232422e+00
2.301033735275268555e+00
2.303435087203979492e+00
2.300894737243652344e+00
2.306081771850585938e+00
2.302851438522338867e+00
2.300442218780517578e+00
2.304878234863281250e+00
2.304719448089599609e+00
2.300813674926757812e+00
2.300462245941162109e+00
2.303927183151245117e+00
2.302242040634155273e+00
2.302451372146606445e+00
2.304538726806640625e+00
2.304853439331054688e+00
2.301452159881591797e+00
2.301596879959106445e+00
2.302341938018798828e+00
2.303844451904296875e+00
2.304964065551757812e+00
2.301687240600585938e+00
2.299132823944091797e+00
2.302743911743164062e+00
2.303433656692504883e+00
2.304481983184814453e+00
2.302284717559814453e+00
2.306113719940185547e+00
2.305183172225952148e+00
2.301712512969970703e+00
2.301721572875976562e+00
2.302448987960815430e+00
2.303469419479370117e+00
2.300339937210083008e+00
2.305585145950317383e+00
2.302922487258911133e+00
2.304180860519409180e+00
2.306467294692993164e+00
2.303266048431396484e+00
2.303328514099121094e+00
2.302185773849487305e+00
2.301446676254272461e+00
2.304616689682006836e+00
2.302942991256713867e+00
2.300475120544433594e+00
2.302497386932373047e+00
2.304359436035156250e+00
2.304891586303710938e+00
2.302627801895141602e+00
2.301500797271728516e+00
2.302248954772949219e+00
2.303066730499267578e+00
2.301885366439819336e+00
2.301743984222412109e+00
2.302852630615234375e+00
2.303318023681640625e+00
2.304045915603637695e+00
2.303233623504638672e+00
2.300367593765258789e+00
2.301495075225830078e+00
2.301691055297851562e+00
2.306134939193725586e+00
2.300398588180541992e+00
2.300060749053955078e+00
2.305863618850708008e+00
2.301751136779785156e+00
2.302070379257202148e+00
2.303070783615112305e+00
2.303147077560424805e+00
2.304438352584838867e+00
2.304183244705200195e+00
2.300697565078735352e+00
2.302847146987915039e+00
2.300610542297363281e+00
2.299343585968017578e+00
2.302340030670166016e+00
2.303917884826660156e+00
2.302698373794555664e+00
2.304285764694213867e+00
2.300745010375976562e+00
2.300227880477905273e+00
2.299171447753906250e+00
2.303775310516357422e+00
2.302260160446166992e+00
2.302523374557495117e+00
2.306141376495361328e+00
2.303007125854492188e+00
2.297136545181274414e+00
2.303223848342895508e+00
2.302621841430664062e+00
2.303588628768920898e+00
2.297845363616943359e+00
2.301709175109863281e+00
2.302967309951782227e+00
2.301362991333007812e+00
2.305781841278076172e+00
2.302587747573852539e+00
2.301329612731933594e+00
2.305025815963745117e+00
2.299511671066284180e+00
2.303761959075927734e+00
2.299085378646850586e+00
2.300980567932128906e+00
2.301401615142822266e+00
2.304482698440551758e+00
2.303568840026855469e+00
2.300074100494384766e+00
2.303198814392089844e+00
2.301843166351318359e+00
2.302227735519409180e+00
2.302933454513549805e+00
2.301485300064086914e+00
2.303427219390869141e+00
2.303308010101318359e+00
2.302294254302978516e+00
2.302651643753051758e+00
2.303470134735107422e+00
2.300836086273193359e+00
2.304646492004394531e+00
2.306614160537719727e+00
2.304923057556152344e+00
2.305211305618286133e+00
2.302738904953002930e+00
2.299498319625854492e+00
2.306519985198974609e+00
2.300168752670288086e+00
2.301012039184570312e+00
2.299549818038940430e+00
2.302254438400268555e+00
2.299068927764892578e+00
2.301780939102172852e+00
2.306958675384521484e+00
2.300989866256713867e+00
2.306924343109130859e+00
2.301718473434448242e+00
2.302378177642822266e+00
2.303912162780761719e+00
2.301922798156738281e+00
2.302386283874511719e+00
2.305213451385498047e+00
2.303515672683715820e+00
2.303063392639160156e+00
2.302570819854736328e+00
2.301954746246337891e+00
2.306304693222045898e+00
2.301382303237915039e+00
2.302626848220825195e+00
2.307111263275146484e+00
2.300849914550781250e+00
2.302561044692993164e+00
2.305098056793212891e+00
2.301939725875854492e+00
2.301265478134155273e+00
2.305200815200805664e+00
2.305053234100341797e+00
2.302013874053955078e+00
2.300914287567138672e+00
2.303481578826904297e+00
2.303925514221191406e+00
2.301354169845581055e+00
2.304086208343505859e+00
2.305849075317382812e+00
2.304992675781250000e+00
2.299834966659545898e+00
2.300708532333374023e+00
2.302830696105957031e+00
2.301285982131958008e+00
2.302000284194946289e+00
2.302482128143310547e+00
2.300645828247070312e+00
2.307840824127197266e+00
2.300904035568237305e+00
2.302662134170532227e+00
2.305818319320678711e+00
2.303067922592163086e+00
2.299232482910156250e+00
2.302886724472045898e+00
2.303678274154663086e+00
2.300186634063720703e+00
2.306030750274658203e+00
2.305380821228027344e+00
2.305274963378906250e+00
2.302899837493896484e+00
2.301037788391113281e+00
2.301076650619506836e+00
2.305892467498779297e+00
2.300280332565307617e+00
2.300085306167602539e+00
2.304050683975219727e+00
2.306746244430541992e+00
2.302566051483154297e+00
2.304459333419799805e+00
2.304450035095214844e+00
2.302673578262329102e+00
2.301047325134277344e+00
2.299617528915405273e+00
2.301637172698974609e+00
2.303530454635620117e+00
2.298827648162841797e+00
2.302490949630737305e+00
2.302606344223022461e+00
2.300404071807861328e+00
2.304540395736694336e+00
2.302489995956420898e+00
2.303519010543823242e+00
2.303366184234619141e+00
2.300303936004638672e+00
2.302721500396728516e+00
2.304198980331420898e+00
2.304836511611938477e+00
2.304623842239379883e+00
2.306300401687622070e+00
2.305627107620239258e+00
2.303289175033569336e+00
2.305429697036743164e+00
2.305128574371337891e+00
2.300739288330078125e+00
2.301949262619018555e+00
2.300996780395507812e+00
2.300486564636230469e+00
2.300271987915039062e+00
2.301823616027832031e+00
2.304424762725830078e+00
2.303014278411865234e+00
2.303272485733032227e+00
2.299516916275024414e+00
2.301706075668334961e+00
2.302044868469238281e+00
2.302600383758544922e+00
2.299045085906982422e+00
2.303621053695678711e+00
2.307575225830078125e+00
2.303743124008178711e+00
2.301975250244140625e+00
2.304438591003417969e+00
2.302264451980590820e+00
2.304791927337646484e+00
2.306570529937744141e+00
2.301231384277343750e+00
2.303679704666137695e+00
2.306231260299682617e+00
2.301307439804077148e+00
2.301734924316406250e+00
2.302702665328979492e+00
2.301886558532714844e+00
2.302759170532226562e+00
2.302038908004760742e+00
2.301510572433471680e+00
2.303650379180908203e+00
2.303699970245361328e+00
2.301472902297973633e+00
2.302803039550781250e+00
2.300463914871215820e+00
2.302467107772827148e+00
2.300901412963867188e+00
2.302571058273315430e+00
2.305923938751220703e+00
2.302651882171630859e+00
2.304051876068115234e+00
2.306172609329223633e+00
2.301077127456665039e+00
2.302363872528076172e+00
2.299211978912353516e+00
2.304170131683349609e+00
2.305343151092529297e+00
2.299529075622558594e+00
2.304720878601074219e+00
2.304946660995483398e+00
2.302519798278808594e+00
2.304899930953979492e+00
2.303155183792114258e+00
2.302466630935668945e+00
2.303797960281372070e+00
2.301123857498168945e+00
2.302039623260498047e+00
2.302166223526000977e+00
2.298946380615234375e+00
2.300422191619873047e+00
2.301819801330566406e+00
2.301613330841064453e+00
2.303956747055053711e+00
2.301697492599487305e+00
2.302024364471435547e+00
2.300985336303710938e+00
2.300550222396850586e+00
2.300658226013183594e+00
2.301496267318725586e+00
2.300186395645141602e+00
2.303184986114501953e+00
2.304100990295410156e+00
2.304340362548828125e+00
2.300733804702758789e+00
2.299574136734008789e+00
2.305180549621582031e+00
2.302605390548706055e+00
2.301820278167724609e+00
2.302693128585815430e+00
2.303727149963378906e+00
2.299861431121826172e+00
2.296710252761840820e+00
2.299862146377563477e+00
2.304989814758300781e+00
2.305712699890136719e+00
2.303745746612548828e+00
2.305646419525146484e+00
2.304019451141357422e+00
2.303179979324340820e+00
2.303718805313110352e+00
2.301166772842407227e+00
2.300704002380371094e+00
2.300008773803710938e+00
2.309350490570068359e+00
2.300563812255859375e+00
2.302731513977050781e+00
2.303528547286987305e+00
2.300758838653564453e+00
2.305077075958251953e+00
2.305108308792114258e+00
2.302051067352294922e+00
2.300647020339965820e+00
2.303609132766723633e+00
2.302593946456909180e+00
2.298373699188232422e+00
2.304480314254760742e+00
2.302573680877685547e+00
2.302882432937622070e+00
2.300942182540893555e+00
2.304254770278930664e+00
2.307358980178833008e+00
2.303647994995117188e+00
2.300992250442504883e+00
2.302618265151977539e+00
2.298442602157592773e+00
2.303870916366577148e+00
2.303935050964355469e+00
2.306180953979492188e+00
2.301931858062744141e+00
2.301432132720947266e+00
2.306354522705078125e+00
2.305821657180786133e+00
2.303153276443481445e+00
2.301745891571044922e+00
2.304361581802368164e+00
2.298899173736572266e+00
2.303006410598754883e+00
2.302909135818481445e+00
2.301574468612670898e+00
2.302185535430908203e+00
2.302950382232666016e+00
2.301914215087890625e+00
2.295212507247924805e+00
2.302414655685424805e+00
2.306309938430786133e+00
2.306445121765136719e+00
2.306818246841430664e+00
2.305821895599365234e+00
2.307656288146972656e+00
2.300477981567382812e+00
2.303164958953857422e+00
2.307982921600341797e+00
2.301831960678100586e+00
2.307991266250610352e+00
2.303559303283691406e+00
2.304941654205322266e+00
2.301547050476074219e+00
2.302081584930419922e+00
2.308560609817504883e+00
2.303985595703125000e+00
2.303406715393066406e+00
2.301192522048950195e+00
2.303617238998413086e+00
2.304156541824340820e+00
2.300706863403320312e+00
2.300341367721557617e+00
2.300357818603515625e+00
2.303230285644531250e+00
2.302360534667968750e+00
2.302911758422851562e+00
2.303848266601562500e+00
2.302980661392211914e+00
2.302879095077514648e+00
2.306972265243530273e+00
2.305469036102294922e+00
2.303876638412475586e+00
2.300057411193847656e+00
2.303479194641113281e+00
2.304792165756225586e+00
2.300928592681884766e+00
2.303802967071533203e+00
2.304514169692993164e+00
2.303558349609375000e+00
2.304243803024291992e+00
2.300716876983642578e+00
2.305984020233154297e+00
2.304682731628417969e+00
2.301814079284667969e+00
2.304137229919433594e+00
2.300987005233764648e+00
2.300017833709716797e+00
2.301792383193969727e+00
2.303459405899047852e+00
2.304412126541137695e+00
2.302785634994506836e+00
2.304685354232788086e+00
2.301043987274169922e+00
2.302572011947631836e+00
2.301653146743774414e+00
2.303965806961059570e+00
2.307913303375244141e+00
2.303262472152709961e+00
2.301946878433227539e+00
2.300011873245239258e+00
2.302356004714965820e+00
2.302042961120605469e+00
2.299629688262939453e+00
2.301440715789794922e+00
2.303263187408447266e+00
2.303230762481689453e+00
2.305439949035644531e+00
2.304953098297119141e+00
2.302407026290893555e+00
2.297506332397460938e+00
2.301499605178833008e+00
2.302613973617553711e+00
2.304024696350097656e+00
2.304036617279052734e+00
2.303230762481689453e+00
2.302858829498291016e+00
2.301351308822631836e+00
2.302943229675292969e+00
2.302278280258178711e+00
2.301612854003906250e+00
2.303711414337158203e+00
2.305746078491210938e+00
2.300942182540893555e+00
2.302740097045898438e+00
2.302409887313842773e+00
2.303438425064086914e+00
2.302737236022949219e+00
2.300467014312744141e+00
2.302904844284057617e+00
2.303752660751342773e+00
2.304206132888793945e+00
2.305931806564331055e+00
2.303315162658691406e+00
2.302932500839233398e+00
2.303413629531860352e+00
2.302076578140258789e+00
2.304288625717163086e+00
2.300256013870239258e+00
2.299706697463989258e+00
2.304559230804443359e+00
2.302578926086425781e+00
2.303388595581054688e+00
2.306262016296386719e+00
2.301929473876953125e+00
2.300270795822143555e+00
2.304135560989379883e+00
2.300807714462280273e+00
2.302840471267700195e+00
2.302416086196899414e+00
2.300843715667724609e+00
2.302736282348632812e+00
2.303832054138183594e+00
2.302508354187011719e+00
2.301576614379882812e+00
2.301426887512207031e+00
2.301501274108886719e+00
2.298951387405395508e+00
2.302391529083251953e+00
2.302075624465942383e+00
2.307466506958007812e+00
2.299622535705566406e+00
2.300552606582641602e+00
2.299768447875976562e+00
2.305399894714355469e+00
2.301499843597412109e+00
2.305814981460571289e+00
2.304813146591186523e+00
2.302844285964965820e+00
2.304665327072143555e+00
2.303913116455078125e+00
2.303038835525512695e+00
2.303709506988525391e+00
2.304005384445190430e+00
2.303084135055541992e+00
2.303664207458496094e+00
2.301823139190673828e+00
2.305778741836547852e+00
2.304450988769531250e+00
2.303614616394042969e+00
2.301779508590698242e+00
2.302342891693115234e+00
2.303600788116455078e+00
2.299369096755981445e+00
2.303412675857543945e+00
2.301402568817138672e+00
2.302954673767089844e+00
2.307395696640014648e+00
2.305423974990844727e+00
2.304650068283081055e+00
2.302138805389404297e+00
2.300775051116943359e+00
2.305325269699096680e+00
2.303803682327270508e+00
2.302700519561767578e+00
2.305032253265380859e+00
2.301498889923095703e+00
2.302486658096313477e+00
2.304229497909545898e+00
2.302181005477905273e+00
2.300676822662353516e+00
2.302706718444824219e+00
2.302428483963012695e+00
2.304146528244018555e+00
2.300623655319213867e+00
2.300381422042846680e+00
2.304816961288452148e+00
2.302162170410156250e+00
2.302933454513549805e+00
2.304324388504028320e+00
2.304332494735717773e+00
2.301030635833740234e+00
2.304766416549682617e+00
2.302075862884521484e+00
2.305205106735229492e+00
2.305235385894775391e+00
2.300715208053588867e+00
2.300137519836425781e+00
2.302874088287353516e+00
2.302783489227294922e+00
2.303148984909057617e+00
2.297212362289428711e+00
2.300869941711425781e+00
2.303358554840087891e+00
2.303852796554565430e+00
2.304087400436401367e+00
2.301849603652954102e+00
2.300950050354003906e+00
2.301757574081420898e+00
2.306260585784912109e+00
2.305404901504516602e+00
2.302606105804443359e+00
2.303033828735351562e+00
2.300921916961669922e+00
2.302171230316162109e+00
2.302238702774047852e+00
2.301337003707885742e+00
2.299196481704711914e+00
2.301946640014648438e+00
2.304907560348510742e+00
2.301522254943847656e+00
2.303044319152832031e+00
2.301008224487304688e+00
2.303866147994995117e+00
2.298451662063598633e+00
2.302510023117065430e+00
2.306126117706298828e+00
2.300945758819580078e+00
2.304276227951049805e+00
2.303569316864013672e+00
2.306707859039306641e+00
2.303813457489013672e+00
2.303216695785522461e+00
2.306322097778320312e+00
2.305649757385253906e+00
2.302951574325561523e+00
2.303922653198242188e+00
2.302915811538696289e+00
2.302962779998779297e+00
2.304294347763061523e+00
2.303704500198364258e+00
2.303072452545166016e+00
2.302815437316894531e+00
2.304667472839355469e+00
2.300513505935668945e+00
2.306602239608764648e+00
2.303559780120849609e+00
2.302015781402587891e+00
2.302071809768676758e+00
2.303721427917480469e+00
2.301821470260620117e+00
2.302456617355346680e+00
2.302918195724487305e+00
2.302775859832763672e+00
2.303994178771972656e+00
2.301584959030151367e+00
2.302945613861083984e+00
2.305975198745727539e+00
2.304314374923706055e+00
2.304172992706298828e+00
2.300582647323608398e+00
2.297774314880371094e+00
2.301758289337158203e+00
2.302091836929321289e+00
2.302023410797119141e+00
2.303655862808227539e+00
2.301739215850830078e+00
2.305279254913330078e+00
2.301971912384033203e+00
2.303869485855102539e+00
2.303086996078491211e+00
2.300121545791625977e+00
2.301558732986450195e+00
2.303762912750244141e+00
2.304105520248413086e+00
2.303048610687255859e+00
2.302174329757690430e+00
2.303277492523193359e+00
2.302914381027221680e+00
2.303748369216918945e+00
2.304934978485107422e+00
2.297520637512207031e+00
2.301721572875976562e+00
2.303565263748168945e+00
2.302236557006835938e+00
2.300883769989013672e+00
2.304092407226562500e+00
2.304131746292114258e+00
2.303986310958862305e+00
2.302689313888549805e+00
2.303957939147949219e+00
2.303112745285034180e+00
2.301562786102294922e+00
2.302929401397705078e+00
2.301930904388427734e+00
2.302856922149658203e+00
2.302262783050537109e+00
2.301139354705810547e+00
2.301519632339477539e+00
2.300082683563232422e+00
2.305520534515380859e+00
2.298632621765136719e+00
2.300802469253540039e+00
2.303575992584228516e+00
2.303745508193969727e+00
2.300348281860351562e+00
2.298908233642578125e+00
2.302799463272094727e+00
2.301620006561279297e+00
2.307080030441284180e+00
2.303920745849609375e+00
2.303754091262817383e+00
2.301744222640991211e+00
2.300009965896606445e+00
2.304235458374023438e+00
2.301882266998291016e+00
2.300702095031738281e+00
2.302324056625366211e+00
2.301770210266113281e+00
2.303144454956054688e+00
2.304253578186035156e+00
2.306087017059326172e+00
2.304762840270996094e+00
2.299823284149169922e+00
2.303202629089355469e+00
2.302206516265869141e+00
2.305224418640136719e+00
2.302541255950927734e+00
2.305305004119873047e+00
2.302757024765014648e+00
2.303239822387695312e+00
2.307187557220458984e+00
2.308683156967163086e+00
2.305383682250976562e+00
2.301815986633300781e+00
2.300413846969604492e+00
2.302390098571777344e+00
2.303828477859497070e+00
2.302258253097534180e+00
2.303854942321777344e+00
2.305084228515625000e+00
2.299115657806396484e+00
2.302281141281127930e+00
2.299074888229370117e+00
2.304847240447998047e+00
2.306178331375122070e+00
2.302754878997802734e+00
2.298688888549804688e+00
2.303969383239746094e+00
2.301604509353637695e+00
2.303847312927246094e+00
2.302854537963867188e+00
2.303251743316650391e+00
2.303261041641235352e+00
2.305621862411499023e+00
2.303762197494506836e+00
2.301661014556884766e+00
2.301249504089355469e+00
2.302790880203247070e+00
2.302008390426635742e+00
2.304878711700439453e+00
2.301815748214721680e+00
2.301592826843261719e+00
2.302998781204223633e+00
2.302680492401123047e+00
2.305131673812866211e+00
2.301842451095581055e+00
2.304962635040283203e+00
2.300714254379272461e+00
2.303270578384399414e+00
2.304470300674438477e+00
2.304369688034057617e+00
2.302566051483154297e+00
2.304197072982788086e+00
2.304750204086303711e+00
2.301965951919555664e+00
2.303964376449584961e+00
2.301978111267089844e+00
2.304578065872192383e+00
2.301447391510009766e+00
2.303552627563476562e+00
2.302058219909667969e+00
2.302408218383789062e+00
2.304570436477661133e+00
2.304893016815185547e+00
2.300368309020996094e+00
2.304398536682128906e+00
2.301236867904663086e+00
2.302143335342407227e+00
2.301990747451782227e+00
2.302411794662475586e+00
2.303035736083984375e+00
2.302945375442504883e+00
2.302909612655639648e+00
2.301862001419067383e+00
2.302202224731445312e+00
2.304224491119384766e+00
2.302832603454589844e+00
2.302899599075317383e+00
2.304620504379272461e+00
2.303573369979858398e+00
2.304112672805786133e+00
2.302961587905883789e+00
2.302572250366210938e+00
2.304340839385986328e+00
2.302587032318115234e+00
2.305659532546997070e+00
2.301226139068603516e+00
2.302618503570556641e+00
2.302158832550048828e+00
2.305310964584350586e+00
2.303624391555786133e+00
2.304069280624389648e+00
2.301715135574340820e+00
2.305541753768920898e+00
2.303288698196411133e+00
2.302435874938964844e+00
2.302295207977294922e+00
2.303781986236572266e+00
2.302030086517333984e+00
2.300528049468994141e+00
2.303706407546997070e+00
2.303358554840087891e+00
2.301986694335937500e+00
2.301325798034667969e+00
2.304260015487670898e+00
2.302620887756347656e+00
2.302722454071044922e+00
2.303233385086059570e+00
2.301799297332763672e+00
2.303201913833618164e+00
2.301903009414672852e+00
2.304965734481811523e+00
2.302732944488525391e+00
2.302072048187255859e+00
2.303508758544921875e+00
2.302325010299682617e+00
2.304542303085327148e+00
2.303410053253173828e+00
2.302881717681884766e+00
2.304236412048339844e+00
2.302826404571533203e+00
2.302335739135742188e+00
2.302780389785766602e+00
2.302468061447143555e+00
2.301489353179931641e+00
2.302436828613281250e+00
2.303937435150146484e+00
2.303725242614746094e+00
2.301374673843383789e+00
2.302871704101562500e+00
2.302291154861450195e+00
2.302111864089965820e+00
2.301853179931640625e+00
2.302174806594848633e+00
2.302546262741088867e+00
2.302456378936767578e+00
2.303820848464965820e+00
2.303043842315673828e+00
2.302359342575073242e+00
2.304407835006713867e+00
2.302154779434204102e+00
2.301475763320922852e+00
2.302062273025512695e+00
2.303246259689331055e+00
2.301903486251831055e+00
2.302679300308227539e+00
2.301590204238891602e+00
2.302174806594848633e+00
2.303314924240112305e+00
2.301860332489013672e+00
2.302780866622924805e+00
2.304294347763061523e+00
2.303326845169067383e+00
2.303690195083618164e+00
2.301612377166748047e+00
2.300473928451538086e+00
2.302355766296386719e+00
2.303255796432495117e+00
2.304467439651489258e+00
2.304603576660156250e+00
2.302733182907104492e+00
2.303079843521118164e+00
2.302515029907226562e+00
2.299239158630371094e+00
2.304863214492797852e+00
2.302391529083251953e+00
2.303776264190673828e+00
2.303704261779785156e+00
2.303388595581054688e+00
2.300532341003417969e+00
2.301360130310058594e+00
2.303460597991943359e+00
2.303525686264038086e+00
2.303715229034423828e+00
2.301227092742919922e+00
2.304477453231811523e+00
2.303288459777832031e+00
2.302783727645874023e+00
2.300601959228515625e+00
2.303732395172119141e+00
2.298611402511596680e+00
2.305345296859741211e+00
2.304426908493041992e+00
2.302032470703125000e+00
2.301540374755859375e+00
2.300884485244750977e+00
2.301125526428222656e+00
2.303021192550659180e+00
2.302726984024047852e+00
2.304016113281250000e+00
2.301986694335937500e+00
2.313703775405883789e+00
2.304001092910766602e+00
2.303196430206298828e+00
2.300059556961059570e+00
2.302852630615234375e+00
2.300533294677734375e+00
2.301670312881469727e+00
2.304280042648315430e+00
2.301596641540527344e+00
2.300459384918212891e+00
2.301460266113281250e+00
2.302266120910644531e+00
2.302534818649291992e+00
2.301200866699218750e+00
2.301651954650878906e+00
2.303334474563598633e+00
2.302804231643676758e+00
2.305217027664184570e+00
2.301338911056518555e+00
2.301881074905395508e+00
2.303130149841308594e+00
2.302292346954345703e+00
2.301630496978759766e+00
2.305985927581787109e+00
2.306547403335571289e+00
2.303834676742553711e+00
2.301566123962402344e+00
2.302294731140136719e+00
2.305052995681762695e+00
2.298590660095214844e+00
2.303790569305419922e+00
2.300128221511840820e+00
2.300651311874389648e+00
2.301607608795166016e+00
2.304014921188354492e+00
2.304209947586059570e+00
2.301682472229003906e+00
2.303635597229003906e+00
2.301864862442016602e+00
2.299898386001586914e+00
2.302218914031982422e+00
2.303466558456420898e+00
2.303291082382202148e+00
2.304700613021850586e+00
2.302456378936767578e+00
2.300535440444946289e+00
2.304742813110351562e+00
2.300629138946533203e+00
2.301131486892700195e+00
2.301597118377685547e+00
2.308130741119384766e+00
2.300898313522338867e+00
2.301001787185668945e+00
2.301419973373413086e+00
2.301563978195190430e+00
2.300543069839477539e+00
2.303963899612426758e+00
2.305913209915161133e+00
2.308044195175170898e+00
2.301284074783325195e+00
2.303364753723144531e+00
2.302641391754150391e+00
2.303252696990966797e+00
2.303800821304321289e+00
2.305660247802734375e+00
2.303500652313232422e+00
2.299263477325439453e+00
2.300781488418579102e+00
2.306753158569335938e+00
2.302756309509277344e+00
2.301840305328369141e+00
2.303427934646606445e+00
2.306633472442626953e+00
2.300099372863769531e+00
2.301678895950317383e+00
2.300865650177001953e+00
2.303316116333007812e+00
2.304585218429565430e+00
2.303660631179809570e+00
2.303764343261718750e+00
2.305185556411743164e+00
2.303514003753662109e+00
2.299071073532104492e+00
2.302265644073486328e+00
2.303298711776733398e+00
2.303013324737548828e+00
2.303954839706420898e+00
2.302314281463623047e+00
2.299818277359008789e+00
2.305227518081665039e+00
2.303008317947387695e+00
2.301796197891235352e+00
2.303446292877197266e+00
2.304826498031616211e+00
2.302740812301635742e+00
2.298569917678833008e+00
2.303506374359130859e+00
2.302419662475585938e+00
2.303327560424804688e+00
2.300800323486328125e+00
2.300900459289550781e+00
2.306306123733520508e+00
2.302942037582397461e+00
2.303318500518798828e+00
2.301652193069458008e+00
2.303251266479492188e+00
2.301661968231201172e+00
2.303295135498046875e+00
2.300004959106445312e+00
2.303273677825927734e+00
2.303461790084838867e+00
2.301582098007202148e+00
2.305474519729614258e+00
2.302852869033813477e+00
2.303772211074829102e+00
2.303407907485961914e+00
2.301738739013671875e+00
2.305042743682861328e+00
2.302449941635131836e+00
2.302090406417846680e+00
2.300095319747924805e+00
2.305030822753906250e+00
2.304133892059326172e+00
2.303195953369140625e+00
2.301180839538574219e+00
2.300890445709228516e+00
2.299393892288208008e+00
2.301094293594360352e+00
2.306708097457885742e+00
2.302686214447021484e+00
2.301229715347290039e+00
2.303333520889282227e+00
2.304091930389404297e+00
2.302328824996948242e+00
2.301574468612670898e+00
2.301971197128295898e+00
2.302181959152221680e+00
2.301733255386352539e+00
2.302098274230957031e+00
2.303906202316284180e+00
2.303158760070800781e+00
2.302833795547485352e+00
2.302890539169311523e+00
2.305162668228149414e+00
2.303326845169067383e+00
2.302458286285400391e+00
2.297852516174316406e+00
2.304794788360595703e+00
2.301656246185302734e+00
2.299729108810424805e+00
2.302309751510620117e+00
2.299984693527221680e+00
2.302974462509155273e+00
2.303075551986694336e+00
2.306509017944335938e+00
2.300011634826660156e+00
2.304327011108398438e+00
2.306013584136962891e+00
2.300496339797973633e+00
2.304785013198852539e+00
2.305269479751586914e+00
2.298682689666748047e+00
2.298444986343383789e+00
2.304058313369750977e+00
2.302309989929199219e+00
2.302376985549926758e+00
2.302952527999877930e+00
2.304285526275634766e+00
2.302558183670043945e+00
2.300066232681274414e+00
2.298605442047119141e+00
2.302263736724853516e+00
2.302000045776367188e+00
2.306877613067626953e+00
2.302906036376953125e+00
2.305024147033691406e+00
2.304489374160766602e+00
2.303383350372314453e+00
2.305599212646484375e+00
2.303375720977783203e+00
2.298636198043823242e+00
2.308197259902954102e+00
2.301971912384033203e+00
2.306411027908325195e+00
2.303363084793090820e+00
2.300374984741210938e+00
2.306606292724609375e+00
2.306885004043579102e+00
2.301943778991699219e+00
2.302083015441894531e+00
2.304357528686523438e+00
2.297111511230468750e+00
2.299713850021362305e+00
2.299557924270629883e+00
2.301875352859497070e+00
2.299309968948364258e+00
2.307138204574584961e+00
2.305695533752441406e+00
2.306925296783447266e+00
2.302176713943481445e+00
2.301512479782104492e+00
2.299190998077392578e+00
2.300677776336669922e+00
2.301946878433227539e+00
2.302220344543457031e+00
2.305407047271728516e+00
2.304359436035156250e+00
2.303044795989990234e+00
2.309611082077026367e+00
2.304520845413208008e+00
2.301169872283935547e+00
2.303333044052124023e+00
2.299502372741699219e+00
2.301725864410400391e+00
2.303549051284790039e+00
2.297233581542968750e+00
2.302108287811279297e+00
2.299882888793945312e+00
2.303267478942871094e+00
2.301145553588867188e+00
2.301588058471679688e+00
2.300288677215576172e+00
2.304343700408935547e+00
2.299957752227783203e+00
2.301872491836547852e+00
2.308343172073364258e+00
2.303292274475097656e+00
2.301943778991699219e+00
2.301984548568725586e+00
2.303893804550170898e+00
2.303610086441040039e+00
2.304304361343383789e+00
2.299856424331665039e+00
2.300196409225463867e+00
2.302302837371826172e+00
2.303107500076293945e+00
2.305372476577758789e+00
2.302040815353393555e+00
2.301296710968017578e+00
2.300683498382568359e+00
2.303211450576782227e+00
2.300427198410034180e+00
2.304150581359863281e+00
2.304841518402099609e+00
2.302460908889770508e+00
2.302266597747802734e+00
2.300596714019775391e+00
2.302926301956176758e+00
2.301691055297851562e+00
2.300266265869140625e+00
2.298107624053955078e+00
2.308266878128051758e+00
2.307374477386474609e+00
2.299770593643188477e+00
2.301183462142944336e+00
2.302872419357299805e+00
2.303024291992187500e+00
2.305806875228881836e+00
2.299771308898925781e+00
2.301101446151733398e+00
2.301604032516479492e+00
2.303052425384521484e+00
2.296067476272583008e+00
2.301527976989746094e+00
2.301017284393310547e+00
2.302170515060424805e+00
2.300892114639282227e+00
2.306243896484375000e+00
2.302818775177001953e+00
2.303258419036865234e+00
2.299378395080566406e+00
2.303751707077026367e+00
2.305815219879150391e+00
2.298901557922363281e+00
2.307941675186157227e+00
2.300451040267944336e+00
2.300710678100585938e+00
2.299060344696044922e+00
2.300272941589355469e+00
2.304133176803588867e+00
2.303190231323242188e+00
2.298908233642578125e+00
2.303866863250732422e+00
2.304151058197021484e+00
2.302363872528076172e+00
2.302875518798828125e+00
2.306073427200317383e+00
2.304151773452758789e+00
2.303745985031127930e+00
2.303137540817260742e+00
2.303790092468261719e+00
2.299879789352416992e+00
2.300491094589233398e+00
2.306611299514770508e+00
2.302329540252685547e+00
2.299293518066406250e+00
2.297684907913208008e+00
2.303972721099853516e+00
2.302083492279052734e+00
2.307674884796142578e+00
2.307729959487915039e+00
2.300904035568237305e+00
2.303660154342651367e+00
2.304809808731079102e+00
2.304883480072021484e+00
2.306055307388305664e+00
2.304953813552856445e+00
2.303672313690185547e+00
2.301271200180053711e+00
2.305320739746093750e+00
2.310930252075195312e+00
2.304777145385742188e+00
2.303595066070556641e+00
2.305269002914428711e+00
2.299062728881835938e+00
2.308340787887573242e+00
2.298241376876831055e+00
2.305871248245239258e+00
2.302623510360717773e+00
2.302704095840454102e+00
2.305597305297851562e+00
2.303182363510131836e+00
2.299588203430175781e+00
2.306931257247924805e+00
2.303810596466064453e+00
2.302217721939086914e+00
2.306905984878540039e+00
2.302398920059204102e+00
2.301164388656616211e+00
2.304301261901855469e+00
2.304397344589233398e+00
2.300528287887573242e+00
2.304712772369384766e+00
2.303067684173583984e+00
2.301377058029174805e+00
2.301344394683837891e+00
2.304148197174072266e+00
2.299659490585327148e+00
2.300509929656982422e+00
2.299443483352661133e+00
2.301031827926635742e+00
2.299780368804931641e+00
2.300452470779418945e+00
2.300545692443847656e+00
2.300868272781372070e+00
2.303452491760253906e+00
2.301668882369995117e+00
2.302209138870239258e+00
2.300983428955078125e+00
2.305320024490356445e+00
2.300942897796630859e+00
2.301617622375488281e+00
2.302482366561889648e+00
2.302320718765258789e+00
2.302246093750000000e+00
2.303478002548217773e+00
2.305496692657470703e+00
2.305713176727294922e+00
2.306768655776977539e+00
2.304315328598022461e+00
2.298997640609741211e+00
2.303644657135009766e+00
2.301478624343872070e+00
2.300684928894042969e+00
2.303683757781982422e+00
2.300493240356445312e+00
2.304657220840454102e+00
2.302275657653808594e+00
2.300384759902954102e+00
2.301498889923095703e+00
2.305679798126220703e+00
2.306100606918334961e+00
2.302148103713989258e+00
2.303616523742675781e+00
2.302694797515869141e+00
2.306103229522705078e+00
2.301772356033325195e+00
2.305267572402954102e+00
2.302675962448120117e+00
2.303658246994018555e+00
2.302848339080810547e+00
2.300648212432861328e+00
2.302738666534423828e+00
2.303625106811523438e+00
2.301833152770996094e+00
2.300132513046264648e+00
2.302922010421752930e+00
2.308455944061279297e+00
2.305134296417236328e+00
2.302797555923461914e+00
2.303113937377929688e+00
2.303854942321777344e+00
2.302569627761840820e+00
2.302159309387207031e+00
2.304194211959838867e+00
2.299745321273803711e+00
2.300700426101684570e+00
2.301805496215820312e+00
2.303777217864990234e+00
2.306144475936889648e+00
2.306929588317871094e+00
2.300130128860473633e+00
2.303767204284667969e+00
2.303067207336425781e+00
2.305557250976562500e+00
2.303146600723266602e+00
2.303237438201904297e+00
2.301956176757812500e+00
2.302695512771606445e+00
2.304523468017578125e+00
2.304634809494018555e+00
2.303751468658447266e+00
2.305409431457519531e+00
2.302034616470336914e+00
2.299827575683593750e+00
2.304882526397705078e+00
2.302612066268920898e+00
2.301627397537231445e+00
2.301119089126586914e+00
2.301745891571044922e+00
2.303940534591674805e+00
2.303803920745849609e+00
2.302606582641601562e+00
2.304563283920288086e+00
2.303635835647583008e+00
2.303604841232299805e+00
2.305308103561401367e+00
2.301866054534912109e+00
2.306324481964111328e+00
2.302750587463378906e+00
2.302739858627319336e+00
2.305423974990844727e+00
2.302543401718139648e+00
2.301651000976562500e+00
2.304162740707397461e+00
2.303678750991821289e+00
2.301499128341674805e+00
2.301912307739257812e+00
2.302500009536743164e+00
2.302338600158691406e+00
2.304413795471191406e+00
2.304265022277832031e+00
2.305027961730957031e+00
2.304992198944091797e+00
2.302524566650390625e+00
2.301346778869628906e+00
2.302991628646850586e+00
2.301807880401611328e+00
2.302778482437133789e+00
2.302804231643676758e+00
2.303026914596557617e+00
2.305152177810668945e+00
2.302684545516967773e+00
2.303068161010742188e+00
2.302040338516235352e+00
2.303651332855224609e+00
2.300791978836059570e+00
2.301525115966796875e+00
2.302023649215698242e+00
2.301483631134033203e+00
2.303551435470581055e+00
2.301492691040039062e+00
2.301081895828247070e+00
2.301879405975341797e+00
2.302008152008056641e+00
2.302280426025390625e+00
2.303037643432617188e+00
2.302165746688842773e+00
2.301840066909790039e+00
2.302614212036132812e+00
2.306055068969726562e+00
2.302373170852661133e+00
2.304416656494140625e+00
2.301961898803710938e+00
2.304706573486328125e+00
2.301591396331787109e+00
2.304053306579589844e+00
2.302925586700439453e+00
2.303372383117675781e+00
2.304278373718261719e+00
2.301841020584106445e+00
2.301519632339477539e+00
2.303656816482543945e+00
2.304388046264648438e+00
2.304201841354370117e+00
2.304353475570678711e+00
2.302435159683227539e+00
2.305236101150512695e+00
2.301867723464965820e+00
2.300753593444824219e+00
2.303530454635620117e+00
2.303148746490478516e+00
2.304934263229370117e+00
2.303651571273803711e+00
2.301640987396240234e+00
2.304353237152099609e+00
2.302176237106323242e+00
2.303488969802856445e+00
2.300650119781494141e+00
2.302613019943237305e+00
2.302347421646118164e+00
2.302160501480102539e+00
2.303816080093383789e+00
2.304518699645996094e+00
2.303825378417968750e+00
2.301529169082641602e+00
2.303821802139282227e+00
2.301719903945922852e+00
2.304636478424072266e+00
2.304864645004272461e+00
2.304233551025390625e+00
2.304181814193725586e+00
2.303867101669311523e+00
2.302030801773071289e+00
2.303956031799316406e+00
2.302426338195800781e+00
2.303893566131591797e+00
2.304870367050170898e+00
2.303100109100341797e+00
2.302956581115722656e+00
2.301869153976440430e+00
2.303224563598632812e+00
2.302814483642578125e+00
2.304085016250610352e+00
2.302858591079711914e+00
2.304039001464843750e+00
2.301575422286987305e+00
2.302165508270263672e+00
2.302229881286621094e+00
2.302028417587280273e+00
2.302235126495361328e+00
2.302196979522705078e+00
2.301831483840942383e+00
2.300725698471069336e+00
2.302097320556640625e+00
2.303637981414794922e+00
2.302627563476562500e+00
2.303059339523315430e+00
2.303746938705444336e+00
2.301171064376831055e+00
2.303539752960205078e+00
2.301311492919921875e+00
2.303998947143554688e+00
2.304317235946655273e+00
2.300619602203369141e+00
2.303213596343994141e+00
2.303656101226806641e+00
2.303128480911254883e+00
2.304301738739013672e+00
2.302247762680053711e+00
2.300847530364990234e+00
2.300841808319091797e+00
2.301124095916748047e+00
2.301455736160278320e+00
2.300914049148559570e+00
2.301185131072998047e+00
2.300789594650268555e+00
2.302140235900878906e+00
2.300335407257080078e+00
2.300637245178222656e+00
2.305239200592041016e+00
2.302930593490600586e+00
2.304075956344604492e+00
2.305073738098144531e+00
2.302902221679687500e+00
2.300544738769531250e+00
2.300424575805664062e+00
2.298343658447265625e+00
2.302431106567382812e+00
2.303788900375366211e+00
2.302097797393798828e+00
2.304858684539794922e+00
2.301803350448608398e+00
2.301129102706909180e+00
2.306713581085205078e+00
2.301908016204833984e+00
2.301217555999755859e+00
2.299808263778686523e+00
2.307187080383300781e+00
2.304090976715087891e+00
2.299871444702148438e+00
2.300698757171630859e+00
2.303851127624511719e+00
2.301651716232299805e+00
2.305598735809326172e+00
2.305263519287109375e+00
2.302138805389404297e+00
2.304727077484130859e+00
2.300539493560791016e+00
2.301646232604980469e+00
2.304120540618896484e+00
2.303595781326293945e+00
2.299643993377685547e+00
2.300898551940917969e+00
2.310264348983764648e+00
2.303362846374511719e+00
2.300992250442504883e+00
2.301113128662109375e+00
2.302939653396606445e+00
2.303218126296997070e+00
2.305483102798461914e+00
2.305500030517578125e+00
2.301727533340454102e+00
2.304122686386108398e+00
2.304958820343017578e+00
2.304676294326782227e+00
2.301662683486938477e+00
2.302788019180297852e+00
2.302397012710571289e+00
2.305474042892456055e+00
2.303365945816040039e+00
2.302712440490722656e+00
2.301368236541748047e+00
2.300603628158569336e+00
2.308421134948730469e+00
2.301880836486816406e+00
2.306999444961547852e+00
2.300620317459106445e+00
2.303137302398681641e+00
2.300729751586914062e+00
2.301893234252929688e+00
2.303080558776855469e+00
2.307465791702270508e+00
2.302564620971679688e+00
2.304904222488403320e+00
2.301768779754638672e+00
2.304233551025390625e+00
2.302427530288696289e+00
2.304479122161865234e+00
2.302590608596801758e+00
2.301218986511230469e+00
2.302727937698364258e+00
2.300337076187133789e+00
2.303128480911254883e+00
2.303582906723022461e+00
2.301892518997192383e+00
2.302755594253540039e+00
2.304017066955566406e+00
2.304306983947753906e+00
2.302284240722656250e+00
2.303926229476928711e+00
2.301988840103149414e+00
2.302528619766235352e+00
2.301321983337402344e+00
2.302830934524536133e+00
2.302757501602172852e+00
2.300626277923583984e+00
2.302651882171630859e+00
2.303744316101074219e+00
2.301037549972534180e+00
2.304194688796997070e+00
2.302266836166381836e+00
2.302157163619995117e+00
2.301083803176879883e+00
2.305157899856567383e+00
2.303089618682861328e+00
2.304374217987060547e+00
2.302024126052856445e+00
2.301450490951538086e+00
2.300983190536499023e+00
2.302516698837280273e+00
2.303726434707641602e+00
2.302103042602539062e+00
2.304072856903076172e+00
2.303436756134033203e+00
2.305642604827880859e+00
2.305043697357177734e+00
2.303775072097778320e+00
2.299525976181030273e+00
2.303833723068237305e+00
2.302048444747924805e+00
2.302634000778198242e+00
2.302918910980224609e+00
2.303324699401855469e+00
2.304075002670288086e+00
2.302989006042480469e+00
2.303219318389892578e+00
2.302705526351928711e+00
2.302230834960937500e+00
2.302376270294189453e+00
2.303158998489379883e+00
2.302670717239379883e+00
2.301079511642456055e+00
2.301429510116577148e+00
2.303200006484985352e+00
2.301850795745849609e+00
2.304121971130371094e+00
2.303352832794189453e+00
2.302632331848144531e+00
2.301763296127319336e+00
2.302334785461425781e+00
2.303498983383178711e+00
2.302402973175048828e+00
2.302443742752075195e+00
2.300964832305908203e+00
2.303224325180053711e+00
2.303880214691162109e+00
2.301965236663818359e+00
2.301939487457275391e+00
2.302505254745483398e+00
2.301515817642211914e+00
2.302067518234252930e+00
2.301015853881835938e+00
2.302449464797973633e+00
2.302781105041503906e+00
2.301706314086914062e+00
2.304416656494140625e+00
2.300772190093994141e+00
2.302801847457885742e+00
2.303162097930908203e+00
2.304308891296386719e+00
2.307337522506713867e+00
2.302686452865600586e+00
2.303521394729614258e+00
2.301847696304321289e+00
2.302654981613159180e+00
2.302298069000244141e+00
2.302153348922729492e+00
2.303569078445434570e+00
2.305551528930664062e+00
2.300602436065673828e+00
2.305127620697021484e+00
2.303460836410522461e+00
2.302861690521240234e+00
2.304015398025512695e+00
2.305145263671875000e+00
2.305812358856201172e+00
2.302709579467773438e+00
2.300140619277954102e+00
2.301988124847412109e+00
2.299953937530517578e+00
2.300777673721313477e+00
2.301575660705566406e+00
2.302537918090820312e+00
2.301936864852905273e+00
2.303967952728271484e+00
2.303608179092407227e+00
2.302097558975219727e+00
2.298792123794555664e+00
2.305792808532714844e+00
2.301966190338134766e+00
2.304706811904907227e+00
2.302573919296264648e+00
2.303478479385375977e+00
2.303071498870849609e+00
2.303277254104614258e+00
2.301640987396240234e+00
2.301752567291259766e+00
2.303272962570190430e+00
2.303745746612548828e+00
2.305312633514404297e+00
2.300425052642822266e+00
2.303669214248657227e+00
2.302536725997924805e+00
2.303145408630371094e+00
2.303827762603759766e+00
2.299845457077026367e+00
2.302898168563842773e+00
2.302850008010864258e+00
2.302119016647338867e+00
2.300908565521240234e+00
2.302906990051269531e+00
2.301522970199584961e+00
2.301802873611450195e+00
2.300511837005615234e+00
2.302139759063720703e+00
2.301811456680297852e+00
2.303292036056518555e+00
2.302446365356445312e+00
2.305926322937011719e+00
2.301204442977905273e+00
2.305772781372070312e+00
2.303356647491455078e+00
2.303628921508789062e+00
2.303286075592041016e+00
2.302762508392333984e+00
2.304468393325805664e+00
2.301082134246826172e+00
2.304773807525634766e+00
2.302076578140258789e+00
2.301763772964477539e+00
2.303368568420410156e+00
2.301268100738525391e+00
2.303293466567993164e+00
2.304478168487548828e+00
2.303537368774414062e+00
2.304531812667846680e+00
2.301398992538452148e+00
2.302134275436401367e+00
2.305114746093750000e+00
2.301985979080200195e+00
2.303191900253295898e+00
2.305293798446655273e+00
2.304372549057006836e+00
2.302127599716186523e+00
2.303609848022460938e+00
2.301104545593261719e+00
2.299410820007324219e+00
2.302172899246215820e+00
2.300673961639404297e+00
2.301478385925292969e+00
2.303950548171997070e+00
2.304432392120361328e+00
2.301862478256225586e+00
2.306684970855712891e+00
2.302282810211181641e+00
2.304415941238403320e+00
2.304854869842529297e+00
2.300685167312622070e+00
2.301561117172241211e+00
2.302973508834838867e+00
2.302939414978027344e+00
2.303114652633666992e+00
2.299137115478515625e+00
2.305438041687011719e+00
2.302612781524658203e+00
2.302150726318359375e+00
2.301501035690307617e+00
2.299988269805908203e+00
2.301947593688964844e+00
2.304764986038208008e+00
2.301295042037963867e+00
2.298208713531494141e+00
2.301557540893554688e+00
2.305692672729492188e+00
2.297893047332763672e+00
2.298343658447265625e+00
2.302562475204467773e+00
2.301574468612670898e+00
2.304692268371582031e+00
2.297467708587646484e+00
2.304359674453735352e+00
2.304471015930175781e+00
2.303625106811523438e+00
2.302055597305297852e+00
2.307322740554809570e+00
2.304238319396972656e+00
2.300222396850585938e+00
2.298372745513916016e+00
2.299788475036621094e+00
2.302138090133666992e+00
2.301959276199340820e+00
2.302924871444702148e+00
2.305111169815063477e+00
2.298782587051391602e+00
2.300985813140869141e+00
2.299329280853271484e+00
2.298205137252807617e+00
2.297056436538696289e+00
2.304495573043823242e+00
2.299912929534912109e+00
2.300600051879882812e+00
2.303588628768920898e+00
2.302702903747558594e+00
2.302969932556152344e+00
2.303858995437622070e+00
2.304183006286621094e+00
2.303000450134277344e+00
2.295947551727294922e+00
2.304070472717285156e+00
2.298380613327026367e+00
2.300352334976196289e+00
2.310399293899536133e+00
2.304725408554077148e+00
2.303160429000854492e+00
2.292973518371582031e+00
2.307237148284912109e+00
2.308079719543457031e+00
2.305886745452880859e+00
2.303250312805175781e+00
2.303344964981079102e+00
2.308928489685058594e+00
2.310198783874511719e+00
2.304417371749877930e+00
2.310230016708374023e+00
2.301945447921752930e+00
2.302394151687622070e+00
2.300902128219604492e+00
2.303911209106445312e+00
2.302975654602050781e+00
2.305790424346923828e+00
2.302734851837158203e+00
2.297410249710083008e+00
2.301859617233276367e+00
2.306976795196533203e+00
2.303554534912109375e+00
2.306179046630859375e+00
2.309067964553833008e+00
2.303851842880249023e+00
2.300701141357421875e+00
2.298148155212402344e+00
2.304154872894287109e+00
2.305422306060791016e+00
2.298465251922607422e+00
2.304637432098388672e+00
2.303563594818115234e+00
2.304481506347656250e+00
2.300283670425415039e+00
2.306949138641357422e+00
2.302635431289672852e+00
2.305357456207275391e+00
2.304354906082153320e+00
2.302381992340087891e+00
2.302066087722778320e+00
2.303002357482910156e+00
2.303295850753784180e+00
2.299983024597167969e+00
2.304922819137573242e+00
2.303379297256469727e+00
2.305081844329833984e+00
2.305297613143920898e+00
2.303077936172485352e+00
2.303936719894409180e+00
2.305143594741821289e+00
2.300052642822265625e+00
2.301510572433471680e+00
2.302496194839477539e+00
2.303321361541748047e+00
2.302425384521484375e+00
2.303192615509033203e+00
2.301553249359130859e+00
2.304602861404418945e+00
2.301666736602783203e+00
2.301778316497802734e+00
2.302444934844970703e+00
2.304813146591186523e+00
2.302152395248413086e+00
2.303909063339233398e+00
2.302112579345703125e+00
2.302910089492797852e+00
2.301425933837890625e+00
2.298882484436035156e+00
2.301945447921752930e+00
2.301010370254516602e+00
2.304616451263427734e+00
2.304590702056884766e+00
2.302899599075317383e+00
2.304189920425415039e+00
2.303421258926391602e+00
2.298074007034301758e+00
2.301713943481445312e+00
2.302427768707275391e+00
2.299138069152832031e+00
2.301861286163330078e+00
2.303377628326416016e+00
2.300551652908325195e+00
2.301464080810546875e+00
2.302031993865966797e+00
2.305852174758911133e+00
2.304391622543334961e+00
2.305129766464233398e+00
2.303756475448608398e+00
2.300886631011962891e+00
2.305234432220458984e+00
2.301664113998413086e+00
2.298618793487548828e+00
2.302839040756225586e+00
2.301466941833496094e+00
2.304198741912841797e+00
2.303487777709960938e+00
2.302474260330200195e+00
2.305312156677246094e+00
2.302216291427612305e+00
2.301452398300170898e+00
2.304221153259277344e+00
2.300226211547851562e+00
2.300752162933349609e+00
2.302629232406616211e+00
2.300131320953369141e+00
2.298013687133789062e+00
2.302272558212280273e+00
2.303328514099121094e+00
2.303667783737182617e+00
2.304582118988037109e+00
2.299965620040893555e+00
2.302214860916137695e+00
2.301718950271606445e+00
2.305801153182983398e+00
2.303698062896728516e+00
2.304407835006713867e+00
2.302407503128051758e+00
2.305940151214599609e+00
2.302843809127807617e+00
2.302686452865600586e+00
2.302808761596679688e+00
2.303060293197631836e+00
2.303617715835571289e+00
2.302036046981811523e+00
2.306470394134521484e+00
2.303913831710815430e+00
2.303531885147094727e+00
2.302457571029663086e+00
2.304119110107421875e+00
2.303134441375732422e+00
2.300238609313964844e+00
2.303102731704711914e+00
2.302350759506225586e+00
2.306505441665649414e+00
2.303950071334838867e+00
2.307719230651855469e+00
2.306373834609985352e+00
2.299590826034545898e+00
2.300386667251586914e+00
2.301450729370117188e+00
2.300813913345336914e+00
2.306413650512695312e+00
2.306043863296508789e+00
2.303061246871948242e+00
2.305113315582275391e+00
2.304340124130249023e+00
2.302011489868164062e+00
2.302125692367553711e+00
2.300444364547729492e+00
2.303263425827026367e+00
2.305255174636840820e+00
2.302931785583496094e+00
2.301411151885986328e+00
2.301651954650878906e+00
2.301536798477172852e+00
2.302044391632080078e+00
2.300153732299804688e+00
2.301987886428833008e+00
2.304182291030883789e+00
2.302487850189208984e+00
2.302228212356567383e+00
2.303486824035644531e+00
2.303590059280395508e+00
2.301368951797485352e+00
2.302958726882934570e+00
2.304384231567382812e+00
2.304021835327148438e+00
2.300463676452636719e+00
2.307755231857299805e+00
2.304110288619995117e+00
2.302908420562744141e+00
2.299961566925048828e+00
2.304210662841796875e+00
2.303547143936157227e+00
2.299959659576416016e+00
2.304528236389160156e+00
2.306116104125976562e+00
2.303965091705322266e+00
2.304482698440551758e+00
2.301678419113159180e+00
2.302001237869262695e+00
2.299406528472900391e+00
2.302221536636352539e+00
2.303936481475830078e+00
2.300271987915039062e+00
2.302648067474365234e+00
2.302789688110351562e+00
2.300540447235107422e+00
2.303062915802001953e+00
2.305701971054077148e+00
2.301234006881713867e+00
2.303436279296875000e+00
2.303656339645385742e+00
2.304288148880004883e+00
2.300039768218994141e+00
2.301552057266235352e+00
2.302431821823120117e+00
2.300279617309570312e+00
2.307405948638916016e+00
2.301612377166748047e+00
2.302369832992553711e+00
2.302230119705200195e+00
2.304399490356445312e+00
2.303434371948242188e+00
2.303884506225585938e+00
2.303998470306396484e+00
2.303016662597656250e+00
2.303526401519775391e+00
2.300507307052612305e+00
2.301724910736083984e+00
2.302598953247070312e+00
2.302621364593505859e+00
2.302189350128173828e+00
2.301726341247558594e+00
2.303408384323120117e+00
2.299972534179687500e+00
2.305809020996093750e+00
2.303364992141723633e+00
2.303175449371337891e+00
2.305876731872558594e+00
2.307388544082641602e+00
2.301159858703613281e+00
2.300517559051513672e+00
2.303849458694458008e+00
2.301463603973388672e+00
2.303658008575439453e+00
2.302688360214233398e+00
2.303995132446289062e+00
2.302722930908203125e+00
2.301498889923095703e+00
2.302605867385864258e+00
2.302378654479980469e+00
2.304253101348876953e+00
2.301772356033325195e+00
2.303299903869628906e+00
2.300578594207763672e+00
2.301714658737182617e+00
2.303761959075927734e+00
2.302418708801269531e+00
2.301618099212646484e+00
2.301757335662841797e+00
2.303455352783203125e+00
2.299200534820556641e+00
2.303034067153930664e+00
2.303092956542968750e+00
2.302242517471313477e+00
2.302347898483276367e+00
2.303209781646728516e+00
2.304376363754272461e+00
2.303231954574584961e+00
2.305792331695556641e+00
2.301009178161621094e+00
2.300588607788085938e+00
2.303370952606201172e+00
2.302262067794799805e+00
2.303495883941650391e+00
2.302664995193481445e+00
2.300809621810913086e+00
2.300360202789306641e+00
2.302274227142333984e+00
2.304986000061035156e+00
2.300317287445068359e+00
2.303561925888061523e+00
2.304608345031738281e+00
2.302611112594604492e+00
2.305904150009155273e+00
2.303952217102050781e+00
2.305546522140502930e+00
2.303145647048950195e+00
2.302123785018920898e+00
2.304785728454589844e+00
2.301134824752807617e+00
2.301355838775634766e+00
2.300282716751098633e+00
2.303510189056396484e+00
2.302828073501586914e+00
2.300113439559936523e+00
2.302504301071166992e+00
2.299695968627929688e+00
2.302283287048339844e+00
2.302647113800048828e+00
2.303854703903198242e+00
2.304017543792724609e+00
2.300605773925781250e+00
2.303880691528320312e+00
2.300924539566040039e+00
2.302488327026367188e+00
2.304698705673217773e+00
2.301210880279541016e+00
2.303066253662109375e+00
2.303160190582275391e+00
2.300710678100585938e+00
2.301299333572387695e+00
2.301659345626831055e+00
2.300666570663452148e+00
2.301547288894653320e+00
2.301123619079589844e+00
2.305503845214843750e+00
2.304555177688598633e+00
2.301313400268554688e+00
2.300825834274291992e+00
2.301113843917846680e+00
2.301406860351562500e+00
2.301471471786499023e+00
2.302683830261230469e+00
2.301321506500244141e+00
2.305514574050903320e+00
2.303251504898071289e+00
2.304586410522460938e+00
2.303212642669677734e+00
2.303094863891601562e+00
2.301292181015014648e+00
2.306008577346801758e+00
2.297990083694458008e+00
2.300314426422119141e+00
2.302138805389404297e+00
2.303671121597290039e+00
2.300222158432006836e+00
2.304357767105102539e+00
2.304266691207885742e+00
2.306329250335693359e+00
2.301127672195434570e+00
2.303155422210693359e+00
2.300632476806640625e+00
2.304676771163940430e+00
2.305196046829223633e+00
2.302945852279663086e+00
2.303893566131591797e+00
2.302322864532470703e+00
2.301791667938232422e+00
2.304450511932373047e+00
2.304123163223266602e+00
2.305578231811523438e+00
2.301037073135375977e+00
2.304787158966064453e+00
2.301108598709106445e+00
2.301561355590820312e+00
2.304571628570556641e+00
2.304034233093261719e+00
2.299106359481811523e+00
2.303258180618286133e+00
2.307513952255249023e+00
2.303505897521972656e+00
2.303734302520751953e+00
2.303937911987304688e+00
2.302349567413330078e+00
2.301643610000610352e+00
2.303914785385131836e+00
2.304665327072143555e+00
2.302859544754028320e+00
2.305011510848999023e+00
2.298791408538818359e+00
2.301357269287109375e+00
2.301292657852172852e+00
2.304090738296508789e+00
2.303718328475952148e+00
2.300611972808837891e+00
2.303147077560424805e+00
2.303224563598632812e+00
2.303544282913208008e+00
2.304543733596801758e+00
2.307214975357055664e+00
2.307184457778930664e+00
2.302476167678833008e+00
2.302430629730224609e+00
2.306629657745361328e+00
2.304927349090576172e+00
2.298992156982421875e+00
2.302352666854858398e+00
2.301945209503173828e+00
2.304782152175903320e+00
2.302348375320434570e+00
2.306810855865478516e+00
2.303306102752685547e+00
2.303525924682617188e+00
2.303699016571044922e+00
2.304002523422241211e+00
2.299137115478515625e+00
2.302306413650512695e+00
2.301857709884643555e+00
2.308149814605712891e+00
2.303418159484863281e+00
2.300138950347900391e+00
2.302394866943359375e+00
2.304258346557617188e+00
2.304510116577148438e+00
2.299517869949340820e+00
2.302953720092773438e+00
2.303019046783447266e+00
2.303359508514404297e+00
2.302998781204223633e+00
2.307263612747192383e+00
2.303201198577880859e+00
2.303178071975708008e+00
2.303474426269531250e+00
2.301590919494628906e+00
2.302907705307006836e+00
2.301185131072998047e+00
2.306155681610107422e+00
2.303917407989501953e+00
2.300731420516967773e+00
2.303173065185546875e+00
2.302579164505004883e+00
2.302587270736694336e+00
2.303409099578857422e+00
2.303773164749145508e+00
2.303601503372192383e+00
2.302573680877685547e+00
2.304340600967407227e+00
2.300647258758544922e+00
2.302929162979125977e+00
2.301414489746093750e+00
2.302381038665771484e+00
2.302035093307495117e+00
2.303573131561279297e+00
2.302665233612060547e+00
2.304094791412353516e+00
2.302414655685424805e+00
2.304134845733642578e+00
2.305615901947021484e+00
2.303184270858764648e+00
2.302535057067871094e+00
2.303323268890380859e+00
2.301526069641113281e+00
2.300830364227294922e+00
2.303631067276000977e+00
2.301194190979003906e+00
2.302540779113769531e+00
2.302448987960815430e+00
2.303254604339599609e+00
2.302360296249389648e+00
2.301661252975463867e+00
2.303332567214965820e+00
2.302356243133544922e+00
2.302610635757446289e+00
2.305249929428100586e+00
2.305629730224609375e+00
2.301432371139526367e+00
2.303292512893676758e+00
2.300213098526000977e+00
2.302361011505126953e+00
2.301369905471801758e+00
2.306472539901733398e+00
2.305314064025878906e+00
2.302497625350952148e+00
2.302509307861328125e+00
2.303843021392822266e+00
2.301720380783081055e+00
2.303836822509765625e+00
2.302963733673095703e+00
2.304886817932128906e+00
2.304366111755371094e+00
2.301039695739746094e+00
2.304713249206542969e+00
2.300419807434082031e+00
2.300725221633911133e+00
2.301134824752807617e+00
2.305423736572265625e+00
2.302207231521606445e+00
2.301165342330932617e+00
2.304797887802124023e+00
2.303259849548339844e+00
2.299641847610473633e+00
2.303359031677246094e+00
2.301161766052246094e+00
2.303660631179809570e+00
2.301691532135009766e+00
2.304133653640747070e+00
2.304779767990112305e+00
2.299672603607177734e+00
2.301788330078125000e+00
2.302310943603515625e+00
2.302273511886596680e+00
2.303895950317382812e+00
2.305210351943969727e+00
2.302983045578002930e+00
2.302236080169677734e+00
2.303407192230224609e+00
2.301826000213623047e+00
2.303005933761596680e+00
2.304485082626342773e+00
2.304192066192626953e+00
2.303484678268432617e+00
2.305808305740356445e+00
2.303326845169067383e+00
2.302043199539184570e+00
2.303743124008178711e+00
2.302982330322265625e+00
2.300177574157714844e+00
2.303388595581054688e+00
2.301528930664062500e+00
2.305802822113037109e+00
2.302161455154418945e+00
2.302371263504028320e+00
2.301686763763427734e+00
2.300801038742065430e+00
2.301808595657348633e+00
2.303830862045288086e+00
2.302463531494140625e+00
2.302483320236206055e+00
2.302333831787109375e+00
2.302911996841430664e+00
2.302322864532470703e+00
2.303810358047485352e+00
2.301837921142578125e+00
2.305206298828125000e+00
2.303663253784179688e+00
2.305641651153564453e+00
2.302428722381591797e+00
2.304069042205810547e+00
2.304777383804321289e+00
2.302408218383789062e+00
2.302384138107299805e+00
2.303999662399291992e+00
2.299103021621704102e+00
2.301398038864135742e+00
2.302902221679687500e+00
2.301779747009277344e+00
2.302003383636474609e+00
2.302636384963989258e+00
2.302199125289916992e+00
2.302085161209106445e+00
2.301018476486206055e+00
2.302888393402099609e+00
2.303458929061889648e+00
2.302963256835937500e+00
2.301494598388671875e+00
2.300813436508178711e+00
2.302928924560546875e+00
2.300156593322753906e+00
2.304037809371948242e+00
2.305729866027832031e+00
2.303387403488159180e+00
2.304486036300659180e+00
2.302081584930419922e+00
2.301609516143798828e+00
2.304765224456787109e+00
2.304242849349975586e+00
2.302564144134521484e+00
2.303681612014770508e+00
2.305998086929321289e+00
2.304794549942016602e+00
2.303266286849975586e+00
2.301237106323242188e+00
2.303982973098754883e+00
2.303055047988891602e+00
2.302282094955444336e+00
2.301760911941528320e+00
2.303818702697753906e+00
2.302097082138061523e+00
2.304773092269897461e+00
2.303564548492431641e+00
2.303483486175537109e+00
2.303955793380737305e+00
2.300371885299682617e+00
2.301490306854248047e+00
2.304311990737915039e+00
2.302741050720214844e+00
2.303263425827026367e+00
2.302058696746826172e+00
2.302144527435302734e+00
2.303741931915283203e+00
2.301050186157226562e+00
2.301705837249755859e+00
2.303046941757202148e+00
2.301085948944091797e+00
2.301875591278076172e+00
2.303071975708007812e+00
2.302622318267822266e+00
2.304047822952270508e+00
2.300528287887573242e+00
2.304902553558349609e+00
2.304369688034057617e+00
2.301442623138427734e+00
2.302251338958740234e+00
2.301896572113037109e+00
2.303038597106933594e+00
2.302768468856811523e+00
2.302382230758666992e+00
2.302621364593505859e+00
2.303324699401855469e+00
2.302495241165161133e+00
2.305999040603637695e+00
2.308738946914672852e+00
2.305568456649780273e+00
2.302622318267822266e+00
2.303439378738403320e+00
2.301700115203857422e+00
2.303433418273925781e+00
2.303287506103515625e+00
2.301071643829345703e+00
2.300552368164062500e+00
2.299406051635742188e+00
2.300125122070312500e+00
2.302196264266967773e+00
2.302833795547485352e+00
2.303066730499267578e+00
2.301945924758911133e+00
2.304056406021118164e+00
2.300474166870117188e+00
2.299698114395141602e+00
2.304777145385742188e+00
2.304131507873535156e+00
2.306141853332519531e+00
2.300443887710571289e+00
2.304451704025268555e+00
2.304195404052734375e+00
2.302224397659301758e+00
2.301176548004150391e+00
2.302073240280151367e+00
2.300892829895019531e+00
2.303419828414916992e+00
2.300917625427246094e+00
2.302755594253540039e+00
2.305371284484863281e+00
2.299885272979736328e+00
2.302336931228637695e+00
2.301889419555664062e+00
2.299849033355712891e+00
2.307552576065063477e+00
2.303848505020141602e+00
2.302695035934448242e+00
2.302750110626220703e+00
2.302691459655761719e+00
2.305804491043090820e+00
2.305235862731933594e+00
2.301773071289062500e+00
2.303691387176513672e+00
2.300555706024169922e+00
2.301812410354614258e+00
2.301170825958251953e+00
2.303611278533935547e+00
2.303703069686889648e+00
2.306253671646118164e+00
2.301044464111328125e+00
2.306387901306152344e+00
2.300366878509521484e+00
2.299881935119628906e+00
2.301177501678466797e+00
2.302946090698242188e+00
2.304910659790039062e+00
2.300485372543334961e+00
2.308328628540039062e+00
2.299853324890136719e+00
2.305157423019409180e+00
2.303799390792846680e+00
2.300547122955322266e+00
2.306181907653808594e+00
2.299630165100097656e+00
2.301755189895629883e+00
2.299564123153686523e+00
2.301679849624633789e+00
2.301029205322265625e+00
2.305090904235839844e+00
2.301411628723144531e+00
2.303045988082885742e+00
2.303625822067260742e+00
2.301307916641235352e+00
2.302344083786010742e+00
2.303948402404785156e+00
2.301707267761230469e+00
2.304807424545288086e+00
2.300578594207763672e+00
2.304069519042968750e+00
2.307293415069580078e+00
2.302448272705078125e+00
2.301320075988769531e+00
2.302125215530395508e+00
2.301965713500976562e+00
2.306175947189331055e+00
2.299647331237792969e+00
2.301879405975341797e+00
2.300527811050415039e+00
2.304231643676757812e+00
2.303575754165649414e+00
2.303128480911254883e+00
2.299997091293334961e+00
2.301018953323364258e+00
2.305442094802856445e+00
2.304238557815551758e+00
2.300839900970458984e+00
2.298083066940307617e+00
2.303063392639160156e+00
2.302737951278686523e+00
2.304275035858154297e+00
2.302352905273437500e+00
2.300399780273437500e+00
2.304064035415649414e+00
2.305234432220458984e+00
2.298970222473144531e+00
2.303481101989746094e+00
2.300263404846191406e+00
2.303543806076049805e+00
2.305607795715332031e+00
2.305344581604003906e+00
2.303961038589477539e+00
2.302712440490722656e+00
2.303203821182250977e+00
2.305436134338378906e+00
2.303843736648559570e+00
2.312054872512817383e+00
2.302477359771728516e+00
2.300522565841674805e+00
2.304820299148559570e+00
2.303462266921997070e+00
2.300690650939941406e+00
2.302736282348632812e+00
2.302464246749877930e+00
2.300863981246948242e+00
2.301949739456176758e+00
2.303320407867431641e+00
2.304528951644897461e+00
2.305813074111938477e+00
2.302971124649047852e+00
2.302077293395996094e+00
2.304555416107177734e+00
2.304419279098510742e+00
2.301529645919799805e+00
2.304291725158691406e+00
2.302198410034179688e+00
2.302556276321411133e+00
2.302793264389038086e+00
2.302922964096069336e+00
2.304547786712646484e+00
2.301827430725097656e+00
2.302403688430786133e+00
2.303708791732788086e+00
2.300836801528930664e+00
2.303664922714233398e+00
2.303427934646606445e+00
2.303651571273803711e+00
2.302522659301757812e+00
2.299738168716430664e+00
2.303780555725097656e+00
2.303011894226074219e+00
2.302723884582519531e+00
2.301914453506469727e+00
2.301061630249023438e+00
2.301752328872680664e+00
2.304265022277832031e+00
2.304274559020996094e+00
2.305075407028198242e+00
2.302561998367309570e+00
2.301476716995239258e+00
2.303728342056274414e+00
2.304060935974121094e+00
2.300990581512451172e+00
2.303493261337280273e+00
2.301551342010498047e+00
2.301386833190917969e+00
2.303087949752807617e+00
2.303521156311035156e+00
2.302282571792602539e+00
2.301327228546142578e+00
2.304382562637329102e+00
2.302256584167480469e+00
2.303780794143676758e+00
2.304177522659301758e+00
2.300591230392456055e+00
2.302788257598876953e+00
2.303075790405273438e+00
2.302489757537841797e+00
2.303816080093383789e+00
2.302514791488647461e+00
2.303436994552612305e+00
2.302164316177368164e+00
2.305902004241943359e+00
2.304300069808959961e+00
2.304003000259399414e+00
2.302131652832031250e+00
2.304617643356323242e+00
2.304451704025268555e+00
2.301598548889160156e+00
2.302530050277709961e+00
2.301718473434448242e+00
2.301992893218994141e+00
2.301817893981933594e+00
2.303154468536376953e+00
2.301479339599609375e+00
2.300755023956298828e+00
2.301816225051879883e+00
2.302053928375244141e+00
2.301479101181030273e+00
2.303869485855102539e+00
2.300906658172607422e+00
2.306308031082153320e+00
2.300818681716918945e+00
2.302195072174072266e+00
2.301854610443115234e+00
2.305304765701293945e+00
2.304639816284179688e+00
2.304062128067016602e+00
2.301957845687866211e+00
2.302799463272094727e+00
2.302221775054931641e+00
2.303037405014038086e+00
2.301859378814697266e+00
2.301529169082641602e+00
2.303167819976806641e+00
2.300285577774047852e+00
2.302933692932128906e+00
2.303223371505737305e+00
2.303313970565795898e+00
2.305246114730834961e+00
2.301190614700317383e+00
2.302523612976074219e+00
2.297901868820190430e+00
2.303238153457641602e+00
2.303675889968872070e+00
2.305389881134033203e+00
2.305696010589599609e+00
2.302722692489624023e+00
2.300596952438354492e+00
2.303217411041259766e+00
2.304195880889892578e+00
2.302853584289550781e+00
2.301660060882568359e+00
2.299206256866455078e+00
2.300448656082153320e+00
2.300602912902832031e+00
2.300358057022094727e+00
2.304955005645751953e+00
2.307614803314208984e+00
2.300010919570922852e+00
2.304709672927856445e+00
2.304843425750732422e+00
2.303259611129760742e+00
2.300583839416503906e+00
2.302550554275512695e+00
2.305044412612915039e+00
2.301165342330932617e+00
2.303056001663208008e+00
2.303869485855102539e+00
2.302420616149902344e+00
2.301082611083984375e+00
2.301095485687255859e+00
2.308532953262329102e+00
2.302075862884521484e+00
2.301512479782104492e+00
2.303905010223388672e+00
2.301713943481445312e+00
2.301492929458618164e+00
2.303833007812500000e+00
2.303744077682495117e+00
2.301959753036499023e+00
2.304946899414062500e+00
2.302930116653442383e+00
2.301101922988891602e+00
2.305296659469604492e+00
2.304686784744262695e+00
2.302372455596923828e+00
2.301793813705444336e+00
2.304738044738769531e+00
2.302984476089477539e+00
2.303888320922851562e+00
2.302681922912597656e+00
2.302405834197998047e+00
2.302559137344360352e+00
2.301173210144042969e+00
2.303594350814819336e+00
2.302741289138793945e+00
2.301687240600585938e+00
2.302731752395629883e+00
2.300168991088867188e+00
2.301165342330932617e+00
2.303094387054443359e+00
2.303066253662109375e+00
2.304555892944335938e+00
2.303601741790771484e+00
2.301146745681762695e+00
2.300857543945312500e+00
2.300411701202392578e+00
2.304391622543334961e+00
2.301715850830078125e+00
2.301497220993041992e+00
2.300616264343261719e+00
2.305015563964843750e+00
2.301029443740844727e+00
2.300515413284301758e+00
2.301861763000488281e+00
2.299731254577636719e+00
2.299530267715454102e+00
2.299384593963623047e+00
2.306948661804199219e+00
2.307770013809204102e+00
2.302840471267700195e+00
2.301299571990966797e+00
2.299821853637695312e+00
2.306145668029785156e+00
2.302503347396850586e+00
2.301283121109008789e+00
2.305506706237792969e+00
2.300246953964233398e+00
2.303287982940673828e+00
2.308182001113891602e+00
2.305758714675903320e+00
2.300002098083496094e+00
2.302948474884033203e+00
2.302938461303710938e+00
2.300188779830932617e+00
2.299992084503173828e+00
2.302837371826171875e+00
2.304685592651367188e+00
2.303836107254028320e+00
2.304276943206787109e+00
2.302771091461181641e+00
2.305155277252197266e+00
2.303879976272583008e+00
2.303759574890136719e+00
2.303777217864990234e+00
2.301140308380126953e+00
2.305324554443359375e+00
2.304718732833862305e+00
2.302730560302734375e+00
2.304326295852661133e+00
2.300468921661376953e+00
2.301511049270629883e+00
2.302866220474243164e+00
2.302816867828369141e+00
2.301057577133178711e+00
2.302809476852416992e+00
2.303358793258666992e+00
2.304215908050537109e+00
2.305025577545166016e+00
2.305188179016113281e+00
2.301724910736083984e+00
2.307040214538574219e+00
2.299223184585571289e+00
2.303135633468627930e+00
2.301020145416259766e+00
2.300628423690795898e+00
2.302779912948608398e+00
2.300719499588012695e+00
2.305163621902465820e+00
2.301868677139282227e+00
2.300597190856933594e+00
2.301537752151489258e+00
2.304599523544311523e+00
2.304565906524658203e+00
2.301784515380859375e+00
2.303425550460815430e+00
2.302432298660278320e+00
2.302513360977172852e+00
2.303443670272827148e+00
2.303000926971435547e+00
2.301344156265258789e+00
2.306352615356445312e+00
2.302731513977050781e+00
2.303835391998291016e+00
2.303573846817016602e+00
2.302031517028808594e+00
2.301942348480224609e+00
2.304162740707397461e+00
2.302515268325805664e+00
2.304011821746826172e+00
2.304302215576171875e+00
2.302690982818603516e+00
2.301295518875122070e+00
2.300583124160766602e+00
2.304768323898315430e+00
2.305841207504272461e+00
2.302261114120483398e+00
2.303769350051879883e+00
2.302834033966064453e+00
2.304929494857788086e+00
2.302232742309570312e+00
2.301896095275878906e+00
2.301054239273071289e+00
2.302879333496093750e+00
2.302635669708251953e+00
2.303812503814697266e+00
2.301309823989868164e+00
2.301914691925048828e+00
2.305138111114501953e+00
2.302186250686645508e+00
2.302053451538085938e+00
2.302514553070068359e+00
2.301571607589721680e+00
2.303009986877441406e+00
2.304541587829589844e+00
2.305595874786376953e+00
2.304084539413452148e+00
2.301161050796508789e+00
2.302786111831665039e+00
2.304135322570800781e+00
2.301675319671630859e+00
2.306247711181640625e+00
2.301735877990722656e+00
2.304146528244018555e+00
2.302893877029418945e+00
2.301795244216918945e+00
2.302925348281860352e+00
2.302008628845214844e+00
2.304069280624389648e+00
2.303257703781127930e+00
2.303135395050048828e+00
2.303631782531738281e+00
2.303302526473999023e+00
2.302434444427490234e+00
2.303655147552490234e+00
2.300979137420654297e+00
2.300920963287353516e+00
2.302375555038452148e+00
2.304000616073608398e+00
2.302542209625244141e+00
2.303788185119628906e+00
2.301616907119750977e+00
2.302345275878906250e+00
2.302125930786132812e+00
2.300240755081176758e+00
2.301673889160156250e+00
2.304096221923828125e+00
2.303890705108642578e+00
2.301936626434326172e+00
2.304290533065795898e+00
2.301520824432373047e+00
2.302199602127075195e+00
2.305202484130859375e+00
2.301605224609375000e+00
2.304474353790283203e+00
2.301458835601806641e+00
2.304875373840332031e+00
2.305154085159301758e+00
2.303141355514526367e+00
2.301856994628906250e+00
2.303396224975585938e+00
2.302115440368652344e+00
2.302988290786743164e+00
2.301770448684692383e+00
2.303281307220458984e+00
2.301469564437866211e+00
2.302272319793701172e+00
2.302203655242919922e+00
2.305044174194335938e+00
2.303166151046752930e+00
2.302930116653442383e+00
2.303937196731567383e+00
2.301728487014770508e+00
2.301970720291137695e+00
2.301629066467285156e+00
2.302345991134643555e+00
2.302887201309204102e+00
2.302449941635131836e+00
2.302100181579589844e+00
2.302547931671142578e+00
2.303048610687255859e+00
2.300333499908447266e+00
2.304242372512817383e+00
2.301929473876953125e+00
2.303007602691650391e+00
2.304281949996948242e+00
2.301233053207397461e+00
2.304412364959716797e+00
2.302124977111816406e+00
2.301256418228149414e+00
2.300843715667724609e+00
2.302608728408813477e+00
2.302139759063720703e+00
2.300101280212402344e+00
2.302435398101806641e+00
2.304961204528808594e+00
2.303622007369995117e+00
2.303361892700195312e+00
2.301712512969970703e+00
2.302973747253417969e+00
2.303181409835815430e+00
2.301842927932739258e+00
2.301186084747314453e+00
2.305408239364624023e+00
2.302483081817626953e+00
2.299199581146240234e+00
2.303164482116699219e+00
2.303174495697021484e+00
2.305423736572265625e+00
2.300930500030517578e+00
2.306367874145507812e+00
2.299291610717773438e+00
2.304982900619506836e+00
2.305677413940429688e+00
2.305333137512207031e+00
2.306224822998046875e+00
2.302394866943359375e+00
2.302125692367553711e+00
2.303297996520996094e+00
2.302285671234130859e+00
2.302497863769531250e+00
2.302402257919311523e+00
2.303818225860595703e+00
2.301755189895629883e+00
2.304179191589355469e+00
2.301467180252075195e+00
2.303753137588500977e+00
2.302483081817626953e+00
2.304176330566406250e+00
2.303951978683471680e+00
2.301249027252197266e+00
2.304160833358764648e+00
2.301048517227172852e+00
2.302190303802490234e+00
2.301510334014892578e+00
2.305231094360351562e+00
2.303910255432128906e+00
2.303068637847900391e+00
2.304545164108276367e+00
2.300271034240722656e+00
2.303879261016845703e+00
2.302821159362792969e+00
2.302844047546386719e+00
2.301204681396484375e+00
2.302440166473388672e+00
2.304054260253906250e+00
2.302614450454711914e+00
2.303264617919921875e+00
2.302181720733642578e+00
2.304466962814331055e+00
2.302179574966430664e+00
2.303027391433715820e+00
2.303673267364501953e+00
2.304529428482055664e+00
2.299731492996215820e+00
2.300924777984619141e+00
2.304793834686279297e+00
2.298277854919433594e+00
2.302751302719116211e+00
2.302764415740966797e+00
2.302002668380737305e+00
2.301519393920898438e+00
2.302253007888793945e+00
2.305502414703369141e+00
2.302617788314819336e+00
2.302992105484008789e+00
2.304616451263427734e+00
2.301054000854492188e+00
2.304258346557617188e+00
2.303637504577636719e+00
2.301974296569824219e+00
2.303809404373168945e+00
2.303792715072631836e+00
2.301678895950317383e+00
2.303964376449584961e+00
2.302823781967163086e+00
2.302747249603271484e+00
2.299981594085693359e+00
2.303112983703613281e+00
2.299885272979736328e+00
2.303131580352783203e+00
2.300842523574829102e+00
2.303371429443359375e+00
2.304846048355102539e+00
2.305625200271606445e+00
2.303340196609497070e+00
2.300162076950073242e+00
2.302496671676635742e+00
2.302674293518066406e+00
2.303542613983154297e+00
2.299063444137573242e+00
2.302986145019531250e+00
2.302330017089843750e+00
2.302500247955322266e+00
2.304357290267944336e+00
2.304509639739990234e+00
2.303745031356811523e+00
2.301237344741821289e+00
2.302255392074584961e+00
2.303569793701171875e+00
2.301447153091430664e+00
2.301366090774536133e+00
2.302742481231689453e+00
2.304337024688720703e+00
2.302285432815551758e+00
2.302809238433837891e+00
2.304042339324951172e+00
2.300213336944580078e+00
2.303946733474731445e+00
2.297956705093383789e+00
2.300902843475341797e+00
2.305355310440063477e+00
2.300199508666992188e+00
2.302592754364013672e+00
2.303096532821655273e+00
2.301721811294555664e+00
2.305410146713256836e+00
2.301432371139526367e+00
2.298873901367187500e+00
2.304909467697143555e+00
2.300152301788330078e+00
2.306097745895385742e+00
2.303391456604003906e+00
2.301445960998535156e+00
2.302424907684326172e+00
2.306858301162719727e+00
2.301237583160400391e+00
2.301332235336303711e+00
2.301185369491577148e+00
2.308050632476806641e+00
2.303058624267578125e+00
2.305063962936401367e+00
2.300688505172729492e+00
2.302963733673095703e+00
2.303223848342895508e+00
2.305033445358276367e+00
2.304329633712768555e+00
2.306000709533691406e+00
2.303850412368774414e+00
2.304135322570800781e+00
2.302217483520507812e+00
2.302259683609008789e+00
2.305739641189575195e+00
2.303544282913208008e+00
2.302181243896484375e+00
2.303310394287109375e+00
2.301218032836914062e+00
2.300945043563842773e+00
2.303114891052246094e+00
2.302326679229736328e+00
2.300140380859375000e+00
2.304403066635131836e+00
2.301058053970336914e+00
2.298565864562988281e+00
2.299301862716674805e+00
2.299911499023437500e+00
2.302668333053588867e+00
2.305161952972412109e+00
2.302535295486450195e+00
2.300969362258911133e+00
2.305180788040161133e+00
2.300116062164306641e+00
2.301076412200927734e+00
2.297562837600708008e+00
2.301995277404785156e+00
2.304670095443725586e+00
2.306117057800292969e+00
2.301803827285766602e+00
2.304333925247192383e+00
2.306319952011108398e+00
2.300791025161743164e+00
2.305368900299072266e+00
2.302698612213134766e+00
2.306204080581665039e+00
2.301176548004150391e+00
2.300702810287475586e+00
2.305009126663208008e+00
2.301788091659545898e+00
2.303573131561279297e+00
2.303704738616943359e+00
2.304426908493041992e+00
2.305074214935302734e+00
2.304370880126953125e+00
2.303291559219360352e+00
2.300358772277832031e+00
2.301422595977783203e+00
2.299848079681396484e+00
2.304639339447021484e+00
2.305847883224487305e+00
2.305693149566650391e+00
2.304137468338012695e+00
2.304605007171630859e+00
2.300352334976196289e+00
2.302676200866699219e+00
2.304931640625000000e+00
2.298926830291748047e+00
2.305860996246337891e+00
2.299998998641967773e+00
2.303891420364379883e+00
2.304275989532470703e+00
2.303447246551513672e+00
2.305658578872680664e+00
2.304207324981689453e+00
2.300071477890014648e+00
2.302745580673217773e+00
2.303085803985595703e+00
2.299428701400756836e+00
2.301477432250976562e+00
2.303794622421264648e+00
2.303670167922973633e+00
2.301024198532104492e+00
2.302582979202270508e+00
2.303513765335083008e+00
2.299438238143920898e+00
2.305075168609619141e+00
2.304103851318359375e+00
2.301307916641235352e+00
2.301622152328491211e+00
2.306287765502929688e+00
2.305200099945068359e+00
2.301457166671752930e+00
2.304219484329223633e+00
2.301933050155639648e+00
2.299983263015747070e+00
2.304049253463745117e+00
2.301975965499877930e+00
2.305647134780883789e+00
2.302531003952026367e+00
2.302260637283325195e+00
2.304519653320312500e+00
2.300664186477661133e+00
2.301938533782958984e+00
2.305010318756103516e+00
2.300537586212158203e+00
2.304289579391479492e+00
2.301924228668212891e+00
2.304719448089599609e+00
2.306980848312377930e+00
2.300915718078613281e+00
2.305744171142578125e+00
2.303572416305541992e+00
2.297623395919799805e+00
2.308164119720458984e+00
2.302985429763793945e+00
2.306602954864501953e+00
2.302769422531127930e+00
2.300869464874267578e+00
2.305310249328613281e+00
2.306384801864624023e+00
2.302078247070312500e+00
2.300752401351928711e+00
2.301425218582153320e+00
2.302802085876464844e+00
2.304334878921508789e+00
2.303064584732055664e+00
2.302369832992553711e+00
2.301423072814941406e+00
2.304625749588012695e+00
2.304881095886230469e+00
2.301943778991699219e+00
2.302570343017578125e+00
2.302935361862182617e+00
2.301580905914306641e+00
2.304426670074462891e+00
2.303569078445434570e+00
2.302217006683349609e+00
2.302230596542358398e+00
2.305016279220581055e+00
2.304161548614501953e+00
2.303590774536132812e+00
2.303859472274780273e+00
2.304401159286499023e+00
2.305181026458740234e+00
2.303605318069458008e+00
2.302909851074218750e+00
2.302135944366455078e+00
2.304603099822998047e+00
2.305993795394897461e+00
2.302848100662231445e+00
2.303119659423828125e+00
2.304673910140991211e+00
2.304049968719482422e+00
2.304525136947631836e+00
2.302637100219726562e+00
2.303039312362670898e+00
2.302224874496459961e+00
2.302572965621948242e+00
2.302788257598876953e+00
2.304792881011962891e+00
2.303155899047851562e+00
2.303512573242187500e+00
2.302615165710449219e+00
2.303414344787597656e+00
2.301134586334228516e+00
2.303612470626831055e+00
2.302304029464721680e+00
2.302800893783569336e+00
2.303620338439941406e+00
2.303700208663940430e+00
2.301722526550292969e+00
2.302223682403564453e+00
2.303258419036865234e+00
2.303920984268188477e+00
2.302162170410156250e+00
2.302504539489746094e+00
2.303045034408569336e+00
2.303174018859863281e+00
2.302538394927978516e+00
2.303513765335083008e+00
2.301872491836547852e+00
2.301669597625732422e+00
2.302891254425048828e+00
2.302330493927001953e+00
2.303284645080566406e+00
2.301724433898925781e+00
2.301865339279174805e+00
2.303189754486083984e+00
2.301540374755859375e+00
2.303796052932739258e+00
2.303605556488037109e+00
2.302202939987182617e+00
2.301517009735107422e+00
2.303247213363647461e+00
2.302376508712768555e+00
2.302071332931518555e+00
2.303400516510009766e+00
2.302957057952880859e+00
2.301344156265258789e+00
2.302859783172607422e+00
2.303355932235717773e+00
2.303024291992187500e+00
2.304120540618896484e+00
2.303020477294921875e+00
2.302296400070190430e+00
2.303144931793212891e+00
2.301006078720092773e+00
2.303160667419433594e+00
2.302048683166503906e+00
2.303112983703613281e+00
2.302057981491088867e+00
2.301524400711059570e+00
2.303101301193237305e+00
2.301938772201538086e+00
2.300648450851440430e+00
2.301954746246337891e+00
2.303038358688354492e+00
2.302665710449218750e+00
2.300708293914794922e+00
2.302265167236328125e+00
2.302094936370849609e+00
2.302362680435180664e+00
2.301446914672851562e+00
2.304555892944335938e+00
2.302595615386962891e+00
2.303541183471679688e+00
2.303023815155029297e+00
2.302285432815551758e+00
2.302057981491088867e+00
2.303815841674804688e+00
2.300900459289550781e+00
2.299795150756835938e+00
2.303285121917724609e+00
2.303572654724121094e+00
2.299659252166748047e+00
2.303194522857666016e+00
2.301921606063842773e+00
2.299760580062866211e+00
2.304638385772705078e+00
2.298188447952270508e+00
2.302029132843017578e+00
2.302966594696044922e+00
2.305888414382934570e+00
2.301927804946899414e+00
2.300463676452636719e+00
2.302467346191406250e+00
2.304017305374145508e+00
2.303815841674804688e+00
2.306397438049316406e+00
2.300412178039550781e+00
2.303088903427124023e+00
2.302635431289672852e+00
2.305000782012939453e+00
2.300079107284545898e+00
2.297557830810546875e+00
2.303232192993164062e+00
2.304210186004638672e+00
2.302335739135742188e+00
2.304662942886352539e+00
2.303016185760498047e+00
2.299886465072631836e+00
2.302968978881835938e+00
2.300332546234130859e+00
2.301014900207519531e+00
2.303273916244506836e+00
2.303906440734863281e+00
2.301688432693481445e+00
2.304274559020996094e+00
2.301623582839965820e+00
2.302414178848266602e+00
2.303366422653198242e+00
2.305230140686035156e+00
2.300170183181762695e+00
2.302687168121337891e+00
2.299719333648681641e+00
2.296283960342407227e+00
2.304026126861572266e+00
2.304008245468139648e+00
2.303533792495727539e+00
2.303977966308593750e+00
2.304507017135620117e+00
2.305571794509887695e+00
2.300765037536621094e+00
2.303813934326171875e+00
2.305660724639892578e+00
2.300981760025024414e+00
2.303784608840942383e+00
2.301438093185424805e+00
2.299999713897705078e+00
2.305291175842285156e+00
2.299861192703247070e+00
2.299173593521118164e+00
2.300603151321411133e+00
2.300675153732299805e+00
2.298343658447265625e+00
2.305202484130859375e+00
2.301388025283813477e+00
2.296350479125976562e+00
2.299617767333984375e+00
2.299856185913085938e+00
2.307558298110961914e+00
2.303811073303222656e+00
2.304560899734497070e+00
2.303984880447387695e+00
2.301451444625854492e+00
2.303448915481567383e+00
2.306962013244628906e+00
2.303104162216186523e+00
2.297584772109985352e+00
2.304440975189208984e+00
2.299517869949340820e+00
2.296538352966308594e+00
2.308732509613037109e+00
2.299411058425903320e+00
2.302347183227539062e+00
2.298859596252441406e+00
2.303109884262084961e+00
2.303965806961059570e+00
2.300078392028808594e+00
2.305030822753906250e+00
2.301461696624755859e+00
2.307154893875122070e+00
2.302679538726806641e+00
2.298197269439697266e+00
2.298406362533569336e+00
2.301045894622802734e+00
2.305189609527587891e+00
2.303850650787353516e+00
2.307276487350463867e+00
2.298303842544555664e+00
2.298856735229492188e+00
2.303999185562133789e+00
2.299053192138671875e+00
2.303110837936401367e+00
2.300440549850463867e+00
2.298702239990234375e+00
2.302740573883056641e+00
2.304551124572753906e+00
2.311336755752563477e+00
2.300482749938964844e+00
2.302448987960815430e+00
2.301520347595214844e+00
2.306090831756591797e+00
2.304260492324829102e+00
2.296206712722778320e+00
2.301639556884765625e+00
2.306704521179199219e+00
2.301693677902221680e+00
2.300546407699584961e+00
2.302470684051513672e+00
2.307746410369873047e+00
2.298466205596923828e+00
2.305015325546264648e+00
2.300453662872314453e+00
2.297508955001831055e+00
2.299594402313232422e+00
2.300954103469848633e+00
2.308379411697387695e+00
2.300613164901733398e+00
2.306435108184814453e+00
2.307476758956909180e+00
2.299649715423583984e+00
2.304993391036987305e+00
2.307002067565917969e+00
2.305593967437744141e+00
2.301949501037597656e+00
2.303389787673950195e+00
2.300559759140014648e+00
2.306843519210815430e+00
2.310028553009033203e+00
2.301931858062744141e+00
2.299127101898193359e+00
2.307419538497924805e+00
2.301319122314453125e+00
2.298406600952148438e+00
2.305110931396484375e+00
2.305003643035888672e+00
2.298665761947631836e+00
2.304751396179199219e+00
2.302817344665527344e+00
2.298048734664916992e+00
2.305313348770141602e+00
2.303320169448852539e+00
2.304868459701538086e+00
2.298986196517944336e+00
2.304734945297241211e+00
2.301625013351440430e+00
2.300890445709228516e+00
2.298696279525756836e+00
2.309530973434448242e+00
2.303838729858398438e+00
2.308153629302978516e+00
2.305177927017211914e+00
2.300268173217773438e+00
2.305455684661865234e+00
2.301955938339233398e+00
2.307642936706542969e+00
2.305542945861816406e+00
2.300589561462402344e+00
2.298426866531372070e+00
2.305298328399658203e+00
2.301134824752807617e+00
2.302688837051391602e+00
2.301666975021362305e+00
2.299260854721069336e+00
2.303555011749267578e+00
2.299041032791137695e+00
2.298239946365356445e+00
2.305497884750366211e+00
2.299731254577636719e+00
2.302010297775268555e+00
2.303132534027099609e+00
2.302433252334594727e+00
2.300790071487426758e+00
2.300490617752075195e+00
2.304156303405761719e+00
2.307325839996337891e+00
2.300802469253540039e+00
2.308018684387207031e+00
2.302033901214599609e+00
2.300076961517333984e+00
2.305274724960327148e+00
2.295713424682617188e+00
2.301733493804931641e+00
2.307029008865356445e+00
2.302457571029663086e+00
2.300067186355590820e+00
2.303468942642211914e+00
2.301480770111083984e+00
2.302461385726928711e+00
2.304161787033081055e+00
2.299319982528686523e+00
2.299749851226806641e+00
2.304259538650512695e+00
2.302881956100463867e+00
2.301047325134277344e+00
2.304313659667968750e+00
2.302151203155517578e+00
2.299623727798461914e+00
2.299134731292724609e+00
2.301771163940429688e+00
2.304281949996948242e+00
2.302909851074218750e+00
2.305734872817993164e+00
2.299509763717651367e+00
2.301147937774658203e+00
2.303755760192871094e+00
2.312577962875366211e+00
2.301600217819213867e+00
2.302376508712768555e+00
2.308081626892089844e+00
2.298583745956420898e+00
2.301821947097778320e+00
2.307944536209106445e+00
2.305321455001831055e+00
2.302533149719238281e+00
2.304033041000366211e+00
2.302175760269165039e+00
2.306298494338989258e+00
2.299104928970336914e+00
2.305088996887207031e+00
2.306268692016601562e+00
2.303097248077392578e+00
2.305049657821655273e+00
2.301755428314208984e+00
2.302670478820800781e+00
2.300606966018676758e+00
2.311915636062622070e+00
2.305971145629882812e+00
2.303766489028930664e+00
2.303107976913452148e+00
2.302761316299438477e+00
2.297619581222534180e+00
2.302151679992675781e+00
2.305346727371215820e+00
2.303816795349121094e+00
2.303865432739257812e+00
2.298888921737670898e+00
2.301996946334838867e+00
2.301834106445312500e+00
2.304385662078857422e+00
2.306234359741210938e+00
2.304057359695434570e+00
2.304089307785034180e+00
2.304154157638549805e+00
2.305795669555664062e+00
2.301729202270507812e+00
2.301420927047729492e+00
2.299797534942626953e+00
2.307221174240112305e+00
2.303875923156738281e+00
2.302270650863647461e+00
2.300279140472412109e+00
2.303045272827148438e+00
2.301161766052246094e+00
2.301079750061035156e+00
2.304168939590454102e+00
2.303801059722900391e+00
2.302478075027465820e+00
2.304268836975097656e+00
2.298873662948608398e+00
2.301614999771118164e+00
2.302888154983520508e+00
2.305252790451049805e+00
2.303169727325439453e+00
2.304891347885131836e+00
2.301453828811645508e+00
2.304085969924926758e+00
2.305451393127441406e+00
2.301721572875976562e+00
2.304358005523681641e+00
2.302619934082031250e+00
2.301463603973388672e+00
2.308902502059936523e+00
2.303640604019165039e+00
2.304004192352294922e+00
2.305406570434570312e+00
2.304452896118164062e+00
2.302780628204345703e+00
2.301903724670410156e+00
2.305991411209106445e+00
2.297632217407226562e+00
2.305572748184204102e+00
2.302741289138793945e+00
2.301496267318725586e+00
2.303049564361572266e+00
2.303570985794067383e+00
2.305688858032226562e+00
2.302674293518066406e+00
2.304536104202270508e+00
2.306112527847290039e+00
2.301818847656250000e+00
2.302400827407836914e+00
2.301537513732910156e+00
2.302993535995483398e+00
2.300634622573852539e+00
2.302887916564941406e+00
2.302499055862426758e+00
2.303689241409301758e+00
2.303117275238037109e+00
2.302631139755249023e+00
2.304534435272216797e+00
2.300318479537963867e+00
2.302497386932373047e+00
2.301677465438842773e+00
2.305906295776367188e+00
2.299577236175537109e+00
2.301278591156005859e+00
2.301758766174316406e+00
2.304762840270996094e+00
2.298058748245239258e+00
2.301655054092407227e+00
2.301780223846435547e+00
2.304576873779296875e+00
2.303449153900146484e+00
2.302572011947631836e+00
2.300362825393676758e+00
2.305359125137329102e+00
2.303775072097778320e+00
2.303612470626831055e+00
2.301901340484619141e+00
2.304064989089965820e+00
2.305031776428222656e+00
2.305013895034790039e+00
2.303731679916381836e+00
2.298714160919189453e+00
2.305548906326293945e+00
2.303468704223632812e+00
2.303069591522216797e+00
2.301542997360229492e+00
2.303059101104736328e+00
2.306160688400268555e+00
2.302256584167480469e+00
2.303618669509887695e+00
2.302383899688720703e+00
2.301743507385253906e+00
2.301819324493408203e+00
2.302603721618652344e+00
2.300466775894165039e+00
2.300575494766235352e+00
2.298654794692993164e+00
2.302711963653564453e+00
2.300821781158447266e+00
2.302871704101562500e+00
2.304203510284423828e+00
2.300813674926757812e+00
2.304958581924438477e+00
2.299838781356811523e+00
2.303173542022705078e+00
2.299876928329467773e+00
2.304143428802490234e+00
2.302705764770507812e+00
2.302389621734619141e+00
2.303224802017211914e+00
2.306100368499755859e+00
2.302933692932128906e+00
2.303785562515258789e+00
2.300288915634155273e+00
2.302138090133666992e+00
2.303913831710815430e+00
2.302234172821044922e+00
2.301716566085815430e+00
2.303860902786254883e+00
2.300864219665527344e+00
2.303123712539672852e+00
2.303871631622314453e+00
2.303825855255126953e+00
2.302978515625000000e+00
2.300456762313842773e+00
2.302639484405517578e+00
2.298958539962768555e+00
2.304538726806640625e+00
2.305282592773437500e+00
2.300366878509521484e+00
2.306124210357666016e+00
2.306199073791503906e+00
2.302465677261352539e+00
2.302792549133300781e+00
2.303098917007446289e+00
2.302692651748657227e+00
2.304089784622192383e+00
2.306160449981689453e+00
2.304637193679809570e+00
2.302920818328857422e+00
2.298682689666748047e+00
2.301451206207275391e+00
2.301678895950317383e+00
2.302490949630737305e+00
2.306920528411865234e+00
2.304743051528930664e+00
2.299817085266113281e+00
2.299376010894775391e+00
2.299576520919799805e+00
2.300872564315795898e+00
2.304380178451538086e+00
2.302479743957519531e+00
2.304233074188232422e+00
2.304374456405639648e+00
2.300040721893310547e+00
2.305391788482666016e+00
2.308789968490600586e+00
2.303316831588745117e+00
2.305890560150146484e+00
2.303365707397460938e+00
2.300339937210083008e+00
2.305248737335205078e+00
2.301061391830444336e+00
2.302003860473632812e+00
2.303046226501464844e+00
2.302192687988281250e+00
2.301649093627929688e+00
2.303478717803955078e+00
2.303980588912963867e+00
2.299205541610717773e+00
2.300886631011962891e+00
2.302598476409912109e+00
2.302859783172607422e+00
2.301978111267089844e+00
2.305251598358154297e+00
2.301160812377929688e+00
2.305987834930419922e+00
2.304032325744628906e+00
2.303462982177734375e+00
2.303530454635620117e+00
2.302366495132446289e+00
2.300214052200317383e+00
2.301684617996215820e+00
2.303380727767944336e+00
2.296805858612060547e+00
2.304998159408569336e+00
2.300154685974121094e+00
2.303288698196411133e+00
2.302398443222045898e+00
2.300052404403686523e+00
2.302862167358398438e+00
2.305285215377807617e+00
2.302248239517211914e+00
2.305885553359985352e+00
2.299001932144165039e+00
2.302046537399291992e+00
2.301811695098876953e+00
2.301652193069458008e+00
2.305276155471801758e+00
2.303249835968017578e+00
2.307685852050781250e+00
2.299236297607421875e+00
2.304495811462402344e+00
2.303488969802856445e+00
2.308280467987060547e+00
2.304331541061401367e+00
2.302991151809692383e+00
2.303699970245361328e+00
2.305835962295532227e+00
2.304957389831542969e+00
2.303264617919921875e+00
2.297080278396606445e+00
2.303149938583374023e+00
2.304570674896240234e+00
2.297566413879394531e+00
2.304501295089721680e+00
2.300291299819946289e+00
2.299600839614868164e+00
2.300765514373779297e+00
2.299698352813720703e+00
2.303896665573120117e+00
2.305660486221313477e+00
2.302403688430786133e+00
2.305375099182128906e+00
2.301395177841186523e+00
2.306330204010009766e+00
2.298695325851440430e+00
2.302429914474487305e+00
2.300548791885375977e+00
2.304039955139160156e+00
2.298216342926025391e+00
2.302665948867797852e+00
2.305177688598632812e+00
2.305437088012695312e+00
2.303411006927490234e+00
2.298473596572875977e+00
2.302712917327880859e+00
2.306120634078979492e+00
2.301862478256225586e+00
2.303902387619018555e+00
2.304867267608642578e+00
2.298041105270385742e+00
2.302066087722778320e+00
2.305892467498779297e+00
2.304054737091064453e+00
2.304625749588012695e+00
2.302847385406494141e+00
2.303818225860595703e+00
2.303307056427001953e+00
2.303655624389648438e+00
2.303674459457397461e+00
2.302285432815551758e+00
2.297914981842041016e+00
2.300833940505981445e+00
2.301504850387573242e+00
2.310644865036010742e+00
2.303070783615112305e+00
2.303567886352539062e+00
2.301461458206176758e+00
2.303005695343017578e+00
2.304585695266723633e+00
2.303782939910888672e+00
2.309811592102050781e+00
2.299428224563598633e+00
2.304070949554443359e+00
2.299214124679565430e+00
2.305805444717407227e+00
2.303877830505371094e+00
2.305089473724365234e+00
2.303229331970214844e+00
2.304270982742309570e+00
2.302205801010131836e+00
2.303225755691528320e+00
2.304168701171875000e+00
2.302875041961669922e+00
2.303970336914062500e+00
2.300975561141967773e+00
2.302088499069213867e+00
2.302262783050537109e+00
2.301373481750488281e+00
2.303610324859619141e+00
2.301955699920654297e+00
2.304041147232055664e+00
2.300567626953125000e+00
2.304211139678955078e+00
2.302081584930419922e+00
2.302789926528930664e+00
2.304969310760498047e+00
2.301595449447631836e+00
2.303609609603881836e+00
2.302024126052856445e+00
2.301893949508666992e+00
2.301735162734985352e+00
2.301310777664184570e+00
2.301496744155883789e+00
2.302614212036132812e+00
2.302021503448486328e+00
2.303380727767944336e+00
2.302865743637084961e+00
2.303285837173461914e+00
2.303154230117797852e+00
2.304418802261352539e+00
2.304228305816650391e+00
2.303532123565673828e+00
2.302624940872192383e+00
2.305456638336181641e+00
2.304124832153320312e+00
2.301290512084960938e+00
2.302101612091064453e+00
2.305295705795288086e+00
2.300301790237426758e+00
2.301449537277221680e+00
2.306581735610961914e+00
2.299397230148315430e+00
2.303513526916503906e+00
2.302671432495117188e+00
2.300937414169311523e+00
2.301003217697143555e+00
2.304093599319458008e+00
2.300268411636352539e+00
2.299343585968017578e+00
2.303918600082397461e+00
2.302444934844970703e+00
2.302939414978027344e+00
2.301082372665405273e+00
2.302499771118164062e+00
2.300882577896118164e+00
2.301952838897705078e+00
2.304479360580444336e+00
2.306463241577148438e+00
2.301138162612915039e+00
2.301618576049804688e+00
2.303234577178955078e+00
2.304516315460205078e+00
2.301023006439208984e+00
2.300137042999267578e+00
2.302665948867797852e+00
2.300206184387207031e+00
2.303445816040039062e+00
2.307678222656250000e+00
2.300513505935668945e+00
2.302442312240600586e+00
2.306808233261108398e+00
2.301802158355712891e+00
2.302412748336791992e+00
2.304714679718017578e+00
2.300694227218627930e+00
2.304974317550659180e+00
2.303203105926513672e+00
2.303663253784179688e+00
2.303026199340820312e+00
2.303239345550537109e+00
2.300695896148681641e+00
2.301641464233398438e+00
2.302283048629760742e+00
2.304978609085083008e+00
2.302910089492797852e+00
2.303617000579833984e+00
2.301184415817260742e+00
2.302088499069213867e+00
2.303778171539306641e+00
2.303147315979003906e+00
2.300178766250610352e+00
2.303208112716674805e+00
2.302635669708251953e+00
2.302172422409057617e+00
2.304535150527954102e+00
2.301615953445434570e+00
2.304925441741943359e+00
2.306875228881835938e+00
2.306119918823242188e+00
2.301892518997192383e+00
2.300085783004760742e+00
2.300675392150878906e+00
2.302286863327026367e+00
2.304255008697509766e+00
2.299813508987426758e+00
2.302871704101562500e+00
2.305250644683837891e+00
2.302294969558715820e+00
2.301483154296875000e+00
2.304838895797729492e+00
2.301044464111328125e+00
2.305594921112060547e+00
2.303786039352416992e+00
2.304234743118286133e+00
2.303021430969238281e+00
2.303278446197509766e+00
2.302053689956665039e+00
2.303056240081787109e+00
2.299902677536010742e+00
2.302883863449096680e+00
2.303549289703369141e+00
2.302052736282348633e+00
2.304817438125610352e+00
2.300661802291870117e+00
2.303519964218139648e+00
2.303874254226684570e+00
2.299874544143676758e+00
2.297139883041381836e+00
2.302607536315917969e+00
2.301831483840942383e+00
2.306324243545532227e+00
2.299747943878173828e+00
2.301537036895751953e+00
2.304808616638183594e+00
2.305024623870849609e+00
2.301539659500122070e+00
2.303414344787597656e+00
2.303067684173583984e+00
2.302040100097656250e+00
2.304712772369384766e+00
2.300771713256835938e+00
2.302695989608764648e+00
2.300331592559814453e+00
2.303580760955810547e+00
2.303395986557006836e+00
2.306060791015625000e+00
2.305212020874023438e+00
2.301941156387329102e+00
2.301578044891357422e+00
2.304642915725708008e+00
2.299798965454101562e+00
2.302812337875366211e+00
2.303412675857543945e+00
2.303468227386474609e+00
2.304067611694335938e+00
2.303951263427734375e+00
2.302005290985107422e+00
2.302089214324951172e+00
2.309472560882568359e+00
2.303354263305664062e+00
2.304605007171630859e+00
2.305185079574584961e+00
2.303154706954956055e+00
2.303605318069458008e+00
2.305611610412597656e+00
2.305172681808471680e+00
2.304939508438110352e+00
2.302583217620849609e+00
2.304459095001220703e+00
2.303282976150512695e+00
2.304031133651733398e+00
2.301638126373291016e+00
2.301882266998291016e+00
2.303605794906616211e+00
2.300877332687377930e+00
2.303003549575805664e+00
2.300906896591186523e+00
2.302988052368164062e+00
2.301903486251831055e+00
2.302200555801391602e+00
2.302515268325805664e+00
2.302240848541259766e+00
2.304976701736450195e+00
2.304254293441772461e+00
2.303326606750488281e+00
2.302803993225097656e+00
2.302637100219726562e+00
2.300025463104248047e+00
2.303391933441162109e+00
2.305253744125366211e+00
2.303279399871826172e+00
2.304063558578491211e+00
2.303898572921752930e+00
2.303538084030151367e+00
2.302010297775268555e+00
2.302667617797851562e+00
2.303011655807495117e+00
2.303454399108886719e+00
2.302364110946655273e+00
2.301592350006103516e+00
2.304880619049072266e+00
2.302925109863281250e+00
2.302670478820800781e+00
2.303174018859863281e+00
2.304339885711669922e+00
2.299858331680297852e+00
2.301250696182250977e+00
2.302247285842895508e+00
2.302006244659423828e+00
2.302368164062500000e+00
2.304445505142211914e+00
2.303879499435424805e+00
2.303333044052124023e+00
2.302803516387939453e+00
2.301970720291137695e+00
2.302263975143432617e+00
2.298737525939941406e+00
2.300839424133300781e+00
2.302019834518432617e+00
2.301635742187500000e+00
2.303707599639892578e+00
2.301333904266357422e+00
2.300803184509277344e+00
2.301226377487182617e+00
2.303824186325073242e+00
2.301357269287109375e+00
2.301434993743896484e+00
2.299813985824584961e+00
2.302780151367187500e+00
2.302965641021728516e+00
2.300052881240844727e+00
2.302522897720336914e+00
2.302032947540283203e+00
2.301640748977661133e+00
2.302242279052734375e+00
2.306324481964111328e+00
2.301214694976806641e+00
2.305882215499877930e+00
2.301031827926635742e+00
2.303515195846557617e+00
2.303892374038696289e+00
2.299961328506469727e+00
2.303032636642456055e+00
2.305447578430175781e+00
2.301890850067138672e+00
2.302469491958618164e+00
2.301306247711181641e+00
2.302591562271118164e+00
2.304174184799194336e+00
2.302217245101928711e+00
2.301372289657592773e+00
2.303311586380004883e+00
2.303149938583374023e+00
2.301242828369140625e+00
2.307970046997070312e+00
2.303857803344726562e+00
2.304807901382446289e+00
2.304331541061401367e+00
2.301065921783447266e+00
2.295775175094604492e+00
2.300479888916015625e+00
2.306169986724853516e+00
2.302825450897216797e+00
2.303761243820190430e+00
2.299419879913330078e+00
2.302240848541259766e+00
2.303737640380859375e+00
2.301593065261840820e+00
2.303725004196166992e+00
2.308097839355468750e+00
2.306866407394409180e+00
2.302265167236328125e+00
2.303303480148315430e+00
2.302502632141113281e+00
2.302830934524536133e+00
2.304769277572631836e+00
2.304437160491943359e+00
2.303626060485839844e+00
2.304288148880004883e+00
2.302481651306152344e+00
2.301614522933959961e+00
2.301308870315551758e+00
2.303205013275146484e+00
2.300863504409790039e+00
2.300337076187133789e+00
2.302407264709472656e+00
2.303026437759399414e+00
2.305766344070434570e+00
2.304182052612304688e+00
2.299744844436645508e+00
2.302905797958374023e+00
2.300390243530273438e+00
2.300597429275512695e+00
2.304282188415527344e+00
2.301788091659545898e+00
2.304494619369506836e+00
2.306152343750000000e+00
2.302507400512695312e+00
2.304812431335449219e+00
2.300662517547607422e+00
2.304123401641845703e+00
2.304242372512817383e+00
2.304667949676513672e+00
2.308979988098144531e+00
2.303971767425537109e+00
2.301725864410400391e+00
2.306485414505004883e+00
2.301455974578857422e+00
2.304458379745483398e+00
2.304216384887695312e+00
2.303416490554809570e+00
2.304459571838378906e+00
2.299394845962524414e+00
2.305933952331542969e+00
2.300999879837036133e+00
2.304940700531005859e+00
2.302349090576171875e+00
2.303535938262939453e+00
2.305392026901245117e+00
2.304237127304077148e+00
2.303934812545776367e+00
2.304503202438354492e+00
2.301709890365600586e+00
2.300461292266845703e+00
2.301029682159423828e+00
2.306304931640625000e+00
2.302176475524902344e+00
2.302074193954467773e+00
2.302602529525756836e+00
2.303453683853149414e+00
2.301435947418212891e+00
2.302198171615600586e+00
2.301984548568725586e+00
2.303184032440185547e+00
2.302679300308227539e+00
2.301475286483764648e+00
2.302308559417724609e+00
2.303209066390991211e+00
2.302910566329956055e+00
2.302974224090576172e+00
2.302295446395874023e+00
2.304167509078979492e+00
2.303642511367797852e+00
2.302096605300903320e+00
2.300410270690917969e+00
2.301836490631103516e+00
2.302435874938964844e+00
2.303175449371337891e+00
2.304403781890869141e+00
2.301470279693603516e+00
2.304102420806884766e+00
2.300425767898559570e+00
2.304926872253417969e+00
2.302647352218627930e+00
2.304607152938842773e+00
2.303898572921752930e+00
2.300289392471313477e+00
2.302872419357299805e+00
2.303007602691650391e+00
2.304139137268066406e+00
2.302237033843994141e+00
2.302295446395874023e+00
2.303460836410522461e+00
2.303372144699096680e+00
2.300578832626342773e+00
2.303845167160034180e+00
2.303773403167724609e+00
2.303596258163452148e+00
2.303540229797363281e+00
2.301762104034423828e+00
2.303979158401489258e+00
2.303101539611816406e+00
2.301128625869750977e+00
2.304110765457153320e+00
2.300940036773681641e+00
2.301063060760498047e+00
2.300938844680786133e+00
2.301942110061645508e+00
2.304300546646118164e+00
2.304073572158813477e+00
2.301785707473754883e+00
2.303306579589843750e+00
2.301954030990600586e+00
2.303508043289184570e+00
2.302726984024047852e+00
2.301682710647583008e+00
2.302495718002319336e+00
2.300233840942382812e+00
2.302114248275756836e+00
2.303863525390625000e+00
2.301675319671630859e+00
2.301521539688110352e+00
2.304549455642700195e+00
2.302393674850463867e+00
2.306066989898681641e+00
2.305142164230346680e+00
2.302065849304199219e+00
2.299890756607055664e+00
2.302604913711547852e+00
2.305102109909057617e+00
2.302606105804443359e+00
2.303038597106933594e+00
2.300492763519287109e+00
2.301747322082519531e+00
2.302981376647949219e+00
2.302259206771850586e+00
2.302640199661254883e+00
2.304462671279907227e+00
2.301044225692749023e+00
2.303782224655151367e+00
2.300414562225341797e+00
2.302660465240478516e+00
2.302593946456909180e+00
2.303762674331665039e+00
2.303078174591064453e+00
2.303081035614013672e+00
2.303369998931884766e+00
2.303682088851928711e+00
2.302603244781494141e+00
2.304579257965087891e+00
2.306503295898437500e+00
2.305770397186279297e+00
2.303495168685913086e+00
2.305475950241088867e+00
2.301681756973266602e+00
2.304098606109619141e+00
2.302892923355102539e+00
2.304074048995971680e+00
2.301306009292602539e+00
2.302011251449584961e+00
2.302600145339965820e+00
2.302602052688598633e+00
2.301589250564575195e+00
2.299991846084594727e+00
2.300909042358398438e+00
2.305491924285888672e+00
2.304415225982666016e+00
2.302043676376342773e+00
2.301991939544677734e+00
2.304039478302001953e+00
2.304446220397949219e+00
2.302761077880859375e+00
2.303923368453979492e+00
2.301381587982177734e+00
2.303984642028808594e+00
2.303489685058593750e+00
2.304405927658081055e+00
2.302048444747924805e+00
2.301543474197387695e+00
2.306495904922485352e+00
2.302942037582397461e+00
2.304353713989257812e+00
2.301953315734863281e+00
2.302365779876708984e+00
2.302338838577270508e+00
2.302632808685302734e+00
2.304306507110595703e+00
2.301923513412475586e+00
2.301918268203735352e+00
2.302538156509399414e+00
2.304109096527099609e+00
2.303306341171264648e+00
2.301391601562500000e+00
2.302917003631591797e+00
2.302585363388061523e+00
2.303641557693481445e+00
2.303904771804809570e+00
2.302046537399291992e+00
2.303352117538452148e+00
2.301833152770996094e+00
2.302426576614379883e+00
2.304907560348510742e+00
2.302153110504150391e+00
2.298491477966308594e+00
2.304026365280151367e+00
2.301610708236694336e+00
2.303205013275146484e+00
2.301833868026733398e+00
2.304821491241455078e+00
2.304147243499755859e+00
2.300994157791137695e+00
2.302697896957397461e+00
2.304259300231933594e+00
2.304620504379272461e+00
2.302126169204711914e+00
2.301050662994384766e+00
2.302089691162109375e+00
2.302820444107055664e+00
2.303793907165527344e+00
2.306486845016479492e+00
2.301916837692260742e+00
2.303400278091430664e+00
2.302055597305297852e+00
2.303557634353637695e+00
2.301814317703247070e+00
2.301787614822387695e+00
2.302716970443725586e+00
2.303177595138549805e+00
2.302044153213500977e+00
2.304564714431762695e+00
2.303458690643310547e+00
2.303169012069702148e+00
2.303819894790649414e+00
2.303248405456542969e+00
2.302179336547851562e+00
2.302638292312622070e+00
2.300085783004760742e+00
2.305434703826904297e+00
2.303410291671752930e+00
2.301529645919799805e+00
2.301756620407104492e+00
2.302171945571899414e+00
2.301208496093750000e+00
2.303059577941894531e+00
2.303230524063110352e+00
2.303271532058715820e+00
2.304486036300659180e+00
2.303549766540527344e+00
2.301660299301147461e+00
2.301834106445312500e+00
2.302356719970703125e+00
2.301436662673950195e+00
2.301853418350219727e+00
2.303369998931884766e+00
2.302273035049438477e+00
2.303869247436523438e+00
2.302681922912597656e+00
2.302948236465454102e+00
2.303137779235839844e+00
2.302353382110595703e+00
2.304315805435180664e+00
2.304207086563110352e+00
2.303821086883544922e+00
2.300274133682250977e+00
2.302707672119140625e+00
2.303351640701293945e+00
2.304217576980590820e+00
2.302021980285644531e+00
2.304749965667724609e+00
2.300185680389404297e+00
2.303903102874755859e+00
2.303503513336181641e+00
2.304050445556640625e+00
2.303211212158203125e+00
2.302331447601318359e+00
2.302566528320312500e+00
2.301979780197143555e+00
2.303113698959350586e+00
2.303160667419433594e+00
2.304059982299804688e+00
2.301959514617919922e+00
2.303326606750488281e+00
2.303783416748046875e+00
2.305011034011840820e+00
2.302431344985961914e+00
2.302634716033935547e+00
2.300702571868896484e+00
2.302387714385986328e+00
2.300423383712768555e+00
2.304744243621826172e+00
2.301135778427124023e+00
2.303675651550292969e+00
2.302924871444702148e+00
2.302336692810058594e+00
2.303100824356079102e+00
2.304448127746582031e+00
2.305150985717773438e+00
2.302681446075439453e+00
2.302333354949951172e+00
2.302259445190429688e+00
2.301532983779907227e+00
2.304195165634155273e+00
2.301229476928710938e+00
2.301383972167968750e+00
2.301283359527587891e+00
2.303743362426757812e+00
2.302432775497436523e+00
2.304048538208007812e+00
2.303460836410522461e+00
2.302873849868774414e+00
2.303805112838745117e+00
2.303565979003906250e+00
2.302256107330322266e+00
2.302430629730224609e+00
2.302212476730346680e+00
2.302797555923461914e+00
2.302583217620849609e+00
2.305656909942626953e+00
2.304433107376098633e+00
2.302090406417846680e+00
2.300512313842773438e+00
2.301965951919555664e+00
2.299994468688964844e+00
2.302749156951904297e+00
2.304296255111694336e+00
2.302579879760742188e+00
2.304593801498413086e+00
2.300903320312500000e+00
2.300019264221191406e+00
2.303742885589599609e+00
2.301508903503417969e+00
2.302947282791137695e+00
2.301305294036865234e+00
2.302412986755371094e+00
2.301485538482666016e+00
2.302962779998779297e+00
2.301402807235717773e+00
2.304797887802124023e+00
2.302544355392456055e+00
2.303418874740600586e+00
2.302693605422973633e+00
2.301260232925415039e+00
2.303791284561157227e+00
2.303183555603027344e+00
2.305317878723144531e+00
2.302658557891845703e+00
2.302588224411010742e+00
2.303837299346923828e+00
2.302510738372802734e+00
2.306304693222045898e+00
2.303715705871582031e+00
2.302674770355224609e+00
2.303190708160400391e+00
2.302790880203247070e+00
2.301652669906616211e+00
2.303912639617919922e+00
2.302847623825073242e+00
2.302657604217529297e+00
2.303972482681274414e+00
2.301486968994140625e+00
2.303869485855102539e+00
2.302252531051635742e+00
2.303176879882812500e+00
2.301542043685913086e+00
2.301639080047607422e+00
2.303166151046752930e+00
2.303821086883544922e+00
2.300061225891113281e+00
2.301660060882568359e+00
2.305574655532836914e+00
2.302091121673583984e+00
2.303124666213989258e+00
2.302715778350830078e+00
2.303850412368774414e+00
2.302516222000122070e+00
2.304244995117187500e+00
2.301983833312988281e+00
2.301165103912353516e+00
2.302196025848388672e+00
2.304443597793579102e+00
2.301201343536376953e+00
2.303445816040039062e+00
2.301711797714233398e+00
2.302260160446166992e+00
2.305190801620483398e+00
2.304517269134521484e+00
2.303775310516357422e+00
2.302236795425415039e+00
2.304003000259399414e+00
2.300191164016723633e+00
2.301458358764648438e+00
2.302015781402587891e+00
2.303588867187500000e+00
2.299346685409545898e+00
2.304166316986083984e+00
2.305182695388793945e+00
2.301163673400878906e+00
2.302316904067993164e+00
2.301123380661010742e+00
2.300508499145507812e+00
2.305135250091552734e+00
2.300057411193847656e+00
2.303539991378784180e+00
2.302676677703857422e+00
2.303165435791015625e+00
2.302423000335693359e+00
2.302015066146850586e+00
2.301846504211425781e+00
2.301159858703613281e+00
2.304973840713500977e+00
2.303044319152832031e+00
2.303111791610717773e+00
2.302380561828613281e+00
2.300799846649169922e+00
2.302205324172973633e+00
2.301508426666259766e+00
2.303006410598754883e+00
2.302512407302856445e+00
2.302503347396850586e+00
2.304891586303710938e+00
2.299439668655395508e+00
2.303252458572387695e+00
2.307722091674804688e+00
2.300704717636108398e+00
2.302927970886230469e+00
2.302886962890625000e+00
2.304582595825195312e+00
2.304308652877807617e+00
2.302453756332397461e+00
2.301585197448730469e+00
2.299044132232666016e+00
2.302014827728271484e+00
2.304145097732543945e+00
2.303661823272705078e+00
2.298939704895019531e+00
2.299516439437866211e+00
2.301066875457763672e+00
2.301729202270507812e+00
2.300831079483032227e+00
2.301690816879272461e+00
2.301789045333862305e+00
2.301920413970947266e+00
2.296861648559570312e+00
2.305439472198486328e+00
2.301782846450805664e+00
2.299654960632324219e+00
2.305731773376464844e+00
2.300964117050170898e+00
2.306025028228759766e+00
2.301685810089111328e+00
2.305247783660888672e+00
2.303743600845336914e+00
2.305438995361328125e+00
2.303567647933959961e+00
2.304579257965087891e+00
2.305209159851074219e+00
2.301237821578979492e+00
2.301021814346313477e+00
2.304418325424194336e+00
2.302067279815673828e+00
2.302501440048217773e+00
2.304023742675781250e+00
2.305093526840209961e+00
2.301085710525512695e+00
2.299095630645751953e+00
2.304505586624145508e+00
2.298674821853637695e+00
2.302092790603637695e+00
2.298421382904052734e+00
2.303298950195312500e+00
2.303763866424560547e+00
2.304065704345703125e+00
2.297516822814941406e+00
2.301171779632568359e+00
2.301410675048828125e+00
2.304397344589233398e+00
2.306370735168457031e+00
2.306207418441772461e+00
2.297760009765625000e+00
2.303167104721069336e+00
2.303002595901489258e+00
2.303039312362670898e+00
2.301575899124145508e+00
2.300689697265625000e+00
2.304340839385986328e+00
2.308568000793457031e+00
2.300611019134521484e+00
2.308229684829711914e+00
2.306381940841674805e+00
2.307966470718383789e+00
2.298964500427246094e+00
2.304743766784667969e+00
2.307631015777587891e+00
2.304570674896240234e+00
2.304978847503662109e+00
2.307818412780761719e+00
2.306814193725585938e+00
2.299906492233276367e+00
2.305163383483886719e+00
2.303002357482910156e+00
2.307589292526245117e+00
2.303709268569946289e+00
2.302236557006835938e+00
2.300852060317993164e+00
2.300516605377197266e+00
2.303451538085937500e+00
2.299721240997314453e+00
2.301314115524291992e+00
2.304219961166381836e+00
2.300173759460449219e+00
2.301565408706665039e+00
2.306360483169555664e+00
2.307489633560180664e+00
2.305657386779785156e+00
2.306308507919311523e+00
2.303191184997558594e+00
2.304542541503906250e+00
2.299764156341552734e+00
2.304387807846069336e+00
2.300491333007812500e+00
2.303597450256347656e+00
2.303543567657470703e+00
2.303890943527221680e+00
2.303692817687988281e+00
2.301304101943969727e+00
2.302790403366088867e+00
2.304660558700561523e+00
2.302042484283447266e+00
2.297511816024780273e+00
2.302279472351074219e+00
2.302107810974121094e+00
2.301649093627929688e+00
2.300099849700927734e+00
2.303045034408569336e+00
2.303549766540527344e+00
2.305146217346191406e+00
2.304460287094116211e+00
2.302732944488525391e+00
2.301913738250732422e+00
2.302307844161987305e+00
2.303581714630126953e+00
2.302030563354492188e+00
2.304398059844970703e+00
2.300138473510742188e+00
2.304945468902587891e+00
2.301822185516357422e+00
2.304607152938842773e+00
2.302262544631958008e+00
2.302366495132446289e+00
2.303835391998291016e+00
2.303704500198364258e+00
2.298712491989135742e+00
2.302181720733642578e+00
2.304603099822998047e+00
2.306356668472290039e+00
2.300761222839355469e+00
2.300091743469238281e+00
2.305537462234497070e+00
2.303424596786499023e+00
2.304743051528930664e+00
2.304214954376220703e+00
2.302088737487792969e+00
2.302031993865966797e+00
2.301045417785644531e+00
2.305382013320922852e+00
2.304791450500488281e+00
2.303223609924316406e+00
2.302964687347412109e+00
2.302825689315795898e+00
2.305467128753662109e+00
2.304401874542236328e+00
2.301245689392089844e+00
2.301544189453125000e+00
2.301983118057250977e+00
2.303951025009155273e+00
2.303057909011840820e+00
2.304893732070922852e+00
2.300153970718383789e+00
2.301702976226806641e+00
2.302740812301635742e+00
2.302200555801391602e+00
2.301000356674194336e+00
2.303275108337402344e+00
2.302978992462158203e+00
2.303847312927246094e+00
2.306258916854858398e+00
2.302847385406494141e+00
2.300884246826171875e+00
2.303011178970336914e+00
2.301358938217163086e+00
2.301966667175292969e+00
2.304052352905273438e+00
2.300221681594848633e+00
2.302215099334716797e+00
2.300225496292114258e+00
2.305568218231201172e+00
2.303534269332885742e+00
2.303257942199707031e+00
2.301746129989624023e+00
2.302313089370727539e+00
2.302098512649536133e+00
2.303848981857299805e+00
2.303331851959228516e+00
2.302998065948486328e+00
2.303557872772216797e+00
2.302179574966430664e+00
2.302202701568603516e+00
2.302200794219970703e+00
2.301887512207031250e+00
2.303981065750122070e+00
2.303471803665161133e+00
2.300680160522460938e+00
2.304249763488769531e+00
2.305473327636718750e+00
2.302387952804565430e+00
2.302067756652832031e+00
2.301496744155883789e+00
2.304005146026611328e+00
2.302931070327758789e+00
2.304005861282348633e+00
2.303530931472778320e+00
2.304803848266601562e+00
2.301919221878051758e+00
2.301878213882446289e+00
2.302165985107421875e+00
2.303648948669433594e+00
2.302904129028320312e+00
2.301470041275024414e+00
2.304559707641601562e+00
2.304461717605590820e+00
2.303197622299194336e+00
2.301765680313110352e+00
2.305779218673706055e+00
2.302611827850341797e+00
2.302608489990234375e+00
2.303220272064208984e+00
2.301799297332763672e+00
2.302172660827636719e+00
2.302328586578369141e+00
2.305824041366577148e+00
2.302736043930053711e+00
2.304329395294189453e+00
2.303311347961425781e+00
2.301620244979858398e+00
2.302745580673217773e+00
2.303711652755737305e+00
2.303247928619384766e+00
2.302849054336547852e+00
2.301647424697875977e+00
2.302606105804443359e+00
2.304618597030639648e+00
2.302616119384765625e+00
2.305077552795410156e+00
2.303435087203979492e+00
2.301056385040283203e+00
2.303619384765625000e+00
2.303265333175659180e+00
2.302673578262329102e+00
2.302838087081909180e+00
2.302568435668945312e+00
2.302554130554199219e+00
2.303180932998657227e+00
2.302970647811889648e+00
2.301750898361206055e+00
2.302356481552124023e+00
2.301876783370971680e+00
2.303656339645385742e+00
2.302673578262329102e+00
2.302739381790161133e+00
2.303479433059692383e+00
2.301476001739501953e+00
2.302350759506225586e+00
2.303677082061767578e+00
2.303033351898193359e+00
2.303122282028198242e+00
2.302281379699707031e+00
2.303918600082397461e+00
2.302665948867797852e+00
2.302513360977172852e+00
2.303653240203857422e+00
2.302606344223022461e+00
2.302354574203491211e+00
2.301642417907714844e+00
2.303367137908935547e+00
2.302736520767211914e+00
2.303276300430297852e+00
2.302992105484008789e+00
2.302472352981567383e+00
2.302993774414062500e+00
2.301581859588623047e+00
2.301396608352661133e+00
2.302418231964111328e+00
2.302269458770751953e+00
2.301075935363769531e+00
2.302877902984619141e+00
2.303180694580078125e+00
2.300883054733276367e+00
2.302142381668090820e+00
2.303750276565551758e+00
2.303030014038085938e+00
2.303830146789550781e+00
2.303675413131713867e+00
2.304337978363037109e+00
2.302512407302856445e+00
2.306823730468750000e+00
2.303586483001708984e+00
2.303742885589599609e+00
2.302097320556640625e+00
2.303479671478271484e+00
2.302338123321533203e+00
2.301361799240112305e+00
2.302548170089721680e+00
2.303005933761596680e+00
2.303240776062011719e+00
2.300611972808837891e+00
2.302241802215576172e+00
2.302366733551025391e+00
2.303664684295654297e+00
2.303365230560302734e+00
2.303637504577636719e+00
2.302976846694946289e+00
2.301146030426025391e+00
2.301467895507812500e+00
2.303364992141723633e+00
2.302864551544189453e+00
2.302999019622802734e+00
2.302786350250244141e+00
2.302363872528076172e+00
2.304276466369628906e+00
2.299607753753662109e+00
2.302362918853759766e+00
2.303941011428833008e+00
2.298606634140014648e+00
2.300622701644897461e+00
2.303927421569824219e+00
2.301514863967895508e+00
2.303255558013916016e+00
2.303970813751220703e+00
2.301479578018188477e+00
2.303426980972290039e+00
2.303875684738159180e+00
2.304312229156494141e+00
2.304745912551879883e+00
2.302501440048217773e+00
2.305062532424926758e+00
2.303669929504394531e+00
2.302739620208740234e+00
2.302054643630981445e+00
2.303764581680297852e+00
2.299265861511230469e+00
2.303229570388793945e+00
2.306651353836059570e+00
2.306655168533325195e+00
2.298303604125976562e+00
2.306970357894897461e+00
2.302154779434204102e+00
2.301979541778564453e+00
2.304410219192504883e+00
2.301645994186401367e+00
2.306370973587036133e+00
2.303553104400634766e+00
2.302318572998046875e+00
2.303315877914428711e+00
2.301476240158081055e+00
2.300924539566040039e+00
2.302037000656127930e+00
2.303298711776733398e+00
2.303512334823608398e+00
2.303105354309082031e+00
2.299934387207031250e+00
2.302585363388061523e+00
2.303350210189819336e+00
2.302785158157348633e+00
2.301471710205078125e+00
2.301468610763549805e+00
2.304303407669067383e+00
2.301839590072631836e+00
2.301687479019165039e+00
2.302670717239379883e+00
2.304216384887695312e+00
2.301201343536376953e+00
2.304771423339843750e+00
2.299634695053100586e+00
2.306275129318237305e+00
2.300990581512451172e+00
2.301960945129394531e+00
2.301127195358276367e+00
2.302417755126953125e+00
2.299366712570190430e+00
2.302604198455810547e+00
2.303700447082519531e+00
2.300959110260009766e+00
2.303318023681640625e+00
2.300581693649291992e+00
2.299156904220581055e+00
2.304780960083007812e+00
2.301413536071777344e+00
2.303974628448486328e+00
2.304098129272460938e+00
2.305003643035888672e+00
2.306612730026245117e+00
2.303614616394042969e+00
2.302254676818847656e+00
2.300559997558593750e+00
2.305481910705566406e+00
2.302623510360717773e+00
2.304490089416503906e+00
2.301771163940429688e+00
2.302105903625488281e+00
2.303546905517578125e+00
2.301604032516479492e+00
2.302294492721557617e+00
2.304300308227539062e+00
2.303570032119750977e+00
2.304887294769287109e+00
2.306276321411132812e+00
2.300833702087402344e+00
2.303452253341674805e+00
2.303493022918701172e+00
2.302602767944335938e+00
2.302206993103027344e+00
2.306475162506103516e+00
2.300896406173706055e+00
2.303477525711059570e+00
2.302005290985107422e+00
2.302458047866821289e+00
2.304800987243652344e+00
2.301130533218383789e+00
2.300113201141357422e+00
2.304687976837158203e+00
2.301279544830322266e+00
2.302776098251342773e+00
2.299945831298828125e+00
2.303275108337402344e+00
2.303110122680664062e+00
2.303344249725341797e+00
2.305011510848999023e+00
2.299549102783203125e+00
2.306279897689819336e+00
2.301404237747192383e+00
2.303915739059448242e+00
2.304577112197875977e+00
2.301713943481445312e+00
2.300848960876464844e+00
2.300866842269897461e+00
2.302684307098388672e+00
2.303830146789550781e+00
2.301555156707763672e+00
2.301748275756835938e+00
2.305688858032226562e+00
2.303047657012939453e+00
2.301401615142822266e+00
2.305412769317626953e+00
2.300026655197143555e+00
2.304545640945434570e+00
2.301713705062866211e+00
2.300959110260009766e+00
2.303676366806030273e+00
2.304512262344360352e+00
2.303709030151367188e+00
2.303521871566772461e+00
2.304425954818725586e+00
2.300940990447998047e+00
2.303149223327636719e+00
2.304171323776245117e+00
2.304656505584716797e+00
2.301608324050903320e+00
2.304247140884399414e+00
2.303855419158935547e+00
2.299360990524291992e+00
2.302883386611938477e+00
2.303776264190673828e+00
2.302346467971801758e+00
2.302142381668090820e+00
2.303414106369018555e+00
2.303750276565551758e+00
2.302685737609863281e+00
2.305285930633544922e+00
2.301689863204956055e+00
2.303606748580932617e+00
2.306558370590209961e+00
2.302979946136474609e+00
2.304437875747680664e+00
2.304610967636108398e+00
2.302618503570556641e+00
2.303038358688354492e+00
2.302107572555541992e+00
2.303748130798339844e+00
2.303941488265991211e+00
2.303253889083862305e+00
2.303185462951660156e+00
2.302244901657104492e+00
2.302434682846069336e+00
2.302772283554077148e+00
2.301945686340332031e+00
2.302216768264770508e+00
2.303601980209350586e+00
2.303261041641235352e+00
2.302345752716064453e+00
2.302893400192260742e+00
2.301556348800659180e+00
2.300401449203491211e+00
2.301804780960083008e+00
2.303013324737548828e+00
2.302943229675292969e+00
2.302809238433837891e+00
2.302153587341308594e+00
2.300622463226318359e+00
2.305554628372192383e+00
2.305666446685791016e+00
2.303500890731811523e+00
2.305417776107788086e+00
2.300964593887329102e+00
2.301771163940429688e+00
2.302180528640747070e+00
2.304112195968627930e+00
2.302085638046264648e+00
2.302146911621093750e+00
2.304572820663452148e+00
2.302743911743164062e+00
2.299274444580078125e+00
2.303772449493408203e+00
2.300329923629760742e+00
2.301569223403930664e+00
2.301723957061767578e+00
2.303377151489257812e+00
2.301249265670776367e+00
2.304047822952270508e+00
2.302891254425048828e+00
2.301907777786254883e+00
2.304851293563842773e+00
2.304931640625000000e+00
2.302377462387084961e+00
2.302280664443969727e+00
2.301740169525146484e+00
2.303591489791870117e+00
2.303147792816162109e+00
2.298447608947753906e+00
2.302123785018920898e+00
2.302290201187133789e+00
2.301815271377563477e+00
2.306584358215332031e+00
2.301647424697875977e+00
2.301997900009155273e+00
2.305648326873779297e+00
2.302999258041381836e+00
2.298977375030517578e+00
2.302461624145507812e+00
2.301142930984497070e+00
2.300420045852661133e+00
2.304896593093872070e+00
2.301017999649047852e+00
2.304535865783691406e+00
2.298434257507324219e+00
2.299940824508666992e+00
2.301805734634399414e+00
2.303661584854125977e+00
2.303404092788696289e+00
2.303049564361572266e+00
2.303934574127197266e+00
2.302699089050292969e+00
2.300886869430541992e+00
2.307972908020019531e+00
2.300504207611083984e+00
2.297967195510864258e+00
2.306105613708496094e+00
2.302253723144531250e+00
2.302206516265869141e+00
2.300796985626220703e+00
2.303906679153442383e+00
2.299972534179687500e+00
2.295189380645751953e+00
2.306087732315063477e+00
2.302531003952026367e+00
2.300230503082275391e+00
2.298768281936645508e+00
2.298251628875732422e+00
2.305406093597412109e+00
2.300538539886474609e+00
2.304935693740844727e+00
2.302998542785644531e+00
2.300636768341064453e+00
2.303579330444335938e+00
2.297843456268310547e+00
2.301112651824951172e+00
2.304369211196899414e+00
2.299021244049072266e+00
2.305922269821166992e+00
2.304774761199951172e+00
2.300221443176269531e+00
2.304884910583496094e+00
2.304000616073608398e+00
2.300777196884155273e+00
2.306801319122314453e+00
2.304625511169433594e+00
2.301927089691162109e+00
2.305576086044311523e+00
2.307488918304443359e+00
2.300785064697265625e+00
2.304639101028442383e+00
2.305260896682739258e+00
2.300728797912597656e+00
2.303818225860595703e+00
2.304425477981567383e+00
2.304651021957397461e+00
2.303246974945068359e+00
2.302022695541381836e+00
2.307154655456542969e+00
2.304708480834960938e+00
2.306521892547607422e+00
2.305358648300170898e+00
2.301332473754882812e+00
2.306488037109375000e+00
2.305191993713378906e+00
2.302120447158813477e+00
2.300529479980468750e+00
2.302589654922485352e+00
2.305865287780761719e+00
2.303775548934936523e+00
2.295505046844482422e+00
2.306998491287231445e+00
2.300743579864501953e+00
2.303186416625976562e+00
2.299978733062744141e+00
2.306060791015625000e+00
2.305134057998657227e+00
2.303396701812744141e+00
2.301107883453369141e+00
2.304007768630981445e+00
2.298612594604492188e+00
2.304656028747558594e+00
2.301654815673828125e+00
2.303327560424804688e+00
2.303261756896972656e+00
2.302776098251342773e+00
2.303343772888183594e+00
2.303249597549438477e+00
2.301117897033691406e+00
2.304064512252807617e+00
2.305673837661743164e+00
2.302882909774780273e+00
2.300684213638305664e+00
2.303137779235839844e+00
2.300279140472412109e+00
2.301744461059570312e+00
2.302810668945312500e+00
2.300995349884033203e+00
2.304933309555053711e+00
2.304250478744506836e+00
2.303755283355712891e+00
2.300339698791503906e+00
2.297141551971435547e+00
2.300565958023071289e+00
2.300764322280883789e+00
2.299309253692626953e+00
2.305498123168945312e+00
2.301886320114135742e+00
2.299976587295532227e+00
2.304338216781616211e+00
2.300037145614624023e+00
2.305414676666259766e+00
2.305880546569824219e+00
2.305635213851928711e+00
2.306510686874389648e+00
2.304880619049072266e+00
2.301979541778564453e+00
2.296974897384643555e+00
2.305104970932006836e+00
2.303367137908935547e+00
2.302454948425292969e+00
2.303187131881713867e+00
2.304016113281250000e+00
2.300844907760620117e+00
2.301918983459472656e+00
2.303520917892456055e+00
2.306475162506103516e+00
2.303078174591064453e+00
2.306201457977294922e+00
2.300242662429809570e+00
2.304965734481811523e+00
2.302178382873535156e+00
2.304811716079711914e+00
2.302642345428466797e+00
2.302610635757446289e+00
2.303518056869506836e+00
2.301191329956054688e+00
2.303225040435791016e+00
2.302975893020629883e+00
2.303759574890136719e+00
2.299916505813598633e+00
2.302240610122680664e+00
2.302307128906250000e+00
2.303505659103393555e+00
2.302182197570800781e+00
2.303895235061645508e+00
2.303128242492675781e+00
2.304167032241821289e+00
2.305124282836914062e+00
2.304367303848266602e+00
2.304247617721557617e+00
2.302361488342285156e+00
2.303678512573242188e+00
2.300465583801269531e+00
2.305305004119873047e+00
2.302021026611328125e+00
2.301703929901123047e+00
2.301684856414794922e+00
2.301806926727294922e+00
2.302483081817626953e+00
2.299390554428100586e+00
2.304260015487670898e+00
2.304219245910644531e+00
2.300494194030761719e+00
2.304962158203125000e+00
2.301332950592041016e+00
2.300887107849121094e+00
2.303082466125488281e+00
2.302461147308349609e+00
2.302473783493041992e+00
2.304303646087646484e+00
2.307567358016967773e+00
2.301852941513061523e+00
2.301740646362304688e+00
2.302758455276489258e+00
2.300219535827636719e+00
2.300854444503784180e+00
2.296301603317260742e+00
2.302866935729980469e+00
2.304482460021972656e+00
2.306734561920166016e+00
2.302269697189331055e+00
2.302367925643920898e+00
2.303654909133911133e+00
2.302795410156250000e+00
2.307600498199462891e+00
2.301047086715698242e+00
2.300848722457885742e+00
2.300940275192260742e+00
2.300914764404296875e+00
2.304312944412231445e+00
2.302146673202514648e+00
2.305883884429931641e+00
2.298988819122314453e+00
2.303460121154785156e+00
2.301748752593994141e+00
2.302676200866699219e+00
2.301327228546142578e+00
2.306382417678833008e+00
2.307256221771240234e+00
2.303452491760253906e+00
2.305165529251098633e+00
2.299846172332763672e+00
2.302579641342163086e+00
2.303462743759155273e+00
2.305605649948120117e+00
2.302923440933227539e+00
2.304729223251342773e+00
2.301585674285888672e+00
2.300573587417602539e+00
2.299104452133178711e+00
2.303921461105346680e+00
2.306477785110473633e+00
2.302464246749877930e+00
2.299813270568847656e+00
2.303143501281738281e+00
2.302202224731445312e+00
2.298132419586181641e+00
2.306439161300659180e+00
2.304755449295043945e+00
2.301093816757202148e+00
2.301194906234741211e+00
2.301318645477294922e+00
2.301565170288085938e+00
2.302451610565185547e+00
2.301676034927368164e+00
2.300307750701904297e+00
2.301866054534912109e+00
2.300717115402221680e+00
2.303128242492675781e+00
2.301428794860839844e+00
2.302896976470947266e+00
2.299552917480468750e+00
2.305108547210693359e+00
2.299728870391845703e+00
2.301374435424804688e+00
2.307818412780761719e+00
2.300476312637329102e+00
2.304999113082885742e+00
2.304093837738037109e+00
2.302938222885131836e+00
2.303057909011840820e+00
2.307606220245361328e+00
2.300092458724975586e+00
2.306046962738037109e+00
2.302105665206909180e+00
2.303654432296752930e+00
2.302118301391601562e+00
2.301361560821533203e+00
2.305070638656616211e+00
2.301019906997680664e+00
2.304041385650634766e+00
2.300258398056030273e+00
2.300861835479736328e+00
2.304164171218872070e+00
2.299317836761474609e+00
2.302721023559570312e+00
2.302824258804321289e+00
2.302053451538085938e+00
2.307222604751586914e+00
2.306600570678710938e+00
2.305556297302246094e+00
2.302869796752929688e+00
2.297966480255126953e+00
2.299974918365478516e+00
2.299616336822509766e+00
2.303023338317871094e+00
2.304163932800292969e+00
2.302904605865478516e+00
2.303264379501342773e+00
2.300360679626464844e+00
2.299803733825683594e+00
2.303678512573242188e+00
2.301490545272827148e+00
2.301431179046630859e+00
2.302648067474365234e+00
2.300150632858276367e+00
2.304337263107299805e+00
2.304693937301635742e+00
2.305508136749267578e+00
2.299587965011596680e+00
2.304911613464355469e+00
2.303643226623535156e+00
2.302676916122436523e+00
2.303036451339721680e+00
2.302065849304199219e+00
2.308312654495239258e+00
2.302359819412231445e+00
2.303748130798339844e+00
2.299333333969116211e+00
2.305294752120971680e+00
2.305259466171264648e+00
2.299246072769165039e+00
2.301962852478027344e+00
2.299955129623413086e+00
2.303256750106811523e+00
2.308533668518066406e+00
2.302928447723388672e+00
2.304823637008666992e+00
2.301970958709716797e+00
2.303732872009277344e+00
2.303422451019287109e+00
2.302239179611206055e+00
2.302025556564331055e+00
2.301820755004882812e+00
2.303755044937133789e+00
2.301181077957153320e+00
2.304647684097290039e+00
2.307231187820434570e+00
2.298994779586791992e+00
2.306805610656738281e+00
2.301789999008178711e+00
2.303058624267578125e+00
2.302814006805419922e+00
2.303643465042114258e+00
2.305388450622558594e+00
2.302539587020874023e+00
2.301852941513061523e+00
2.303136348724365234e+00
2.301761388778686523e+00
2.300885915756225586e+00
2.303492784500122070e+00
2.305923938751220703e+00
2.301748752593994141e+00
2.303838014602661133e+00
2.300835609436035156e+00
2.302746295928955078e+00
2.301024436950683594e+00
2.302714109420776367e+00
2.303663253784179688e+00
2.302080631256103516e+00
2.304122686386108398e+00
2.302356004714965820e+00
2.301486968994140625e+00
2.302714586257934570e+00
2.302416563034057617e+00
2.302996635437011719e+00
2.306732892990112305e+00
2.301508426666259766e+00
2.304798126220703125e+00
2.306743860244750977e+00
2.304652690887451172e+00
2.301072835922241211e+00
2.303144931793212891e+00
2.299816608428955078e+00
2.299644708633422852e+00
2.300723314285278320e+00
2.301083564758300781e+00
2.301207065582275391e+00
2.297887325286865234e+00
2.301147222518920898e+00
2.305997848510742188e+00
2.302972316741943359e+00
2.303080797195434570e+00
2.302675247192382812e+00
2.302466154098510742e+00
2.303359746932983398e+00
2.301962852478027344e+00
2.302459239959716797e+00
2.303840398788452148e+00
2.304114818572998047e+00
2.306872367858886719e+00
2.305821418762207031e+00
2.302839279174804688e+00
2.301455497741699219e+00
2.300130605697631836e+00
2.300055742263793945e+00
2.303246498107910156e+00
2.302959442138671875e+00
2.303476333618164062e+00
2.303426027297973633e+00
2.305087566375732422e+00
2.300763130187988281e+00
2.296849966049194336e+00
2.302908897399902344e+00
2.304871082305908203e+00
2.305070161819458008e+00
2.305081129074096680e+00
2.300499916076660156e+00
2.300153017044067383e+00
2.305812358856201172e+00
2.299586772918701172e+00
2.303569316864013672e+00
2.300494670867919922e+00
2.306421518325805664e+00
2.304799318313598633e+00
2.302604436874389648e+00
2.305300474166870117e+00
2.301920652389526367e+00
2.301462411880493164e+00
2.297628879547119141e+00
2.303834438323974609e+00
2.299773216247558594e+00
2.306718349456787109e+00
2.301868915557861328e+00
2.305628538131713867e+00
2.301740407943725586e+00
2.302718400955200195e+00
2.302834749221801758e+00
2.306033849716186523e+00
2.304574728012084961e+00
2.305020332336425781e+00
2.306099653244018555e+00
2.302752256393432617e+00
2.307218074798583984e+00
2.301917076110839844e+00
2.305049180984497070e+00
2.307367801666259766e+00
2.304159641265869141e+00
2.302495002746582031e+00
2.303353309631347656e+00
2.305319786071777344e+00
2.299110889434814453e+00
2.305371522903442383e+00
2.304919958114624023e+00
2.304535388946533203e+00
2.302244663238525391e+00
2.301920413970947266e+00
2.299640417098999023e+00
2.304059267044067383e+00
2.301903009414672852e+00
2.304778099060058594e+00
2.303709745407104492e+00
2.301626443862915039e+00
2.303429126739501953e+00
2.304849147796630859e+00
2.302532196044921875e+00
2.304325342178344727e+00
2.303323268890380859e+00
2.304962873458862305e+00
2.301996231079101562e+00
2.304394721984863281e+00
2.302524328231811523e+00
2.302086114883422852e+00
2.302045822143554688e+00
2.299884796142578125e+00
2.301796913146972656e+00
2.301430463790893555e+00
2.301308155059814453e+00
2.304665803909301758e+00
2.301858425140380859e+00
2.302390813827514648e+00
2.304933071136474609e+00
2.303967714309692383e+00
2.303940057754516602e+00
2.301207542419433594e+00
2.301793336868286133e+00
2.304771423339843750e+00
2.303886890411376953e+00
2.301398277282714844e+00
2.304260969161987305e+00
2.303828239440917969e+00
2.301967382431030273e+00
2.305822610855102539e+00
2.303947687149047852e+00
2.305105209350585938e+00
2.302201747894287109e+00
2.301859855651855469e+00
2.302372932434082031e+00
2.302316188812255859e+00
2.302821874618530273e+00
2.302794218063354492e+00
2.304846286773681641e+00
2.301811456680297852e+00
2.301723003387451172e+00
2.305534362792968750e+00
2.302365064620971680e+00
2.301898241043090820e+00
2.303563594818115234e+00
2.302310228347778320e+00
2.301721096038818359e+00
2.302535295486450195e+00
2.301628589630126953e+00
2.299643039703369141e+00
2.302897691726684570e+00
2.303557395935058594e+00
2.303910493850708008e+00
2.301695823669433594e+00
2.303555965423583984e+00
2.302302598953247070e+00
2.306507110595703125e+00
2.303630113601684570e+00
2.303471326828002930e+00
2.302597999572753906e+00
2.301816463470458984e+00
2.304048299789428711e+00
2.301980257034301758e+00
2.302663326263427734e+00
2.305440664291381836e+00
2.303407907485961914e+00
2.303300380706787109e+00
2.303090810775756836e+00
2.303644180297851562e+00
2.300673007965087891e+00
2.302946090698242188e+00
2.300877332687377930e+00
2.302663326263427734e+00
2.303507566452026367e+00
2.302149057388305664e+00
2.303556919097900391e+00
2.301337718963623047e+00
2.299292802810668945e+00
2.301862239837646484e+00
2.303678274154663086e+00
2.302637100219726562e+00
2.300407886505126953e+00
2.303788423538208008e+00
2.301693439483642578e+00
2.300261974334716797e+00
2.301320075988769531e+00
2.303930759429931641e+00
2.302668809890747070e+00
2.304697990417480469e+00
2.303243637084960938e+00
2.303243160247802734e+00
2.302877664566040039e+00
2.300997257232666016e+00
2.302590131759643555e+00
2.301423072814941406e+00
2.300398826599121094e+00
2.303290128707885742e+00
2.300439357757568359e+00
2.301010131835937500e+00
2.301526784896850586e+00
2.301362991333007812e+00
2.302751541137695312e+00
2.304620265960693359e+00
2.302746772766113281e+00
2.306012868881225586e+00
2.301344156265258789e+00
2.300343751907348633e+00
2.302636861801147461e+00
2.303500413894653320e+00
2.304064035415649414e+00
2.302526950836181641e+00
2.305702209472656250e+00
2.303320646286010742e+00
2.301702737808227539e+00
2.303172588348388672e+00
2.304684638977050781e+00
2.300553321838378906e+00
2.302937030792236328e+00
2.300564765930175781e+00
2.303083419799804688e+00
2.306627035140991211e+00
2.300892591476440430e+00
2.303795576095581055e+00
2.302237749099731445e+00
2.301020622253417969e+00
2.301880121231079102e+00
2.300697803497314453e+00
2.301278591156005859e+00
2.302037000656127930e+00
2.300968885421752930e+00
2.303187370300292969e+00
2.298789978027343750e+00
2.303709983825683594e+00
2.302309274673461914e+00
2.302589893341064453e+00
2.302271366119384766e+00
2.300817966461181641e+00
2.300305843353271484e+00
2.301293373107910156e+00
2.302916765213012695e+00
2.302894830703735352e+00
2.302612304687500000e+00
2.301011085510253906e+00
2.305878639221191406e+00
2.304860115051269531e+00
2.302235603332519531e+00
2.303883552551269531e+00
2.305521726608276367e+00
2.300796747207641602e+00
2.307389259338378906e+00
2.301865816116333008e+00
2.302814722061157227e+00
2.306567907333374023e+00
2.304741382598876953e+00
2.304994106292724609e+00
2.301496267318725586e+00
2.304700613021850586e+00
2.307019233703613281e+00
2.305767297744750977e+00
2.299679279327392578e+00
2.301237583160400391e+00
2.299929141998291016e+00
2.301957368850708008e+00
2.301634550094604492e+00
2.303635835647583008e+00
2.303243160247802734e+00
2.304533958435058594e+00
2.303176879882812500e+00
2.300881624221801758e+00
2.301690101623535156e+00
2.303971290588378906e+00
2.301876544952392578e+00
2.303275346755981445e+00
2.301078081130981445e+00
2.300327062606811523e+00
2.301269292831420898e+00
2.296944618225097656e+00
2.301661014556884766e+00
2.302620887756347656e+00
2.303594589233398438e+00
2.304107666015625000e+00
2.301594018936157227e+00
2.303476810455322266e+00
2.305869340896606445e+00
2.306682109832763672e+00
2.304554224014282227e+00
2.304642438888549805e+00
2.300783395767211914e+00
2.298541069030761719e+00
2.302505970001220703e+00
2.299493789672851562e+00
2.302433490753173828e+00
2.301252126693725586e+00
2.304708003997802734e+00
2.303453207015991211e+00
2.299685239791870117e+00
2.304646253585815430e+00
2.301954030990600586e+00
2.302115917205810547e+00
2.298847436904907227e+00
2.305367708206176758e+00
2.301918745040893555e+00
2.303646326065063477e+00
2.302089929580688477e+00
2.301759719848632812e+00
2.303422451019287109e+00
2.301717281341552734e+00
2.306437015533447266e+00
2.301672935485839844e+00
2.304349660873413086e+00
2.303401708602905273e+00
2.304982423782348633e+00
2.306101560592651367e+00
2.304008007049560547e+00
2.298210620880126953e+00
2.303670167922973633e+00
2.299907445907592773e+00
2.298120498657226562e+00
2.301586151123046875e+00
2.307457923889160156e+00
2.302353620529174805e+00
2.302758932113647461e+00
2.302036285400390625e+00
2.305506229400634766e+00
2.306437492370605469e+00
2.300001382827758789e+00
2.302674531936645508e+00
2.301070213317871094e+00
2.301878929138183594e+00
2.302999734878540039e+00
2.301287889480590820e+00
2.307266473770141602e+00
2.303896903991699219e+00
2.299827337265014648e+00
2.299695491790771484e+00
2.292591333389282227e+00
2.302382946014404297e+00
2.307102918624877930e+00
2.301833629608154297e+00
2.303648710250854492e+00
2.305214166641235352e+00
2.305503129959106445e+00
2.301735639572143555e+00
2.302411317825317383e+00
2.293115139007568359e+00
2.306092023849487305e+00
2.303067922592163086e+00
2.300587892532348633e+00
2.303950071334838867e+00
2.303103685379028320e+00
2.303986072540283203e+00
2.298749446868896484e+00
2.301521301269531250e+00
2.300769567489624023e+00
2.305172920227050781e+00
2.303203821182250977e+00
2.306588649749755859e+00
2.299575567245483398e+00
2.304754734039306641e+00
2.302009820938110352e+00
2.302644491195678711e+00
2.304196596145629883e+00
2.307064294815063477e+00
2.303308963775634766e+00
2.300117254257202148e+00
2.301745414733886719e+00
2.303453207015991211e+00
2.304581165313720703e+00
2.299199581146240234e+00
2.301888465881347656e+00
2.302546739578247070e+00
2.306818485260009766e+00
2.305311679840087891e+00
2.302296638488769531e+00
2.300256967544555664e+00
2.304249525070190430e+00
2.304265260696411133e+00
2.300414562225341797e+00
2.306066513061523438e+00
2.299365520477294922e+00
2.301150798797607422e+00
2.302664756774902344e+00
2.300202131271362305e+00
2.300033807754516602e+00
2.299309253692626953e+00
2.300036668777465820e+00
2.301174163818359375e+00
2.301577329635620117e+00
2.308885574340820312e+00
2.301159858703613281e+00
2.299573898315429688e+00
2.304327011108398438e+00
2.300543308258056641e+00
2.306128978729248047e+00
2.305346012115478516e+00
2.304770946502685547e+00
2.307171583175659180e+00
2.302268981933593750e+00
2.301991224288940430e+00
2.301411390304565430e+00
2.303642511367797852e+00
2.302860736846923828e+00
2.305189847946166992e+00
2.300305604934692383e+00
2.304223060607910156e+00
2.308929443359375000e+00
2.303661584854125977e+00
2.305345535278320312e+00
2.299921035766601562e+00
2.305412530899047852e+00
2.302009105682373047e+00
2.304584026336669922e+00
2.298896074295043945e+00
2.303807735443115234e+00
2.303699970245361328e+00
2.307383775711059570e+00
2.306143522262573242e+00
2.303704261779785156e+00
2.307133436203002930e+00
2.303437471389770508e+00
2.307913303375244141e+00
2.302487850189208984e+00
2.305252790451049805e+00
2.297388792037963867e+00
2.304690599441528320e+00
2.302725791931152344e+00
2.302064657211303711e+00
2.301767587661743164e+00
2.299111604690551758e+00
2.301055192947387695e+00
2.304899215698242188e+00
2.303987741470336914e+00
2.302205801010131836e+00
2.300628900527954102e+00
2.300061702728271484e+00
2.303826332092285156e+00
2.301870584487915039e+00
2.305137634277343750e+00
2.302681684494018555e+00
2.304965496063232422e+00
2.307215690612792969e+00
2.301269769668579102e+00
2.307206392288208008e+00
2.301872491836547852e+00
2.303664207458496094e+00
2.304880857467651367e+00
2.304055213928222656e+00
2.304374456405639648e+00
2.303301572799682617e+00
2.305512905120849609e+00
2.303837299346923828e+00
2.305002212524414062e+00
2.303577184677124023e+00
2.302674293518066406e+00
2.302099466323852539e+00
2.302537918090820312e+00
2.300108432769775391e+00
2.303275823593139648e+00
2.304510831832885742e+00
2.302205085754394531e+00
2.300546169281005859e+00
2.302088737487792969e+00
2.302383422851562500e+00
2.303851127624511719e+00
2.301851272583007812e+00
2.303341388702392578e+00
2.301894664764404297e+00
2.303630352020263672e+00
2.301763296127319336e+00
2.303554534912109375e+00
2.302385568618774414e+00
2.303597450256347656e+00
2.306569337844848633e+00
2.300112724304199219e+00
2.303992509841918945e+00
2.300316333770751953e+00
2.303541421890258789e+00
2.302373886108398438e+00
2.300597667694091797e+00
2.305037260055541992e+00
2.305396318435668945e+00
2.303056001663208008e+00
2.302669286727905273e+00
2.302942991256713867e+00
2.303045511245727539e+00
2.304782867431640625e+00
2.304265737533569336e+00
2.302860021591186523e+00
2.300911426544189453e+00
2.303436517715454102e+00
2.300081729888916016e+00
2.301308155059814453e+00
2.303252220153808594e+00
2.299763679504394531e+00
2.302621841430664062e+00
2.303253173828125000e+00
2.305127143859863281e+00
2.303241014480590820e+00
2.305199146270751953e+00
2.301319360733032227e+00
2.301933288574218750e+00
2.302894115447998047e+00
2.302245378494262695e+00
2.301684856414794922e+00
2.302889823913574219e+00
2.303574562072753906e+00
2.303797245025634766e+00
2.301233053207397461e+00
2.301958560943603516e+00
2.301396369934082031e+00
2.303919076919555664e+00
2.303145170211791992e+00
2.302196264266967773e+00
2.302653789520263672e+00
2.303758621215820312e+00
2.299897193908691406e+00
2.302442312240600586e+00
2.302155971527099609e+00
2.300246715545654297e+00
2.302396297454833984e+00
2.303328275680541992e+00
2.303054094314575195e+00
2.301514387130737305e+00
2.302730083465576172e+00
2.299820899963378906e+00
2.299026012420654297e+00
2.304792881011962891e+00
2.302092313766479492e+00
2.302697896957397461e+00
2.302880287170410156e+00
2.306453704833984375e+00
2.307358503341674805e+00
2.306423187255859375e+00
2.300695180892944336e+00
2.302024841308593750e+00
2.305955171585083008e+00
2.300243616104125977e+00
2.301979303359985352e+00
2.296993494033813477e+00
2.304564952850341797e+00
2.301551818847656250e+00
2.300216674804687500e+00
2.303250074386596680e+00
2.305210113525390625e+00
2.302934646606445312e+00
2.301771402359008789e+00
2.298837184906005859e+00
2.300219535827636719e+00
2.303516387939453125e+00
2.304778575897216797e+00
2.303172588348388672e+00
2.304377079010009766e+00
2.306934595108032227e+00
2.301208019256591797e+00
2.304676055908203125e+00
2.299679756164550781e+00
2.303050994873046875e+00
2.307336330413818359e+00
2.300992965698242188e+00
2.301261901855468750e+00
2.302572488784790039e+00
2.303688526153564453e+00
2.304919242858886719e+00
2.300194501876831055e+00
2.304671525955200195e+00
2.305840253829956055e+00
2.302093744277954102e+00
2.305129289627075195e+00
2.302879571914672852e+00
2.302725076675415039e+00
2.306015968322753906e+00
2.302407264709472656e+00
2.303248882293701172e+00
2.305697441101074219e+00
2.304335355758666992e+00
2.304321527481079102e+00
2.306554794311523438e+00
2.300878047943115234e+00
2.298450708389282227e+00
2.299849033355712891e+00
2.301774740219116211e+00
2.305083513259887695e+00
2.304390192031860352e+00
2.303829908370971680e+00
2.300541877746582031e+00
2.301738262176513672e+00
2.300512790679931641e+00
2.303767681121826172e+00
2.305875062942504883e+00
2.302662611007690430e+00
2.301313877105712891e+00
2.303682804107666016e+00
2.303933620452880859e+00
2.303645610809326172e+00
2.305136203765869141e+00
2.302803516387939453e+00
2.301562070846557617e+00
2.304576635360717773e+00
2.298990011215209961e+00
2.302729845046997070e+00
2.301044940948486328e+00
2.300766468048095703e+00
2.301404953002929688e+00
2.304704666137695312e+00
2.298878192901611328e+00
2.302884101867675781e+00
2.303592205047607422e+00
2.303454637527465820e+00
2.300527811050415039e+00
2.298933029174804688e+00
2.301544904708862305e+00
2.305094480514526367e+00
2.304004192352294922e+00
2.304593086242675781e+00
2.303943634033203125e+00
2.303838729858398438e+00
2.304595470428466797e+00
2.302026033401489258e+00
2.301723003387451172e+00
2.304530858993530273e+00
2.301204204559326172e+00
2.304528713226318359e+00
2.302074670791625977e+00
2.298469543457031250e+00
2.302947282791137695e+00
2.306858062744140625e+00
2.302150964736938477e+00
2.304326295852661133e+00
2.303905248641967773e+00
2.302452325820922852e+00
2.305891036987304688e+00
2.306318283081054688e+00
2.303255558013916016e+00
2.304867506027221680e+00
2.303255319595336914e+00
2.306243658065795898e+00
2.305042982101440430e+00
2.299612522125244141e+00
2.301779508590698242e+00
2.302433252334594727e+00
2.302669048309326172e+00
2.305064201354980469e+00
2.303690433502197266e+00
2.302646636962890625e+00
2.305574178695678711e+00
2.302639007568359375e+00
2.302878618240356445e+00
2.304098129272460938e+00
2.301135301589965820e+00
2.302386045455932617e+00
2.305865764617919922e+00
2.304044246673583984e+00
2.304840326309204102e+00
2.301995992660522461e+00
2.302694559097290039e+00
2.303473472595214844e+00
2.302683591842651367e+00
2.301272869110107422e+00
2.302604675292968750e+00
2.303249120712280273e+00
2.301846742630004883e+00
2.302235364913940430e+00
2.301710128784179688e+00
2.302019357681274414e+00
2.302908897399902344e+00
2.303431034088134766e+00
2.301708698272705078e+00
2.301155090332031250e+00
2.302094697952270508e+00
2.301623821258544922e+00
2.300247430801391602e+00
2.303120851516723633e+00
2.301463127136230469e+00
2.302511930465698242e+00
2.303968667984008789e+00
2.305395126342773438e+00
2.303337097167968750e+00
2.301296472549438477e+00
2.301500797271728516e+00
2.302360534667968750e+00
2.302498817443847656e+00
2.302434444427490234e+00
2.303113460540771484e+00
2.303460836410522461e+00
2.303946971893310547e+00
2.304143667221069336e+00
2.301147460937500000e+00
2.304041147232055664e+00
2.301741838455200195e+00
2.305644512176513672e+00
2.304653406143188477e+00
2.304465770721435547e+00
2.302820205688476562e+00
2.301666498184204102e+00
2.302944898605346680e+00
2.303217649459838867e+00
2.305312395095825195e+00
2.301042556762695312e+00
2.302610635757446289e+00
2.299978256225585938e+00
2.302207469940185547e+00
2.304949522018432617e+00
2.297936439514160156e+00
2.301469087600708008e+00
2.302311420440673828e+00
2.300887346267700195e+00
2.304221391677856445e+00
2.304105281829833984e+00
2.303243875503540039e+00
2.302514553070068359e+00
2.302449941635131836e+00
2.304514408111572266e+00
2.301447868347167969e+00
2.303533792495727539e+00
2.300949811935424805e+00
2.304679393768310547e+00
2.304038286209106445e+00
2.301970958709716797e+00
2.301872491836547852e+00
2.301223993301391602e+00
2.303358793258666992e+00
2.300315380096435547e+00
2.305789947509765625e+00
2.302977323532104492e+00
2.303749084472656250e+00
2.304082870483398438e+00
2.302339792251586914e+00
2.303797960281372070e+00
2.302039146423339844e+00
2.300652027130126953e+00
2.304918050765991211e+00
2.302217245101928711e+00
2.304780721664428711e+00
2.305878877639770508e+00
2.302984237670898438e+00
2.302569389343261719e+00
2.300246238708496094e+00
2.303324699401855469e+00
2.305635929107666016e+00
2.300392150878906250e+00
2.299837589263916016e+00
2.299767971038818359e+00
2.305994272232055664e+00
2.302736282348632812e+00
2.302747488021850586e+00
2.299941062927246094e+00
2.302587032318115234e+00
2.304519653320312500e+00
2.302320241928100586e+00
2.303896903991699219e+00
2.302684545516967773e+00
2.306219100952148438e+00
2.299684047698974609e+00
2.302322626113891602e+00
2.302694559097290039e+00
2.300581932067871094e+00
2.303676366806030273e+00
2.303608417510986328e+00
2.302545547485351562e+00
2.303521633148193359e+00
2.303352594375610352e+00
2.302914857864379883e+00
2.302155733108520508e+00
2.302971363067626953e+00
2.303255558013916016e+00
2.302853584289550781e+00
2.302503347396850586e+00
2.301854848861694336e+00
2.303537130355834961e+00
2.302580118179321289e+00
2.302033424377441406e+00
2.300836801528930664e+00
2.303773641586303711e+00
2.302499532699584961e+00
2.302102565765380859e+00
2.301795244216918945e+00
2.299509286880493164e+00
2.300903081893920898e+00
2.305877685546875000e+00
2.304863929748535156e+00
2.306087493896484375e+00
2.303646802902221680e+00
2.304192066192626953e+00
2.302431583404541016e+00
2.298564672470092773e+00
2.303006172180175781e+00
2.299826145172119141e+00
2.306101322174072266e+00
2.303567409515380859e+00
2.300544023513793945e+00
2.304800033569335938e+00
2.307347297668457031e+00
2.302638769149780273e+00
2.306034803390502930e+00
2.298845529556274414e+00
2.302771329879760742e+00
2.302649736404418945e+00
2.302900075912475586e+00
2.303048610687255859e+00
2.303247928619384766e+00
2.301131248474121094e+00
2.302284717559814453e+00
2.305401086807250977e+00
2.302657604217529297e+00
2.300173759460449219e+00
2.303998947143554688e+00
2.302545309066772461e+00
2.301049470901489258e+00
2.301445007324218750e+00
2.297889232635498047e+00
2.301599264144897461e+00
2.300174713134765625e+00
2.305592536926269531e+00
2.301445007324218750e+00
2.302473783493041992e+00
2.305602312088012695e+00
2.304095029830932617e+00
2.301459312438964844e+00
2.301081895828247070e+00
2.298299312591552734e+00
2.304859399795532227e+00
2.299693584442138672e+00
2.302311897277832031e+00
2.296469688415527344e+00
2.304873228073120117e+00
2.308092832565307617e+00
2.305050134658813477e+00
2.303329944610595703e+00
2.300947666168212891e+00
2.305747032165527344e+00
2.302188158035278320e+00
2.304422616958618164e+00
2.298007488250732422e+00
2.303339481353759766e+00
2.299526691436767578e+00
2.303976774215698242e+00
2.305621862411499023e+00
2.302326679229736328e+00
2.301230430603027344e+00
2.300439834594726562e+00
2.302777767181396484e+00
2.300477504730224609e+00
2.302936792373657227e+00
2.303322315216064453e+00
2.304958343505859375e+00
2.303374767303466797e+00
2.300879716873168945e+00
2.304972887039184570e+00
2.302051067352294922e+00
2.302207469940185547e+00
2.304432868957519531e+00
2.305788755416870117e+00
2.304602622985839844e+00
2.299948453903198242e+00
2.299693107604980469e+00
2.302407979965209961e+00
2.304326295852661133e+00
2.299402236938476562e+00
2.302276372909545898e+00
2.301695108413696289e+00
2.303985357284545898e+00
2.301106929779052734e+00
2.299041032791137695e+00
2.303021907806396484e+00
2.304594039916992188e+00
2.304425716400146484e+00
2.301010608673095703e+00
2.298411846160888672e+00
2.300939083099365234e+00
2.304328680038452148e+00
2.298641681671142578e+00
2.303541660308837891e+00
2.299571037292480469e+00
2.306250333786010742e+00
2.306005477905273438e+00
2.302502155303955078e+00
2.303651571273803711e+00
2.302668809890747070e+00
2.305127859115600586e+00
2.306359529495239258e+00
2.303957462310791016e+00
2.301657915115356445e+00
2.303727626800537109e+00
2.305142641067504883e+00
2.304135799407958984e+00
2.301497936248779297e+00
2.301809072494506836e+00
2.303067445755004883e+00
2.296228647232055664e+00
2.303281307220458984e+00
2.300318956375122070e+00
2.303886175155639648e+00
2.301727771759033203e+00
2.304115533828735352e+00
2.303097963333129883e+00
2.307205677032470703e+00
2.304312705993652344e+00
2.303844451904296875e+00
2.301731109619140625e+00
2.302818059921264648e+00
2.308829784393310547e+00
2.302827835083007812e+00
2.303251504898071289e+00
2.301807403564453125e+00
2.305492639541625977e+00
2.304263353347778320e+00
2.305217742919921875e+00
2.300430059432983398e+00
2.306713581085205078e+00
2.303540229797363281e+00
2.296589136123657227e+00
2.305546998977661133e+00
2.304695367813110352e+00
2.305581569671630859e+00
2.299212694168090820e+00
2.310783386230468750e+00
2.303146362304687500e+00
2.303527593612670898e+00
2.304365158081054688e+00
2.301055431365966797e+00
2.303757905960083008e+00
2.304032564163208008e+00
2.301575183868408203e+00
2.303058385848999023e+00
2.304436206817626953e+00
2.302740573883056641e+00
2.304201126098632812e+00
2.300427913665771484e+00
2.301835775375366211e+00
2.302674293518066406e+00
2.303884983062744141e+00
2.302228689193725586e+00
2.304560184478759766e+00
2.299616098403930664e+00
2.303440093994140625e+00
2.306237459182739258e+00
2.304245948791503906e+00
2.303009748458862305e+00
2.303312540054321289e+00
2.303177356719970703e+00
2.303507328033447266e+00
2.302012443542480469e+00
2.302263975143432617e+00
2.305500507354736328e+00
2.301514625549316406e+00
2.301487922668457031e+00
2.301651000976562500e+00
2.303912878036499023e+00
2.301315069198608398e+00
2.302721738815307617e+00
2.302074670791625977e+00
2.302103519439697266e+00
2.300633668899536133e+00
2.303069114685058594e+00
2.302978992462158203e+00
2.302543401718139648e+00
2.301909208297729492e+00
2.302409648895263672e+00
2.302970886230468750e+00
2.301142215728759766e+00
2.303951025009155273e+00
2.302925348281860352e+00
2.299086332321166992e+00
2.303102731704711914e+00
2.300012826919555664e+00
2.303072452545166016e+00
2.301118612289428711e+00
2.303661584854125977e+00
2.304088592529296875e+00
2.302134513854980469e+00
2.302809238433837891e+00
2.300709724426269531e+00
2.303818941116333008e+00
2.300368309020996094e+00
2.305873394012451172e+00
2.302097797393798828e+00
2.302668333053588867e+00
2.302241325378417969e+00
2.302074193954467773e+00
2.305628776550292969e+00
2.301904439926147461e+00
2.307664871215820312e+00
2.303294181823730469e+00
2.303235292434692383e+00
2.301678895950317383e+00
2.304516077041625977e+00
2.304407358169555664e+00
2.302903890609741211e+00
2.302919864654541016e+00
2.301228523254394531e+00
2.302485227584838867e+00
2.303559303283691406e+00
2.304668188095092773e+00
2.305020809173583984e+00
2.302304267883300781e+00
2.300909996032714844e+00
2.306356191635131836e+00
2.305013895034790039e+00
2.307535648345947266e+00
2.302273988723754883e+00
2.305398941040039062e+00
2.303014755249023438e+00
2.305253744125366211e+00
2.305130243301391602e+00
2.304239511489868164e+00
2.301071166992187500e+00
2.302093505859375000e+00
2.302144050598144531e+00
2.302644968032836914e+00
2.303492069244384766e+00
2.303532838821411133e+00
2.303951740264892578e+00
2.302347421646118164e+00
2.302620410919189453e+00
2.304177999496459961e+00
2.304802894592285156e+00
2.304080009460449219e+00
2.302408933639526367e+00
2.303375720977783203e+00
2.301416873931884766e+00
2.306442022323608398e+00
2.304656982421875000e+00
2.302883625030517578e+00
2.304383516311645508e+00
2.302625179290771484e+00
2.303455352783203125e+00
2.304072141647338867e+00
2.302265882492065430e+00
2.303295373916625977e+00
2.302583217620849609e+00
2.301872968673706055e+00
2.301702022552490234e+00
2.301964759826660156e+00
2.301493883132934570e+00
2.301864385604858398e+00
2.303714990615844727e+00
2.302987337112426758e+00
2.301716566085815430e+00
2.303791761398315430e+00
2.304140567779541016e+00
2.300356864929199219e+00
2.304083347320556641e+00
2.300912380218505859e+00
2.301976203918457031e+00
2.300888299942016602e+00
2.304647207260131836e+00
2.303124189376831055e+00
2.303765058517456055e+00
2.301462173461914062e+00
2.302284955978393555e+00
2.302016019821166992e+00
2.302512407302856445e+00
2.303557872772216797e+00
2.302358150482177734e+00
2.303616285324096680e+00
2.300633668899536133e+00
2.302701234817504883e+00
2.302117109298706055e+00
2.302743196487426758e+00
2.304024696350097656e+00
2.305488109588623047e+00
2.303580284118652344e+00
2.304477930068969727e+00
2.303832292556762695e+00
2.304330587387084961e+00
2.304216623306274414e+00
2.305243730545043945e+00
2.302090406417846680e+00
2.302518129348754883e+00
2.302150726318359375e+00
2.307966947555541992e+00
2.302848815917968750e+00
2.301705360412597656e+00
2.303043603897094727e+00
2.303919076919555664e+00
2.301930189132690430e+00
2.303002595901489258e+00
2.302372217178344727e+00
2.301316022872924805e+00
2.301482677459716797e+00
2.302415847778320312e+00
2.304014444351196289e+00
2.302406072616577148e+00
2.302324295043945312e+00
2.303397655487060547e+00
2.304955482482910156e+00
2.305780649185180664e+00
2.303577899932861328e+00
2.303671360015869141e+00
2.302392959594726562e+00
2.300220966339111328e+00
2.302299022674560547e+00
2.300753116607666016e+00
2.302912950515747070e+00
2.302671670913696289e+00
2.301831960678100586e+00
2.301146030426025391e+00
2.302147626876831055e+00
2.303740501403808594e+00
2.303871870040893555e+00
2.303222417831420898e+00
2.302428245544433594e+00
2.303087472915649414e+00
2.304405927658081055e+00
2.301548480987548828e+00
2.306143760681152344e+00
2.301247835159301758e+00
2.300198078155517578e+00
2.302467584609985352e+00
2.303687810897827148e+00
2.299785852432250977e+00
2.303061962127685547e+00
2.302464485168457031e+00
2.302543163299560547e+00
2.303712844848632812e+00
2.301751375198364258e+00
2.301875591278076172e+00
2.303214788436889648e+00
2.302625894546508789e+00
2.303386926651000977e+00
2.305223226547241211e+00
2.304275751113891602e+00
2.301839351654052734e+00
2.301656961441040039e+00
2.303779602050781250e+00
2.303349018096923828e+00
2.303323507308959961e+00
2.304080724716186523e+00
2.303469181060791016e+00
2.302249193191528320e+00
2.301773786544799805e+00
2.303975343704223633e+00
2.302763938903808594e+00
2.303429841995239258e+00
2.302980899810791016e+00
2.300583600997924805e+00
2.304676532745361328e+00
2.308867454528808594e+00
2.303367853164672852e+00
2.303310394287109375e+00
2.301332712173461914e+00
2.303019046783447266e+00
2.304055452346801758e+00
2.301397085189819336e+00
2.302950620651245117e+00
2.304404258728027344e+00
2.301315307617187500e+00
2.303244590759277344e+00
2.301502943038940430e+00
2.300889492034912109e+00
2.300987482070922852e+00
2.303454637527465820e+00
2.303688287734985352e+00
2.303563356399536133e+00
2.304319381713867188e+00
2.301944732666015625e+00
2.304150819778442383e+00
2.302130699157714844e+00
2.302767276763916016e+00
2.302088260650634766e+00
2.301133871078491211e+00
2.301142692565917969e+00
2.301516532897949219e+00
2.301404237747192383e+00
2.302540779113769531e+00
2.304075956344604492e+00
2.304807186126708984e+00
2.302710294723510742e+00
2.302524566650390625e+00
2.304065227508544922e+00
2.299027204513549805e+00
2.302869558334350586e+00
2.304439306259155273e+00
2.305781602859497070e+00
2.302739143371582031e+00
2.304632902145385742e+00
2.303577184677124023e+00
2.303253650665283203e+00
2.302079439163208008e+00
2.299189567565917969e+00
2.304919242858886719e+00
2.302873611450195312e+00
2.302405118942260742e+00
2.302873373031616211e+00
2.302508592605590820e+00
2.304643154144287109e+00
2.303032159805297852e+00
2.299378871917724609e+00
2.305214405059814453e+00
2.304346561431884766e+00
2.302264213562011719e+00
2.301453828811645508e+00
2.302211284637451172e+00
2.301001071929931641e+00
2.299125909805297852e+00
2.301732540130615234e+00
2.301720619201660156e+00
2.301794767379760742e+00
2.303764104843139648e+00
2.303108692169189453e+00
2.303477048873901367e+00
2.302189826965332031e+00
2.304476499557495117e+00
2.302614450454711914e+00
2.302683115005493164e+00
2.303755283355712891e+00
2.300461053848266602e+00
2.300898313522338867e+00
2.303050518035888672e+00
2.303788661956787109e+00
2.300516843795776367e+00
2.302292823791503906e+00
2.300305366516113281e+00
2.305297613143920898e+00
2.305076837539672852e+00
2.303939342498779297e+00
2.302744150161743164e+00
2.302220821380615234e+00
2.303305625915527344e+00
2.301858901977539062e+00
2.304691553115844727e+00
2.303155660629272461e+00
2.305203437805175781e+00
2.303598403930664062e+00
2.301095247268676758e+00
2.300317287445068359e+00
2.304939985275268555e+00
2.301403045654296875e+00
2.302146434783935547e+00
2.300017356872558594e+00
2.303420782089233398e+00
2.302564620971679688e+00
2.303111553192138672e+00
2.301606893539428711e+00
2.301853656768798828e+00
2.302931070327758789e+00
2.303128957748413086e+00
2.304971694946289062e+00
2.302044153213500977e+00
2.298811912536621094e+00
2.300873279571533203e+00
2.305440902709960938e+00
2.301906347274780273e+00
2.303222417831420898e+00
2.300517797470092773e+00
2.302883386611938477e+00
2.301913261413574219e+00
2.302521467208862305e+00
2.305327415466308594e+00
2.299145698547363281e+00
2.298105001449584961e+00
2.300386905670166016e+00
2.299824953079223633e+00
2.303425073623657227e+00
2.300178527832031250e+00
2.301958560943603516e+00
2.299106121063232422e+00
2.304253578186035156e+00
2.303905010223388672e+00
2.299402475357055664e+00
2.303611993789672852e+00
2.302604675292968750e+00
2.304015398025512695e+00
2.306679010391235352e+00
2.302456855773925781e+00
2.297922611236572266e+00
2.307698726654052734e+00
2.306995868682861328e+00
2.300780296325683594e+00
2.306313753128051758e+00
2.300702095031738281e+00
2.304321050643920898e+00
2.304363250732421875e+00
2.302365779876708984e+00
2.301731586456298828e+00
2.303907632827758789e+00
2.297289133071899414e+00
2.298106431961059570e+00
2.299220561981201172e+00
2.306652069091796875e+00
2.299803256988525391e+00
2.306054830551147461e+00
2.301080226898193359e+00
2.303910493850708008e+00
2.302893400192260742e+00
2.302779197692871094e+00
2.303275823593139648e+00
2.302944660186767578e+00
2.306538343429565430e+00
2.297972679138183594e+00
2.306291341781616211e+00
2.297853946685791016e+00
2.304834842681884766e+00
2.305599451065063477e+00
2.306205272674560547e+00
2.304440498352050781e+00
2.299721479415893555e+00
2.301313161849975586e+00
2.306001186370849609e+00
2.300235509872436523e+00
2.296088695526123047e+00
2.305182218551635742e+00
2.300861597061157227e+00
2.299552917480468750e+00
2.302811622619628906e+00
2.301182508468627930e+00
2.302095413208007812e+00
2.304187297821044922e+00
2.301948785781860352e+00
2.306611537933349609e+00
2.303318262100219727e+00
2.305049419403076172e+00
2.301017045974731445e+00
2.300107955932617188e+00
2.300800561904907227e+00
2.302513122558593750e+00
2.299803256988525391e+00
2.302543878555297852e+00
2.301386117935180664e+00
2.306288480758666992e+00
2.302628993988037109e+00
2.301202058792114258e+00
2.301382780075073242e+00
2.303150177001953125e+00
2.299358844757080078e+00
2.302119731903076172e+00
2.296148777008056641e+00
2.303105592727661133e+00
2.301310777664184570e+00
2.299715518951416016e+00
2.304947614669799805e+00
2.302586317062377930e+00
2.303292512893676758e+00
2.300486803054809570e+00
2.304758310317993164e+00
2.298648118972778320e+00
2.305008172988891602e+00
2.298905372619628906e+00
2.299858331680297852e+00
2.307064533233642578e+00
2.307429075241088867e+00
2.298470020294189453e+00
2.306165933609008789e+00
2.313093185424804688e+00
2.305004358291625977e+00
2.303818464279174805e+00
2.298082351684570312e+00
2.308240413665771484e+00
2.300873041152954102e+00
2.311091899871826172e+00
2.306673526763916016e+00
2.301734447479248047e+00
2.301917314529418945e+00
2.299831628799438477e+00
2.301659107208251953e+00
2.309118747711181641e+00
2.300253868103027344e+00
2.305850267410278320e+00
2.300078392028808594e+00
2.305813550949096680e+00
2.304573774337768555e+00
2.303256273269653320e+00
2.301824331283569336e+00
2.304776191711425781e+00
2.298961400985717773e+00
2.297847270965576172e+00
2.302891969680786133e+00
2.306554794311523438e+00
2.297574996948242188e+00
2.303102731704711914e+00
2.308213949203491211e+00
2.299394130706787109e+00
2.297799587249755859e+00
2.305189371109008789e+00
2.300317287445068359e+00
2.302184820175170898e+00
2.302759408950805664e+00
2.302693367004394531e+00
2.301821470260620117e+00
2.300944089889526367e+00
2.302719354629516602e+00
2.307255029678344727e+00
2.308886528015136719e+00
2.305046796798706055e+00
2.304836273193359375e+00
2.303676605224609375e+00
2.301591157913208008e+00
2.303129434585571289e+00
2.302912473678588867e+00
2.302412748336791992e+00
2.301903247833251953e+00
2.300239801406860352e+00
2.303813457489013672e+00
2.300884962081909180e+00
2.302440166473388672e+00
2.302693605422973633e+00
2.305358171463012695e+00
2.299562454223632812e+00
2.304332971572875977e+00
2.308358192443847656e+00
2.302222490310668945e+00
2.303595304489135742e+00
2.304514646530151367e+00
2.303910255432128906e+00
2.302240610122680664e+00
2.302208185195922852e+00
2.303223609924316406e+00
2.304684400558471680e+00
2.300866842269897461e+00
2.304911613464355469e+00
2.303113222122192383e+00
2.301277399063110352e+00
2.297297954559326172e+00
2.303639650344848633e+00
2.304733514785766602e+00
2.310667514801025391e+00
2.301969051361083984e+00
2.304924011230468750e+00
2.302073001861572266e+00
2.308488607406616211e+00
2.304998159408569336e+00
2.300639390945434570e+00
2.301999568939208984e+00
2.301723480224609375e+00
2.300063371658325195e+00
2.303335189819335938e+00
2.305219650268554688e+00
2.302012920379638672e+00
2.299053907394409180e+00
2.306340694427490234e+00
2.303018331527709961e+00
2.300966501235961914e+00
2.301800489425659180e+00
2.309327602386474609e+00
2.303630113601684570e+00
2.298089265823364258e+00
2.306433439254760742e+00
2.301865339279174805e+00
2.299063444137573242e+00
2.302941083908081055e+00
2.303704738616943359e+00
2.301802635192871094e+00
2.307429790496826172e+00
2.300159454345703125e+00
2.302362680435180664e+00
2.300316095352172852e+00
2.302031517028808594e+00
2.301508903503417969e+00
2.302191734313964844e+00
2.300319910049438477e+00
2.300811767578125000e+00
2.301326036453247070e+00
2.299385309219360352e+00
2.310054302215576172e+00
2.306966066360473633e+00
2.304104566574096680e+00
2.302184581756591797e+00
2.297024250030517578e+00
2.300951957702636719e+00
2.303451061248779297e+00
2.299208402633666992e+00
2.298912763595581055e+00
2.301852703094482422e+00
2.302039623260498047e+00
2.303916215896606445e+00
2.301872014999389648e+00
2.305989503860473633e+00
2.300492286682128906e+00
2.302909135818481445e+00
2.302576541900634766e+00
2.299625396728515625e+00
2.300285100936889648e+00
2.300147294998168945e+00
2.301041364669799805e+00
2.296615839004516602e+00
2.303339004516601562e+00
2.305306434631347656e+00
2.310494899749755859e+00
2.297458648681640625e+00
2.301059961318969727e+00
2.303218603134155273e+00
2.303433179855346680e+00
2.303445577621459961e+00
2.307893514633178711e+00
2.306303262710571289e+00
2.299687147140502930e+00
2.300769090652465820e+00
2.306666851043701172e+00
2.306074380874633789e+00
2.305238485336303711e+00
2.303128719329833984e+00
2.307578563690185547e+00
2.306372642517089844e+00
2.301942348480224609e+00
2.304542064666748047e+00
2.301432847976684570e+00
2.305399417877197266e+00
2.301458597183227539e+00
2.310084581375122070e+00
2.298773765563964844e+00
2.299984455108642578e+00
2.303369522094726562e+00
2.302047014236450195e+00
2.304137229919433594e+00
2.301770925521850586e+00
2.300407171249389648e+00
2.308186769485473633e+00
2.298201084136962891e+00
2.303275823593139648e+00
2.309470415115356445e+00
2.299865722656250000e+00
2.300922870635986328e+00
2.303084850311279297e+00
2.302442789077758789e+00
2.305980682373046875e+00
2.303818702697753906e+00
2.303770780563354492e+00
2.304290771484375000e+00
2.302598953247070312e+00
2.304372787475585938e+00
2.302904367446899414e+00
2.302725791931152344e+00
2.300456047058105469e+00
2.302264213562011719e+00
2.303894519805908203e+00
2.301519155502319336e+00
2.300098657608032227e+00
2.304455041885375977e+00
2.306002855300903320e+00
2.303836822509765625e+00
2.302178621292114258e+00
2.304938554763793945e+00
2.301362276077270508e+00
2.300420999526977539e+00
2.299644708633422852e+00
2.299723863601684570e+00
2.299985885620117188e+00
2.298384189605712891e+00
2.302440404891967773e+00
2.305554628372192383e+00
2.305353879928588867e+00
2.307237386703491211e+00
2.304334163665771484e+00
2.302841663360595703e+00
2.301070213317871094e+00
2.301908493041992188e+00
2.305089235305786133e+00
2.303844690322875977e+00
2.299671411514282227e+00
2.305304765701293945e+00
2.305393457412719727e+00
2.306354761123657227e+00
2.304769039154052734e+00
2.302007913589477539e+00
2.304261922836303711e+00
2.304147720336914062e+00
2.302825450897216797e+00
2.303754091262817383e+00
2.303447961807250977e+00
2.301667213439941406e+00
2.301698446273803711e+00
2.301419734954833984e+00
2.303759336471557617e+00
2.300066232681274414e+00
2.304185390472412109e+00
2.304082393646240234e+00
2.304932594299316406e+00
2.302516460418701172e+00
2.307071208953857422e+00
2.302405357360839844e+00
2.302831888198852539e+00
2.302875995635986328e+00
2.307364225387573242e+00
2.306037425994873047e+00
2.301496028900146484e+00
2.303152322769165039e+00
2.300665855407714844e+00
2.302122354507446289e+00
2.302491664886474609e+00
2.303113698959350586e+00
2.302854061126708984e+00
2.300018072128295898e+00
2.302381277084350586e+00
2.302749156951904297e+00
2.302680015563964844e+00
2.303295373916625977e+00
2.299901008605957031e+00
2.303847551345825195e+00
2.305009365081787109e+00
2.301164627075195312e+00
2.303282260894775391e+00
2.303401708602905273e+00
2.303026437759399414e+00
2.301410913467407227e+00
2.302674770355224609e+00
2.301703453063964844e+00
2.300284624099731445e+00
2.299036741256713867e+00
2.303075551986694336e+00
2.303351163864135742e+00
2.303425073623657227e+00
2.301108121871948242e+00
2.303903818130493164e+00
2.301168441772460938e+00
2.303697347640991211e+00
2.301212549209594727e+00
2.303014993667602539e+00
2.302594900131225586e+00
2.303527116775512695e+00
2.304591894149780273e+00
2.301429271697998047e+00
2.303680181503295898e+00
2.303624868392944336e+00
2.302358150482177734e+00
2.304252147674560547e+00
2.301468849182128906e+00
2.303299188613891602e+00
2.301434040069580078e+00
2.301399707794189453e+00
2.304469823837280273e+00
2.301192283630371094e+00
2.302069425582885742e+00
2.302795648574829102e+00
2.298342704772949219e+00
2.302609205245971680e+00
2.301290750503540039e+00
2.302563667297363281e+00
2.302254199981689453e+00
2.298837423324584961e+00
2.303407669067382812e+00
2.305947303771972656e+00
2.301340818405151367e+00
2.302089452743530273e+00
2.304340362548828125e+00
2.303385496139526367e+00
2.302140951156616211e+00
2.303250312805175781e+00
2.305377244949340820e+00
2.301679611206054688e+00
2.301903247833251953e+00
2.301285505294799805e+00
2.300733804702758789e+00
2.302189350128173828e+00
2.302448987960815430e+00
2.300787687301635742e+00
2.303270339965820312e+00
2.302936077117919922e+00
2.304672718048095703e+00
2.303835391998291016e+00
2.304821014404296875e+00
2.303099393844604492e+00
2.306837558746337891e+00
2.300048828125000000e+00
2.303610324859619141e+00
2.303742170333862305e+00
2.300642490386962891e+00
2.306551933288574219e+00
2.301482200622558594e+00
2.301682949066162109e+00
2.307256460189819336e+00
2.303079843521118164e+00
2.307309865951538086e+00
2.302260875701904297e+00
2.302680969238281250e+00
2.303606033325195312e+00
2.304746150970458984e+00
2.303920745849609375e+00
2.303470373153686523e+00
2.302825927734375000e+00
2.301380634307861328e+00
2.303945779800415039e+00
2.304215431213378906e+00
2.299953460693359375e+00
2.301268339157104492e+00
2.302217960357666016e+00
2.300493001937866211e+00
2.304059267044067383e+00
2.303418397903442383e+00
2.301845312118530273e+00
2.302742719650268555e+00
2.304042100906372070e+00
2.301211595535278320e+00
2.304996252059936523e+00
2.301660060882568359e+00
2.301446676254272461e+00
2.304767608642578125e+00
2.305741786956787109e+00
2.300907135009765625e+00
2.305747270584106445e+00
2.303374767303466797e+00
2.304626941680908203e+00
2.303907632827758789e+00
2.301796197891235352e+00
2.300738096237182617e+00
2.300165653228759766e+00
2.303869962692260742e+00
2.301398754119873047e+00
2.303178787231445312e+00
2.301362037658691406e+00
2.304923295974731445e+00
2.302985906600952148e+00
2.305386066436767578e+00
2.302896022796630859e+00
2.302648782730102539e+00
2.302993535995483398e+00
2.299722194671630859e+00
2.305390357971191406e+00
2.299386978149414062e+00
2.302961111068725586e+00
2.303506135940551758e+00
2.303877353668212891e+00
2.303967475891113281e+00
2.301295042037963867e+00
2.303948879241943359e+00
2.303709983825683594e+00
2.305211305618286133e+00
2.304203033447265625e+00
2.304356336593627930e+00
2.304328441619873047e+00
2.304921865463256836e+00
2.302942514419555664e+00
2.305825233459472656e+00
2.303974151611328125e+00
2.302969455718994141e+00
2.303631544113159180e+00
2.302533864974975586e+00
2.304673433303833008e+00
2.303397893905639648e+00
2.302258014678955078e+00
2.302399635314941406e+00
2.303000450134277344e+00
2.303836345672607422e+00
2.302430391311645508e+00
2.301141500473022461e+00
2.301969766616821289e+00
2.302785396575927734e+00
2.303110122680664062e+00
2.303351163864135742e+00
2.302627325057983398e+00
2.301959514617919922e+00
2.302049160003662109e+00
2.303672313690185547e+00
2.301702022552490234e+00
2.301866531372070312e+00
2.302253723144531250e+00
2.301188945770263672e+00
2.300888538360595703e+00
2.302575826644897461e+00
2.303126096725463867e+00
2.301561355590820312e+00
2.300339221954345703e+00
2.301427841186523438e+00
2.302073001861572266e+00
2.303750038146972656e+00
2.303578615188598633e+00
2.300298213958740234e+00
2.303538799285888672e+00
2.302270412445068359e+00
2.304921627044677734e+00
2.301191091537475586e+00
2.304181814193725586e+00
2.299967527389526367e+00
2.300515890121459961e+00
2.300382852554321289e+00
2.301098346710205078e+00
2.303097248077392578e+00
2.304789781570434570e+00
2.302408218383789062e+00
2.303307533264160156e+00
2.305504798889160156e+00
2.303423404693603516e+00
2.305381536483764648e+00
2.302134752273559570e+00
2.301339387893676758e+00
2.300981998443603516e+00
2.305916070938110352e+00
2.304975986480712891e+00
2.304096937179565430e+00
2.303813457489013672e+00
2.303619623184204102e+00
2.302110910415649414e+00
2.302829265594482422e+00
2.303377389907836914e+00
2.298819065093994141e+00
2.301926136016845703e+00
2.301190853118896484e+00
2.305727243423461914e+00
2.303447484970092773e+00
2.301483154296875000e+00
2.302189111709594727e+00
2.302744865417480469e+00
2.299791097640991211e+00
2.303855895996093750e+00
2.301857948303222656e+00
2.306236267089843750e+00
2.301748752593994141e+00
2.307304859161376953e+00
2.300887107849121094e+00
2.302235126495361328e+00
2.305255889892578125e+00
2.302035570144653320e+00
2.303117752075195312e+00
2.305468082427978516e+00
2.305775165557861328e+00
2.300843000411987305e+00
2.302236557006835938e+00
2.304655075073242188e+00
2.303409814834594727e+00
2.300493955612182617e+00
2.302633523941040039e+00
2.302189826965332031e+00
2.304003477096557617e+00
2.303613662719726562e+00
2.302717685699462891e+00
2.300670623779296875e+00
2.302502393722534180e+00
2.304056644439697266e+00
2.301834821701049805e+00
2.300055980682373047e+00
2.304759025573730469e+00
2.303606748580932617e+00
2.303698539733886719e+00
2.301875114440917969e+00
2.305126428604125977e+00
2.301683902740478516e+00
2.304593801498413086e+00
2.304352045059204102e+00
2.302556514739990234e+00
2.301045417785644531e+00
2.303240299224853516e+00
2.300833225250244141e+00
2.302140712738037109e+00
2.303433418273925781e+00
2.300167798995971680e+00
2.302433013916015625e+00
2.303806304931640625e+00
2.299528837203979492e+00
2.302448034286499023e+00
2.304198741912841797e+00
2.305040836334228516e+00
2.301669359207153320e+00
2.300947666168212891e+00
2.302130222320556641e+00
2.305367231369018555e+00
2.301278114318847656e+00
2.305148124694824219e+00
2.301900625228881836e+00
2.305052995681762695e+00
2.301851034164428711e+00
2.300093650817871094e+00
2.304535388946533203e+00
2.306853055953979492e+00
2.303764820098876953e+00
2.305316209793090820e+00
2.305214166641235352e+00
2.301801204681396484e+00
2.305259466171264648e+00
2.304782629013061523e+00
2.300239562988281250e+00
2.301166772842407227e+00
2.303068637847900391e+00
2.304842948913574219e+00
2.302775859832763672e+00
2.299914121627807617e+00
2.300863265991210938e+00
2.300687313079833984e+00
2.299695730209350586e+00
2.302290201187133789e+00
2.304085254669189453e+00
2.302935600280761719e+00
2.301236629486083984e+00
2.302533388137817383e+00
2.301063537597656250e+00
2.306893825531005859e+00
2.300664424896240234e+00
2.302276134490966797e+00
2.304228544235229492e+00
2.305679082870483398e+00
2.302368640899658203e+00
2.301861524581909180e+00
2.300356149673461914e+00
2.305151700973510742e+00
2.303857564926147461e+00
2.301136970520019531e+00
2.300476551055908203e+00
2.302211284637451172e+00
2.301418304443359375e+00
2.303820133209228516e+00
2.302733898162841797e+00
2.303342342376708984e+00
2.305868387222290039e+00
2.304356575012207031e+00
2.304600238800048828e+00
2.306103706359863281e+00
2.300687551498413086e+00
2.303415536880493164e+00
2.301155567169189453e+00
2.301295757293701172e+00
2.303553342819213867e+00
2.304569005966186523e+00
