2.302607536315917969e+00
2.288851261138916016e+00
2.296758651733398438e+00
2.305655956268310547e+00
2.302925586700439453e+00
2.300988912582397461e+00
2.305581808090209961e+00
2.290080785751342773e+00
2.344268083572387695e+00
2.297965288162231445e+00
2.301877975463867188e+00
2.300058364868164062e+00
2.299538850784301758e+00
2.300572872161865234e+00
2.295464992523193359e+00
2.284751892089843750e+00
2.260842084884643555e+00
2.229218721389770508e+00
2.254534721374511719e+00
2.181453227996826172e+00
2.267555475234985352e+00
2.263784885406494141e+00
2.239678382873535156e+00
2.275343179702758789e+00
2.229251623153686523e+00
2.146823406219482422e+00
2.221582889556884766e+00
2.273705005645751953e+00
2.162422180175781250e+00
2.228931188583374023e+00
2.212807655334472656e+00
2.247364997863769531e+00
2.250397920608520508e+00
2.304715156555175781e+00
2.305589199066162109e+00
2.245979309082031250e+00
2.184982299804687500e+00
2.119197368621826172e+00
2.132011175155639648e+00
2.034885883331298828e+00
2.071456432342529297e+00
2.168371438980102539e+00
2.005486249923706055e+00
2.228274106979370117e+00
2.012895345687866211e+00
2.121503591537475586e+00
2.106824636459350586e+00
2.114282608032226562e+00
2.113263845443725586e+00
2.194190502166748047e+00
2.138856649398803711e+00
2.138587474822998047e+00
2.004129648208618164e+00
2.048805952072143555e+00
2.039797544479370117e+00
1.983377337455749512e+00
2.217105150222778320e+00
2.217618942260742188e+00
2.089029312133789062e+00
2.087285757064819336e+00
2.165527820587158203e+00
2.139068841934204102e+00
2.152481555938720703e+00
2.071433305740356445e+00
2.088497400283813477e+00
2.139642953872680664e+00
2.087610960006713867e+00
2.194451093673706055e+00
2.095982789993286133e+00
2.002820730209350586e+00
2.010846853256225586e+00
2.153863668441772461e+00
2.168267726898193359e+00
2.050961732864379883e+00
2.031998395919799805e+00
1.971480131149291992e+00
2.215689659118652344e+00
2.101843357086181641e+00
2.040559768676757812e+00
2.000441312789916992e+00
2.137569189071655273e+00
2.249729394912719727e+00
2.102870702743530273e+00
1.978747844696044922e+00
2.014752149581909180e+00
2.043909549713134766e+00
1.958324432373046875e+00
2.110126256942749023e+00
1.965175390243530273e+00
1.992930531501770020e+00
2.053268671035766602e+00
2.058927536010742188e+00
2.011614322662353516e+00
2.049625635147094727e+00
1.975916981697082520e+00
2.085299730300903320e+00
2.031172990798950195e+00
2.061477661132812500e+00
1.965436220169067383e+00
2.084511995315551758e+00
1.964062452316284180e+00
2.000170707702636719e+00
1.981178045272827148e+00
1.902359604835510254e+00
1.866456985473632812e+00
2.002245903015136719e+00
1.976066708564758301e+00
1.982738733291625977e+00
1.916555643081665039e+00
2.032703876495361328e+00
1.904235720634460449e+00
1.959372520446777344e+00
1.920135974884033203e+00
1.991554260253906250e+00
1.976271152496337891e+00
1.923408627510070801e+00
1.766348361968994141e+00
1.844515562057495117e+00
1.868970155715942383e+00
1.991663575172424316e+00
1.868945837020874023e+00
1.916471362113952637e+00
1.978485941886901855e+00
1.995296955108642578e+00
1.818231105804443359e+00
2.054904222488403320e+00
1.918503522872924805e+00
1.847987532615661621e+00
1.954379677772521973e+00
1.973645925521850586e+00
1.955024242401123047e+00
1.937576413154602051e+00
1.888255119323730469e+00
1.978554248809814453e+00
1.987918019294738770e+00
2.099682569503784180e+00
2.045866489410400391e+00
1.991694450378417969e+00
1.918013215065002441e+00
1.925896883010864258e+00
1.915750145912170410e+00
1.869449019432067871e+00
1.834537744522094727e+00
1.858707189559936523e+00
1.849565029144287109e+00
1.970670223236083984e+00
2.065179586410522461e+00
1.910634160041809082e+00
1.792995810508728027e+00
1.736466288566589355e+00
1.986786603927612305e+00
1.870213866233825684e+00
1.904175639152526855e+00
1.869437456130981445e+00
1.910353302955627441e+00
1.739865541458129883e+00
2.108301639556884766e+00
1.939020276069641113e+00
1.943651318550109863e+00
2.113204717636108398e+00
1.835561037063598633e+00
1.927685737609863281e+00
1.890572905540466309e+00
1.851260185241699219e+00
1.930625915527343750e+00
1.800678968429565430e+00
1.660665273666381836e+00
1.910531520843505859e+00
1.863389730453491211e+00
1.907368302345275879e+00
1.819320917129516602e+00
1.799876689910888672e+00
1.712407112121582031e+00
1.997775912284851074e+00
1.784906029701232910e+00
2.021734714508056641e+00
1.763043999671936035e+00
1.784889578819274902e+00
1.816786408424377441e+00
1.842695713043212891e+00
1.841668605804443359e+00
2.022862195968627930e+00
2.015281200408935547e+00
1.821827054023742676e+00
1.906547784805297852e+00
1.759495496749877930e+00
1.889766931533813477e+00
1.866047620773315430e+00
1.727992534637451172e+00
1.795967817306518555e+00
1.852510809898376465e+00
1.842933058738708496e+00
1.971706151962280273e+00
1.961602926254272461e+00
1.742561221122741699e+00
1.912141561508178711e+00
1.752643942832946777e+00
1.907709956169128418e+00
1.789256572723388672e+00
1.989267230033874512e+00
1.960070848464965820e+00
1.880032896995544434e+00
1.870012402534484863e+00
1.949836254119873047e+00
1.837637782096862793e+00
1.867598176002502441e+00
1.859101891517639160e+00
1.798416256904602051e+00
1.884957313537597656e+00
1.825041174888610840e+00
2.087998867034912109e+00
1.914901852607727051e+00
1.872939586639404297e+00
1.850496053695678711e+00
1.835753560066223145e+00
1.812175512313842773e+00
1.797076463699340820e+00
1.799772739410400391e+00
1.754905104637145996e+00
1.849586963653564453e+00
1.881875872611999512e+00
1.993086338043212891e+00
1.810325145721435547e+00
1.866800427436828613e+00
1.843710780143737793e+00
1.850754618644714355e+00
1.748676896095275879e+00
1.716260194778442383e+00
1.738248705863952637e+00
1.767454504966735840e+00
1.478606104850769043e+00
1.819808959960937500e+00
1.958330154418945312e+00
1.756815671920776367e+00
1.703498959541320801e+00
1.847772479057312012e+00
1.853865265846252441e+00
1.779093861579895020e+00
1.814241766929626465e+00
1.792596578598022461e+00
1.747978806495666504e+00
1.897176146507263184e+00
1.770040512084960938e+00
2.009534835815429688e+00
1.620803713798522949e+00
1.702755689620971680e+00
1.683069586753845215e+00
1.927892208099365234e+00
1.717929959297180176e+00
1.912530183792114258e+00
1.667659878730773926e+00
1.814545750617980957e+00
1.755215048789978027e+00
1.694107770919799805e+00
1.999434232711791992e+00
1.683778762817382812e+00
1.568145632743835449e+00
1.829786419868469238e+00
1.816807985305786133e+00
1.610264539718627930e+00
1.905142903327941895e+00
1.708418607711791992e+00
1.412845730781555176e+00
1.652818679809570312e+00
1.599029898643493652e+00
1.657874226570129395e+00
1.805356979370117188e+00
1.575220346450805664e+00
1.821783423423767090e+00
1.584016919136047363e+00
1.920021772384643555e+00
1.898763060569763184e+00
1.804833292961120605e+00
1.820494174957275391e+00
1.771973967552185059e+00
1.675080657005310059e+00
1.640962719917297363e+00
1.755259871482849121e+00
1.833832859992980957e+00
1.766466379165649414e+00
1.827209949493408203e+00
1.781268000602722168e+00
1.779417276382446289e+00
1.627573847770690918e+00
1.826153993606567383e+00
1.632591366767883301e+00
1.691663026809692383e+00
1.518361091613769531e+00
1.763252496719360352e+00
1.717144608497619629e+00
1.606760501861572266e+00
1.843679189682006836e+00
1.642269849777221680e+00
1.907407164573669434e+00
1.820769309997558594e+00
1.753417015075683594e+00
1.749382615089416504e+00
1.753416538238525391e+00
1.656648755073547363e+00
1.717209219932556152e+00
1.658509492874145508e+00
1.658979892730712891e+00
1.707461714744567871e+00
1.495187044143676758e+00
1.661363005638122559e+00
1.711195588111877441e+00
1.649745583534240723e+00
1.601257920265197754e+00
1.582348704338073730e+00
1.578557014465332031e+00
1.700766801834106445e+00
1.531412720680236816e+00
1.671032667160034180e+00
1.477901458740234375e+00
1.889333009719848633e+00
1.587173342704772949e+00
1.735378861427307129e+00
1.675577163696289062e+00
1.683703184127807617e+00
1.681068181991577148e+00
1.626736044883728027e+00
1.783125162124633789e+00
1.804952621459960938e+00
1.546590685844421387e+00
1.553667187690734863e+00
1.780027866363525391e+00
1.779809713363647461e+00
1.629516005516052246e+00
1.492768406867980957e+00
1.525198936462402344e+00
1.616080999374389648e+00
1.609583258628845215e+00
1.848313689231872559e+00
1.547454357147216797e+00
1.702070116996765137e+00
1.565945863723754883e+00
1.578471541404724121e+00
1.811371684074401855e+00
1.621707677841186523e+00
1.783088326454162598e+00
1.686299562454223633e+00
1.530034542083740234e+00
1.773694992065429688e+00
1.670858025550842285e+00
1.826234817504882812e+00
1.813769578933715820e+00
1.549247980117797852e+00
1.739549279212951660e+00
1.543778300285339355e+00
1.543382644653320312e+00
1.480819344520568848e+00
1.953319430351257324e+00
1.850949645042419434e+00
1.726782441139221191e+00
1.665139436721801758e+00
1.681672453880310059e+00
1.711831331253051758e+00
1.584495663642883301e+00
1.547794461250305176e+00
1.466070890426635742e+00
1.677316665649414062e+00
1.626752376556396484e+00
1.529042124748229980e+00
1.710092186927795410e+00
1.802144646644592285e+00
1.733912587165832520e+00
1.669782161712646484e+00
1.740049719810485840e+00
1.726511120796203613e+00
1.644293904304504395e+00
1.703746914863586426e+00
1.731300592422485352e+00
1.808512210845947266e+00
1.590853691101074219e+00
1.635393261909484863e+00
1.747489333152770996e+00
1.922692418098449707e+00
1.840370416641235352e+00
1.538623332977294922e+00
1.828294634819030762e+00
1.665274739265441895e+00
1.768417835235595703e+00
1.752744674682617188e+00
1.695429325103759766e+00
1.609687447547912598e+00
1.793176889419555664e+00
1.662928581237792969e+00
1.643407464027404785e+00
2.011221170425415039e+00
1.654977917671203613e+00
1.764716982841491699e+00
1.614612460136413574e+00
1.715877175331115723e+00
1.800523638725280762e+00
1.670707821846008301e+00
1.650101184844970703e+00
1.868334174156188965e+00
1.671466588973999023e+00
1.710449695587158203e+00
1.831160068511962891e+00
1.720720171928405762e+00
1.550618290901184082e+00
1.648962855339050293e+00
1.791406750679016113e+00
1.876069068908691406e+00
1.510165929794311523e+00
1.800673604011535645e+00
1.675943136215209961e+00
1.454418182373046875e+00
1.684401631355285645e+00
1.543197393417358398e+00
1.622278332710266113e+00
1.625164866447448730e+00
1.579942822456359863e+00
1.674885392189025879e+00
1.501887798309326172e+00
1.534038662910461426e+00
1.843034267425537109e+00
1.429034352302551270e+00
1.674583792686462402e+00
1.951825380325317383e+00
1.789814710617065430e+00
1.616359233856201172e+00
1.515803098678588867e+00
1.877424716949462891e+00
1.781230807304382324e+00
1.555704951286315918e+00
1.805438637733459473e+00
1.707115888595581055e+00
1.695997953414916992e+00
1.742643833160400391e+00
1.928356409072875977e+00
1.607743382453918457e+00
1.831012010574340820e+00
1.854110717773437500e+00
1.753252387046813965e+00
1.849962949752807617e+00
1.639619112014770508e+00
1.619871616363525391e+00
1.752043366432189941e+00
1.716136932373046875e+00
1.652752518653869629e+00
1.643953084945678711e+00
1.662298798561096191e+00
1.698821067810058594e+00
1.741559743881225586e+00
1.472111940383911133e+00
1.749836802482604980e+00
1.740434288978576660e+00
1.761009097099304199e+00
1.782673358917236328e+00
1.614793777465820312e+00
1.618633747100830078e+00
1.580864548683166504e+00
1.679205060005187988e+00
1.696383595466613770e+00
1.722338080406188965e+00
1.671068787574768066e+00
1.457270383834838867e+00
1.814053654670715332e+00
1.662536501884460449e+00
1.695328593254089355e+00
1.750621438026428223e+00
1.538505673408508301e+00
1.605958700180053711e+00
1.545391201972961426e+00
1.440658688545227051e+00
1.590361714363098145e+00
1.598979711532592773e+00
1.647462487220764160e+00
1.663585186004638672e+00
1.986649274826049805e+00
1.557406783103942871e+00
1.586292386054992676e+00
1.662360310554504395e+00
1.616931438446044922e+00
1.548985719680786133e+00
1.768093109130859375e+00
1.601811051368713379e+00
1.747657775878906250e+00
1.726590871810913086e+00
1.736876845359802246e+00
1.387704372406005859e+00
1.506553292274475098e+00
1.593774199485778809e+00
1.500263094902038574e+00
1.687498569488525391e+00
1.784754276275634766e+00
1.529035449028015137e+00
1.587963104248046875e+00
1.662251114845275879e+00
1.596965789794921875e+00
1.540322065353393555e+00
1.453550457954406738e+00
1.614345788955688477e+00
1.592291831970214844e+00
1.571924924850463867e+00
1.505913734436035156e+00
1.692602038383483887e+00
1.432002544403076172e+00
1.633391499519348145e+00
1.501608490943908691e+00
1.603495478630065918e+00
1.686060786247253418e+00
1.633056998252868652e+00
1.657909274101257324e+00
1.596107602119445801e+00
1.529982447624206543e+00
1.635002136230468750e+00
1.568946838378906250e+00
1.523161053657531738e+00
1.641950249671936035e+00
1.758530378341674805e+00
1.522874236106872559e+00
1.539536476135253906e+00
1.338803410530090332e+00
1.463416576385498047e+00
1.464092493057250977e+00
1.297399401664733887e+00
1.465080380439758301e+00
1.512210130691528320e+00
1.675462007522583008e+00
1.562386870384216309e+00
1.720287084579467773e+00
1.484089851379394531e+00
1.607112050056457520e+00
1.645468592643737793e+00
1.737818598747253418e+00
1.640290379524230957e+00
1.667179346084594727e+00
1.655682563781738281e+00
1.624790668487548828e+00
1.499503731727600098e+00
1.564973950386047363e+00
1.641557693481445312e+00
1.711709737777709961e+00
1.538073062896728516e+00
1.484791874885559082e+00
1.609375119209289551e+00
1.366421222686767578e+00
1.589082241058349609e+00
1.660234689712524414e+00
1.568860650062561035e+00
1.893353700637817383e+00
1.586104154586791992e+00
1.611208438873291016e+00
1.614686608314514160e+00
1.321182489395141602e+00
1.477725028991699219e+00
1.528299689292907715e+00
1.669015288352966309e+00
1.441591620445251465e+00
1.388983726501464844e+00
1.495044231414794922e+00
1.418372869491577148e+00
1.387319087982177734e+00
1.300440192222595215e+00
1.781520366668701172e+00
1.459354281425476074e+00
1.654998421669006348e+00
1.575770258903503418e+00
1.456415653228759766e+00
1.416001319885253906e+00
1.330722093582153320e+00
1.516468882560729980e+00
1.581359386444091797e+00
1.616619825363159180e+00
1.419659137725830078e+00
1.539989233016967773e+00
1.538844704627990723e+00
1.495800137519836426e+00
1.628332495689392090e+00
1.468156576156616211e+00
1.481016159057617188e+00
1.626468062400817871e+00
1.425165653228759766e+00
1.623342633247375488e+00
1.379805445671081543e+00
1.411780834197998047e+00
1.457852363586425781e+00
1.729541420936584473e+00
1.453486323356628418e+00
1.662680149078369141e+00
1.286253333091735840e+00
1.429973125457763672e+00
1.648660421371459961e+00
1.564412355422973633e+00
1.636413574218750000e+00
1.633956193923950195e+00
1.579117059707641602e+00
1.467114329338073730e+00
1.369590401649475098e+00
1.710232615470886230e+00
1.356566309928894043e+00
1.548797011375427246e+00
1.338618636131286621e+00
1.519713640213012695e+00
1.421117424964904785e+00
1.463450670242309570e+00
1.649931907653808594e+00
1.434871673583984375e+00
1.543183565139770508e+00
1.516034245491027832e+00
1.520261049270629883e+00
1.445216298103332520e+00
1.548632621765136719e+00
1.601123690605163574e+00
1.687723278999328613e+00
1.561875820159912109e+00
1.618670940399169922e+00
1.405977368354797363e+00
1.564669132232666016e+00
1.570839047431945801e+00
1.490120410919189453e+00
1.636676549911499023e+00
1.575244784355163574e+00
1.629538178443908691e+00
1.564090132713317871e+00
1.394285440444946289e+00
1.337696909904479980e+00
1.460518002510070801e+00
1.488280057907104492e+00
1.568080663681030273e+00
1.524249792098999023e+00
1.469458341598510742e+00
1.338544249534606934e+00
1.601180195808410645e+00
1.344823718070983887e+00
1.466877102851867676e+00
1.487942337989807129e+00
1.288451433181762695e+00
1.308990955352783203e+00
1.469274163246154785e+00
1.632991313934326172e+00
1.735470175743103027e+00
1.476206302642822266e+00
1.426689147949218750e+00
1.328851103782653809e+00
1.708605170249938965e+00
1.786476969718933105e+00
1.402850151062011719e+00
1.609586954116821289e+00
1.414241790771484375e+00
1.709057450294494629e+00
1.553334832191467285e+00
1.518251776695251465e+00
1.322181463241577148e+00
1.571643114089965820e+00
1.268123269081115723e+00
1.537474632263183594e+00
1.508299469947814941e+00
1.320295572280883789e+00
1.622004747390747070e+00
1.497277617454528809e+00
1.629597663879394531e+00
1.399912834167480469e+00
1.607648730278015137e+00
1.521819591522216797e+00
1.463851571083068848e+00
1.428546428680419922e+00
1.757075786590576172e+00
1.670438408851623535e+00
1.547145366668701172e+00
1.685230493545532227e+00
1.618057608604431152e+00
1.595822334289550781e+00
1.652590870857238770e+00
1.652810096740722656e+00
1.768229484558105469e+00
1.496822714805603027e+00
1.457917928695678711e+00
1.680335402488708496e+00
1.445406794548034668e+00
1.419702887535095215e+00
1.577982425689697266e+00
1.592003703117370605e+00
1.399078845977783203e+00
1.310739994049072266e+00
1.506045818328857422e+00
1.616765022277832031e+00
1.582016706466674805e+00
1.692559361457824707e+00
1.380088806152343750e+00
1.569348335266113281e+00
1.409218549728393555e+00
1.459391355514526367e+00
1.277530312538146973e+00
1.845743536949157715e+00
1.532194614410400391e+00
1.529399752616882324e+00
1.594994306564331055e+00
1.441447138786315918e+00
1.459207534790039062e+00
1.466312527656555176e+00
1.400840640068054199e+00
1.451480269432067871e+00
1.363276124000549316e+00
1.586543679237365723e+00
1.651120305061340332e+00
1.487514138221740723e+00
1.630601882934570312e+00
1.585789918899536133e+00
1.558336496353149414e+00
1.574050545692443848e+00
1.365453124046325684e+00
1.575920343399047852e+00
1.317905306816101074e+00
1.438192248344421387e+00
1.682006716728210449e+00
1.677600145339965820e+00
1.400613784790039062e+00
1.408303976058959961e+00
1.552762985229492188e+00
1.278531670570373535e+00
1.422191143035888672e+00
1.361957311630249023e+00
1.304399728775024414e+00
1.402379989624023438e+00
1.400466203689575195e+00
1.542030692100524902e+00
1.394215345382690430e+00
1.455008149147033691e+00
1.352995395660400391e+00
1.283811569213867188e+00
1.235967516899108887e+00
1.521437644958496094e+00
1.699894309043884277e+00
1.545624613761901855e+00
1.382629394531250000e+00
1.818164229393005371e+00
1.443136096000671387e+00
1.346512198448181152e+00
1.338026642799377441e+00
1.454069018363952637e+00
1.560001373291015625e+00
1.326460003852844238e+00
1.497538089752197266e+00
1.376170039176940918e+00
1.421940207481384277e+00
1.531863451004028320e+00
1.487995505332946777e+00
1.611216902732849121e+00
1.486866593360900879e+00
1.321986556053161621e+00
1.657913923263549805e+00
1.714230179786682129e+00
1.446192145347595215e+00
1.518436312675476074e+00
1.268204569816589355e+00
1.458003759384155273e+00
1.436380028724670410e+00
1.551070451736450195e+00
1.352073788642883301e+00
1.506001234054565430e+00
1.356992721557617188e+00
1.560867905616760254e+00
1.217123985290527344e+00
1.241413712501525879e+00
1.640459656715393066e+00
1.372310996055603027e+00
1.311171054840087891e+00
1.352989673614501953e+00
1.348021507263183594e+00
1.471922039985656738e+00
1.496198892593383789e+00
1.542641997337341309e+00
1.243176937103271484e+00
1.650086760520935059e+00
1.628275394439697266e+00
1.204327821731567383e+00
1.452756166458129883e+00
1.378761053085327148e+00
1.274001955986022949e+00
1.160041213035583496e+00
1.382129192352294922e+00
1.295188903808593750e+00
1.218663930892944336e+00
1.206877470016479492e+00
1.519827723503112793e+00
1.336770176887512207e+00
1.272218704223632812e+00
1.553061246871948242e+00
1.546947479248046875e+00
1.344362139701843262e+00
1.695649862289428711e+00
1.208453655242919922e+00
1.402881026268005371e+00
1.349530696868896484e+00
1.440563440322875977e+00
1.309583187103271484e+00
1.580564260482788086e+00
1.550611257553100586e+00
1.515617012977600098e+00
1.204017639160156250e+00
1.367945671081542969e+00
1.488335251808166504e+00
1.356816768646240234e+00
1.582314968109130859e+00
1.338582158088684082e+00
1.257787346839904785e+00
1.494583010673522949e+00
1.341471076011657715e+00
1.500268816947937012e+00
1.339374661445617676e+00
1.573881983757019043e+00
1.574808239936828613e+00
1.445396542549133301e+00
1.504017710685729980e+00
1.476738452911376953e+00
1.652067065238952637e+00
1.274170875549316406e+00
1.308430194854736328e+00
1.297901988029479980e+00
1.395421266555786133e+00
1.486775398254394531e+00
1.324404716491699219e+00
1.655105948448181152e+00
1.286732316017150879e+00
1.674326300621032715e+00
1.391513347625732422e+00
1.512828350067138672e+00
1.365857362747192383e+00
1.305674552917480469e+00
1.399544835090637207e+00
1.338113665580749512e+00
1.675337910652160645e+00
1.151019692420959473e+00
1.394655942916870117e+00
1.335391640663146973e+00
1.564802050590515137e+00
1.314550995826721191e+00
1.505096435546875000e+00
1.379050850868225098e+00
1.250127077102661133e+00
1.293159365653991699e+00
1.156910181045532227e+00
1.383570432662963867e+00
1.637595891952514648e+00
1.238155364990234375e+00
1.389746069908142090e+00
1.457731246948242188e+00
1.290180087089538574e+00
1.488041639328002930e+00
1.617559790611267090e+00
1.391460776329040527e+00
1.435304880142211914e+00
1.430804491043090820e+00
1.283302903175354004e+00
1.311171650886535645e+00
1.340706467628479004e+00
1.206456780433654785e+00
1.168129563331604004e+00
1.435610175132751465e+00
1.382333040237426758e+00
1.278144121170043945e+00
1.340218901634216309e+00
1.049615502357482910e+00
1.371931910514831543e+00
1.573766469955444336e+00
1.667579770088195801e+00
1.637114763259887695e+00
1.342900037765502930e+00
1.431394696235656738e+00
1.284098029136657715e+00
1.491665482521057129e+00
1.299485087394714355e+00
1.439722061157226562e+00
1.420412778854370117e+00
1.304584622383117676e+00
1.517441511154174805e+00
1.392886877059936523e+00
1.276199817657470703e+00
1.479348540306091309e+00
1.321606636047363281e+00
1.490978121757507324e+00
1.400320172309875488e+00
1.200470566749572754e+00
1.228438019752502441e+00
1.300878286361694336e+00
1.537421941757202148e+00
1.145436048507690430e+00
1.573783755302429199e+00
1.147359132766723633e+00
1.234564423561096191e+00
1.300878882408142090e+00
1.489566326141357422e+00
1.179515004158020020e+00
1.223360896110534668e+00
1.334808707237243652e+00
1.292321681976318359e+00
1.258426666259765625e+00
1.255853891372680664e+00
1.197231531143188477e+00
1.626631259918212891e+00
1.335991501808166504e+00
1.360067129135131836e+00
1.289929151535034180e+00
1.391235351562500000e+00
1.378974080085754395e+00
1.296161055564880371e+00
1.250934958457946777e+00
1.334108948707580566e+00
1.197671175003051758e+00
1.125326633453369141e+00
1.187079668045043945e+00
1.332315087318420410e+00
1.170787930488586426e+00
1.154058933258056641e+00
1.468780040740966797e+00
1.380545139312744141e+00
1.534453630447387695e+00
1.289798140525817871e+00
1.305131435394287109e+00
1.425253510475158691e+00
1.421439170837402344e+00
1.137579083442687988e+00
1.400168180465698242e+00
1.551460862159729004e+00
1.381417512893676758e+00
1.333897948265075684e+00
1.116921424865722656e+00
1.598559141159057617e+00
1.457135081291198730e+00
1.303788065910339355e+00
1.683857440948486328e+00
1.188656449317932129e+00
1.521095156669616699e+00
1.412753343582153320e+00
1.488360643386840820e+00
1.579430818557739258e+00
1.445007085800170898e+00
1.304418563842773438e+00
1.400709033012390137e+00
1.278319478034973145e+00
1.291930556297302246e+00
1.362563252449035645e+00
1.355784296989440918e+00
1.353551030158996582e+00
1.507166266441345215e+00
1.179696321487426758e+00
1.339833378791809082e+00
1.386522054672241211e+00
1.345594048500061035e+00
1.354855895042419434e+00
1.337702631950378418e+00
1.561739444732666016e+00
1.264585614204406738e+00
1.161777615547180176e+00
1.232648134231567383e+00
1.260361552238464355e+00
1.331304907798767090e+00
1.333229541778564453e+00
1.372002959251403809e+00
1.248195886611938477e+00
1.179114580154418945e+00
1.403474330902099609e+00
1.287535905838012695e+00
1.430660963058471680e+00
1.304175138473510742e+00
1.298614025115966797e+00
1.315867066383361816e+00
1.040473222732543945e+00
1.043418884277343750e+00
1.153677821159362793e+00
1.248785138130187988e+00
1.297476768493652344e+00
1.304799914360046387e+00
1.324306488037109375e+00
1.257631063461303711e+00
1.153690338134765625e+00
1.264266252517700195e+00
1.407186150550842285e+00
1.402350783348083496e+00
1.141457080841064453e+00
1.384246587753295898e+00
1.320953488349914551e+00
1.325333118438720703e+00
1.141033768653869629e+00
1.414412856101989746e+00
1.307568550109863281e+00
1.446021318435668945e+00
1.402555465698242188e+00
1.373501896858215332e+00
1.438162803649902344e+00
1.144658684730529785e+00
1.351504445075988770e+00
1.329481244087219238e+00
1.330133676528930664e+00
1.190098404884338379e+00
1.110580921173095703e+00
1.449785947799682617e+00
1.421932578086853027e+00
1.276932716369628906e+00
1.244750499725341797e+00
1.200269579887390137e+00
1.247703790664672852e+00
1.436325907707214355e+00
1.579609870910644531e+00
1.381078243255615234e+00
1.225711345672607422e+00
1.314607739448547363e+00
1.350822925567626953e+00
1.417425274848937988e+00
1.372627377510070801e+00
1.116387486457824707e+00
1.204278349876403809e+00
1.337828636169433594e+00
1.612465500831604004e+00
1.507283568382263184e+00
1.205159425735473633e+00
1.309873580932617188e+00
1.381208896636962891e+00
1.307931065559387207e+00
1.592891097068786621e+00
1.220107913017272949e+00
1.414388179779052734e+00
1.292515873908996582e+00
1.240882992744445801e+00
1.423457980155944824e+00
1.503939390182495117e+00
1.333657264709472656e+00
1.230260372161865234e+00
1.365763664245605469e+00
1.424308419227600098e+00
1.240864753723144531e+00
1.043963909149169922e+00
1.077579736709594727e+00
1.491966605186462402e+00
1.535807013511657715e+00
1.280950903892517090e+00
1.322996139526367188e+00
1.386502981185913086e+00
1.085804581642150879e+00
9.968023896217346191e-01
1.350782036781311035e+00
1.201829910278320312e+00
1.311547994613647461e+00
1.358901262283325195e+00
1.209980964660644531e+00
1.505434989929199219e+00
1.419791936874389648e+00
1.030316472053527832e+00
1.063932061195373535e+00
1.472481250762939453e+00
1.306289792060852051e+00
1.239673018455505371e+00
1.336305499076843262e+00
1.196977496147155762e+00
1.245192289352416992e+00
1.041870474815368652e+00
1.366751432418823242e+00
1.533740997314453125e+00
1.580169916152954102e+00
1.435032129287719727e+00
1.425784587860107422e+00
1.353773474693298340e+00
1.418932676315307617e+00
1.237428545951843262e+00
1.305617094039916992e+00
1.377775669097900391e+00
1.234347105026245117e+00
1.323292374610900879e+00
1.198837399482727051e+00
1.263036489486694336e+00
1.139115452766418457e+00
1.406391501426696777e+00
1.427030801773071289e+00
1.322730064392089844e+00
1.565191507339477539e+00
1.226437687873840332e+00
1.350462913513183594e+00
1.423744797706604004e+00
1.151400446891784668e+00
1.068729639053344727e+00
1.203858256340026855e+00
1.652192234992980957e+00
1.419533014297485352e+00
1.560043692588806152e+00
1.495897173881530762e+00
1.650989532470703125e+00
1.251581788063049316e+00
1.482605576515197754e+00
1.441165685653686523e+00
1.147099971771240234e+00
1.214594841003417969e+00
1.385697007179260254e+00
1.322646498680114746e+00
1.335709691047668457e+00
8.603001236915588379e-01
1.414399027824401855e+00
1.331852674484252930e+00
1.221560120582580566e+00
1.131777882575988770e+00
1.286885738372802734e+00
1.037783622741699219e+00
1.247089624404907227e+00
1.353469252586364746e+00
1.132122278213500977e+00
1.287531971931457520e+00
1.140972256660461426e+00
1.137833237648010254e+00
1.140590310096740723e+00
1.189822793006896973e+00
1.192418456077575684e+00
1.353676795959472656e+00
1.199724078178405762e+00
1.272429585456848145e+00
1.086887359619140625e+00
1.284035563468933105e+00
1.350023865699768066e+00
1.127083182334899902e+00
1.192649364471435547e+00
1.397484183311462402e+00
1.124357223510742188e+00
1.217460870742797852e+00
1.289628624916076660e+00
1.161635518074035645e+00
1.441566705703735352e+00
1.280406236648559570e+00
1.116911411285400391e+00
1.183964371681213379e+00
1.199741721153259277e+00
1.177873492240905762e+00
1.374783396720886230e+00
1.238029718399047852e+00
1.187753677368164062e+00
9.629024267196655273e-01
1.075393199920654297e+00
1.219533085823059082e+00
1.204941749572753906e+00
1.380435705184936523e+00
1.127158045768737793e+00
1.081073760986328125e+00
1.699530959129333496e+00
1.505347967147827148e+00
1.215587139129638672e+00
1.061111807823181152e+00
1.278797268867492676e+00
1.340217351913452148e+00
1.287017345428466797e+00
1.369755744934082031e+00
1.471162199974060059e+00
1.208696842193603516e+00
1.270781397819519043e+00
1.209703922271728516e+00
1.335473179817199707e+00
1.449853539466857910e+00
1.290412068367004395e+00
1.062098383903503418e+00
1.391581535339355469e+00
1.248921990394592285e+00
9.513050913810729980e-01
1.396886587142944336e+00
1.190966725349426270e+00
1.204224109649658203e+00
1.292526483535766602e+00
1.287236094474792480e+00
1.204821825027465820e+00
1.185534119606018066e+00
1.174629926681518555e+00
1.139210581779479980e+00
1.154729485511779785e+00
9.851031303405761719e-01
1.078844189643859863e+00
1.355500221252441406e+00
1.105214953422546387e+00
1.064788460731506348e+00
1.280066251754760742e+00
9.144367575645446777e-01
1.058066248893737793e+00
1.162495136260986328e+00
1.701834082603454590e+00
1.046965003013610840e+00
9.134168028831481934e-01
1.221153855323791504e+00
1.031855940818786621e+00
1.240623474121093750e+00
1.306775450706481934e+00
1.132102251052856445e+00
1.482071518898010254e+00
1.260915637016296387e+00
1.193866729736328125e+00
1.154872894287109375e+00
1.365210175514221191e+00
1.104846358299255371e+00
1.073105573654174805e+00
1.046562194824218750e+00
1.382916569709777832e+00
1.147088050842285156e+00
1.393514752388000488e+00
1.217237591743469238e+00
1.402064800262451172e+00
1.197317123413085938e+00
1.318324327468872070e+00
1.195856094360351562e+00
1.205416679382324219e+00
1.210112810134887695e+00
1.218334078788757324e+00
1.338703632354736328e+00
1.198933720588684082e+00
1.396039128303527832e+00
9.622124433517456055e-01
1.079495668411254883e+00
1.050395607948303223e+00
1.077544808387756348e+00
9.778376221656799316e-01
1.050646066665649414e+00
1.201640844345092773e+00
1.092600941658020020e+00
1.492950439453125000e+00
1.089243412017822266e+00
1.073964476585388184e+00
1.125955939292907715e+00
1.405050039291381836e+00
1.593399643898010254e+00
9.681662321090698242e-01
1.059799194335937500e+00
1.318577527999877930e+00
1.376972556114196777e+00
1.371776342391967773e+00
1.322386741638183594e+00
1.047434926033020020e+00
1.165544390678405762e+00
1.170034170150756836e+00
1.232829332351684570e+00
1.148429870605468750e+00
1.329451560974121094e+00
1.400125026702880859e+00
1.222966074943542480e+00
1.081053495407104492e+00
1.260164022445678711e+00
1.402275681495666504e+00
1.175339460372924805e+00
1.284128189086914062e+00
1.103302836418151855e+00
1.068963646888732910e+00
1.310730934143066406e+00
1.186994910240173340e+00
1.118044257164001465e+00
1.095788717269897461e+00
1.059656620025634766e+00
1.151116609573364258e+00
1.594384431838989258e+00
1.215598583221435547e+00
1.288069844245910645e+00
1.287654995918273926e+00
1.158576846122741699e+00
1.368689060211181641e+00
1.218466162681579590e+00
1.176025032997131348e+00
1.400708079338073730e+00
1.161050438880920410e+00
1.156776428222656250e+00
1.314982056617736816e+00
1.244648218154907227e+00
1.353493690490722656e+00
1.142765760421752930e+00
1.149168372154235840e+00
1.135023355484008789e+00
1.419599652290344238e+00
1.216361403465270996e+00
1.001547217369079590e+00
1.258541703224182129e+00
1.116099953651428223e+00
1.144821643829345703e+00
1.229711651802062988e+00
8.829259276390075684e-01
1.241550087928771973e+00
1.316832780838012695e+00
1.019412159919738770e+00
8.324087858200073242e-01
1.275313258171081543e+00
1.066583633422851562e+00
1.453122138977050781e+00
1.183060765266418457e+00
1.253720164299011230e+00
1.093641400337219238e+00
9.810681939125061035e-01
1.073909997940063477e+00
9.869207143783569336e-01
1.241143345832824707e+00
8.800771236419677734e-01
1.381799936294555664e+00
1.079112052917480469e+00
9.838360548019409180e-01
1.196065664291381836e+00
8.635076880455017090e-01
9.146441221237182617e-01
1.201305508613586426e+00
1.008791208267211914e+00
8.788396716117858887e-01
1.273247122764587402e+00
1.132621288299560547e+00
1.406092405319213867e+00
1.320201873779296875e+00
9.468736052513122559e-01
1.329334259033203125e+00
1.374788522720336914e+00
1.214792251586914062e+00
1.296588778495788574e+00
1.175517916679382324e+00
1.126346945762634277e+00
1.253087401390075684e+00
9.931530356407165527e-01
1.092628955841064453e+00
1.213686347007751465e+00
1.307421922683715820e+00
1.342668414115905762e+00
1.170401811599731445e+00
1.096998572349548340e+00
1.305109977722167969e+00
1.282862186431884766e+00
1.257679104804992676e+00
1.265972614288330078e+00
1.229641079902648926e+00
9.792075157165527344e-01
1.192878961563110352e+00
1.004272937774658203e+00
1.418151021003723145e+00
1.144065499305725098e+00
1.166817903518676758e+00
1.102008223533630371e+00
1.051421284675598145e+00
1.189704537391662598e+00
1.159272313117980957e+00
9.400820136070251465e-01
1.073345899581909180e+00
9.822936654090881348e-01
9.122764468193054199e-01
9.981045126914978027e-01
9.609690904617309570e-01
1.068478941917419434e+00
1.382027745246887207e+00
1.063017845153808594e+00
1.165052413940429688e+00
9.227976799011230469e-01
7.594044208526611328e-01
1.223115086555480957e+00
1.069591879844665527e+00
1.152568459510803223e+00
1.185883164405822754e+00
9.726153016090393066e-01
1.046010255813598633e+00
9.958919882774353027e-01
1.152961254119873047e+00
1.114842176437377930e+00
1.193609476089477539e+00
1.322000622749328613e+00
1.229679703712463379e+00
1.037349700927734375e+00
1.057997703552246094e+00
1.076380252838134766e+00
1.116441965103149414e+00
1.082997560501098633e+00
1.013983607292175293e+00
1.125975012779235840e+00
1.183748483657836914e+00
1.404402136802673340e+00
1.486893773078918457e+00
1.150335431098937988e+00
1.358348369598388672e+00
9.190425872802734375e-01
1.035776615142822266e+00
1.125614047050476074e+00
1.176760077476501465e+00
1.576890707015991211e+00
1.158609747886657715e+00
1.065778493881225586e+00
1.091494917869567871e+00
1.239621162414550781e+00
1.211534857749938965e+00
1.117711424827575684e+00
1.000514745712280273e+00
1.178579688072204590e+00
1.059372186660766602e+00
1.078241825103759766e+00
1.042888641357421875e+00
1.415943264961242676e+00
8.363011479377746582e-01
1.155758619308471680e+00
1.415509343147277832e+00
1.419228911399841309e+00
1.246732115745544434e+00
1.116165876388549805e+00
1.170956730842590332e+00
1.227414011955261230e+00
1.156958103179931641e+00
1.251213788986206055e+00
8.583955168724060059e-01
1.201981544494628906e+00
1.304663300514221191e+00
1.100454092025756836e+00
1.514902710914611816e+00
1.161945939064025879e+00
1.125490546226501465e+00
1.013152003288269043e+00
1.138393044471740723e+00
1.114162564277648926e+00
8.934486508369445801e-01
1.167050004005432129e+00
9.942045211791992188e-01
1.085814952850341797e+00
1.088494420051574707e+00
1.107603788375854492e+00
1.107412934303283691e+00
9.875233173370361328e-01
1.144526958465576172e+00
1.313512921333312988e+00
9.984821677207946777e-01
1.066777825355529785e+00
1.129209280014038086e+00
1.168680787086486816e+00
1.058054924011230469e+00
8.796899318695068359e-01
1.066505074501037598e+00
1.013219118118286133e+00
1.289598822593688965e+00
1.032526969909667969e+00
1.308979868888854980e+00
8.896740078926086426e-01
8.906481862068176270e-01
1.228262305259704590e+00
1.098549365997314453e+00
1.091674208641052246e+00
1.181321859359741211e+00
1.126117467880249023e+00
1.205336809158325195e+00
1.388455986976623535e+00
1.086991071701049805e+00
1.420065999031066895e+00
1.041578292846679688e+00
1.154820322990417480e+00
9.219570159912109375e-01
1.360303640365600586e+00
1.355629205703735352e+00
1.147952318191528320e+00
8.959571719169616699e-01
1.005986809730529785e+00
7.873384356498718262e-01
1.163710355758666992e+00
1.058536529541015625e+00
1.481807589530944824e+00
9.851716756820678711e-01
1.187283992767333984e+00
1.091123938560485840e+00
9.855183959007263184e-01
9.497676491737365723e-01
1.195365905761718750e+00
1.126560688018798828e+00
1.308235526084899902e+00
1.348259091377258301e+00
9.702875018119812012e-01
1.186097264289855957e+00
9.559198021888732910e-01
1.195598006248474121e+00
1.068018198013305664e+00
9.886123538017272949e-01
1.288512468338012695e+00
9.541292190551757812e-01
9.574452042579650879e-01
9.823534488677978516e-01
9.886661171913146973e-01
1.132906675338745117e+00
1.103066921234130859e+00
8.064044117927551270e-01
1.134019017219543457e+00
1.171408653259277344e+00
1.067659020423889160e+00
1.095127582550048828e+00
1.289925694465637207e+00
1.031777262687683105e+00
1.117827892303466797e+00
1.270873069763183594e+00
9.733595252037048340e-01
1.018887281417846680e+00
1.199766039848327637e+00
1.296547055244445801e+00
1.006678700447082520e+00
1.004096031188964844e+00
1.236818313598632812e+00
1.082514047622680664e+00
1.050203561782836914e+00
1.206747651100158691e+00
1.021499395370483398e+00
1.112551927566528320e+00
1.323014140129089355e+00
1.272782444953918457e+00
1.089890360832214355e+00
1.028408885002136230e+00
1.261979341506958008e+00
1.126153826713562012e+00
1.015865564346313477e+00
1.032441377639770508e+00
9.972879290580749512e-01
8.833839297294616699e-01
1.188099980354309082e+00
1.247407555580139160e+00
1.124179124832153320e+00
9.766556024551391602e-01
8.422866463661193848e-01
9.177099466323852539e-01
1.074967026710510254e+00
1.234239339828491211e+00
1.289824485778808594e+00
1.188009619712829590e+00
1.252901315689086914e+00
9.739445447921752930e-01
1.277200222015380859e+00
1.055207133293151855e+00
9.648454785346984863e-01
1.120202541351318359e+00
1.052843928337097168e+00
9.087299704551696777e-01
9.845255017280578613e-01
9.461436271667480469e-01
8.715556263923645020e-01
1.011551260948181152e+00
1.347768545150756836e+00
1.015657782554626465e+00
1.039479136466979980e+00
1.086439847946166992e+00
8.171485662460327148e-01
1.180820703506469727e+00
1.084590435028076172e+00
9.601598978042602539e-01
8.981948494911193848e-01
1.187365531921386719e+00
1.164242625236511230e+00
1.161061406135559082e+00
7.912276983261108398e-01
1.044686436653137207e+00
1.079904556274414062e+00
1.012138605117797852e+00
1.155577182769775391e+00
8.854187130928039551e-01
1.332775592803955078e+00
1.072580099105834961e+00
1.202176570892333984e+00
1.226155519485473633e+00
9.852337837219238281e-01
8.760496377944946289e-01
1.099083662033081055e+00
1.284200072288513184e+00
9.938562512397766113e-01
8.798118829727172852e-01
8.456869125366210938e-01
1.156322479248046875e+00
1.328676223754882812e+00
8.463919162750244141e-01
1.245777249336242676e+00
1.058227777481079102e+00
1.127152919769287109e+00
1.063694953918457031e+00
9.377344250679016113e-01
1.105021953582763672e+00
1.027510881423950195e+00
1.049225091934204102e+00
9.181146621704101562e-01
1.133139014244079590e+00
1.204275012016296387e+00
1.381993770599365234e+00
1.190986990928649902e+00
8.405835628509521484e-01
1.814035058021545410e+00
9.110279083251953125e-01
1.117279171943664551e+00
9.037555456161499023e-01
1.124694108963012695e+00
9.389884471893310547e-01
8.877589702606201172e-01
1.067170500755310059e+00
1.086791276931762695e+00
1.202110052108764648e+00
9.856515526771545410e-01
1.043549895286560059e+00
1.021302223205566406e+00
8.520269989967346191e-01
9.747792482376098633e-01
1.136893153190612793e+00
8.510963916778564453e-01
7.226048111915588379e-01
1.096839547157287598e+00
8.339857459068298340e-01
9.423646926879882812e-01
1.241294264793395996e+00
9.425327777862548828e-01
1.446656465530395508e+00
1.526058912277221680e+00
1.081786274909973145e+00
6.774931550025939941e-01
9.442141652107238770e-01
9.144869446754455566e-01
1.226220607757568359e+00
1.141109347343444824e+00
1.214421033859252930e+00
1.100625038146972656e+00
1.232787966728210449e+00
9.321599006652832031e-01
9.649879932403564453e-01
1.128081083297729492e+00
8.982857465744018555e-01
1.176724791526794434e+00
1.102325201034545898e+00
9.976462125778198242e-01
9.300520420074462891e-01
1.279389262199401855e+00
9.581029415130615234e-01
1.128628611564636230e+00
9.572964906692504883e-01
9.841586947441101074e-01
1.116290807723999023e+00
1.283313393592834473e+00
1.233808755874633789e+00
8.853392601013183594e-01
1.083705902099609375e+00
1.130251646041870117e+00
7.864517569541931152e-01
1.131192564964294434e+00
9.654484391212463379e-01
1.017097830772399902e+00
7.508683800697326660e-01
1.016410112380981445e+00
1.389156699180603027e+00
9.965989589691162109e-01
9.874259233474731445e-01
1.198674798011779785e+00
1.116348028182983398e+00
1.107782125473022461e+00
8.789764642715454102e-01
1.309553503990173340e+00
9.843197464942932129e-01
9.703036546707153320e-01
9.335533380508422852e-01
1.108128309249877930e+00
8.845399618148803711e-01
1.003846287727355957e+00
8.840348720550537109e-01
9.208562970161437988e-01
1.165764808654785156e+00
9.814993739128112793e-01
9.902852177619934082e-01
9.418235421180725098e-01
8.231159448623657227e-01
9.738233685493469238e-01
8.348650932312011719e-01
1.026054859161376953e+00
9.856628775596618652e-01
9.165458083152770996e-01
8.810791969299316406e-01
9.765177965164184570e-01
1.131265163421630859e+00
7.581771612167358398e-01
9.572879076004028320e-01
9.245154857635498047e-01
8.727188706398010254e-01
7.546264529228210449e-01
8.242653012275695801e-01
1.001377463340759277e+00
9.486157894134521484e-01
1.060400366783142090e+00
1.023365974426269531e+00
8.605445027351379395e-01
1.118266820907592773e+00
1.030981302261352539e+00
8.500695824623107910e-01
1.234461903572082520e+00
8.851398229598999023e-01
1.270797848701477051e+00
9.439178109169006348e-01
1.011930227279663086e+00
9.316517710685729980e-01
8.807272911071777344e-01
1.070129156112670898e+00
9.051127433776855469e-01
6.878303289413452148e-01
7.557941675186157227e-01
8.926348090171813965e-01
1.041332125663757324e+00
1.112727284431457520e+00
8.863065838813781738e-01
9.225668907165527344e-01
1.197309732437133789e+00
1.148209691047668457e+00
7.726026773452758789e-01
1.006008028984069824e+00
1.193607330322265625e+00
9.589572548866271973e-01
9.998994469642639160e-01
8.165266513824462891e-01
9.536030888557434082e-01
6.701036691665649414e-01
7.580311894416809082e-01
1.044983983039855957e+00
1.197195887565612793e+00
1.300076842308044434e+00
1.098604083061218262e+00
1.010764718055725098e+00
9.405405521392822266e-01
1.386532783508300781e+00
1.119058847427368164e+00
1.281885504722595215e+00
1.156473517417907715e+00
1.114418745040893555e+00
1.167083382606506348e+00
7.711077332496643066e-01
8.990519046783447266e-01
8.407449722290039062e-01
9.433999657630920410e-01
1.146362900733947754e+00
9.737625122070312500e-01
1.013545632362365723e+00
9.878506660461425781e-01
1.059989571571350098e+00
7.752689123153686523e-01
1.083075046539306641e+00
1.022960186004638672e+00
7.837427258491516113e-01
1.138302922248840332e+00
1.001895070075988770e+00
1.055738091468811035e+00
1.037406563758850098e+00
7.091655135154724121e-01
8.291226625442504883e-01
9.444852471351623535e-01
1.051164269447326660e+00
1.029717087745666504e+00
1.219529271125793457e+00
9.921659827232360840e-01
1.251357674598693848e+00
1.082224726676940918e+00
8.797177672386169434e-01
8.492465019226074219e-01
1.240567684173583984e+00
1.030595779418945312e+00
1.068657875061035156e+00
1.257806420326232910e+00
1.043634176254272461e+00
1.012669324874877930e+00
8.822740912437438965e-01
1.051100015640258789e+00
1.063011288642883301e+00
9.709554910659790039e-01
1.178170442581176758e+00
8.405373096466064453e-01
9.392176866531372070e-01
8.050381541252136230e-01
8.248221874237060547e-01
1.036810874938964844e+00
6.624866724014282227e-01
1.029019832611083984e+00
7.797488570213317871e-01
9.806566834449768066e-01
1.057930827140808105e+00
7.736572623252868652e-01
8.972539305686950684e-01
1.039153337478637695e+00
9.024562835693359375e-01
9.526786208152770996e-01
1.020878791809082031e+00
8.588967323303222656e-01
8.989166021347045898e-01
8.998112082481384277e-01
9.204599857330322266e-01
8.763404488563537598e-01
9.598495960235595703e-01
9.424538016319274902e-01
8.057767152786254883e-01
9.356941580772399902e-01
1.087374925613403320e+00
9.296946525573730469e-01
1.059414982795715332e+00
1.314781188964843750e+00
8.804017901420593262e-01
8.747912645339965820e-01
9.094005227088928223e-01
1.080960035324096680e+00
9.050147533416748047e-01
1.142781496047973633e+00
1.093302488327026367e+00
9.211377501487731934e-01
1.000195145606994629e+00
9.469653964042663574e-01
8.234152197837829590e-01
8.259518742561340332e-01
8.069627285003662109e-01
9.342398643493652344e-01
1.036203384399414062e+00
1.018053770065307617e+00
1.025918006896972656e+00
7.622476816177368164e-01
8.861551284790039062e-01
9.400703907012939453e-01
9.242960214614868164e-01
1.119843363761901855e+00
8.689166307449340820e-01
9.761988520622253418e-01
9.683209657669067383e-01
8.048195242881774902e-01
9.938040375709533691e-01
1.128795862197875977e+00
8.814719915390014648e-01
8.177724480628967285e-01
8.928563594818115234e-01
9.820398092269897461e-01
1.079810857772827148e+00
9.135353565216064453e-01
7.972309589385986328e-01
8.925264477729797363e-01
8.620243072509765625e-01
8.647685647010803223e-01
7.133975028991699219e-01
8.505420684814453125e-01
8.934997320175170898e-01
1.080038309097290039e+00
9.936306476593017578e-01
1.339119791984558105e+00
7.644822597503662109e-01
9.381983876228332520e-01
9.959214329719543457e-01
9.210484027862548828e-01
1.017782449722290039e+00
9.689247608184814453e-01
1.177405953407287598e+00
1.102030634880065918e+00
1.129141569137573242e+00
1.001785874366760254e+00
8.395696282386779785e-01
1.056659698486328125e+00
8.568835258483886719e-01
8.765977025032043457e-01
1.113519430160522461e+00
8.997998237609863281e-01
1.132058501243591309e+00
1.075790405273437500e+00
1.219569802284240723e+00
9.879626035690307617e-01
1.110438942909240723e+00
8.846024274826049805e-01
1.054353356361389160e+00
8.963747024536132812e-01
8.448814749717712402e-01
1.298682451248168945e+00
8.918516635894775391e-01
9.676334261894226074e-01
8.958309292793273926e-01
8.666961789131164551e-01
1.061920046806335449e+00
7.761327624320983887e-01
1.165456533432006836e+00
6.483658552169799805e-01
9.763842821121215820e-01
8.532876372337341309e-01
8.219673633575439453e-01
1.162146568298339844e+00
7.942701578140258789e-01
9.613261222839355469e-01
7.669501900672912598e-01
9.390698671340942383e-01
1.007532358169555664e+00
9.881877899169921875e-01
1.067840576171875000e+00
9.697440266609191895e-01
1.060558199882507324e+00
1.060611963272094727e+00
9.356638789176940918e-01
1.019973874092102051e+00
1.018160581588745117e+00
1.134776711463928223e+00
9.038493037223815918e-01
9.513673186302185059e-01
7.824847698211669922e-01
1.128868103027343750e+00
1.129151105880737305e+00
9.058582186698913574e-01
1.135678052902221680e+00
1.057963848114013672e+00
1.059886217117309570e+00
6.180796027183532715e-01
9.091429114341735840e-01
1.142906308174133301e+00
9.304359555244445801e-01
7.307327985763549805e-01
7.514855861663818359e-01
8.892350196838378906e-01
9.191531538963317871e-01
8.360919356346130371e-01
7.992912530899047852e-01
7.541022896766662598e-01
9.213329553604125977e-01
9.926859140396118164e-01
1.214452743530273438e+00
1.023303866386413574e+00
9.379803538322448730e-01
8.940597772598266602e-01
9.029065370559692383e-01
9.687438011169433594e-01
1.365353941917419434e+00
8.515606522560119629e-01
9.204521179199218750e-01
1.050676941871643066e+00
1.148673534393310547e+00
9.842034578323364258e-01
9.219155907630920410e-01
9.985255599021911621e-01
6.736548542976379395e-01
9.168965816497802734e-01
7.755966186523437500e-01
1.139777898788452148e+00
1.297462105751037598e+00
7.820267677307128906e-01
8.994672298431396484e-01
1.176581740379333496e+00
8.389691710472106934e-01
8.314108848571777344e-01
9.831027984619140625e-01
7.592621445655822754e-01
1.079856157302856445e+00
1.010035037994384766e+00
1.171090126037597656e+00
1.139940619468688965e+00
1.018734693527221680e+00
8.077389001846313477e-01
1.077564477920532227e+00
1.115117907524108887e+00
9.938118457794189453e-01
9.854813218116760254e-01
8.478662967681884766e-01
1.035367846488952637e+00
9.760012030601501465e-01
7.130231261253356934e-01
1.067007422447204590e+00
9.960395693778991699e-01
9.762421250343322754e-01
8.686897754669189453e-01
1.327743411064147949e+00
1.237607121467590332e+00
8.992609977722167969e-01
1.235270857810974121e+00
8.045442104339599609e-01
7.777524590492248535e-01
8.049763441085815430e-01
1.210204362869262695e+00
9.531375765800476074e-01
7.830801606178283691e-01
9.597039222717285156e-01
8.764177560806274414e-01
8.555414676666259766e-01
9.395239949226379395e-01
8.406363725662231445e-01
1.082977771759033203e+00
9.016537070274353027e-01
6.716955900192260742e-01
1.044379234313964844e+00
8.955993056297302246e-01
8.663389682769775391e-01
1.182044267654418945e+00
8.907120823860168457e-01
1.121580958366394043e+00
8.932349681854248047e-01
8.791521787643432617e-01
1.071026921272277832e+00
9.482098817825317383e-01
7.601177692413330078e-01
9.496411085128784180e-01
7.565169334411621094e-01
1.017357110977172852e+00
1.003632187843322754e+00
8.678472638130187988e-01
7.956253886222839355e-01
1.118631005287170410e+00
1.021293878555297852e+00
1.014235615730285645e+00
8.808208107948303223e-01
1.109005928039550781e+00
6.237763166427612305e-01
9.817314743995666504e-01
8.496936559677124023e-01
1.024363279342651367e+00
9.118224978446960449e-01
9.340776205062866211e-01
8.554300665855407715e-01
9.451347589492797852e-01
8.032924532890319824e-01
1.093193054199218750e+00
8.793841004371643066e-01
9.831963777542114258e-01
1.010790586471557617e+00
7.509453296661376953e-01
1.050209522247314453e+00
8.838083148002624512e-01
9.092028737068176270e-01
1.020936727523803711e+00
9.641477465629577637e-01
8.315094113349914551e-01
8.322367072105407715e-01
1.289309859275817871e+00
8.676846027374267578e-01
8.813097476959228516e-01
1.045580387115478516e+00
1.025539040565490723e+00
1.034709692001342773e+00
1.277884483337402344e+00
1.095660448074340820e+00
1.014582633972167969e+00
7.564924955368041992e-01
1.376695752143859863e+00
9.627907872200012207e-01
1.056774377822875977e+00
1.164101362228393555e+00
8.192510604858398438e-01
1.026551842689514160e+00
1.250893354415893555e+00
1.000887870788574219e+00
8.777745962142944336e-01
1.033761978149414062e+00
1.034650921821594238e+00
9.632695913314819336e-01
1.179841399192810059e+00
8.175891041755676270e-01
1.240438938140869141e+00
9.775402545928955078e-01
8.688200712203979492e-01
7.449381947517395020e-01
5.939002633094787598e-01
8.349984884262084961e-01
9.366160631179809570e-01
8.945429921150207520e-01
9.690279364585876465e-01
1.024657368659973145e+00
9.589703679084777832e-01
1.352826356887817383e+00
1.078911304473876953e+00
1.096146821975708008e+00
7.251530885696411133e-01
7.405664920806884766e-01
7.355816364288330078e-01
8.333902359008789062e-01
7.339518666267395020e-01
8.227748870849609375e-01
1.220981836318969727e+00
8.193423151969909668e-01
8.913034796714782715e-01
5.379445552825927734e-01
1.020131111145019531e+00
9.503039717674255371e-01
1.012222170829772949e+00
1.164769768714904785e+00
1.243789553642272949e+00
8.759078979492187500e-01
8.306885361671447754e-01
9.566859006881713867e-01
9.116402864456176758e-01
7.559880614280700684e-01
1.040796756744384766e+00
8.495125770568847656e-01
1.145449757575988770e+00
1.085196852684020996e+00
8.177505731582641602e-01
1.206992387771606445e+00
1.033913135528564453e+00
1.010406494140625000e+00
7.925509810447692871e-01
1.057250380516052246e+00
9.954560399055480957e-01
8.182410597801208496e-01
7.996796965599060059e-01
9.719679951667785645e-01
8.997210860252380371e-01
9.775226116180419922e-01
8.726540803909301758e-01
8.106170892715454102e-01
6.461934447288513184e-01
5.366500616073608398e-01
8.880202174186706543e-01
9.456230401992797852e-01
9.247916936874389648e-01
8.538920283317565918e-01
8.247454762458801270e-01
1.008931279182434082e+00
8.021194934844970703e-01
7.872415781021118164e-01
1.140350580215454102e+00
8.794020414352416992e-01
1.529206633567810059e+00
8.361851572990417480e-01
8.955287933349609375e-01
8.907817602157592773e-01
1.075979828834533691e+00
9.451051354408264160e-01
7.465576529502868652e-01
8.724809288978576660e-01
9.619311094284057617e-01
9.037126898765563965e-01
9.405870437622070312e-01
9.041139483451843262e-01
9.949206709861755371e-01
8.040506243705749512e-01
1.034347653388977051e+00
9.525110721588134766e-01
9.577067494392395020e-01
9.852488636970520020e-01
8.471273183822631836e-01
7.622197270393371582e-01
9.033726453781127930e-01
9.165130257606506348e-01
9.647641777992248535e-01
8.459518551826477051e-01
1.150709867477416992e+00
9.246067404747009277e-01
1.078823089599609375e+00
8.568217158317565918e-01
8.626466989517211914e-01
7.966735363006591797e-01
5.884868502616882324e-01
9.539337158203125000e-01
9.363676905632019043e-01
9.303863048553466797e-01
9.089881777763366699e-01
1.091654062271118164e+00
6.983529925346374512e-01
8.497729897499084473e-01
9.556471109390258789e-01
1.252927422523498535e+00
9.750880002975463867e-01
1.002660036087036133e+00
1.175899267196655273e+00
9.624183773994445801e-01
9.110999107360839844e-01
8.266009688377380371e-01
9.718001484870910645e-01
1.080939650535583496e+00
8.146052956581115723e-01
8.270170688629150391e-01
8.165935873985290527e-01
8.750885128974914551e-01
7.723954916000366211e-01
9.374814033508300781e-01
1.174537539482116699e+00
8.976705670356750488e-01
7.831765413284301758e-01
7.896686792373657227e-01
8.677299618721008301e-01
9.797592163085937500e-01
9.202364683151245117e-01
9.541251063346862793e-01
9.900970458984375000e-01
7.977118492126464844e-01
1.147365808486938477e+00
1.035726547241210938e+00
8.389587402343750000e-01
1.064856529235839844e+00
7.120421528816223145e-01
9.906386733055114746e-01
9.825432300567626953e-01
9.802111983299255371e-01
1.182988286018371582e+00
8.376398086547851562e-01
9.283214211463928223e-01
8.249430656433105469e-01
8.163523077964782715e-01
8.900145888328552246e-01
8.371022343635559082e-01
7.864588499069213867e-01
7.588282227516174316e-01
8.471110463142395020e-01
9.829068183898925781e-01
6.297110915184020996e-01
8.435075879096984863e-01
9.362038969993591309e-01
1.089369416236877441e+00
9.584158062934875488e-01
9.692871570587158203e-01
7.017808556556701660e-01
8.706554174423217773e-01
8.546713590621948242e-01
9.494826793670654297e-01
6.923317909240722656e-01
9.083306789398193359e-01
1.072573423385620117e+00
7.486280798912048340e-01
1.163142204284667969e+00
9.152370095252990723e-01
1.056465029716491699e+00
7.894104719161987305e-01
9.303262829780578613e-01
1.106393218040466309e+00
9.561715126037597656e-01
1.020581722259521484e+00
8.666381835937500000e-01
9.574778079986572266e-01
1.058548688888549805e+00
9.650406241416931152e-01
7.275384664535522461e-01
7.713766098022460938e-01
8.406109213829040527e-01
6.650770306587219238e-01
7.955471873283386230e-01
8.286573886871337891e-01
6.362946033477783203e-01
8.004580140113830566e-01
7.249305844306945801e-01
1.085797309875488281e+00
9.988395571708679199e-01
1.080745220184326172e+00
8.792813420295715332e-01
9.452343583106994629e-01
8.739590644836425781e-01
7.029725909233093262e-01
6.849748492240905762e-01
6.755562424659729004e-01
7.411934733390808105e-01
7.752449512481689453e-01
8.612363934516906738e-01
9.020591974258422852e-01
8.497443795204162598e-01
1.098529815673828125e+00
1.162548780441284180e+00
6.543517708778381348e-01
7.742483615875244141e-01
6.600267887115478516e-01
9.816177487373352051e-01
1.021418690681457520e+00
7.528114318847656250e-01
9.963998198509216309e-01
9.168068170547485352e-01
8.034114241600036621e-01
7.156439423561096191e-01
8.442736268043518066e-01
7.296825647354125977e-01
7.606487870216369629e-01
1.069345355033874512e+00
1.067379236221313477e+00
9.115261435508728027e-01
9.632648825645446777e-01
7.029139399528503418e-01
8.840008974075317383e-01
7.586884498596191406e-01
6.942611336708068848e-01
9.015779495239257812e-01
9.180876612663269043e-01
9.123103618621826172e-01
9.874249100685119629e-01
1.108183979988098145e+00
7.793574333190917969e-01
1.026214241981506348e+00
9.268789887428283691e-01
8.450888395309448242e-01
1.160540938377380371e+00
1.162645936012268066e+00
9.418449401855468750e-01
9.060156345367431641e-01
1.061152935028076172e+00
1.235009670257568359e+00
9.894027709960937500e-01
9.257240295410156250e-01
9.833453893661499023e-01
8.524627685546875000e-01
7.432277798652648926e-01
9.705792665481567383e-01
7.419477701187133789e-01
1.018747091293334961e+00
8.860191702842712402e-01
6.397988200187683105e-01
9.387758374214172363e-01
1.015537381172180176e+00
8.958737850189208984e-01
1.028846144676208496e+00
7.680171132087707520e-01
9.464514851570129395e-01
1.001158833503723145e+00
1.140539050102233887e+00
7.441462278366088867e-01
1.015263080596923828e+00
9.074055552482604980e-01
9.418671131134033203e-01
8.642911911010742188e-01
1.150514602661132812e+00
1.073762774467468262e+00
5.573111176490783691e-01
7.848727703094482422e-01
8.001152873039245605e-01
9.268057346343994141e-01
7.850680947303771973e-01
1.078502416610717773e+00
8.540391325950622559e-01
8.670377731323242188e-01
6.962106823921203613e-01
7.836409807205200195e-01
8.314341902732849121e-01
8.961929678916931152e-01
1.233091592788696289e+00
8.779359459877014160e-01
7.884327769279479980e-01
1.181096911430358887e+00
9.653932452201843262e-01
9.298792481422424316e-01
7.671998143196105957e-01
8.292275071144104004e-01
8.245774507522583008e-01
7.729272246360778809e-01
7.252598404884338379e-01
8.752498030662536621e-01
1.084002137184143066e+00
8.159056901931762695e-01
8.831291198730468750e-01
1.231703877449035645e+00
1.073491930961608887e+00
7.860092520713806152e-01
8.322458267211914062e-01
8.786078095436096191e-01
1.116923928260803223e+00
7.385445237159729004e-01
7.951494455337524414e-01
7.524490952491760254e-01
9.583935141563415527e-01
7.924079895019531250e-01
8.389100432395935059e-01
8.132520318031311035e-01
1.120171189308166504e+00
8.045035004615783691e-01
6.626452207565307617e-01
8.759117126464843750e-01
9.281005263328552246e-01
7.393352985382080078e-01
9.429103732109069824e-01
1.024459242820739746e+00
1.116807222366333008e+00
8.749187588691711426e-01
1.108705759048461914e+00
9.989365935325622559e-01
7.808313369750976562e-01
9.173448085784912109e-01
5.445532798767089844e-01
1.000635862350463867e+00
8.926391601562500000e-01
7.982785701751708984e-01
9.250754714012145996e-01
9.968341588973999023e-01
7.934551835060119629e-01
9.793521165847778320e-01
8.142408728599548340e-01
1.041804313659667969e+00
8.945779800415039062e-01
9.574489593505859375e-01
8.146741986274719238e-01
8.621318936347961426e-01
7.725264430046081543e-01
9.316030740737915039e-01
7.559250593185424805e-01
7.391393184661865234e-01
7.133258581161499023e-01
6.818273067474365234e-01
8.381286859512329102e-01
5.649899840354919434e-01
7.167748808860778809e-01
8.994170427322387695e-01
7.076349258422851562e-01
9.912397265434265137e-01
8.442355394363403320e-01
6.950846314430236816e-01
7.364649772644042969e-01
9.401401281356811523e-01
5.836904048919677734e-01
6.707631945610046387e-01
8.606356382369995117e-01
8.872305154800415039e-01
8.985950946807861328e-01
5.934572815895080566e-01
8.145968317985534668e-01
5.623427629470825195e-01
7.514495253562927246e-01
8.133739233016967773e-01
5.823602080345153809e-01
7.904028296470642090e-01
6.195260286331176758e-01
6.990340948104858398e-01
7.381392717361450195e-01
9.395468831062316895e-01
8.503749370574951172e-01
7.803550958633422852e-01
7.929747104644775391e-01
7.649697661399841309e-01
8.605775237083435059e-01
5.667710304260253906e-01
1.055478215217590332e+00
8.009690046310424805e-01
7.668316364288330078e-01
7.981439232826232910e-01
9.278755784034729004e-01
7.657218575477600098e-01
5.599112510681152344e-01
7.272744774818420410e-01
6.876898407936096191e-01
6.799738407135009766e-01
8.753624558448791504e-01
6.720013022422790527e-01
9.846156835556030273e-01
7.152501940727233887e-01
7.928729653358459473e-01
8.591715097427368164e-01
6.411119103431701660e-01
8.889982104301452637e-01
7.110137343406677246e-01
8.403605222702026367e-01
7.450194954872131348e-01
6.964432001113891602e-01
6.705181598663330078e-01
6.441000699996948242e-01
9.088621735572814941e-01
6.725221872329711914e-01
9.175460934638977051e-01
7.519786953926086426e-01
7.042422294616699219e-01
7.161068320274353027e-01
8.046917915344238281e-01
6.285933256149291992e-01
8.741244077682495117e-01
7.390000224113464355e-01
7.408915162086486816e-01
7.524029612541198730e-01
8.184711933135986328e-01
7.451983690261840820e-01
8.290533423423767090e-01
6.852157711982727051e-01
7.953014373779296875e-01
6.368809342384338379e-01
8.271117210388183594e-01
8.002331852912902832e-01
8.413149118423461914e-01
7.114095091819763184e-01
7.683812379837036133e-01
9.188004732131958008e-01
9.118046760559082031e-01
1.029503464698791504e+00
7.978383898735046387e-01
5.824316143989562988e-01
7.762818336486816406e-01
8.426397442817687988e-01
7.791103720664978027e-01
7.264102101325988770e-01
8.352428674697875977e-01
9.135073423385620117e-01
5.963773131370544434e-01
6.760846972465515137e-01
9.142498373985290527e-01
8.466787338256835938e-01
9.051791429519653320e-01
9.393672347068786621e-01
6.644988059997558594e-01
9.396840929985046387e-01
7.387051582336425781e-01
7.544341087341308594e-01
7.343963384628295898e-01
7.083694934844970703e-01
5.828644633293151855e-01
6.590489149093627930e-01
8.336594700813293457e-01
6.431396603584289551e-01
7.299478054046630859e-01
7.320936918258666992e-01
6.963600516319274902e-01
7.528126239776611328e-01
7.717614173889160156e-01
4.299517273902893066e-01
9.629222750663757324e-01
7.779840826988220215e-01
8.428891301155090332e-01
8.960342407226562500e-01
1.041264772415161133e+00
7.085947394371032715e-01
7.525737285614013672e-01
5.612186789512634277e-01
5.389746427536010742e-01
7.369896173477172852e-01
9.332975745201110840e-01
8.941621780395507812e-01
7.617705464363098145e-01
7.793021202087402344e-01
9.425527453422546387e-01
7.050421833992004395e-01
6.146835088729858398e-01
8.117535710334777832e-01
8.333471417427062988e-01
7.488553524017333984e-01
1.165433645248413086e+00
5.725254416465759277e-01
6.907057166099548340e-01
8.096523880958557129e-01
8.952156901359558105e-01
8.601879477500915527e-01
9.228119850158691406e-01
9.548500180244445801e-01
8.892633914947509766e-01
7.851269841194152832e-01
6.005748510360717773e-01
5.354689359664916992e-01
7.778097391128540039e-01
8.496105670928955078e-01
6.432269215583801270e-01
9.164445400238037109e-01
6.764878034591674805e-01
8.504336476325988770e-01
1.190245628356933594e+00
9.035727977752685547e-01
8.502774238586425781e-01
7.560331225395202637e-01
8.563847541809082031e-01
7.174098491668701172e-01
7.003909945487976074e-01
8.695055842399597168e-01
6.800650954246520996e-01
6.375635266304016113e-01
7.970116138458251953e-01
6.219105124473571777e-01
7.511489391326904297e-01
8.381105065345764160e-01
5.770964622497558594e-01
9.058914184570312500e-01
5.672336220741271973e-01
6.121518611907958984e-01
6.998244524002075195e-01
8.131143450736999512e-01
6.910762786865234375e-01
8.119313120841979980e-01
5.700949430465698242e-01
6.623544692993164062e-01
9.360992312431335449e-01
7.386178970336914062e-01
7.349601984024047852e-01
6.833116412162780762e-01
7.296381592750549316e-01
9.116762280464172363e-01
8.154464364051818848e-01
1.060001254081726074e+00
8.904707431793212891e-01
9.333885312080383301e-01
9.961552619934082031e-01
5.847157835960388184e-01
9.292870163917541504e-01
9.060375690460205078e-01
9.227091073989868164e-01
8.233696818351745605e-01
8.640133738517761230e-01
8.981636166572570801e-01
8.148564100265502930e-01
6.157778501510620117e-01
8.461098074913024902e-01
1.127779960632324219e+00
9.533910751342773438e-01
1.008179783821105957e+00
6.566271781921386719e-01
7.232277393341064453e-01
7.493379116058349609e-01
9.307065010070800781e-01
8.655061721801757812e-01
5.647264719009399414e-01
8.200167417526245117e-01
7.363247871398925781e-01
8.722639083862304688e-01
8.062457442283630371e-01
8.503904938697814941e-01
8.192846775054931641e-01
7.268638014793395996e-01
6.409993767738342285e-01
9.434837102890014648e-01
8.427132964134216309e-01
7.932953834533691406e-01
8.482847213745117188e-01
9.961078763008117676e-01
9.814571142196655273e-01
9.529155492782592773e-01
7.080509066581726074e-01
5.970134139060974121e-01
9.711846709251403809e-01
9.098248481750488281e-01
8.827646374702453613e-01
9.274533987045288086e-01
9.868060946464538574e-01
8.861847519874572754e-01
8.761468529701232910e-01
7.349730730056762695e-01
9.507024288177490234e-01
9.878965020179748535e-01
8.110483288764953613e-01
6.790846586227416992e-01
7.165983915328979492e-01
8.728851675987243652e-01
8.183498382568359375e-01
7.593475580215454102e-01
7.188472151756286621e-01
9.543415307998657227e-01
9.924286603927612305e-01
6.785467863082885742e-01
9.285681843757629395e-01
6.308114528656005859e-01
9.354323148727416992e-01
6.510747075080871582e-01
8.341477513313293457e-01
1.095249772071838379e+00
1.081045627593994141e+00
6.262376904487609863e-01
7.368416190147399902e-01
7.065881490707397461e-01
8.554484844207763672e-01
8.882685303688049316e-01
9.541283845901489258e-01
7.834168672561645508e-01
6.717335581779479980e-01
9.833508729934692383e-01
1.112328410148620605e+00
9.168304204940795898e-01
8.646495938301086426e-01
8.064755201339721680e-01
7.081492543220520020e-01
7.326423525810241699e-01
8.128653168678283691e-01
6.975309252738952637e-01
6.106705665588378906e-01
8.507945537567138672e-01
8.210482597351074219e-01
7.017856240272521973e-01
7.455031871795654297e-01
8.913424015045166016e-01
8.871892690658569336e-01
1.168017983436584473e+00
8.968920707702636719e-01
7.688211798667907715e-01
4.884372651576995850e-01
7.594670057296752930e-01
5.918500423431396484e-01
7.955236434936523438e-01
7.855103015899658203e-01
8.361034989356994629e-01
6.641564965248107910e-01
8.143010139465332031e-01
7.240029573440551758e-01
7.967396974563598633e-01
7.550693750381469727e-01
7.821217179298400879e-01
7.618728876113891602e-01
7.103840112686157227e-01
6.433780193328857422e-01
6.310814619064331055e-01
8.123317360877990723e-01
8.029035329818725586e-01
7.169454693794250488e-01
7.916982769966125488e-01
7.589961886405944824e-01
8.051329851150512695e-01
7.566292285919189453e-01
6.468713879585266113e-01
9.219217896461486816e-01
6.886622905731201172e-01
9.101573824882507324e-01
8.425574302673339844e-01
8.748387694358825684e-01
9.896432161331176758e-01
8.050760030746459961e-01
6.602569818496704102e-01
9.509662985801696777e-01
7.352524399757385254e-01
1.177224755287170410e+00
9.894679784774780273e-01
6.683202385902404785e-01
8.572642207145690918e-01
7.880899906158447266e-01
8.402640819549560547e-01
6.986145377159118652e-01
7.395043373107910156e-01
9.588373303413391113e-01
9.143851995468139648e-01
5.921309590339660645e-01
8.471963405609130859e-01
6.678543686866760254e-01
7.662768363952636719e-01
5.680443644523620605e-01
8.435049057006835938e-01
8.107896447181701660e-01
7.746766209602355957e-01
8.927205204963684082e-01
5.970875024795532227e-01
5.546727180480957031e-01
9.255713820457458496e-01
8.992319107055664062e-01
9.080030918121337891e-01
7.687622904777526855e-01
6.551436781883239746e-01
6.339016556739807129e-01
1.093002080917358398e+00
6.607559323310852051e-01
8.297207355499267578e-01
1.133308410644531250e+00
7.614480257034301758e-01
6.070894598960876465e-01
7.802863121032714844e-01
5.245298147201538086e-01
8.166158199310302734e-01
1.052954316139221191e+00
7.327092885971069336e-01
9.069074988365173340e-01
7.310256361961364746e-01
7.772174477577209473e-01
1.002126455307006836e+00
6.983790397644042969e-01
7.973740100860595703e-01
6.040134429931640625e-01
6.403890848159790039e-01
7.294132709503173828e-01
7.416229248046875000e-01
9.043940901756286621e-01
7.027955651283264160e-01
7.342375516891479492e-01
5.539198517799377441e-01
8.312151432037353516e-01
8.265542984008789062e-01
8.295416831970214844e-01
7.567928433418273926e-01
6.368288397789001465e-01
6.114023923873901367e-01
8.468918800354003906e-01
5.379982590675354004e-01
5.661780238151550293e-01
9.572626948356628418e-01
6.797493100166320801e-01
7.802734375000000000e-01
8.032429814338684082e-01
7.778558731079101562e-01
7.309582233428955078e-01
7.956423759460449219e-01
5.051978230476379395e-01
7.631038427352905273e-01
7.821602821350097656e-01
4.749129414558410645e-01
7.692965865135192871e-01
6.902808547019958496e-01
1.089351892471313477e+00
7.550342679023742676e-01
7.886425852775573730e-01
6.653020381927490234e-01
9.343335032463073730e-01
8.222081065177917480e-01
6.192666292190551758e-01
9.346524477005004883e-01
5.456627607345581055e-01
7.004036307334899902e-01
6.567040681838989258e-01
6.532117724418640137e-01
8.857372403144836426e-01
6.343696117401123047e-01
6.918641328811645508e-01
6.952364444732666016e-01
7.951385974884033203e-01
9.066821932792663574e-01
8.138289451599121094e-01
7.620322704315185547e-01
1.196959257125854492e+00
6.990141868591308594e-01
7.342326045036315918e-01
6.894358396530151367e-01
1.040587663650512695e+00
8.233149647712707520e-01
8.643420338630676270e-01
8.692710399627685547e-01
8.962203264236450195e-01
8.320304155349731445e-01
8.945166468620300293e-01
7.348167896270751953e-01
6.845046877861022949e-01
6.850559711456298828e-01
8.077724575996398926e-01
6.293561458587646484e-01
8.407773971557617188e-01
5.900533795356750488e-01
8.231790661811828613e-01
8.783835768699645996e-01
9.721350073814392090e-01
8.443145155906677246e-01
7.177406549453735352e-01
6.394088268280029297e-01
7.212972044944763184e-01
8.626981973648071289e-01
7.222408652305603027e-01
8.558366298675537109e-01
8.157427906990051270e-01
9.570993185043334961e-01
6.632454991340637207e-01
6.639587283134460449e-01
6.666140556335449219e-01
5.832633972167968750e-01
7.342187166213989258e-01
9.618737697601318359e-01
8.506118655204772949e-01
7.666769027709960938e-01
7.580425143241882324e-01
7.059954404830932617e-01
7.988807559013366699e-01
7.922745347023010254e-01
1.074038863182067871e+00
5.667212009429931641e-01
6.682947874069213867e-01
1.212741136550903320e+00
7.058942317962646484e-01
9.048511385917663574e-01
1.148969411849975586e+00
9.699847698211669922e-01
6.100102663040161133e-01
8.327129483222961426e-01
8.563315868377685547e-01
9.089227914810180664e-01
7.092317938804626465e-01
5.296788215637207031e-01
9.432987570762634277e-01
8.633853197097778320e-01
5.324559211730957031e-01
8.596346378326416016e-01
8.788175582885742188e-01
8.121132254600524902e-01
7.869195938110351562e-01
7.844831943511962891e-01
8.457969427108764648e-01
9.746061563491821289e-01
1.035840868949890137e+00
5.482297539710998535e-01
1.168286442756652832e+00
6.285752654075622559e-01
7.581800818443298340e-01
7.518683671951293945e-01
7.581703066825866699e-01
7.306713461875915527e-01
7.087200284004211426e-01
1.080037713050842285e+00
1.127601385116577148e+00
1.027455210685729980e+00
7.037307024002075195e-01
8.110946416854858398e-01
5.832430720329284668e-01
9.128139019012451172e-01
6.480407118797302246e-01
6.858007907867431641e-01
6.125099658966064453e-01
7.024889588356018066e-01
6.846060752868652344e-01
7.507547140121459961e-01
5.177654623985290527e-01
6.548050045967102051e-01
6.560387015342712402e-01
9.191151261329650879e-01
7.682431936264038086e-01
9.529365301132202148e-01
6.988092064857482910e-01
1.102799415588378906e+00
4.821151196956634521e-01
8.553924560546875000e-01
7.826195955276489258e-01
7.994066476821899414e-01
8.186756968498229980e-01
8.481937646865844727e-01
9.079194664955139160e-01
6.878222227096557617e-01
7.493498325347900391e-01
7.485529780387878418e-01
6.191110014915466309e-01
8.619155287742614746e-01
7.303128838539123535e-01
8.900418877601623535e-01
1.034110546112060547e+00
5.617881417274475098e-01
8.237554430961608887e-01
6.528116464614868164e-01
4.684057235717773438e-01
6.002787351608276367e-01
7.908191680908203125e-01
8.646013736724853516e-01
7.297268509864807129e-01
5.717413425445556641e-01
7.962742447853088379e-01
8.779491186141967773e-01
6.715502738952636719e-01
8.293876647949218750e-01
7.039620280265808105e-01
8.514067530632019043e-01
8.222087025642395020e-01
8.062954545021057129e-01
7.703967094421386719e-01
6.314060688018798828e-01
7.595886588096618652e-01
6.590453982353210449e-01
6.992905139923095703e-01
8.778816461563110352e-01
7.062324285507202148e-01
4.734573066234588623e-01
8.131181001663208008e-01
5.128986835479736328e-01
7.087125182151794434e-01
7.461159229278564453e-01
9.275805950164794922e-01
8.708818554878234863e-01
8.655554652214050293e-01
8.851715326309204102e-01
7.300564646720886230e-01
9.496295452117919922e-01
8.241994976997375488e-01
6.321526765823364258e-01
7.502101659774780273e-01
8.995570540428161621e-01
1.078788280487060547e+00
8.426795601844787598e-01
8.040832877159118652e-01
5.794402360916137695e-01
8.591427803039550781e-01
7.963990569114685059e-01
7.013773322105407715e-01
7.397416234016418457e-01
8.711785674095153809e-01
8.588731884956359863e-01
4.888573884963989258e-01
8.812142610549926758e-01
6.674194931983947754e-01
9.132674932479858398e-01
7.245374917984008789e-01
9.255850315093994141e-01
7.717183828353881836e-01
1.062623381614685059e+00
7.430577874183654785e-01
9.650238752365112305e-01
7.755284905433654785e-01
6.134412884712219238e-01
1.031608819961547852e+00
6.930003762245178223e-01
6.731498837471008301e-01
6.459959745407104492e-01
9.313559532165527344e-01
9.318335652351379395e-01
6.054011583328247070e-01
6.866925954818725586e-01
5.894535779953002930e-01
5.331789851188659668e-01
9.747346639633178711e-01
5.997664928436279297e-01
7.205840349197387695e-01
6.759471297264099121e-01
1.141553997993469238e+00
9.998250603675842285e-01
7.610946893692016602e-01
5.942655801773071289e-01
9.785259366035461426e-01
1.037365317344665527e+00
8.901051282882690430e-01
6.761590242385864258e-01
8.722299933433532715e-01
6.846760511398315430e-01
6.769661903381347656e-01
1.033426403999328613e+00
5.675103068351745605e-01
9.497705698013305664e-01
5.235216617584228516e-01
8.146811127662658691e-01
7.184510827064514160e-01
7.823474407196044922e-01
8.427992463111877441e-01
4.869136512279510498e-01
1.000665187835693359e+00
6.980672478675842285e-01
9.548606276512145996e-01
7.247672080993652344e-01
7.000556588172912598e-01
6.467856168746948242e-01
7.080890536308288574e-01
8.215658664703369141e-01
7.932431101799011230e-01
6.919841766357421875e-01
7.172774672508239746e-01
9.861590862274169922e-01
8.382880091667175293e-01
6.919974088668823242e-01
7.281982898712158203e-01
6.708374619483947754e-01
9.587368369102478027e-01
8.594666719436645508e-01
6.341727972030639648e-01
6.840460300445556641e-01
7.065761685371398926e-01
8.398393988609313965e-01
7.125511169433593750e-01
5.626251697540283203e-01
7.104992866516113281e-01
9.013906121253967285e-01
7.146813273429870605e-01
7.402615547180175781e-01
7.493188381195068359e-01
8.038668036460876465e-01
5.185644626617431641e-01
6.203563213348388672e-01
1.021288156509399414e+00
6.746726036071777344e-01
6.395436525344848633e-01
6.357724666595458984e-01
9.375180602073669434e-01
6.017401814460754395e-01
9.156275391578674316e-01
6.690594553947448730e-01
7.547814846038818359e-01
6.340053677558898926e-01
7.921875715255737305e-01
8.152341246604919434e-01
1.021694064140319824e+00
8.674310445785522461e-01
7.648573517799377441e-01
5.914728045463562012e-01
8.474209308624267578e-01
8.862135410308837891e-01
8.995971679687500000e-01
6.827237606048583984e-01
8.583341836929321289e-01
8.062744140625000000e-01
8.992656469345092773e-01
8.343228101730346680e-01
9.990531206130981445e-01
7.757193446159362793e-01
7.140853404998779297e-01
8.551166057586669922e-01
8.151953220367431641e-01
9.115755558013916016e-01
7.233639955520629883e-01
8.017301559448242188e-01
5.593339204788208008e-01
7.381241321563720703e-01
6.927028298377990723e-01
6.841562986373901367e-01
7.290731072425842285e-01
9.113955497741699219e-01
9.321001768112182617e-01
6.141880154609680176e-01
5.907774567604064941e-01
6.500367522239685059e-01
6.558163166046142578e-01
5.506283044815063477e-01
7.675300240516662598e-01
5.888471007347106934e-01
4.922092556953430176e-01
8.871052861213684082e-01
9.198567271232604980e-01
6.899822354316711426e-01
7.103174328804016113e-01
6.300673484802246094e-01
6.001346111297607422e-01
7.569527626037597656e-01
9.359700083732604980e-01
8.517225980758666992e-01
5.943030118942260742e-01
7.754580378532409668e-01
6.928537487983703613e-01
7.024433016777038574e-01
7.100317478179931641e-01
7.144256234169006348e-01
7.109580636024475098e-01
8.252960443496704102e-01
4.910086095333099365e-01
5.815238952636718750e-01
7.626067996025085449e-01
7.264521121978759766e-01
9.775515198707580566e-01
7.552649974822998047e-01
7.327598333358764648e-01
9.022031426429748535e-01
5.950347781181335449e-01
6.838661432266235352e-01
1.107004284858703613e+00
7.408182621002197266e-01
7.821455597877502441e-01
5.854868888854980469e-01
8.974139094352722168e-01
1.021883368492126465e+00
8.251017332077026367e-01
8.247253894805908203e-01
9.048406481742858887e-01
9.465208649635314941e-01
6.538583040237426758e-01
7.965887188911437988e-01
6.266527175903320312e-01
6.290781497955322266e-01
9.595955014228820801e-01
7.595451474189758301e-01
8.551898002624511719e-01
7.616409063339233398e-01
8.132328391075134277e-01
7.618467211723327637e-01
7.932968735694885254e-01
5.759320855140686035e-01
5.859035849571228027e-01
1.037495255470275879e+00
8.583725094795227051e-01
7.871785759925842285e-01
9.715196490287780762e-01
8.605977296829223633e-01
8.272674083709716797e-01
9.186653494834899902e-01
1.166293621063232422e+00
8.435746431350708008e-01
5.640922784805297852e-01
1.003100514411926270e+00
7.361452579498291016e-01
9.536982774734497070e-01
8.883010149002075195e-01
7.445873618125915527e-01
7.085719704627990723e-01
7.420200109481811523e-01
6.263074278831481934e-01
6.733951568603515625e-01
9.158464670181274414e-01
9.125760793685913086e-01
9.266952872276306152e-01
8.226130604743957520e-01
7.135525345802307129e-01
8.708556294441223145e-01
8.249132633209228516e-01
7.906293869018554688e-01
9.348797798156738281e-01
7.417923808097839355e-01
9.931330084800720215e-01
7.567895054817199707e-01
7.075394988059997559e-01
7.744966149330139160e-01
6.276845932006835938e-01
8.440700769424438477e-01
5.718449950218200684e-01
6.949757337570190430e-01
1.212616086006164551e+00
5.719669461250305176e-01
4.905810654163360596e-01
5.699369311332702637e-01
7.003269195556640625e-01
6.170929670333862305e-01
4.684174358844757080e-01
7.227307558059692383e-01
5.561755299568176270e-01
7.559365630149841309e-01
5.882396697998046875e-01
5.733020901679992676e-01
5.956844687461853027e-01
5.840415358543395996e-01
6.388510465621948242e-01
6.927085518836975098e-01
5.117790102958679199e-01
5.988154411315917969e-01
7.201789021492004395e-01
8.875347375869750977e-01
4.096212685108184814e-01
5.673105716705322266e-01
4.783633947372436523e-01
8.359363079071044922e-01
7.996400594711303711e-01
4.737337827682495117e-01
5.895000696182250977e-01
6.952430009841918945e-01
5.402558445930480957e-01
6.378953456878662109e-01
6.706334948539733887e-01
6.788880825042724609e-01
7.885025739669799805e-01
6.383058428764343262e-01
4.698051810264587402e-01
6.751989722251892090e-01
6.307644844055175781e-01
8.175038695335388184e-01
5.781307816505432129e-01
5.022802352905273438e-01
8.318279385566711426e-01
9.302942752838134766e-01
5.354862213134765625e-01
8.310289978981018066e-01
8.636611104011535645e-01
5.907328724861145020e-01
7.131854295730590820e-01
5.378383994102478027e-01
5.548164248466491699e-01
5.540524125099182129e-01
6.693983674049377441e-01
7.162385582923889160e-01
5.315803289413452148e-01
6.327985525131225586e-01
9.364245533943176270e-01
6.560152173042297363e-01
4.965909719467163086e-01
6.945055127143859863e-01
5.719659924507141113e-01
6.234431862831115723e-01
7.205170392990112305e-01
6.138174533843994141e-01
5.014575123786926270e-01
6.429896950721740723e-01
5.685768723487854004e-01
4.583660662174224854e-01
6.354973912239074707e-01
6.028882265090942383e-01
6.387109160423278809e-01
6.465663909912109375e-01
6.240558624267578125e-01
5.510760545730590820e-01
8.657211661338806152e-01
7.290844321250915527e-01
5.750539302825927734e-01
7.248007655143737793e-01
6.637702584266662598e-01
8.373515009880065918e-01
6.493966579437255859e-01
7.023105025291442871e-01
7.441241145133972168e-01
5.355287790298461914e-01
6.254115700721740723e-01
5.651663541793823242e-01
6.520900130271911621e-01
6.090010404586791992e-01
7.051200270652770996e-01
5.113666057586669922e-01
5.010582208633422852e-01
1.096809744834899902e+00
6.489529013633728027e-01
5.770840644836425781e-01
7.604207396507263184e-01
4.784447848796844482e-01
5.626143217086791992e-01
9.037454128265380859e-01
4.684113860130310059e-01
6.872405409812927246e-01
6.379545331001281738e-01
9.192938804626464844e-01
7.615929245948791504e-01
4.764238595962524414e-01
6.297044754028320312e-01
4.754088521003723145e-01
6.845970153808593750e-01
5.045644044876098633e-01
4.441651999950408936e-01
5.432274341583251953e-01
6.356717348098754883e-01
5.679188370704650879e-01
6.264856457710266113e-01
4.137228131294250488e-01
6.408200263977050781e-01
4.754248261451721191e-01
6.153669357299804688e-01
6.393142342567443848e-01
5.901502966880798340e-01
7.523839473724365234e-01
9.127693176269531250e-01
7.684745788574218750e-01
6.551086902618408203e-01
5.219780802726745605e-01
5.301061868667602539e-01
8.574011921882629395e-01
6.663862466812133789e-01
6.336521506309509277e-01
8.846949934959411621e-01
7.345799803733825684e-01
6.645339727401733398e-01
7.510545849800109863e-01
6.863955855369567871e-01
7.735495567321777344e-01
6.897768378257751465e-01
6.933419704437255859e-01
6.559784412384033203e-01
5.686854124069213867e-01
7.637140750885009766e-01
6.268266439437866211e-01
6.344887018203735352e-01
7.727935314178466797e-01
9.019917249679565430e-01
5.938785076141357422e-01
8.622425794601440430e-01
6.611832976341247559e-01
5.948534011840820312e-01
7.366654276847839355e-01
5.597704648971557617e-01
5.891394615173339844e-01
5.488982200622558594e-01
8.092707991600036621e-01
5.653011798858642578e-01
5.652002096176147461e-01
5.231832861900329590e-01
5.872631072998046875e-01
8.569689393043518066e-01
5.458316206932067871e-01
5.555066466331481934e-01
8.257504701614379883e-01
6.638044714927673340e-01
8.253549933433532715e-01
5.990455746650695801e-01
6.577792763710021973e-01
3.460576236248016357e-01
5.542287230491638184e-01
6.079236268997192383e-01
4.791728556156158447e-01
5.810339450836181641e-01
8.568045496940612793e-01
8.354994654655456543e-01
5.971306562423706055e-01
7.469561696052551270e-01
6.406034231185913086e-01
9.018462300300598145e-01
8.112577795982360840e-01
6.489626169204711914e-01
6.423417925834655762e-01
7.528275251388549805e-01
4.832214713096618652e-01
5.978713035583496094e-01
6.334335803985595703e-01
5.190591216087341309e-01
7.756415009498596191e-01
5.514683723449707031e-01
6.213120222091674805e-01
6.530536413192749023e-01
6.503198742866516113e-01
9.527589082717895508e-01
6.012819409370422363e-01
5.344092845916748047e-01
5.379957556724548340e-01
5.524054765701293945e-01
7.868546843528747559e-01
6.115912795066833496e-01
7.864781022071838379e-01
3.191106021404266357e-01
3.908784389495849609e-01
4.523118734359741211e-01
6.590523719787597656e-01
6.952059268951416016e-01
5.918570756912231445e-01
6.600583195686340332e-01
7.393782734870910645e-01
6.338291764259338379e-01
4.399662911891937256e-01
5.433103442192077637e-01
4.940001666545867920e-01
4.833150804042816162e-01
5.650213956832885742e-01
5.680149197578430176e-01
6.000022888183593750e-01
5.651439428329467773e-01
7.267082929611206055e-01
7.053555846214294434e-01
9.551687836647033691e-01
6.009508967399597168e-01
6.512436866760253906e-01
6.596108078956604004e-01
3.791290521621704102e-01
5.357466936111450195e-01
7.598224878311157227e-01
8.609165549278259277e-01
6.855138540267944336e-01
6.882745623588562012e-01
5.936238169670104980e-01
4.031402468681335449e-01
6.944796442985534668e-01
8.478441238403320312e-01
4.923682212829589844e-01
6.416704654693603516e-01
6.893498897552490234e-01
7.339721918106079102e-01
5.719564557075500488e-01
8.622059226036071777e-01
9.409644007682800293e-01
5.579212307929992676e-01
7.758861184120178223e-01
7.156642079353332520e-01
5.603053569793701172e-01
8.097530007362365723e-01
8.249042630195617676e-01
7.266872525215148926e-01
7.320256233215332031e-01
5.798753499984741211e-01
8.679944276809692383e-01
8.136634826660156250e-01
5.973852276802062988e-01
1.045334100723266602e+00
6.268696784973144531e-01
8.979283571243286133e-01
6.161750555038452148e-01
9.054362773895263672e-01
4.217577576637268066e-01
7.581534385681152344e-01
7.531115412712097168e-01
9.527127146720886230e-01
5.796404480934143066e-01
7.675524353981018066e-01
4.858194589614868164e-01
7.081300020217895508e-01
6.800588965415954590e-01
8.100426793098449707e-01
5.682398676872253418e-01
7.625296115875244141e-01
5.652353763580322266e-01
6.255552768707275391e-01
6.074766516685485840e-01
5.905746817588806152e-01
7.803716659545898438e-01
6.423648595809936523e-01
5.755371451377868652e-01
7.246049642562866211e-01
5.059023499488830566e-01
6.037409305572509766e-01
9.209517836570739746e-01
8.081611394882202148e-01
5.107107758522033691e-01
7.219257950782775879e-01
6.632344722747802734e-01
5.845362544059753418e-01
6.713171601295471191e-01
4.574877619743347168e-01
7.477166056632995605e-01
6.943380832672119141e-01
5.252997279167175293e-01
6.692561507225036621e-01
7.275791168212890625e-01
9.652609229087829590e-01
7.744610309600830078e-01
7.744286656379699707e-01
4.247448742389678955e-01
8.295568823814392090e-01
6.184449791908264160e-01
6.252174973487854004e-01
5.797597169876098633e-01
6.645243167877197266e-01
7.542064189910888672e-01
5.707445740699768066e-01
6.105242371559143066e-01
6.014316082000732422e-01
8.607017397880554199e-01
4.412622451782226562e-01
5.719698667526245117e-01
6.952249407768249512e-01
4.322040975093841553e-01
6.343327760696411133e-01
8.116570711135864258e-01
6.352155804634094238e-01
5.052183270454406738e-01
5.508210659027099609e-01
8.824087977409362793e-01
7.330241799354553223e-01
5.645616054534912109e-01
5.783945322036743164e-01
9.469466805458068848e-01
6.887465119361877441e-01
7.814052104949951172e-01
7.524538040161132812e-01
6.967971324920654297e-01
7.217594981193542480e-01
7.132887244224548340e-01
6.330423355102539062e-01
6.734850406646728516e-01
7.912346720695495605e-01
6.854538321495056152e-01
4.781880080699920654e-01
5.323188304901123047e-01
6.744204163551330566e-01
5.192207098007202148e-01
6.041182279586791992e-01
4.184638261795043945e-01
6.416221261024475098e-01
6.402641534805297852e-01
5.959756970405578613e-01
6.863813400268554688e-01
5.847954750061035156e-01
5.935338139533996582e-01
6.083813309669494629e-01
6.560000777244567871e-01
7.444340586662292480e-01
6.166201233863830566e-01
5.881445407867431641e-01
5.744925737380981445e-01
8.216699957847595215e-01
6.365926265716552734e-01
7.258029580116271973e-01
5.598194599151611328e-01
8.214010596275329590e-01
6.031351685523986816e-01
5.915932655334472656e-01
6.821413636207580566e-01
6.822456717491149902e-01
9.674661159515380859e-01
5.258482694625854492e-01
7.905364036560058594e-01
7.531431913375854492e-01
6.376801729202270508e-01
5.686392188072204590e-01
3.626703321933746338e-01
7.426138520240783691e-01
8.250405788421630859e-01
5.918265581130981445e-01
6.553066372871398926e-01
7.796588540077209473e-01
5.050917863845825195e-01
5.752691030502319336e-01
6.755372285842895508e-01
9.179505705833435059e-01
6.797283291816711426e-01
4.983443915843963623e-01
7.649421691894531250e-01
5.352219939231872559e-01
7.886569499969482422e-01
6.072726249694824219e-01
7.621372938156127930e-01
9.451087713241577148e-01
8.925111889839172363e-01
6.666026711463928223e-01
8.426135778427124023e-01
5.885926485061645508e-01
6.754878759384155273e-01
4.622676372528076172e-01
9.670716524124145508e-01
7.060678601264953613e-01
5.899295806884765625e-01
7.031584978103637695e-01
7.995021939277648926e-01
7.227661609649658203e-01
6.896346807479858398e-01
8.859595656394958496e-01
5.460408926010131836e-01
7.847809791564941406e-01
1.012080669403076172e+00
5.548036098480224609e-01
7.959322333335876465e-01
8.169489502906799316e-01
7.752450108528137207e-01
7.226094007492065430e-01
7.420882582664489746e-01
6.001404523849487305e-01
6.437071561813354492e-01
6.595993041992187500e-01
8.134593963623046875e-01
5.298574566841125488e-01
5.408565402030944824e-01
5.899143815040588379e-01
5.426833629608154297e-01
7.069336771965026855e-01
7.910917401313781738e-01
5.999751687049865723e-01
6.063848137855529785e-01
8.032220602035522461e-01
6.571699976921081543e-01
5.821759104728698730e-01
6.235465407371520996e-01
4.791594743728637695e-01
5.221202969551086426e-01
6.371375322341918945e-01
7.068142890930175781e-01
3.718345165252685547e-01
5.276154279708862305e-01
7.697749733924865723e-01
5.206122994422912598e-01
9.732944369316101074e-01
4.179822504520416260e-01
6.664326786994934082e-01
7.245666980743408203e-01
6.077523231506347656e-01
6.424813270568847656e-01
6.799395680427551270e-01
6.628656387329101562e-01
6.670505404472351074e-01
7.883923649787902832e-01
7.570437192916870117e-01
7.739972472190856934e-01
4.847767651081085205e-01
6.779814362525939941e-01
7.197301983833312988e-01
5.757476687431335449e-01
7.977604866027832031e-01
7.671129703521728516e-01
8.113017082214355469e-01
6.069136857986450195e-01
6.646085977554321289e-01
7.710791230201721191e-01
6.891408562660217285e-01
4.634984731674194336e-01
5.966047644615173340e-01
7.114036679267883301e-01
8.832812309265136719e-01
4.195368289947509766e-01
5.147950053215026855e-01
5.820341110229492188e-01
6.384658217430114746e-01
6.931123137474060059e-01
7.326744794845581055e-01
3.963910043239593506e-01
6.046771407127380371e-01
8.628843426704406738e-01
6.476860642433166504e-01
4.609336853027343750e-01
6.915150284767150879e-01
6.191837787628173828e-01
6.776104569435119629e-01
8.392229080200195312e-01
6.865091919898986816e-01
3.376869261264801025e-01
7.157290577888488770e-01
5.800487399101257324e-01
5.246856212615966797e-01
6.571370959281921387e-01
7.130222320556640625e-01
6.387144923210144043e-01
6.587862968444824219e-01
5.502543449401855469e-01
7.938665747642517090e-01
5.663892030715942383e-01
6.677548289299011230e-01
5.553804636001586914e-01
6.627585291862487793e-01
8.520358204841613770e-01
7.478483319282531738e-01
6.581718921661376953e-01
6.668149232864379883e-01
6.887988448143005371e-01
7.580455541610717773e-01
6.876820325851440430e-01
8.598899245262145996e-01
6.226299405097961426e-01
6.358555555343627930e-01
8.403128981590270996e-01
7.563284635543823242e-01
7.980429530143737793e-01
4.853385984897613525e-01
4.760856926441192627e-01
6.648788452148437500e-01
6.766278147697448730e-01
8.307538628578186035e-01
5.158706307411193848e-01
5.840623378753662109e-01
4.854567348957061768e-01
5.239414572715759277e-01
5.042589902877807617e-01
5.774533748626708984e-01
7.062723636627197266e-01
6.990546584129333496e-01
5.564847588539123535e-01
5.798351168632507324e-01
8.332609534263610840e-01
5.043464899063110352e-01
6.163374185562133789e-01
8.044752478599548340e-01
7.763193249702453613e-01
5.817227363586425781e-01
8.462929129600524902e-01
6.833843588829040527e-01
6.712388396263122559e-01
7.358189821243286133e-01
8.484161496162414551e-01
6.749127507209777832e-01
5.716920495033264160e-01
5.119770169258117676e-01
6.964651346206665039e-01
8.386212587356567383e-01
7.480546832084655762e-01
5.392544865608215332e-01
7.902199029922485352e-01
6.171169281005859375e-01
7.919406890869140625e-01
5.079197883605957031e-01
6.748566031455993652e-01
7.482446432113647461e-01
6.358359456062316895e-01
5.977256298065185547e-01
6.801847219467163086e-01
4.784199893474578857e-01
6.119177937507629395e-01
6.714493036270141602e-01
6.311628222465515137e-01
5.688498020172119141e-01
6.568352580070495605e-01
4.437741041183471680e-01
7.139786481857299805e-01
5.134642124176025391e-01
5.834789872169494629e-01
7.177354693412780762e-01
5.719000101089477539e-01
5.672144889831542969e-01
6.907768249511718750e-01
6.437776088714599609e-01
5.337157845497131348e-01
7.943230867385864258e-01
6.531977653503417969e-01
4.825491905212402344e-01
7.532354593276977539e-01
6.448374390602111816e-01
3.824874758720397949e-01
4.269035756587982178e-01
7.296918034553527832e-01
7.668940424919128418e-01
4.654117226600646973e-01
5.334653854370117188e-01
8.085092902183532715e-01
7.413221001625061035e-01
9.291409850120544434e-01
5.387111306190490723e-01
9.200567603111267090e-01
9.249048233032226562e-01
8.667391538619995117e-01
7.524235248565673828e-01
9.142779111862182617e-01
7.416886091232299805e-01
6.543977260589599609e-01
6.669985651969909668e-01
9.316167831420898438e-01
6.727494001388549805e-01
7.633808255195617676e-01
6.461305618286132812e-01
5.967199206352233887e-01
4.750434756278991699e-01
6.896162033081054688e-01
6.294893026351928711e-01
7.821782827377319336e-01
7.734621763229370117e-01
8.210162520408630371e-01
4.749872088432312012e-01
7.857974171638488770e-01
4.909414052963256836e-01
6.313422322273254395e-01
8.369752764701843262e-01
4.416093528270721436e-01
6.327413916587829590e-01
5.700194835662841797e-01
6.470813155174255371e-01
7.778515815734863281e-01
8.684508800506591797e-01
6.680899262428283691e-01
7.376989722251892090e-01
4.813026189804077148e-01
5.484101176261901855e-01
6.870201826095581055e-01
4.856441318988800049e-01
6.793393492698669434e-01
5.509737730026245117e-01
7.810537815093994141e-01
6.029852628707885742e-01
6.834971904754638672e-01
8.145027160644531250e-01
8.967419862747192383e-01
7.740271091461181641e-01
5.336768627166748047e-01
9.187432527542114258e-01
7.877616286277770996e-01
6.579365134239196777e-01
5.743401050567626953e-01
6.259739995002746582e-01
7.897666692733764648e-01
5.964550375938415527e-01
5.414556860923767090e-01
6.756764054298400879e-01
5.047590136528015137e-01
7.357580661773681641e-01
6.617791652679443359e-01
8.328897356986999512e-01
5.725125670433044434e-01
6.497848629951477051e-01
6.965842247009277344e-01
7.585555315017700195e-01
6.524981856346130371e-01
6.883707046508789062e-01
5.882507562637329102e-01
6.601482629776000977e-01
5.619160532951354980e-01
6.616318225860595703e-01
7.422596216201782227e-01
7.670642733573913574e-01
5.865486264228820801e-01
8.444380164146423340e-01
5.060405135154724121e-01
5.867190361022949219e-01
5.972182154655456543e-01
6.829456090927124023e-01
6.723532080650329590e-01
7.936983108520507812e-01
5.543959736824035645e-01
7.549017071723937988e-01
6.206580996513366699e-01
4.994003474712371826e-01
4.854550063610076904e-01
6.193326711654663086e-01
5.678296089172363281e-01
6.714707612991333008e-01
7.064661383628845215e-01
4.466264247894287109e-01
5.687445402145385742e-01
6.498817205429077148e-01
8.061040639877319336e-01
8.039526343345642090e-01
5.328685045242309570e-01
6.311938166618347168e-01
8.236197233200073242e-01
7.007791996002197266e-01
9.241942167282104492e-01
6.296467781066894531e-01
6.809903979301452637e-01
9.229556918144226074e-01
7.090547680854797363e-01
8.287020921707153320e-01
4.802659749984741211e-01
7.440505623817443848e-01
4.030817747116088867e-01
4.600836932659149170e-01
6.611482501029968262e-01
6.872004866600036621e-01
8.037667274475097656e-01
8.609052896499633789e-01
9.069899320602416992e-01
6.483505964279174805e-01
5.804473161697387695e-01
7.009435892105102539e-01
8.720752596855163574e-01
5.226409435272216797e-01
7.852079868316650391e-01
7.182568907737731934e-01
5.690448284149169922e-01
6.045261621475219727e-01
6.188549995422363281e-01
6.586792469024658203e-01
7.287971973419189453e-01
5.160281658172607422e-01
3.764861226081848145e-01
8.253239989280700684e-01
5.149774551391601562e-01
6.895129680633544922e-01
8.307222723960876465e-01
6.632104516029357910e-01
6.960238218307495117e-01
4.507412016391754150e-01
6.877219080924987793e-01
4.120807945728302002e-01
7.804281711578369141e-01
8.492020368576049805e-01
7.099792957305908203e-01
6.688590049743652344e-01
6.387680768966674805e-01
5.011889934539794922e-01
5.710391998291015625e-01
4.979193806648254395e-01
5.954706668853759766e-01
6.204990148544311523e-01
6.898326873779296875e-01
8.872687220573425293e-01
6.400364041328430176e-01
8.088375926017761230e-01
6.154974102973937988e-01
7.049919366836547852e-01
6.302895545959472656e-01
5.197734832763671875e-01
5.330177545547485352e-01
6.816603541374206543e-01
6.504986882209777832e-01
5.179632902145385742e-01
6.468288898468017578e-01
7.451061606407165527e-01
3.659186363220214844e-01
7.347965836524963379e-01
6.071841120719909668e-01
7.619925737380981445e-01
4.917076230049133301e-01
5.993781685829162598e-01
6.980280876159667969e-01
6.565368771553039551e-01
5.845643281936645508e-01
4.779900014400482178e-01
7.933774590492248535e-01
5.116580724716186523e-01
4.648607373237609863e-01
5.326201915740966797e-01
6.040030717849731445e-01
4.403409063816070557e-01
6.230052113533020020e-01
5.457224249839782715e-01
8.173846006393432617e-01
6.653810739517211914e-01
7.671779990196228027e-01
6.933673620223999023e-01
5.119647383689880371e-01
7.116526961326599121e-01
6.175426244735717773e-01
8.794084191322326660e-01
6.207791566848754883e-01
4.728336930274963379e-01
6.734412908554077148e-01
6.131702065467834473e-01
7.005208730697631836e-01
5.285491943359375000e-01
7.440483570098876953e-01
7.928772568702697754e-01
7.275679111480712891e-01
6.910641193389892578e-01
8.891563415527343750e-01
5.789219141006469727e-01
6.637514829635620117e-01
8.847293257713317871e-01
5.810520648956298828e-01
6.551195979118347168e-01
6.719445586204528809e-01
6.198970675468444824e-01
8.399694561958312988e-01
6.576967239379882812e-01
5.817968845367431641e-01
7.003148198127746582e-01
6.604673862457275391e-01
4.585829079151153564e-01
6.701742410659790039e-01
6.008846759796142578e-01
5.443429350852966309e-01
6.460901498794555664e-01
6.876917481422424316e-01
6.009010076522827148e-01
5.553461313247680664e-01
8.627029657363891602e-01
7.591181397438049316e-01
1.112230181694030762e+00
6.503626704216003418e-01
5.391976237297058105e-01
4.050263166427612305e-01
6.943095922470092773e-01
5.503816008567810059e-01
7.329148650169372559e-01
6.107859611511230469e-01
6.533547043800354004e-01
5.344578027725219727e-01
8.921458125114440918e-01
6.286834478378295898e-01
6.401332616806030273e-01
6.292449831962585449e-01
4.414594471454620361e-01
7.580372095108032227e-01
6.948745846748352051e-01
8.174772262573242188e-01
7.680335044860839844e-01
5.278086662292480469e-01
7.914803028106689453e-01
5.520800352096557617e-01
3.642653226852416992e-01
5.661426782608032227e-01
4.259288012981414795e-01
5.529308319091796875e-01
4.739275574684143066e-01
5.630171298980712891e-01
6.832963228225708008e-01
3.753985762596130371e-01
2.563607096672058105e-01
3.687830567359924316e-01
6.609058976173400879e-01
4.232524931430816650e-01
4.442156851291656494e-01
3.303892910480499268e-01
6.646614670753479004e-01
4.404082000255584717e-01
6.757845878601074219e-01
5.713513493537902832e-01
4.268762469291687012e-01
9.686625599861145020e-01
6.495743393898010254e-01
5.589473843574523926e-01
4.821141064167022705e-01
5.874492526054382324e-01
4.550473690032958984e-01
5.751477479934692383e-01
4.891307950019836426e-01
6.746805906295776367e-01
4.070731401443481445e-01
4.107299745082855225e-01
3.709443211555480957e-01
6.189487576484680176e-01
4.316742718219757080e-01
6.081404089927673340e-01
4.724687635898590088e-01
5.961599349975585938e-01
3.995115756988525391e-01
4.877170324325561523e-01
8.729488849639892578e-01
6.892203688621520996e-01
5.784375667572021484e-01
5.432955026626586914e-01
7.584438920021057129e-01
4.584951400756835938e-01
4.918853342533111572e-01
4.013614058494567871e-01
3.585672378540039062e-01
4.768575727939605713e-01
5.830008983612060547e-01
5.717547535896301270e-01
4.488767981529235840e-01
3.988674581050872803e-01
5.508713126182556152e-01
5.629923939704895020e-01
3.861039876937866211e-01
4.699589610099792480e-01
3.959770500659942627e-01
5.345103740692138672e-01
4.252048730850219727e-01
3.724372982978820801e-01
3.405781090259552002e-01
4.863569438457489014e-01
6.869270801544189453e-01
5.900030732154846191e-01
6.378651857376098633e-01
5.928836464881896973e-01
6.586261987686157227e-01
6.288530230522155762e-01
5.224702954292297363e-01
5.631749033927917480e-01
5.512024760246276855e-01
5.304180383682250977e-01
6.185596585273742676e-01
4.230346679687500000e-01
5.397698283195495605e-01
3.947255313396453857e-01
4.457795917987823486e-01
4.628128409385681152e-01
7.191036343574523926e-01
6.095925569534301758e-01
6.373730897903442383e-01
7.491497993469238281e-01
5.128329992294311523e-01
6.783721446990966797e-01
6.447750329971313477e-01
5.589883327484130859e-01
4.345028400421142578e-01
5.699529647827148438e-01
5.887854695320129395e-01
6.164466738700866699e-01
3.775717020034790039e-01
3.395074605941772461e-01
4.566769003868103027e-01
5.128015279769897461e-01
4.858240187168121338e-01
5.994745492935180664e-01
4.954125583171844482e-01
6.101911067962646484e-01
6.337754726409912109e-01
2.556307911872863770e-01
5.816927552223205566e-01
5.895942449569702148e-01
6.599971055984497070e-01
5.887178182601928711e-01
4.350713193416595459e-01
4.022611081600189209e-01
6.023444533348083496e-01
8.048545718193054199e-01
5.832473039627075195e-01
4.884579181671142578e-01
5.573822259902954102e-01
6.254640221595764160e-01
5.228888988494873047e-01
5.073062777519226074e-01
7.211274504661560059e-01
5.300099849700927734e-01
9.605790376663208008e-01
5.936331152915954590e-01
5.688584446907043457e-01
5.021740198135375977e-01
5.485293865203857422e-01
6.875060796737670898e-01
5.106453299522399902e-01
4.631280004978179932e-01
7.316375970840454102e-01
3.801924288272857666e-01
3.639002144336700439e-01
3.720160722732543945e-01
6.516047716140747070e-01
5.337824821472167969e-01
3.528187274932861328e-01
4.397350251674652100e-01
5.824186205863952637e-01
3.498688042163848877e-01
7.387915253639221191e-01
8.167561888694763184e-01
5.783461332321166992e-01
6.168913841247558594e-01
6.386261582374572754e-01
6.119382977485656738e-01
7.869291305541992188e-01
5.106065869331359863e-01
5.074557065963745117e-01
5.450738668441772461e-01
6.385815143585205078e-01
7.123901844024658203e-01
4.737806916236877441e-01
5.730497837066650391e-01
5.326216220855712891e-01
7.767124176025390625e-01
6.569817066192626953e-01
5.710339546203613281e-01
4.100976288318634033e-01
5.135722756385803223e-01
5.375530123710632324e-01
7.256520390510559082e-01
6.702996492385864258e-01
5.723003745079040527e-01
5.904664397239685059e-01
3.892956972122192383e-01
5.537857413291931152e-01
4.895116388797760010e-01
5.636121034622192383e-01
4.902559816837310791e-01
5.926681756973266602e-01
5.464882254600524902e-01
5.650357007980346680e-01
7.127987742424011230e-01
4.724229872226715088e-01
6.256666779518127441e-01
3.785210847854614258e-01
5.485792160034179688e-01
4.463571608066558838e-01
4.998522698879241943e-01
4.042271375656127930e-01
4.982689023017883301e-01
6.937057971954345703e-01
7.157426476478576660e-01
4.126307964324951172e-01
4.494362473487854004e-01
4.488428235054016113e-01
6.725060939788818359e-01
6.520473957061767578e-01
6.371986865997314453e-01
8.076508045196533203e-01
5.455880165100097656e-01
4.383184313774108887e-01
5.879768729209899902e-01
4.068130254745483398e-01
4.391775727272033691e-01
4.252927899360656738e-01
8.159431815147399902e-01
8.579336404800415039e-01
5.348204374313354492e-01
4.558701217174530029e-01
4.322416782379150391e-01
6.697916984558105469e-01
4.294512569904327393e-01
4.003391861915588379e-01
6.773301959037780762e-01
6.653346419334411621e-01
8.135803341865539551e-01
5.007594227790832520e-01
6.336693167686462402e-01
7.251458764076232910e-01
5.824761390686035156e-01
4.563365876674652100e-01
3.566849827766418457e-01
3.277138471603393555e-01
5.581948161125183105e-01
6.059574484825134277e-01
4.937598109245300293e-01
5.964115262031555176e-01
6.258839368820190430e-01
4.966841638088226318e-01
4.522739052772521973e-01
7.348676919937133789e-01
6.746312975883483887e-01
5.748270750045776367e-01
7.574059367179870605e-01
6.835862994194030762e-01
5.037690997123718262e-01
6.250527501106262207e-01
4.961810708045959473e-01
6.159086227416992188e-01
6.580714583396911621e-01
6.967562437057495117e-01
5.332484841346740723e-01
5.504079461097717285e-01
6.461834907531738281e-01
5.352354049682617188e-01
6.778501272201538086e-01
3.711401522159576416e-01
6.027193069458007812e-01
4.065315723419189453e-01
5.525677204132080078e-01
5.053281188011169434e-01
5.810374617576599121e-01
5.761943459510803223e-01
6.350330114364624023e-01
4.538533985614776611e-01
7.249151468276977539e-01
4.001632630825042725e-01
4.142761826515197754e-01
4.113639593124389648e-01
4.885565340518951416e-01
7.197481393814086914e-01
6.136510372161865234e-01
5.491746664047241211e-01
7.185584306716918945e-01
3.838158547878265381e-01
5.220488905906677246e-01
5.094996690750122070e-01
5.900981426239013672e-01
5.276719331741333008e-01
6.794686317443847656e-01
7.744387984275817871e-01
4.909814596176147461e-01
4.493750035762786865e-01
5.288464426994323730e-01
4.531502425670623779e-01
5.627427101135253906e-01
6.377502679824829102e-01
4.935684502124786377e-01
6.510107517242431641e-01
4.577028751373291016e-01
5.272582173347473145e-01
5.989043116569519043e-01
5.464848279953002930e-01
6.832488775253295898e-01
4.118190705776214600e-01
5.558257699012756348e-01
5.222538709640502930e-01
7.349342703819274902e-01
4.821815490722656250e-01
3.202067911624908447e-01
7.085922956466674805e-01
5.892694592475891113e-01
5.680882334709167480e-01
7.682908773422241211e-01
7.305274009704589844e-01
4.570389091968536377e-01
8.142532706260681152e-01
5.316004157066345215e-01
6.385413408279418945e-01
7.943241000175476074e-01
5.240862369537353516e-01
4.668946266174316406e-01
7.414071559906005859e-01
5.711492896080017090e-01
7.645668983459472656e-01
9.389376640319824219e-01
5.958832502365112305e-01
7.037725448608398438e-01
6.301375627517700195e-01
6.464987397193908691e-01
7.291698455810546875e-01
5.643892288208007812e-01
4.850514233112335205e-01
4.460066854953765869e-01
5.268751978874206543e-01
6.560466289520263672e-01
5.755960345268249512e-01
4.836252629756927490e-01
5.999584197998046875e-01
4.699974060058593750e-01
7.449189424514770508e-01
7.399457097053527832e-01
5.244280695915222168e-01
5.738375186920166016e-01
6.823774576187133789e-01
4.896155893802642822e-01
6.311062574386596680e-01
7.907691001892089844e-01
6.042181253433227539e-01
5.390535593032836914e-01
5.036038160324096680e-01
6.037541627883911133e-01
5.514588356018066406e-01
5.953048467636108398e-01
5.351013541221618652e-01
6.725122332572937012e-01
5.559797286987304688e-01
7.416315078735351562e-01
4.456092715263366699e-01
5.121891498565673828e-01
5.624181032180786133e-01
5.840913057327270508e-01
4.474488794803619385e-01
4.128287136554718018e-01
3.810350596904754639e-01
4.928528666496276855e-01
7.340023517608642578e-01
6.580759286880493164e-01
5.142894387245178223e-01
4.664676785469055176e-01
3.899111449718475342e-01
6.617557406425476074e-01
6.328485012054443359e-01
6.968859434127807617e-01
5.418685078620910645e-01
2.755196094512939453e-01
4.408235549926757812e-01
5.658048391342163086e-01
6.732029914855957031e-01
4.999921619892120361e-01
4.684813618659973145e-01
5.065039992332458496e-01
4.755471646785736084e-01
4.821483194828033447e-01
5.217230916023254395e-01
4.627670943737030029e-01
5.995422601699829102e-01
8.188093900680541992e-01
4.184852242469787598e-01
5.826667547225952148e-01
6.492789983749389648e-01
5.783359408378601074e-01
5.836721062660217285e-01
5.140566229820251465e-01
4.558076262474060059e-01
6.934890747070312500e-01
6.173066496849060059e-01
6.175873875617980957e-01
4.239413440227508545e-01
5.814838409423828125e-01
4.609950780868530273e-01
6.483565568923950195e-01
6.207708120346069336e-01
5.492928624153137207e-01
5.824928283691406250e-01
7.173982262611389160e-01
5.258592367172241211e-01
4.056575298309326172e-01
3.595081865787506104e-01
5.459249615669250488e-01
5.300494432449340820e-01
3.421221673488616943e-01
3.182397186756134033e-01
3.892240226268768311e-01
7.400805950164794922e-01
7.860292792320251465e-01
5.197873711585998535e-01
4.691830277442932129e-01
8.279767632484436035e-01
6.010404825210571289e-01
5.161573886871337891e-01
7.712692618370056152e-01
5.011221170425415039e-01
7.106667160987854004e-01
2.342162579298019409e-01
6.119447946548461914e-01
5.690981745719909668e-01
5.990619063377380371e-01
6.971042156219482422e-01
5.764017105102539062e-01
5.058156847953796387e-01
4.057889878749847412e-01
4.678125381469726562e-01
5.471292138099670410e-01
7.306313514709472656e-01
3.607358336448669434e-01
5.700844526290893555e-01
3.528630733489990234e-01
6.552454233169555664e-01
7.256950736045837402e-01
4.797145128250122070e-01
5.306100249290466309e-01
4.547929465770721436e-01
7.105832099914550781e-01
6.533034443855285645e-01
5.632827281951904297e-01
5.869616866111755371e-01
4.030396640300750732e-01
4.789139926433563232e-01
5.222109556198120117e-01
6.574975848197937012e-01
7.985343933105468750e-01
6.942327618598937988e-01
4.984773397445678711e-01
7.612643241882324219e-01
6.124952435493469238e-01
4.021379947662353516e-01
6.792271733283996582e-01
4.643692076206207275e-01
5.219745039939880371e-01
6.630907654762268066e-01
5.558387637138366699e-01
5.915059447288513184e-01
4.764725565910339355e-01
5.831750035285949707e-01
3.682497739791870117e-01
4.648806750774383545e-01
4.874225556850433350e-01
5.385031104087829590e-01
4.208089411258697510e-01
5.209775567054748535e-01
4.187312424182891846e-01
7.220804095268249512e-01
5.290881395339965820e-01
7.305818200111389160e-01
4.157329499721527100e-01
6.186674833297729492e-01
6.120903491973876953e-01
6.060200333595275879e-01
6.697139739990234375e-01
6.687629222869873047e-01
6.844126582145690918e-01
4.942336678504943848e-01
6.033702492713928223e-01
5.487002730369567871e-01
4.150117933750152588e-01
6.234518885612487793e-01
5.783056616783142090e-01
5.473182201385498047e-01
6.216907501220703125e-01
7.028473615646362305e-01
8.337836861610412598e-01
6.336096525192260742e-01
7.797933220863342285e-01
5.309184193611145020e-01
6.330261230468750000e-01
4.165687263011932373e-01
5.615975856781005859e-01
6.649393439292907715e-01
6.862584948539733887e-01
3.781253993511199951e-01
4.798281788825988770e-01
4.778275787830352783e-01
4.022574424743652344e-01
4.457198679447174072e-01
8.546200990676879883e-01
5.471134185791015625e-01
3.320622444152832031e-01
5.161384940147399902e-01
8.823871016502380371e-01
5.948244333267211914e-01
3.883953988552093506e-01
4.323975145816802979e-01
3.632753789424896240e-01
7.113009095191955566e-01
2.926003038883209229e-01
4.344799220561981201e-01
5.778501629829406738e-01
7.019230127334594727e-01
6.898483633995056152e-01
8.369184732437133789e-01
4.729860723018646240e-01
5.499126315116882324e-01
6.177418231964111328e-01
5.760976672172546387e-01
7.939665317535400391e-01
5.596958994865417480e-01
4.349942803382873535e-01
6.637447476387023926e-01
5.560388565063476562e-01
6.799041628837585449e-01
7.638983130455017090e-01
9.255037307739257812e-01
6.181288361549377441e-01
4.984861016273498535e-01
6.490907073020935059e-01
7.482593655586242676e-01
7.513360977172851562e-01
5.518823862075805664e-01
4.202544093132019043e-01
4.136790633201599121e-01
3.411350250244140625e-01
6.270617246627807617e-01
4.866224825382232666e-01
6.763219833374023438e-01
5.362489223480224609e-01
5.973441600799560547e-01
5.067124366760253906e-01
6.215689182281494141e-01
4.991704821586608887e-01
4.669709801673889160e-01
6.263546347618103027e-01
4.611905515193939209e-01
5.933623909950256348e-01
6.384173035621643066e-01
8.117092251777648926e-01
3.995095193386077881e-01
5.846749544143676758e-01
6.137859821319580078e-01
4.625769257545471191e-01
5.381872057914733887e-01
3.873244822025299072e-01
4.399311244487762451e-01
4.525610208511352539e-01
6.849880814552307129e-01
4.855093955993652344e-01
4.272127449512481689e-01
7.807705402374267578e-01
8.911256790161132812e-01
7.245548963546752930e-01
6.829712390899658203e-01
6.368287205696105957e-01
5.645594000816345215e-01
4.404020607471466064e-01
5.041638612747192383e-01
4.886068701744079590e-01
6.314942836761474609e-01
4.838170409202575684e-01
4.566082656383514404e-01
6.279268860816955566e-01
4.546638131141662598e-01
4.440271854400634766e-01
5.855249762535095215e-01
4.973168075084686279e-01
5.650449991226196289e-01
6.300216317176818848e-01
6.635764837265014648e-01
7.979764342308044434e-01
5.971449017524719238e-01
5.224126577377319336e-01
5.419478416442871094e-01
6.602399349212646484e-01
5.263540744781494141e-01
7.259393334388732910e-01
7.275516986846923828e-01
6.000515222549438477e-01
8.267500400543212891e-01
8.624559640884399414e-01
6.710799336433410645e-01
4.457637667655944824e-01
5.889210700988769531e-01
4.335626661777496338e-01
6.743741631507873535e-01
6.606633663177490234e-01
6.795085072517395020e-01
6.091070175170898438e-01
6.102617383003234863e-01
6.589494943618774414e-01
5.346794724464416504e-01
4.720850884914398193e-01
6.149677634239196777e-01
4.086974263191223145e-01
4.215101003646850586e-01
3.799260854721069336e-01
4.538944065570831299e-01
5.072759389877319336e-01
5.220115184783935547e-01
4.913800656795501709e-01
6.319645643234252930e-01
5.558986067771911621e-01
6.257118582725524902e-01
7.302379608154296875e-01
5.813774466514587402e-01
8.755741715431213379e-01
4.869896769523620605e-01
5.959648489952087402e-01
5.983923673629760742e-01
3.135345578193664551e-01
4.831233918666839600e-01
1.052140593528747559e+00
4.182593226432800293e-01
4.492266774177551270e-01
3.291791677474975586e-01
7.303503155708312988e-01
7.844999432563781738e-01
6.495856046676635742e-01
7.251552343368530273e-01
6.778001189231872559e-01
5.004861950874328613e-01
3.948631286621093750e-01
6.059007644653320312e-01
6.687819361686706543e-01
6.941395998001098633e-01
6.691577434539794922e-01
5.379393100738525391e-01
6.644982695579528809e-01
7.484555244445800781e-01
6.004628539085388184e-01
5.540360212326049805e-01
6.134876012802124023e-01
5.386894941329956055e-01
5.655713677406311035e-01
6.450857520103454590e-01
5.172255039215087891e-01
5.419251322746276855e-01
7.201020717620849609e-01
7.044956684112548828e-01
4.945198297500610352e-01
4.475872814655303955e-01
8.175085783004760742e-01
5.666218996047973633e-01
4.436219632625579834e-01
5.062745809555053711e-01
4.813310205936431885e-01
5.389664769172668457e-01
5.266692638397216797e-01
8.959273099899291992e-01
4.109019935131072998e-01
4.589592218399047852e-01
5.438888669013977051e-01
5.743226408958435059e-01
5.455976128578186035e-01
5.322593450546264648e-01
6.276273727416992188e-01
4.306252002716064453e-01
5.591422319412231445e-01
5.133022069931030273e-01
7.193475365638732910e-01
5.916010737419128418e-01
4.352291226387023926e-01
3.992103636264801025e-01
5.977075695991516113e-01
6.178417205810546875e-01
2.821049094200134277e-01
8.468595147132873535e-01
4.550310969352722168e-01
6.059801578521728516e-01
5.605463385581970215e-01
6.258800029754638672e-01
6.336803436279296875e-01
4.281890094280242920e-01
7.124783992767333984e-01
7.040120363235473633e-01
4.881890714168548584e-01
5.011882781982421875e-01
6.397723555564880371e-01
4.908835589885711670e-01
6.874325275421142578e-01
5.278062224388122559e-01
5.259143114089965820e-01
4.232766926288604736e-01
5.358857512474060059e-01
7.400891184806823730e-01
4.688132107257843018e-01
4.807718098163604736e-01
4.155050218105316162e-01
3.185727000236511230e-01
6.175419092178344727e-01
4.179682135581970215e-01
4.334961473941802979e-01
5.938550829887390137e-01
5.108181834220886230e-01
5.526647567749023438e-01
6.213255524635314941e-01
5.637936592102050781e-01
5.819534659385681152e-01
2.262272983789443970e-01
4.883235096931457520e-01
6.377456784248352051e-01
4.549663066864013672e-01
2.737687230110168457e-01
8.042277097702026367e-01
3.364181816577911377e-01
5.453379750251770020e-01
4.541307687759399414e-01
7.251012921333312988e-01
3.539398014545440674e-01
5.452699065208435059e-01
4.749903976917266846e-01
6.019968986511230469e-01
3.646519780158996582e-01
3.261147439479827881e-01
4.805250465869903564e-01
7.020453214645385742e-01
3.980748653411865234e-01
5.914635658264160156e-01
4.525533020496368408e-01
5.922423005104064941e-01
5.702744126319885254e-01
5.807879567146301270e-01
3.390371799468994141e-01
6.588860750198364258e-01
6.940321326255798340e-01
5.305284857749938965e-01
3.748332262039184570e-01
5.506100654602050781e-01
5.263337492942810059e-01
7.448778152465820312e-01
6.357382535934448242e-01
5.595486760139465332e-01
2.733253240585327148e-01
6.031036376953125000e-01
5.356472134590148926e-01
3.050068616867065430e-01
3.801051974296569824e-01
5.630832910537719727e-01
6.910641789436340332e-01
4.635045528411865234e-01
3.868008255958557129e-01
4.273446202278137207e-01
5.227636694908142090e-01
5.255807638168334961e-01
7.202808260917663574e-01
5.788341760635375977e-01
6.357119083404541016e-01
7.147223353385925293e-01
8.266692757606506348e-01
5.636692643165588379e-01
4.892560839653015137e-01
5.368908047676086426e-01
5.828114748001098633e-01
3.925667405128479004e-01
4.824405014514923096e-01
6.710299849510192871e-01
6.429455876350402832e-01
5.687595009803771973e-01
6.401467323303222656e-01
5.016092658042907715e-01
6.590520143508911133e-01
8.106849193572998047e-01
6.528924703598022461e-01
4.460074305534362793e-01
6.831468343734741211e-01
5.103904604911804199e-01
5.641548633575439453e-01
6.769764423370361328e-01
6.161611676216125488e-01
7.240746617317199707e-01
5.151027441024780273e-01
3.444735109806060791e-01
5.891189575195312500e-01
5.795501470565795898e-01
5.984330773353576660e-01
5.904361605644226074e-01
3.128483891487121582e-01
6.683767437934875488e-01
7.660807371139526367e-01
2.847466170787811279e-01
5.149362087249755859e-01
5.214124321937561035e-01
4.252703487873077393e-01
2.398245632648468018e-01
6.383767127990722656e-01
4.176996648311614990e-01
5.721538066864013672e-01
4.418258368968963623e-01
6.060262918472290039e-01
5.189851522445678711e-01
4.082713127136230469e-01
4.411277174949645996e-01
5.403872132301330566e-01
3.883621394634246826e-01
2.253814637660980225e-01
3.388461768627166748e-01
4.178981184959411621e-01
4.046708047389984131e-01
3.978705704212188721e-01
3.197149038314819336e-01
4.048867225646972656e-01
3.212155997753143311e-01
3.670201301574707031e-01
2.917019426822662354e-01
4.170787930488586426e-01
3.520095646381378174e-01
5.234335660934448242e-01
4.655579626560211182e-01
2.616710364818572998e-01
3.718272447586059570e-01
3.907368779182434082e-01
5.462245941162109375e-01
3.106531500816345215e-01
2.727875113487243652e-01
3.395055532455444336e-01
7.020596861839294434e-01
6.067370772361755371e-01
5.422742962837219238e-01
3.318315148353576660e-01
2.701143026351928711e-01
4.536825418472290039e-01
3.818269073963165283e-01
4.173392951488494873e-01
5.290678739547729492e-01
4.542651474475860596e-01
6.129680871963500977e-01
5.208529233932495117e-01
4.320284128189086914e-01
6.661649942398071289e-01
4.251913428306579590e-01
4.994106590747833252e-01
4.020101726055145264e-01
7.638325095176696777e-01
3.624318540096282959e-01
3.418521285057067871e-01
5.011704564094543457e-01
2.948281168937683105e-01
7.994065880775451660e-01
4.156816005706787109e-01
5.035431385040283203e-01
5.882186293601989746e-01
5.447925925254821777e-01
2.427328079938888550e-01
4.301616549491882324e-01
6.145094633102416992e-01
4.315704703330993652e-01
3.594849407672882080e-01
4.894856810569763184e-01
3.528840243816375732e-01
4.945600032806396484e-01
4.205935895442962646e-01
4.643082022666931152e-01
4.376358985900878906e-01
5.190875530242919922e-01
6.572613120079040527e-01
6.206350326538085938e-01
5.044720172882080078e-01
5.640934109687805176e-01
4.226612448692321777e-01
3.586947321891784668e-01
3.313158154487609863e-01
5.832809209823608398e-01
4.561734795570373535e-01
4.697606861591339111e-01
3.958596885204315186e-01
3.787298500537872314e-01
4.289784729480743408e-01
3.281042575836181641e-01
4.749879539012908936e-01
4.012015461921691895e-01
4.600404202938079834e-01
2.320242226123809814e-01
3.900498747825622559e-01
5.940243601799011230e-01
3.398127257823944092e-01
6.713194847106933594e-01
3.388621807098388672e-01
5.112340450286865234e-01
7.945110201835632324e-01
5.292897820472717285e-01
3.450884222984313965e-01
4.836311638355255127e-01
4.781091213226318359e-01
6.828626990318298340e-01
3.154652416706085205e-01
5.510004162788391113e-01
4.932684004306793213e-01
5.873007178306579590e-01
6.045655012130737305e-01
3.095943629741668701e-01
3.574613034725189209e-01
7.603145837783813477e-01
3.717577755451202393e-01
6.805696487426757812e-01
4.823864400386810303e-01
4.322798550128936768e-01
3.965109288692474365e-01
5.433616638183593750e-01
3.733452856540679932e-01
4.308075606822967529e-01
4.440504610538482666e-01
4.514584243297576904e-01
4.069877266883850098e-01
4.372874498367309570e-01
5.590465068817138672e-01
3.089642822742462158e-01
5.312537550926208496e-01
5.507404804229736328e-01
4.672814011573791504e-01
3.882547020912170410e-01
4.009673893451690674e-01
4.641899466514587402e-01
3.538617491722106934e-01
3.039864003658294678e-01
6.270685195922851562e-01
4.550125896930694580e-01
4.124591946601867676e-01
4.176807999610900879e-01
3.384472131729125977e-01
3.352866172790527344e-01
4.610046744346618652e-01
6.377868652343750000e-01
4.484730362892150879e-01
4.688070118427276611e-01
5.962001085281372070e-01
6.435924768447875977e-01
4.645983278751373291e-01
3.866962492465972900e-01
5.147402286529541016e-01
2.885282039642333984e-01
4.454230666160583496e-01
6.066953539848327637e-01
4.788463711738586426e-01
3.969186544418334961e-01
3.032326102256774902e-01
7.022116780281066895e-01
4.112112224102020264e-01
2.899477481842041016e-01
5.092145800590515137e-01
5.905711650848388672e-01
5.038378238677978516e-01
3.525694310665130615e-01
3.981008529663085938e-01
3.517923057079315186e-01
6.297271251678466797e-01
4.543229341506958008e-01
4.583850204944610596e-01
5.778133273124694824e-01
5.650035738945007324e-01
4.538341164588928223e-01
3.467803001403808594e-01
3.362026512622833252e-01
4.130463302135467529e-01
3.009971380233764648e-01
3.417435288429260254e-01
4.412201941013336182e-01
5.630649328231811523e-01
5.098472833633422852e-01
4.385454058647155762e-01
6.737573146820068359e-01
3.222522139549255371e-01
4.850863218307495117e-01
4.318803250789642334e-01
7.091452479362487793e-01
4.433904886245727539e-01
2.478992491960525513e-01
5.018895864486694336e-01
5.379210710525512695e-01
3.677932322025299072e-01
4.216999113559722900e-01
7.650377154350280762e-01
3.910071253776550293e-01
3.932992815971374512e-01
6.442260742187500000e-01
4.396740496158599854e-01
3.741659224033355713e-01
3.386726081371307373e-01
4.697449505329132080e-01
4.314669966697692871e-01
4.085182845592498779e-01
5.539234876632690430e-01
7.113238573074340820e-01
3.709986209869384766e-01
4.106981754302978516e-01
4.392249584197998047e-01
2.087092399597167969e-01
5.685496926307678223e-01
4.205287694931030273e-01
5.032769441604614258e-01
4.613793194293975830e-01
3.251720368862152100e-01
4.530327916145324707e-01
5.495715737342834473e-01
4.958150088787078857e-01
4.047750234603881836e-01
4.208561778068542480e-01
5.454477071762084961e-01
3.698691725730895996e-01
5.271025896072387695e-01
7.034350633621215820e-01
4.424465000629425049e-01
4.017039239406585693e-01
6.716561913490295410e-01
6.689828038215637207e-01
5.466195940971374512e-01
3.757002353668212891e-01
4.919568300247192383e-01
4.238299131393432617e-01
3.666358292102813721e-01
4.924832284450531006e-01
3.875755369663238525e-01
4.095859229564666748e-01
5.836645364761352539e-01
5.148688554763793945e-01
6.581309437751770020e-01
8.053659796714782715e-01
3.802056908607482910e-01
3.578370511531829834e-01
5.032197237014770508e-01
2.861776947975158691e-01
5.780315995216369629e-01
5.769103169441223145e-01
3.410201668739318848e-01
5.380494594573974609e-01
4.098618030548095703e-01
3.440881073474884033e-01
3.227056264877319336e-01
5.504071712493896484e-01
2.711574435234069824e-01
3.992115557193756104e-01
7.077069878578186035e-01
3.880879580974578857e-01
6.409314274787902832e-01
4.433002173900604248e-01
3.616068661212921143e-01
5.464737415313720703e-01
4.915696382522583008e-01
2.135204523801803589e-01
3.676699101924896240e-01
4.880171120166778564e-01
5.106193423271179199e-01
5.796155333518981934e-01
2.751045227050781250e-01
4.672663509845733643e-01
3.656722009181976318e-01
5.360575914382934570e-01
5.133658647537231445e-01
3.744539022445678711e-01
4.351435303688049316e-01
4.400862455368041992e-01
4.054756164550781250e-01
5.568698644638061523e-01
5.266312956809997559e-01
4.776653051376342773e-01
6.017465591430664062e-01
3.106910884380340576e-01
4.778186976909637451e-01
2.315976470708847046e-01
3.617718517780303955e-01
3.961824476718902588e-01
4.637016057968139648e-01
5.915343165397644043e-01
4.185882508754730225e-01
6.395058631896972656e-01
3.040077090263366699e-01
4.502716362476348877e-01
3.349354267120361328e-01
4.559404850006103516e-01
4.905024468898773193e-01
5.613047480583190918e-01
4.164730310440063477e-01
7.205975651741027832e-01
3.773395717144012451e-01
5.157443881034851074e-01
4.844014048576354980e-01
4.742670953273773193e-01
3.803862631320953369e-01
8.330866694450378418e-01
5.679438114166259766e-01
4.346300661563873291e-01
4.556224048137664795e-01
4.379046261310577393e-01
5.575752854347229004e-01
5.624047517776489258e-01
6.137280464172363281e-01
4.927788972854614258e-01
4.041332602500915527e-01
4.671436846256256104e-01
4.363628029823303223e-01
5.961883068084716797e-01
4.756436944007873535e-01
4.025070369243621826e-01
2.587037384510040283e-01
4.951587915420532227e-01
3.248549103736877441e-01
6.831642985343933105e-01
5.832994580268859863e-01
3.628101348876953125e-01
2.403990775346755981e-01
4.584023356437683105e-01
8.071748614311218262e-01
4.828011095523834229e-01
4.390492439270019531e-01
4.552274346351623535e-01
2.835081219673156738e-01
3.408161103725433350e-01
4.457271695137023926e-01
3.367317616939544678e-01
4.146955907344818115e-01
4.245122075080871582e-01
5.490198731422424316e-01
7.385448217391967773e-01
4.169569611549377441e-01
5.046409368515014648e-01
4.336510002613067627e-01
6.157999634742736816e-01
4.011687040328979492e-01
5.651889443397521973e-01
4.112263619899749756e-01
4.836388230323791504e-01
5.981903672218322754e-01
6.091855168342590332e-01
5.629076957702636719e-01
4.450464546680450439e-01
4.801104664802551270e-01
4.611671268939971924e-01
3.819583654403686523e-01
3.934901952743530273e-01
5.338707566261291504e-01
3.861283361911773682e-01
4.515191912651062012e-01
6.116081476211547852e-01
3.577615320682525635e-01
6.470212936401367188e-01
6.228429675102233887e-01
4.273981153964996338e-01
4.390592873096466064e-01
4.929514825344085693e-01
4.189151823520660400e-01
3.640296459197998047e-01
7.082324624061584473e-01
4.890738129615783691e-01
6.622821688652038574e-01
5.538663864135742188e-01
5.390100479125976562e-01
3.614598810672760010e-01
5.984974503517150879e-01
5.634999275207519531e-01
5.101925730705261230e-01
4.503805041313171387e-01
6.123436093330383301e-01
5.793681144714355469e-01
4.408703148365020752e-01
4.183499813079833984e-01
3.710287213325500488e-01
2.533414065837860107e-01
5.202492475509643555e-01
5.047081708908081055e-01
5.479364991188049316e-01
5.667321681976318359e-01
5.469506382942199707e-01
3.392090499401092529e-01
4.315892159938812256e-01
6.648651361465454102e-01
6.678750514984130859e-01
3.105280995368957520e-01
5.084127187728881836e-01
3.734635114669799805e-01
6.524727344512939453e-01
5.628242492675781250e-01
4.293326735496520996e-01
5.493056178092956543e-01
4.340447187423706055e-01
4.515531063079833984e-01
4.112879633903503418e-01
6.450704932212829590e-01
6.213937997817993164e-01
3.814215958118438721e-01
3.432741165161132812e-01
6.225640177726745605e-01
5.429791212081909180e-01
5.374103784561157227e-01
5.178037285804748535e-01
4.587036371231079102e-01
4.844807684421539307e-01
5.881716012954711914e-01
4.728511273860931396e-01
4.414677321910858154e-01
4.896205365657806396e-01
3.942567408084869385e-01
5.105797648429870605e-01
4.259287714958190918e-01
4.157627522945404053e-01
3.132446706295013428e-01
4.243402183055877686e-01
5.597038865089416504e-01
3.331127762794494629e-01
5.934634208679199219e-01
5.317972898483276367e-01
3.718829154968261719e-01
5.061079263687133789e-01
3.030866086483001709e-01
5.390297174453735352e-01
4.755727648735046387e-01
7.040939331054687500e-01
2.681050300598144531e-01
4.776263535022735596e-01
4.028691351413726807e-01
5.808666348457336426e-01
5.265979766845703125e-01
4.342571794986724854e-01
8.369373679161071777e-01
3.804632127285003662e-01
5.408044457435607910e-01
6.202812194824218750e-01
1.761095523834228516e-01
6.725088953971862793e-01
5.302568078041076660e-01
4.227050244808197021e-01
7.093934416770935059e-01
5.462145805358886719e-01
5.466305017471313477e-01
5.216405391693115234e-01
4.883257448673248291e-01
4.801892936229705811e-01
5.713790059089660645e-01
4.740842282772064209e-01
5.177671313285827637e-01
5.451308488845825195e-01
6.314501166343688965e-01
5.638799667358398438e-01
5.223685503005981445e-01
7.068792581558227539e-01
5.069614648818969727e-01
4.861116707324981689e-01
6.289255619049072266e-01
5.241535305976867676e-01
5.102414488792419434e-01
4.652707278728485107e-01
4.910518229007720947e-01
5.762754678726196289e-01
6.657983064651489258e-01
2.844007313251495361e-01
6.741901636123657227e-01
4.291350245475769043e-01
4.850753545761108398e-01
4.391034245491027832e-01
6.565571427345275879e-01
6.347372531890869141e-01
3.923445641994476318e-01
3.271906971931457520e-01
5.863989591598510742e-01
5.583831071853637695e-01
3.524377048015594482e-01
4.454203546047210693e-01
4.042970240116119385e-01
5.675842165946960449e-01
2.592158615589141846e-01
3.893073201179504395e-01
4.810000061988830566e-01
4.517667591571807861e-01
3.990679979324340820e-01
4.381161630153656006e-01
3.046531677246093750e-01
5.906245708465576172e-01
3.864780366420745850e-01
4.373924732208251953e-01
7.222872972488403320e-01
4.292692840099334717e-01
5.466495156288146973e-01
4.642405509948730469e-01
2.666595280170440674e-01
4.165347814559936523e-01
4.669848382472991943e-01
2.800935506820678711e-01
6.852516531944274902e-01
6.351040601730346680e-01
5.669090747833251953e-01
5.133348107337951660e-01
5.966534614562988281e-01
7.732228636741638184e-01
5.552370548248291016e-01
3.968426287174224854e-01
5.940262079238891602e-01
5.205022692680358887e-01
4.578295350074768066e-01
3.310922384262084961e-01
4.032871723175048828e-01
5.104717612266540527e-01
4.030978381633758545e-01
5.483971834182739258e-01
5.434203743934631348e-01
4.549823403358459473e-01
6.762830018997192383e-01
5.446311235427856445e-01
5.879842042922973633e-01
6.714942455291748047e-01
3.396479487419128418e-01
2.706044018268585205e-01
5.049993991851806641e-01
7.303850650787353516e-01
2.879146337509155273e-01
6.697203516960144043e-01
5.540961027145385742e-01
3.194388151168823242e-01
4.720878005027770996e-01
2.413704544305801392e-01
7.709584236145019531e-01
4.227817356586456299e-01
3.813452720642089844e-01
4.279110729694366455e-01
1.996866911649703979e-01
6.740682721138000488e-01
6.197031736373901367e-01
5.337433218955993652e-01
5.153860449790954590e-01
4.929411709308624268e-01
5.136252045631408691e-01
3.671164810657501221e-01
3.852099180221557617e-01
5.353122353553771973e-01
3.822161555290222168e-01
5.466861724853515625e-01
7.123323678970336914e-01
6.275842785835266113e-01
6.132379174232482910e-01
3.662820458412170410e-01
5.991172790527343750e-01
3.746589124202728271e-01
7.144103050231933594e-01
7.290906906127929688e-01
5.132844448089599609e-01
4.229116439819335938e-01
5.565354824066162109e-01
7.837922573089599609e-01
5.455127954483032227e-01
4.714556932449340820e-01
4.415231049060821533e-01
5.710886120796203613e-01
4.590123295783996582e-01
6.179201602935791016e-01
4.003684520721435547e-01
4.996210932731628418e-01
5.871301293373107910e-01
5.532856583595275879e-01
4.822263121604919434e-01
5.082623958587646484e-01
4.220473468303680420e-01
3.979722559452056885e-01
5.653110146522521973e-01
6.360321044921875000e-01
5.856891870498657227e-01
3.874616324901580811e-01
6.969882249832153320e-01
5.432199239730834961e-01
5.743211507797241211e-01
4.895129799842834473e-01
6.011363863945007324e-01
3.797651231288909912e-01
4.702521562576293945e-01
7.298262119293212891e-01
4.293801784515380859e-01
5.347234606742858887e-01
4.896579086780548096e-01
2.438452839851379395e-01
4.704831242561340332e-01
5.385134816169738770e-01
7.397655844688415527e-01
4.411344230175018311e-01
4.939313828945159912e-01
4.972914457321166992e-01
4.032950997352600098e-01
3.748933374881744385e-01
6.005883812904357910e-01
6.909754872322082520e-01
4.183627963066101074e-01
4.800826907157897949e-01
4.625837206840515137e-01
6.071462035179138184e-01
4.671702682971954346e-01
4.663104116916656494e-01
6.386362314224243164e-01
5.109794735908508301e-01
4.224067330360412598e-01
4.749829769134521484e-01
6.162552237510681152e-01
5.784584283828735352e-01
5.529429316520690918e-01
5.207518935203552246e-01
4.821168780326843262e-01
5.037143230438232422e-01
4.156653285026550293e-01
6.415519714355468750e-01
5.217262506484985352e-01
5.215790867805480957e-01
5.329520702362060547e-01
4.479782879352569580e-01
5.342299938201904297e-01
5.648611187934875488e-01
5.066888332366943359e-01
4.981618821620941162e-01
6.626231074333190918e-01
5.269234180450439453e-01
5.493052601814270020e-01
4.720367491245269775e-01
5.088555216789245605e-01
4.452903866767883301e-01
5.720049738883972168e-01
5.731604099273681641e-01
5.317220091819763184e-01
5.132202506065368652e-01
3.924919068813323975e-01
7.225342392921447754e-01
3.721253275871276855e-01
4.404288232326507568e-01
5.179839134216308594e-01
4.474378526210784912e-01
3.543007969856262207e-01
3.695383071899414062e-01
4.988081157207489014e-01
4.042182564735412598e-01
3.069241940975189209e-01
4.543668031692504883e-01
4.139148890972137451e-01
4.303755164146423340e-01
5.034090876579284668e-01
5.903735160827636719e-01
5.603303909301757812e-01
7.700018882751464844e-01
4.866349101066589355e-01
3.556233346462249756e-01
3.438085615634918213e-01
3.166968226432800293e-01
3.983657956123352051e-01
4.799787998199462891e-01
4.509531855583190918e-01
2.616031765937805176e-01
7.320663332939147949e-01
4.707755744457244873e-01
4.780921339988708496e-01
6.940635442733764648e-01
4.247706532478332520e-01
3.464943170547485352e-01
5.584003329277038574e-01
6.055696010589599609e-01
5.108757019042968750e-01
4.983173906803131104e-01
6.563577055931091309e-01
2.748723924160003662e-01
5.881214141845703125e-01
6.383432149887084961e-01
3.585911989212036133e-01
4.800937175750732422e-01
5.398424863815307617e-01
4.839114844799041748e-01
3.940257728099822998e-01
5.512309074401855469e-01
3.854896426200866699e-01
4.518821239471435547e-01
3.704051077365875244e-01
6.549507975578308105e-01
5.122264027595520020e-01
5.330873131752014160e-01
4.788155257701873779e-01
3.732703030109405518e-01
4.600835144519805908e-01
6.330566406250000000e-01
3.919962644577026367e-01
4.498516917228698730e-01
6.271833181381225586e-01
5.598183870315551758e-01
5.177714824676513672e-01
4.483922719955444336e-01
3.607710897922515869e-01
5.110397934913635254e-01
8.477192521095275879e-01
4.664025902748107910e-01
4.945713281631469727e-01
4.291941523551940918e-01
5.085607171058654785e-01
4.075957238674163818e-01
4.695408642292022705e-01
3.720693290233612061e-01
4.622717499732971191e-01
5.770375728607177734e-01
4.285697340965270996e-01
4.088784456253051758e-01
4.181169569492340088e-01
5.894023776054382324e-01
6.716278195381164551e-01
4.795404076576232910e-01
5.861906409263610840e-01
5.644822120666503906e-01
4.733234643936157227e-01
7.385545372962951660e-01
5.154931545257568359e-01
5.552902221679687500e-01
3.434750139713287354e-01
5.592511892318725586e-01
4.374670088291168213e-01
4.930595159530639648e-01
6.135210394859313965e-01
1.046366810798645020e+00
4.445389509201049805e-01
7.095994949340820312e-01
4.678157866001129150e-01
4.915231764316558838e-01
3.906998932361602783e-01
4.321604073047637939e-01
7.276412844657897949e-01
6.200726628303527832e-01
3.998998701572418213e-01
4.474997520446777344e-01
4.854164421558380127e-01
6.266745328903198242e-01
4.888055324554443359e-01
4.754635393619537354e-01
6.259738206863403320e-01
5.346564650535583496e-01
3.583775758743286133e-01
4.803232550621032715e-01
5.107743740081787109e-01
6.182233691215515137e-01
4.665101170539855957e-01
4.961099326610565186e-01
2.370086908340454102e-01
5.266736745834350586e-01
5.608555078506469727e-01
6.633917093276977539e-01
5.951290726661682129e-01
4.804712831974029541e-01
4.255428016185760498e-01
6.855696439743041992e-01
6.072986125946044922e-01
6.335164308547973633e-01
3.928380608558654785e-01
5.147063136100769043e-01
5.118159055709838867e-01
4.433434903621673584e-01
3.728678822517395020e-01
4.736919105052947998e-01
4.517461359500885010e-01
5.915966033935546875e-01
6.142440438270568848e-01
5.058731436729431152e-01
3.194653987884521484e-01
5.863419771194458008e-01
5.986455678939819336e-01
3.042793273925781250e-01
6.292518377304077148e-01
7.817833423614501953e-01
3.383001387119293213e-01
6.095204353332519531e-01
3.331432342529296875e-01
5.087682008743286133e-01
6.085535883903503418e-01
6.338917016983032227e-01
5.904046893119812012e-01
9.160270690917968750e-01
5.304762721061706543e-01
2.299922704696655273e-01
2.797109484672546387e-01
4.337458312511444092e-01
4.386963546276092529e-01
3.103571236133575439e-01
2.675732970237731934e-01
3.981346786022186279e-01
4.365687966346740723e-01
3.109517693519592285e-01
3.501054048538208008e-01
2.962774634361267090e-01
2.907251119613647461e-01
4.585101008415222168e-01
3.178017735481262207e-01
3.912623822689056396e-01
3.093506991863250732e-01
2.750914990901947021e-01
2.991286218166351318e-01
3.782682418823242188e-01
3.164868354797363281e-01
3.003208041191101074e-01
2.881142497062683105e-01
3.196931183338165283e-01
2.271161973476409912e-01
4.909697473049163818e-01
3.442770540714263916e-01
3.528229594230651855e-01
3.810256421566009521e-01
2.135221213102340698e-01
3.539716303348541260e-01
3.846500217914581299e-01
3.600610494613647461e-01
4.791343808174133301e-01
4.718727171421051025e-01
3.835333585739135742e-01
3.299710452556610107e-01
3.929194509983062744e-01
2.488680332899093628e-01
3.645031750202178955e-01
4.346327483654022217e-01
2.346216589212417603e-01
2.858645617961883545e-01
5.233821868896484375e-01
4.143934249877929688e-01
2.844314277172088623e-01
2.272487431764602661e-01
2.660108804702758789e-01
4.549793004989624023e-01
4.213162958621978760e-01
4.175758361816406250e-01
3.437494933605194092e-01
4.794488847255706787e-01
5.932118892669677734e-01
3.428720831871032715e-01
4.295724630355834961e-01
4.885112643241882324e-01
3.614569604396820068e-01
3.497073352336883545e-01
5.802438259124755859e-01
2.704682946205139160e-01
4.679834246635437012e-01
2.793666422367095947e-01
4.196598529815673828e-01
3.206218183040618896e-01
2.659113407135009766e-01
1.835105568170547485e-01
4.953302443027496338e-01
3.484343588352203369e-01
2.863940298557281494e-01
3.912627696990966797e-01
1.742950528860092163e-01
3.688313961029052734e-01
4.504078626632690430e-01
4.229162037372589111e-01
3.786344230175018311e-01
2.244511842727661133e-01
6.036390066146850586e-01
2.942682504653930664e-01
2.727549374103546143e-01
4.635981321334838867e-01
2.010381668806076050e-01
5.094537734985351562e-01
3.762858211994171143e-01
2.893624901771545410e-01
3.128880858421325684e-01
2.311418950557708740e-01
7.318027019500732422e-01
4.385032057762145996e-01
2.235710918903350830e-01
4.581290483474731445e-01
4.142404794692993164e-01
3.593189716339111328e-01
3.430867195129394531e-01
4.609774649143218994e-01
2.547122836112976074e-01
3.923768103122711182e-01
4.185865819454193115e-01
2.476862668991088867e-01
5.559897422790527344e-01
4.581446051597595215e-01
3.158091604709625244e-01
3.918921649456024170e-01
4.416756033897399902e-01
4.251138567924499512e-01
5.998128056526184082e-01
2.353440374135971069e-01
3.217379450798034668e-01
4.142657518386840820e-01
2.758055329322814941e-01
2.513690888881683350e-01
5.254170298576354980e-01
7.143050432205200195e-01
3.151031732559204102e-01
2.608538568019866943e-01
3.899881541728973389e-01
4.076273739337921143e-01
4.930005967617034912e-01
4.190435707569122314e-01
2.750161886215209961e-01
3.595170974731445312e-01
3.528569340705871582e-01
3.385508358478546143e-01
5.002863407135009766e-01
5.130922198295593262e-01
3.257489204406738281e-01
3.270734846591949463e-01
4.817610383033752441e-01
2.228666394948959351e-01
3.125994503498077393e-01
5.161607265472412109e-01
2.786099314689636230e-01
4.088021814823150635e-01
5.626225471496582031e-01
2.838219404220581055e-01
4.960575103759765625e-01
5.052844285964965820e-01
3.647592663764953613e-01
3.643099665641784668e-01
3.022040128707885742e-01
2.612452507019042969e-01
3.448651731014251709e-01
4.527040421962738037e-01
3.198963105678558350e-01
2.357029020786285400e-01
6.482068896293640137e-01
4.272055625915527344e-01
3.430188596248626709e-01
3.413282334804534912e-01
3.443653881549835205e-01
2.603482306003570557e-01
3.712376654148101807e-01
5.617945194244384766e-01
2.922082841396331787e-01
4.110829532146453857e-01
3.843843936920166016e-01
3.996584117412567139e-01
4.346050620079040527e-01
3.614236712455749512e-01
3.706459999084472656e-01
1.667529642581939697e-01
1.553898155689239502e-01
3.920261263847351074e-01
5.790305733680725098e-01
5.393761396408081055e-01
5.210674405097961426e-01
4.784982800483703613e-01
5.484815835952758789e-01
3.512419462203979492e-01
3.499794900417327881e-01
3.082093298435211182e-01
5.134921073913574219e-01
3.903497755527496338e-01
3.224680125713348389e-01
3.119985163211822510e-01
3.916135430335998535e-01
3.019427955150604248e-01
6.104751229286193848e-01
2.639482915401458740e-01
4.586587250232696533e-01
3.837186098098754883e-01
2.773195207118988037e-01
5.106129050254821777e-01
4.237509071826934814e-01
2.711269557476043701e-01
4.037037193775177002e-01
3.878453671932220459e-01
4.552389681339263916e-01
4.135822653770446777e-01
2.775155007839202881e-01
4.634499251842498779e-01
4.811581969261169434e-01
3.927039802074432373e-01
4.776563644409179688e-01
7.304258346557617188e-01
3.424913585186004639e-01
4.920692145824432373e-01
4.377260208129882812e-01
3.462521731853485107e-01
2.727864086627960205e-01
5.418229699134826660e-01
4.045656025409698486e-01
3.628976345062255859e-01
4.514798521995544434e-01
3.387945890426635742e-01
5.303357839584350586e-01
3.905781507492065430e-01
3.248584568500518799e-01
6.017656922340393066e-01
4.847693443298339844e-01
4.118457138538360596e-01
3.826489746570587158e-01
3.122581541538238525e-01
5.098832845687866211e-01
4.238307774066925049e-01
4.084731042385101318e-01
4.508258700370788574e-01
1.834812462329864502e-01
4.693622589111328125e-01
3.502292335033416748e-01
2.917540371417999268e-01
3.164811134338378906e-01
4.577854573726654053e-01
1.547076106071472168e-01
4.569887220859527588e-01
5.075497031211853027e-01
2.361229062080383301e-01
3.257867097854614258e-01
3.417279124259948730e-01
2.750102281570434570e-01
3.066380023956298828e-01
4.039547145366668701e-01
6.279995441436767578e-01
3.382509946823120117e-01
3.155881166458129883e-01
3.403412103652954102e-01
5.401478409767150879e-01
4.192806780338287354e-01
2.956146597862243652e-01
2.919569015502929688e-01
6.319853067398071289e-01
5.436086058616638184e-01
3.609479665756225586e-01
5.587986111640930176e-01
3.692119419574737549e-01
4.879712164402008057e-01
3.262228369712829590e-01
4.776724874973297119e-01
4.023714065551757812e-01
4.961655437946319580e-01
5.161513090133666992e-01
5.599561333656311035e-01
3.644146323204040527e-01
2.988128960132598877e-01
5.061705708503723145e-01
4.261422455310821533e-01
5.265961885452270508e-01
3.944305479526519775e-01
3.823257386684417725e-01
2.026327550411224365e-01
3.241818845272064209e-01
3.004555702209472656e-01
6.118264198303222656e-01
3.810001015663146973e-01
3.215621709823608398e-01
3.475790619850158691e-01
4.598041772842407227e-01
3.814575374126434326e-01
3.157001733779907227e-01
2.800529897212982178e-01
2.856142222881317139e-01
3.617464005947113037e-01
3.631132245063781738e-01
4.437311887741088867e-01
4.985873699188232422e-01
5.318384170532226562e-01
5.251734852790832520e-01
3.895712196826934814e-01
3.890676796436309814e-01
6.137606501579284668e-01
3.402759432792663574e-01
4.400098323822021484e-01
5.166198611259460449e-01
3.192728161811828613e-01
3.752044141292572021e-01
3.893144130706787109e-01
2.284467965364456177e-01
5.781010389328002930e-01
3.543025851249694824e-01
2.806633114814758301e-01
6.719651222229003906e-01
6.719824671745300293e-01
3.809256553649902344e-01
5.183990597724914551e-01
4.307800233364105225e-01
3.654339313507080078e-01
3.501626253128051758e-01
4.286167621612548828e-01
4.622245728969573975e-01
2.597241103649139404e-01
2.475918233394622803e-01
4.365723729133605957e-01
5.363171696662902832e-01
3.871486186981201172e-01
3.599251806735992432e-01
2.806894183158874512e-01
3.164539933204650879e-01
2.658247351646423340e-01
2.957166731357574463e-01
5.151152610778808594e-01
3.984450399875640869e-01
3.660365641117095947e-01
3.616183996200561523e-01
3.295249342918395996e-01
3.432816863059997559e-01
3.141722083091735840e-01
2.937109172344207764e-01
2.930572628974914551e-01
9.289456009864807129e-01
4.467131495475769043e-01
3.735597729682922363e-01
3.398850858211517334e-01
5.201384425163269043e-01
4.954898655414581299e-01
3.629767894744873047e-01
1.908712685108184814e-01
5.266705751419067383e-01
3.343674838542938232e-01
3.556388616561889648e-01
3.717583715915679932e-01
3.041469454765319824e-01
3.572736084461212158e-01
3.265201151371002197e-01
3.920066952705383301e-01
3.321243524551391602e-01
4.215537309646606445e-01
4.266504943370819092e-01
5.517417788505554199e-01
2.637741863727569580e-01
3.285069763660430908e-01
2.588371634483337402e-01
4.450895190238952637e-01
3.074543178081512451e-01
3.192149996757507324e-01
3.657502233982086182e-01
4.734995961189270020e-01
3.108259439468383789e-01
4.032942056655883789e-01
4.302388429641723633e-01
5.304413437843322754e-01
3.829391002655029297e-01
3.683302104473114014e-01
2.985118329524993896e-01
5.154824256896972656e-01
3.579264581203460693e-01
4.901830255985260010e-01
2.737791836261749268e-01
2.691442966461181641e-01
5.490531325340270996e-01
5.794263482093811035e-01
3.706870079040527344e-01
2.973124384880065918e-01
4.553101956844329834e-01
4.982919096946716309e-01
4.084888696670532227e-01
3.894692957401275635e-01
5.244035720825195312e-01
4.067205190658569336e-01
2.342494577169418335e-01
2.861261069774627686e-01
4.833046793937683105e-01
5.813783407211303711e-01
3.847119212150573730e-01
3.198804259300231934e-01
3.365259170532226562e-01
4.551202952861785889e-01
3.620561361312866211e-01
2.980721294879913330e-01
2.983150482177734375e-01
5.951957106590270996e-01
4.703600406646728516e-01
3.122428655624389648e-01
2.650270462036132812e-01
4.552308022975921631e-01
3.251908421516418457e-01
3.627427220344543457e-01
4.000488817691802979e-01
2.903611361980438232e-01
3.814593553543090820e-01
2.573610842227935791e-01
4.142020046710968018e-01
3.975471258163452148e-01
3.500398397445678711e-01
4.467563033103942871e-01
2.443636357784271240e-01
5.866656899452209473e-01
5.353453159332275391e-01
2.956906259059906006e-01
2.440504133701324463e-01
6.231277585029602051e-01
3.572285473346710205e-01
1.850846409797668457e-01
2.781571149826049805e-01
5.051671266555786133e-01
5.377674102783203125e-01
3.777044117450714111e-01
4.822187423706054688e-01
3.042752742767333984e-01
4.094835221767425537e-01
4.699769318103790283e-01
3.380338251590728760e-01
3.743015825748443604e-01
5.028507113456726074e-01
5.319181680679321289e-01
4.936744570732116699e-01
3.929116725921630859e-01
4.161784052848815918e-01
5.335351228713989258e-01
7.178391218185424805e-01
4.168685674667358398e-01
4.088304340839385986e-01
5.177676677703857422e-01
3.354249596595764160e-01
4.278094768524169922e-01
4.217575490474700928e-01
2.887334823608398438e-01
3.836111426353454590e-01
2.982782721519470215e-01
3.658031523227691650e-01
4.702683091163635254e-01
3.763203322887420654e-01
2.828781604766845703e-01
3.224529325962066650e-01
3.751608431339263916e-01
3.705854117870330811e-01
3.654831945896148682e-01
3.216390907764434814e-01
4.456015825271606445e-01
3.710041046142578125e-01
5.088582038879394531e-01
5.485131740570068359e-01
2.794287800788879395e-01
4.819556474685668945e-01
5.528278350830078125e-01
3.416665792465209961e-01
6.995941996574401855e-01
3.328874111175537109e-01
2.947600185871124268e-01
3.148525059223175049e-01
4.376561045646667480e-01
2.520963847637176514e-01
3.093616366386413574e-01
6.428524255752563477e-01
3.659647703170776367e-01
5.392720103263854980e-01
3.106039464473724365e-01
7.402580976486206055e-01
2.492441087961196899e-01
4.009673893451690674e-01
6.381856203079223633e-01
5.981844067573547363e-01
2.268485277891159058e-01
7.567504048347473145e-01
4.225037693977355957e-01
5.287067294120788574e-01
5.267569422721862793e-01
5.428108572959899902e-01
6.003694534301757812e-01
4.067875742912292480e-01
4.801944494247436523e-01
4.600905776023864746e-01
2.244778126478195190e-01
4.817623496055603027e-01
2.966336607933044434e-01
3.025961518287658691e-01
4.696868956089019775e-01
5.410078763961791992e-01
4.389912784099578857e-01
4.820314645767211914e-01
3.105199635028839111e-01
4.125521183013916016e-01
4.323607385158538818e-01
3.075090348720550537e-01
4.829822480678558350e-01
3.622781336307525635e-01
5.898236632347106934e-01
3.758622705936431885e-01
3.687758743762969971e-01
3.433833420276641846e-01
3.385145962238311768e-01
2.047601044178009033e-01
5.033097863197326660e-01
3.474440276622772217e-01
3.958866596221923828e-01
3.217792809009552002e-01
5.717319250106811523e-01
6.186954975128173828e-01
3.872452080249786377e-01
5.544187426567077637e-01
3.167690336704254150e-01
3.225483596324920654e-01
4.193431735038757324e-01
4.118867814540863037e-01
4.123827219009399414e-01
3.895140886306762695e-01
4.231574237346649170e-01
2.163982391357421875e-01
3.958368301391601562e-01
3.766689002513885498e-01
4.105710387229919434e-01
5.328326225280761719e-01
3.984960019588470459e-01
2.193294912576675415e-01
6.856288909912109375e-01
4.989697039127349854e-01
4.590076506137847900e-01
4.937177598476409912e-01
3.276667892932891846e-01
3.774169385433197021e-01
4.939568638801574707e-01
4.040471017360687256e-01
5.192916393280029297e-01
4.645943045616149902e-01
3.174036145210266113e-01
4.181505441665649414e-01
3.633319437503814697e-01
5.391947031021118164e-01
4.436312019824981689e-01
4.356133639812469482e-01
7.131388783454895020e-01
5.072278380393981934e-01
4.835693538188934326e-01
4.504006803035736084e-01
4.635436832904815674e-01
3.613492250442504883e-01
1.410076469182968140e-01
4.095584452152252197e-01
3.733411431312561035e-01
2.788923978805541992e-01
6.299626827239990234e-01
5.780404210090637207e-01
6.347185969352722168e-01
6.342788934707641602e-01
4.710902571678161621e-01
5.517713427543640137e-01
2.842777073383331299e-01
5.788842439651489258e-01
6.170378327369689941e-01
4.276232421398162842e-01
6.034363508224487305e-01
4.072668850421905518e-01
3.530337214469909668e-01
5.522485375404357910e-01
4.420447945594787598e-01
3.591743409633636475e-01
3.726497888565063477e-01
2.692081034183502197e-01
4.035599231719970703e-01
2.576616704463958740e-01
4.226875901222229004e-01
3.689664304256439209e-01
5.407443046569824219e-01
5.360201597213745117e-01
3.521799147129058838e-01
2.946383357048034668e-01
4.683688282966613770e-01
5.191760659217834473e-01
3.495294451713562012e-01
4.534873962402343750e-01
4.234921038150787354e-01
3.969718217849731445e-01
4.764848947525024414e-01
3.562759757041931152e-01
4.021835625171661377e-01
6.518111228942871094e-01
5.008804202079772949e-01
5.407219529151916504e-01
3.279857039451599121e-01
2.553177773952484131e-01
4.285304844379425049e-01
6.606206893920898438e-01
4.746850430965423584e-01
4.062257409095764160e-01
4.101251959800720215e-01
3.789543509483337402e-01
4.231596887111663818e-01
4.916503727436065674e-01
7.086736559867858887e-01
3.644776940345764160e-01
3.058590292930603027e-01
3.750034868717193604e-01
3.703273534774780273e-01
7.020666599273681641e-01
2.814968526363372803e-01
4.823939800262451172e-01
2.484453618526458740e-01
2.917644381523132324e-01
5.058019757270812988e-01
3.372419178485870361e-01
4.814161658287048340e-01
3.965362310409545898e-01
6.873202323913574219e-01
5.693742632865905762e-01
4.006673395633697510e-01
6.022348999977111816e-01
3.922035098075866699e-01
3.414792418479919434e-01
4.392544627189636230e-01
5.173986554145812988e-01
3.707923293113708496e-01
3.637774288654327393e-01
6.963831782341003418e-01
3.867448866367340088e-01
4.844250679016113281e-01
3.766212165355682373e-01
3.513392508029937744e-01
4.779587090015411377e-01
3.712562322616577148e-01
4.208576977252960205e-01
5.319790244102478027e-01
4.392551183700561523e-01
3.647510409355163574e-01
4.737040996551513672e-01
2.241833060979843140e-01
3.478662371635437012e-01
3.825284838676452637e-01
7.032128572463989258e-01
4.356639087200164795e-01
5.102251768112182617e-01
4.799912571907043457e-01
3.986988067626953125e-01
3.830728828907012939e-01
5.039734244346618652e-01
3.846590220928192139e-01
2.949704825878143311e-01
4.468197226524353027e-01
5.911350846290588379e-01
2.783304452896118164e-01
4.095695912837982178e-01
2.807852625846862793e-01
5.119292140007019043e-01
4.219476878643035889e-01
5.491250753402709961e-01
5.589960813522338867e-01
3.806272745132446289e-01
4.893429577350616455e-01
3.309876024723052979e-01
4.994724094867706299e-01
2.645583450794219971e-01
4.199796915054321289e-01
5.029969811439514160e-01
3.972767889499664307e-01
4.917610883712768555e-01
3.265348374843597412e-01
4.793191850185394287e-01
4.997316598892211914e-01
3.342218399047851562e-01
5.955881476402282715e-01
3.288854956626892090e-01
3.565927743911743164e-01
4.080331623554229736e-01
5.596389770507812500e-01
5.462438464164733887e-01
3.955921232700347900e-01
5.462790131568908691e-01
6.692917943000793457e-01
3.332027494907379150e-01
4.276081621646881104e-01
3.480507731437683105e-01
4.551761746406555176e-01
4.182491600513458252e-01
3.761450350284576416e-01
4.504135251045227051e-01
4.099812209606170654e-01
6.106668710708618164e-01
2.585915923118591309e-01
6.183691024780273438e-01
5.574340820312500000e-01
5.458511114120483398e-01
3.529738783836364746e-01
5.201801061630249023e-01
5.347424149513244629e-01
4.385046958923339844e-01
4.973884224891662598e-01
5.377439856529235840e-01
2.704015076160430908e-01
3.150249421596527100e-01
3.734349310398101807e-01
3.731406629085540771e-01
2.314915955066680908e-01
4.063053131103515625e-01
5.623462796211242676e-01
4.160287082195281982e-01
3.640845417976379395e-01
3.293458819389343262e-01
4.576392769813537598e-01
3.105692863464355469e-01
5.051999092102050781e-01
5.346364974975585938e-01
3.537430763244628906e-01
3.760259151458740234e-01
4.649435281753540039e-01
6.378225088119506836e-01
3.409527838230133057e-01
6.341074109077453613e-01
3.659791946411132812e-01
3.828752338886260986e-01
4.875895678997039795e-01
3.281176388263702393e-01
3.877020478248596191e-01
5.314200520515441895e-01
4.545407593250274658e-01
5.714408755302429199e-01
4.454391896724700928e-01
5.481791496276855469e-01
5.463871955871582031e-01
5.699909329414367676e-01
3.567987382411956787e-01
3.786774873733520508e-01
3.627996444702148438e-01
4.422895610332489014e-01
4.236147105693817139e-01
4.037561416625976562e-01
5.823742747306823730e-01
4.543735682964324951e-01
1.844251304864883423e-01
2.729344367980957031e-01
3.227475583553314209e-01
3.755352795124053955e-01
6.202057600021362305e-01
4.937362968921661377e-01
5.220144391059875488e-01
6.516969799995422363e-01
5.570909380912780762e-01
5.499969124794006348e-01
4.340689480304718018e-01
5.729643702507019043e-01
3.908094167709350586e-01
3.770113885402679443e-01
2.955348491668701172e-01
2.868271470069885254e-01
3.962712883949279785e-01
2.685531675815582275e-01
3.861717581748962402e-01
2.717263102531433105e-01
4.747825860977172852e-01
3.946495950222015381e-01
4.449007809162139893e-01
4.308300018310546875e-01
4.853023886680603027e-01
3.217563629150390625e-01
4.056531190872192383e-01
4.114731550216674805e-01
3.113728761672973633e-01
4.458776414394378662e-01
2.978197932243347168e-01
4.749025702476501465e-01
4.188981056213378906e-01
4.055507481098175049e-01
5.176261663436889648e-01
8.096148371696472168e-01
4.455260038375854492e-01
4.303062260150909424e-01
3.194824457168579102e-01
4.965557754039764404e-01
3.501390218734741211e-01
3.887734711170196533e-01
3.284609317779541016e-01
5.064520835876464844e-01
4.350538253784179688e-01
3.974126577377319336e-01
4.481290280818939209e-01
3.667390942573547363e-01
6.538434028625488281e-01
6.417559385299682617e-01
5.171204209327697754e-01
5.375525951385498047e-01
4.209621846675872803e-01
4.504492580890655518e-01
4.534536600112915039e-01
3.772340416908264160e-01
5.135565996170043945e-01
3.276313543319702148e-01
1.596674621105194092e-01
2.617689371109008789e-01
3.261582553386688232e-01
2.814853191375732422e-01
2.865737378597259521e-01
4.422683119773864746e-01
3.543117046356201172e-01
6.169013977050781250e-01
3.276742696762084961e-01
2.198338359594345093e-01
3.443022966384887695e-01
3.354944288730621338e-01
4.630564749240875244e-01
3.826131522655487061e-01
2.495314478874206543e-01
2.263932824134826660e-01
4.017037749290466309e-01
3.144465684890747070e-01
2.103947997093200684e-01
2.738876938819885254e-01
3.806150257587432861e-01
4.345401823520660400e-01
2.485317885875701904e-01
3.257217109203338623e-01
3.478902280330657959e-01
3.880957663059234619e-01
2.484201341867446899e-01
1.514535844326019287e-01
6.241632103919982910e-01
4.109621345996856689e-01
2.385838478803634644e-01
4.318359494209289551e-01
3.319814205169677734e-01
4.451214075088500977e-01
4.124704301357269287e-01
4.974921941757202148e-01
3.733753859996795654e-01
2.899425625801086426e-01
3.480086326599121094e-01
2.937876880168914795e-01
4.156404137611389160e-01
3.462632894515991211e-01
2.670371830463409424e-01
2.565724849700927734e-01
4.470572769641876221e-01
2.054282426834106445e-01
4.556597173213958740e-01
3.557828068733215332e-01
2.938174009323120117e-01
3.673660755157470703e-01
3.188078403472900391e-01
2.333864271640777588e-01
2.510349154472351074e-01
3.507678508758544922e-01
2.403336018323898315e-01
3.051204681396484375e-01
3.344736695289611816e-01
2.686482667922973633e-01
1.611103564500808716e-01
1.389535367488861084e-01
5.706185102462768555e-01
2.109300941228866577e-01
5.957501530647277832e-01
3.488641083240509033e-01
4.033724069595336914e-01
2.064821422100067139e-01
3.949331045150756836e-01
2.683529555797576904e-01
2.838575541973114014e-01
3.900110721588134766e-01
6.330606341361999512e-01
3.299891054630279541e-01
3.078390657901763916e-01
3.035866916179656982e-01
3.934980034828186035e-01
6.186044812202453613e-01
3.833841681480407715e-01
3.085206747055053711e-01
3.092815279960632324e-01
2.460303604602813721e-01
3.439622223377227783e-01
3.795954287052154541e-01
2.651403248310089111e-01
4.555341899394989014e-01
2.642621695995330811e-01
3.297088146209716797e-01
5.160056352615356445e-01
3.789586126804351807e-01
4.417895376682281494e-01
3.633880019187927246e-01
3.856896162033081055e-01
2.975183725357055664e-01
4.930225610733032227e-01
4.458312690258026123e-01
3.012723624706268311e-01
4.619536995887756348e-01
4.154967069625854492e-01
1.439743041992187500e-01
2.680480182170867920e-01
2.778460681438446045e-01
3.681119680404663086e-01
2.945996224880218506e-01
3.736752867698669434e-01
1.623395085334777832e-01
2.054039686918258667e-01
3.388192355632781982e-01
3.881983160972595215e-01
4.436226785182952881e-01
2.754074335098266602e-01
3.824290037155151367e-01
2.891815900802612305e-01
2.289150506258010864e-01
2.630268037319183350e-01
3.060498833656311035e-01
5.337211489677429199e-01
3.055431544780731201e-01
4.233576357364654541e-01
3.682280182838439941e-01
2.384020090103149414e-01
2.121205031871795654e-01
3.608121573925018311e-01
5.727497935295104980e-01
3.881207406520843506e-01
3.947125077247619629e-01
3.640485107898712158e-01
3.608358204364776611e-01
2.162704914808273315e-01
2.383264452219009399e-01
3.824601471424102783e-01
5.015200972557067871e-01
3.041731119155883789e-01
3.277226388454437256e-01
3.894255757331848145e-01
2.795577049255371094e-01
2.570623755455017090e-01
5.614845156669616699e-01
1.995800435543060303e-01
2.762295305728912354e-01
3.056437075138092041e-01
4.309212565422058105e-01
3.139157891273498535e-01
3.416077792644500732e-01
3.522361516952514648e-01
4.646522402763366699e-01
3.041553795337677002e-01
3.115301728248596191e-01
2.670097947120666504e-01
2.439731061458587646e-01
5.655183196067810059e-01
2.429614067077636719e-01
2.630739808082580566e-01
3.951649665832519531e-01
5.214236974716186523e-01
2.777747511863708496e-01
3.110410869121551514e-01
2.023335844278335571e-01
4.617058336734771729e-01
1.923773884773254395e-01
2.977151572704315186e-01
3.031471073627471924e-01
2.946629524230957031e-01
2.876857817173004150e-01
6.462412476539611816e-01
2.685989737510681152e-01
4.006354808807373047e-01
2.163892090320587158e-01
2.598812282085418701e-01
2.192785739898681641e-01
4.217490255832672119e-01
4.445234835147857666e-01
3.389878571033477783e-01
3.480675518512725830e-01
3.253877460956573486e-01
3.004131317138671875e-01
2.888397574424743652e-01
2.486648261547088623e-01
3.960277736186981201e-01
5.137239694595336914e-01
1.615514159202575684e-01
2.653742134571075439e-01
2.343044579029083252e-01
3.755277693271636963e-01
3.456835150718688965e-01
3.257772028446197510e-01
3.624327778816223145e-01
3.588231801986694336e-01
3.251504302024841309e-01
4.134129583835601807e-01
2.280852794647216797e-01
3.199885189533233643e-01
2.421351075172424316e-01
4.828648865222930908e-01
2.340921461582183838e-01
2.865346968173980713e-01
4.946964681148529053e-01
3.595311641693115234e-01
2.602013945579528809e-01
2.708236575126647949e-01
2.355365306138992310e-01
3.694462776184082031e-01
4.178551435470581055e-01
4.661871194839477539e-01
5.265988707542419434e-01
3.513096868991851807e-01
4.595111310482025146e-01
3.300643861293792725e-01
4.112150073051452637e-01
2.713274359703063965e-01
3.702778518199920654e-01
3.296368122100830078e-01
4.775278568267822266e-01
4.801204502582550049e-01
2.395638227462768555e-01
2.247488200664520264e-01
4.895948469638824463e-01
4.453037977218627930e-01
3.213134407997131348e-01
2.537112236022949219e-01
3.604772686958312988e-01
3.253231048583984375e-01
2.889690101146697998e-01
1.984373033046722412e-01
2.370883822441101074e-01
3.861315846443176270e-01
3.730148375034332275e-01
2.682023644447326660e-01
3.645471930503845215e-01
6.757836937904357910e-01
2.451693415641784668e-01
3.915978670120239258e-01
5.126743912696838379e-01
4.580837190151214600e-01
3.850058615207672119e-01
3.207720220088958740e-01
1.323821246623992920e-01
4.251048564910888672e-01
2.636226415634155273e-01
3.006995916366577148e-01
3.663190305233001709e-01
3.654883801937103271e-01
1.946834921836853027e-01
3.572542369365692139e-01
2.515434026718139648e-01
6.168133616447448730e-01
3.041388988494873047e-01
3.274028301239013672e-01
6.305419206619262695e-01
3.911404013633728027e-01
2.824616134166717529e-01
2.815068364143371582e-01
3.010123968124389648e-01
4.686456620693206787e-01
6.676995158195495605e-01
5.465831160545349121e-01
1.088575720787048340e-01
4.410491585731506348e-01
3.075739443302154541e-01
4.444972276687622070e-01
4.116938114166259766e-01
4.562781453132629395e-01
2.448781430721282959e-01
4.202844202518463135e-01
4.003968536853790283e-01
3.208777308464050293e-01
3.877545297145843506e-01
3.061775863170623779e-01
6.317499876022338867e-01
4.675417840480804443e-01
4.772458076477050781e-01
5.022345185279846191e-01
4.193142652511596680e-01
2.371452748775482178e-01
5.013183951377868652e-01
3.941443562507629395e-01
3.220509886741638184e-01
4.111683070659637451e-01
7.268842458724975586e-01
3.776701390743255615e-01
4.476274549961090088e-01
1.741886287927627563e-01
3.332963883876800537e-01
3.067669570446014404e-01
2.854036092758178711e-01
4.355960488319396973e-01
4.327510595321655273e-01
4.161736667156219482e-01
4.194756150245666504e-01
3.581889271736145020e-01
4.490498602390289307e-01
2.239989936351776123e-01
6.398416757583618164e-01
4.261159896850585938e-01
3.504465818405151367e-01
2.929204404354095459e-01
3.087063133716583252e-01
3.428993821144104004e-01
2.198500484228134155e-01
3.998736739158630371e-01
1.473025530576705933e-01
5.388711690902709961e-01
2.804754674434661865e-01
5.278967022895812988e-01
3.125945329666137695e-01
3.603977560997009277e-01
4.003872275352478027e-01
1.501102298498153687e-01
3.063332736492156982e-01
2.693088650703430176e-01
4.809119403362274170e-01
5.225711464881896973e-01
1.853947192430496216e-01
3.437819778919219971e-01
3.398301899433135986e-01
3.990852534770965576e-01
2.490037083625793457e-01
4.440029263496398926e-01
3.505313396453857422e-01
2.252192944288253784e-01
5.973328948020935059e-01
2.718989551067352295e-01
3.803865909576416016e-01
6.499251127243041992e-01
1.819029748439788818e-01
3.636680841445922852e-01
2.697077393531799316e-01
3.981942534446716309e-01
2.111011296510696411e-01
5.900104641914367676e-01
2.328990399837493896e-01
3.195883631706237793e-01
2.373134195804595947e-01
3.161152303218841553e-01
5.121268033981323242e-01
6.105569005012512207e-01
3.917684257030487061e-01
2.807807326316833496e-01
2.739137411117553711e-01
4.173943996429443359e-01
4.433569610118865967e-01
3.042399883270263672e-01
5.344661474227905273e-01
4.980022609233856201e-01
5.307551026344299316e-01
4.230286180973052979e-01
3.604706227779388428e-01
3.485279381275177002e-01
3.995007574558258057e-01
1.898391544818878174e-01
2.994964122772216797e-01
4.472203254699707031e-01
4.787161946296691895e-01
4.060890674591064453e-01
2.755630612373352051e-01
3.800958395004272461e-01
2.111558169126510620e-01
1.738007962703704834e-01
2.948399484157562256e-01
4.559969902038574219e-01
3.248624503612518311e-01
4.285101890563964844e-01
3.505067825317382812e-01
3.830665946006774902e-01
3.125818967819213867e-01
4.945562481880187988e-01
2.187000364065170288e-01
2.056517153978347778e-01
4.309994280338287354e-01
4.775342941284179688e-01
2.957299947738647461e-01
3.157771527767181396e-01
2.570540010929107666e-01
3.130969703197479248e-01
3.595969378948211670e-01
2.803013026714324951e-01
1.871832013130187988e-01
2.781492471694946289e-01
1.318617761135101318e-01
5.436229705810546875e-01
3.690094947814941406e-01
1.801050454378128052e-01
2.165295183658599854e-01
1.450672894716262817e-01
2.541187107563018799e-01
5.463706851005554199e-01
1.983654946088790894e-01
5.070242881774902344e-01
2.908402085304260254e-01
3.578149974346160889e-01
2.773151695728302002e-01
3.111592233180999756e-01
2.860819101333618164e-01
4.497399628162384033e-01
3.499582409858703613e-01
2.735748291015625000e-01
1.902044266462326050e-01
2.679618597030639648e-01
2.147485166788101196e-01
2.980300486087799072e-01
3.072377443313598633e-01
2.415031790733337402e-01
4.489876031875610352e-01
3.918752670288085938e-01
3.884003162384033203e-01
2.624284029006958008e-01
5.020515918731689453e-01
2.733551859855651855e-01
3.708251416683197021e-01
3.541537821292877197e-01
6.167983412742614746e-01
5.317414402961730957e-01
3.945945799350738525e-01
8.634383082389831543e-01
4.031620621681213379e-01
2.644944787025451660e-01
2.302315235137939453e-01
5.337662696838378906e-01
2.328334301710128784e-01
2.532353103160858154e-01
3.064867854118347168e-01
3.357447385787963867e-01
4.918297529220581055e-01
2.431055605411529541e-01
2.443973720073699951e-01
6.778753399848937988e-01
3.073955178260803223e-01
2.104135751724243164e-01
3.213799595832824707e-01
1.852053850889205933e-01
2.934740781784057617e-01
2.168914377689361572e-01
3.166065812110900879e-01
3.938825726509094238e-01
4.924731850624084473e-01
2.856813073158264160e-01
4.741347432136535645e-01
4.951351583003997803e-01
4.063244163990020752e-01
4.527887403964996338e-01
3.012615442276000977e-01
3.929001688957214355e-01
4.310784637928009033e-01
3.229214251041412354e-01
3.303879499435424805e-01
3.303887248039245605e-01
4.887314438819885254e-01
4.097072482109069824e-01
4.678512811660766602e-01
4.598724246025085449e-01
4.045723974704742432e-01
2.885017096996307373e-01
3.877770900726318359e-01
5.104751586914062500e-01
2.910423278808593750e-01
1.950523853302001953e-01
2.960641086101531982e-01
3.599526584148406982e-01
1.808630824089050293e-01
2.402859777212142944e-01
3.659882843494415283e-01
2.907668054103851318e-01
2.682004272937774658e-01
2.987137734889984131e-01
3.084779679775238037e-01
4.131561815738677979e-01
2.594656050205230713e-01
4.296417832374572754e-01
3.879749178886413574e-01
3.719174265861511230e-01
3.162981867790222168e-01
5.079473853111267090e-01
4.271256625652313232e-01
2.755399048328399658e-01
4.192022383213043213e-01
3.213522136211395264e-01
3.269473016262054443e-01
6.077423691749572754e-01
3.843121230602264404e-01
3.697485327720642090e-01
3.940256834030151367e-01
2.882725298404693604e-01
3.396998643875122070e-01
3.386364281177520752e-01
4.399665296077728271e-01
4.692147970199584961e-01
4.614281952381134033e-01
2.918080091476440430e-01
3.116319179534912109e-01
4.680294394493103027e-01
2.856208086013793945e-01
4.490757584571838379e-01
1.550386101007461548e-01
5.205087661743164062e-01
2.944933474063873291e-01
4.318664669990539551e-01
2.708427011966705322e-01
3.026994168758392334e-01
2.945723235607147217e-01
2.440929859876632690e-01
2.361881136894226074e-01
3.562309443950653076e-01
5.376485586166381836e-01
6.053197979927062988e-01
2.221785187721252441e-01
2.226744145154953003e-01
5.438187718391418457e-01
4.136979579925537109e-01
3.243284225463867188e-01
2.397516816854476929e-01
2.243949323892593384e-01
2.937121391296386719e-01
2.975333631038665771e-01
4.709070324897766113e-01
4.437831044197082520e-01
2.922693192958831787e-01
4.382172226905822754e-01
4.687508046627044678e-01
3.767321705818176270e-01
2.724826037883758545e-01
3.934544324874877930e-01
4.403220117092132568e-01
5.635470151901245117e-01
5.074443221092224121e-01
3.693061769008636475e-01
3.429794907569885254e-01
4.826322495937347412e-01
2.567259967327117920e-01
2.355233430862426758e-01
5.235554575920104980e-01
2.807652950286865234e-01
3.846384286880493164e-01
3.213400542736053467e-01
4.090345203876495361e-01
4.091328382492065430e-01
6.667352318763732910e-01
5.619024634361267090e-01
4.924478530883789062e-01
2.643444836139678955e-01
3.252153694629669189e-01
2.087665796279907227e-01
3.817075490951538086e-01
4.264897406101226807e-01
3.520011603832244873e-01
6.263111829757690430e-01
3.050726354122161865e-01
1.961616873741149902e-01
3.190279304981231689e-01
4.408059418201446533e-01
4.312071800231933594e-01
4.115068018436431885e-01
3.719428181648254395e-01
4.915242493152618408e-01
3.056961894035339355e-01
2.747575938701629639e-01
3.475512266159057617e-01
5.511121749877929688e-01
2.667352557182312012e-01
4.455565512180328369e-01
5.465026497840881348e-01
4.086287617683410645e-01
3.006739318370819092e-01
2.576922178268432617e-01
3.003065586090087891e-01
4.097899794578552246e-01
5.629145503044128418e-01
4.243274629116058350e-01
5.019843578338623047e-01
2.398187816143035889e-01
2.455223649740219116e-01
2.164245098829269409e-01
5.460135936737060547e-01
4.729317724704742432e-01
3.627601861953735352e-01
3.505631983280181885e-01
4.141491949558258057e-01
3.077782094478607178e-01
3.112432360649108887e-01
4.229307472705841064e-01
4.916922450065612793e-01
3.706099987030029297e-01
1.371199935674667358e-01
4.473824799060821533e-01
3.445039689540863037e-01
3.066191971302032471e-01
3.772843182086944580e-01
3.039128780364990234e-01
2.452136427164077759e-01
4.874379932880401611e-01
4.711744785308837891e-01
3.622328937053680420e-01
3.517679274082183838e-01
4.061375856399536133e-01
3.561266660690307617e-01
3.331324458122253418e-01
4.352929592132568359e-01
4.750158786773681641e-01
4.875630140304565430e-01
1.894915550947189331e-01
2.561366260051727295e-01
3.809276819229125977e-01
3.480520844459533691e-01
3.214630484580993652e-01
2.100173681974411011e-01
7.209748625755310059e-01
2.808443009853363037e-01
3.146975934505462646e-01
4.960064589977264404e-01
4.859152436256408691e-01
4.291923344135284424e-01
2.516577541828155518e-01
4.347430467605590820e-01
3.421993553638458252e-01
2.396892011165618896e-01
3.418582677841186523e-01
4.993697702884674072e-01
2.512988746166229248e-01
5.882702469825744629e-01
5.016279816627502441e-01
3.397541642189025879e-01
4.143419265747070312e-01
3.732048571109771729e-01
2.005712091922760010e-01
2.867346107959747314e-01
4.020723998546600342e-01
6.258384585380554199e-01
3.595324754714965820e-01
1.564589887857437134e-01
3.025332093238830566e-01
2.579482793807983398e-01
3.042381107807159424e-01
3.146690726280212402e-01
3.023009002208709717e-01
3.177727758884429932e-01
5.029768943786621094e-01
3.227218389511108398e-01
3.066399991512298584e-01
3.012116849422454834e-01
3.025047779083251953e-01
2.799342274665832520e-01
4.393313229084014893e-01
3.869636952877044678e-01
4.876976013183593750e-01
4.175235331058502197e-01
2.071501016616821289e-01
2.260461747646331787e-01
4.582380354404449463e-01
3.259119689464569092e-01
3.426949381828308105e-01
2.568947374820709229e-01
3.642015755176544189e-01
4.040650129318237305e-01
4.883765280246734619e-01
2.381184697151184082e-01
3.777349293231964111e-01
2.586141228675842285e-01
4.636663198471069336e-01
3.036762177944183350e-01
2.749260663986206055e-01
2.983475923538208008e-01
2.460254877805709839e-01
3.033331632614135742e-01
1.939389854669570923e-01
2.982642650604248047e-01
2.480289191007614136e-01
2.519715726375579834e-01
1.531330943107604980e-01
2.973795235157012939e-01
3.587496578693389893e-01
4.169895350933074951e-01
3.562416732311248779e-01
1.471709161996841431e-01
1.695252507925033569e-01
4.330880939960479736e-01
7.061002254486083984e-01
4.822448492050170898e-01
2.547651529312133789e-01
4.954257905483245850e-01
2.985917627811431885e-01
3.467170596122741699e-01
3.653369545936584473e-01
4.629940390586853027e-01
4.738648235797882080e-01
3.094311356544494629e-01
2.802029848098754883e-01
2.197814136743545532e-01
4.079627096652984619e-01
2.054237723350524902e-01
4.177407920360565186e-01
5.136329531669616699e-01
4.284023046493530273e-01
3.664477467536926270e-01
3.467465341091156006e-01
6.995477676391601562e-01
4.316854178905487061e-01
2.876849174499511719e-01
4.247906506061553955e-01
5.573328733444213867e-01
4.023287296295166016e-01
4.026186168193817139e-01
3.503945171833038330e-01
3.791758418083190918e-01
2.522344589233398438e-01
1.499390453100204468e-01
2.333338707685470581e-01
2.343151867389678955e-01
3.936961889266967773e-01
2.365723103284835815e-01
4.040375351905822754e-01
4.850637614727020264e-01
4.795298874378204346e-01
3.845535814762115479e-01
3.425400257110595703e-01
5.955101847648620605e-01
6.523672342300415039e-01
2.660804688930511475e-01
5.188410282135009766e-01
3.401702642440795898e-01
4.685983061790466309e-01
3.096863925457000732e-01
3.686339259147644043e-01
5.684535503387451172e-01
6.862909793853759766e-01
2.912548184394836426e-01
2.180310189723968506e-01
3.595295846462249756e-01
2.883918583393096924e-01
4.046992957592010498e-01
5.298451185226440430e-01
4.278013110160827637e-01
3.298636376857757568e-01
4.187681674957275391e-01
4.740773439407348633e-01
7.163925170898437500e-01
5.702576041221618652e-01
4.475847184658050537e-01
2.820716202259063721e-01
3.464595079421997070e-01
3.685635924339294434e-01
3.676313161849975586e-01
3.557888865470886230e-01
3.033151030540466309e-01
3.530465066432952881e-01
3.740972280502319336e-01
4.612282514572143555e-01
5.019447207450866699e-01
2.909106612205505371e-01
3.725055754184722900e-01
3.372612595558166504e-01
3.747539520263671875e-01
3.269136548042297363e-01
4.026863873004913330e-01
6.083280444145202637e-01
5.737100839614868164e-01
5.451241731643676758e-01
5.547964572906494141e-01
3.056831061840057373e-01
3.394685685634613037e-01
4.476888477802276611e-01
2.057714611291885376e-01
3.507129848003387451e-01
8.475219607353210449e-01
5.573129653930664062e-01
4.032517671585083008e-01
4.070271849632263184e-01
1.960092484951019287e-01
1.627710908651351929e-01
6.277071833610534668e-01
3.761118650436401367e-01
3.082017004489898682e-01
3.748513460159301758e-01
3.875655531883239746e-01
4.361003637313842773e-01
5.553093552589416504e-01
4.620889425277709961e-01
4.101751446723937988e-01
3.396141827106475830e-01
4.188373386859893799e-01
2.779904901981353760e-01
2.369081228971481323e-01
4.841153919696807861e-01
5.110242366790771484e-01
2.530826330184936523e-01
3.177630901336669922e-01
2.930822074413299561e-01
2.490299344062805176e-01
2.788100838661193848e-01
3.021878898143768311e-01
3.640914261341094971e-01
2.122659534215927124e-01
2.150142788887023926e-01
2.248249500989913940e-01
2.855896055698394775e-01
1.389719396829605103e-01
3.325269520282745361e-01
2.269990742206573486e-01
3.236325979232788086e-01
2.512152493000030518e-01
3.464736938476562500e-01
3.503002822399139404e-01
2.385772168636322021e-01
2.532876133918762207e-01
4.779437780380249023e-01
1.517257243394851685e-01
3.057508468627929688e-01
2.491239756345748901e-01
1.004528328776359558e-01
2.250203490257263184e-01
2.616670727729797363e-01
2.249265164136886597e-01
3.201014697551727295e-01
4.591722488403320312e-01
2.144279778003692627e-01
3.479798734188079834e-01
1.826215833425521851e-01
4.127237796783447266e-01
7.606572657823562622e-02
2.721347510814666748e-01
2.561653852462768555e-01
2.761037349700927734e-01
1.364209353923797607e-01
3.047685623168945312e-01
1.067285537719726562e-01
1.697823703289031982e-01
3.056834936141967773e-01
4.380628764629364014e-01
1.661090403795242310e-01
2.480636835098266602e-01
7.059685885906219482e-02
1.023790910840034485e-01
2.848360538482666016e-01
3.061409592628479004e-01
3.989337384700775146e-01
1.422279775142669678e-01
3.038670718669891357e-01
1.413673311471939087e-01
2.031441926956176758e-01
4.108079373836517334e-01
8.422540128231048584e-02
2.751066386699676514e-01
1.914801150560379028e-01
3.416528105735778809e-01
1.401734352111816406e-01
3.789821863174438477e-01
2.491471171379089355e-01
2.553264200687408447e-01
9.596695750951766968e-02
3.336546719074249268e-01
1.968833804130554199e-01
2.723256051540374756e-01
4.295086264610290527e-01
1.832517236471176147e-01
3.149102926254272461e-01
3.167575001716613770e-01
2.219900786876678467e-01
2.938260138034820557e-01
1.430158764123916626e-01
2.039581239223480225e-01
2.854346036911010742e-01
4.222739338874816895e-01
1.938927918672561646e-01
2.328741103410720825e-01
2.087872028350830078e-01
1.898979097604751587e-01
3.228226602077484131e-01
2.420849353075027466e-01
2.285955846309661865e-01
1.479962468147277832e-01
2.276373356580734253e-01
1.914104223251342773e-01
4.158247411251068115e-01
2.102117538452148438e-01
3.227220177650451660e-01
4.232815504074096680e-01
1.812363117933273315e-01
1.587818413972854614e-01
2.113341540098190308e-01
9.756708890199661255e-02
3.644133806228637695e-01
3.238203823566436768e-01
1.782672554254531860e-01
2.616258859634399414e-01
2.232000678777694702e-01
4.881656169891357422e-01
3.533214926719665527e-01
2.009389400482177734e-01
3.108789026737213135e-01
5.052544474601745605e-01
2.212438732385635376e-01
1.723210811614990234e-01
2.825581133365631104e-01
2.629720270633697510e-01
3.806192278861999512e-01
1.727041453123092651e-01
2.456109672784805298e-01
3.328654766082763672e-01
2.531062960624694824e-01
6.428095698356628418e-01
2.746590971946716309e-01
2.690517306327819824e-01
1.595007777214050293e-01
2.989478409290313721e-01
2.125340998172760010e-01
1.285437494516372681e-01
1.395437717437744141e-01
1.310423612594604492e-01
1.099985688924789429e-01
3.205623626708984375e-01
4.151424467563629150e-01
3.010126352310180664e-01
1.748004853725433350e-01
2.000899612903594971e-01
1.559697091579437256e-01
2.790119647979736328e-01
1.885735839605331421e-01
2.904476225376129150e-01
2.086891978979110718e-01
2.423098087310791016e-01
9.401816874742507935e-02
4.125691950321197510e-01
5.012926459312438965e-01
4.079350829124450684e-01
3.544857800006866455e-01
1.016030535101890564e-01
2.210675776004791260e-01
2.175324708223342896e-01
2.715540230274200439e-01
2.783755064010620117e-01
2.827759981155395508e-01
3.736994266510009766e-01
1.280176639556884766e-01
2.085877060890197754e-01
4.256429672241210938e-01
2.265609204769134521e-01
2.069871276617050171e-01
3.217614293098449707e-01
2.876630425453186035e-01
3.316316306591033936e-01
4.465599060058593750e-01
2.224665731191635132e-01
4.120820760726928711e-01
2.757813036441802979e-01
1.544765383005142212e-01
3.042909801006317139e-01
4.353132545948028564e-01
2.510741353034973145e-01
1.559506356716156006e-01
4.915000796318054199e-01
3.736579418182373047e-01
3.798448741436004639e-01
3.256673216819763184e-01
3.867993056774139404e-01
2.042446285486221313e-01
3.823142051696777344e-01
3.881964087486267090e-01
1.624357849359512329e-01
2.789732217788696289e-01
3.550831675529479980e-01
4.823997616767883301e-01
3.620640933513641357e-01
2.356899529695510864e-01
3.352250158786773682e-01
2.941609323024749756e-01
1.488292068243026733e-01
3.075797557830810547e-01
2.204579114913940430e-01
3.403896391391754150e-01
2.269733399152755737e-01
1.997385025024414062e-01
2.522812187671661377e-01
1.581049263477325439e-01
2.931540310382843018e-01
3.567974567413330078e-01
3.692762255668640137e-01
3.359180390834808350e-01
2.620417177677154541e-01
4.144281148910522461e-01
2.922594845294952393e-01
4.513384699821472168e-01
2.758172154426574707e-01
4.159088432788848877e-01
3.446818888187408447e-01
3.166786730289459229e-01
1.157078742980957031e-01
3.454658687114715576e-01
1.667184829711914062e-01
5.070841908454895020e-01
2.654628455638885498e-01
2.609158754348754883e-01
9.408609569072723389e-02
3.276044130325317383e-01
2.952358424663543701e-01
2.926132977008819580e-01
2.418522834777832031e-01
1.733712852001190186e-01
1.770256012678146362e-01
1.134570464491844177e-01
3.334201276302337646e-01
2.014135420322418213e-01
3.771659135818481445e-01
3.129018247127532959e-01
3.322320580482482910e-01
3.238499164581298828e-01
3.508898913860321045e-01
1.632924079895019531e-01
3.722834587097167969e-01
2.310471385717391968e-01
2.441377639770507812e-01
3.547503650188446045e-01
3.791450262069702148e-01
1.826393753290176392e-01
4.145562648773193359e-01
4.252580702304840088e-01
2.654603719711303711e-01
2.314553707838058472e-01
3.033934235572814941e-01
1.400413960218429565e-01
3.435255289077758789e-01
1.087671443819999695e-01
2.954752147197723389e-01
4.046655297279357910e-01
5.156357884407043457e-01
3.555004000663757324e-01
2.189514786005020142e-01
2.224137783050537109e-01
1.823814511299133301e-01
3.137646019458770752e-01
1.884830594062805176e-01
3.470799326896667480e-01
1.967679411172866821e-01
2.311009466648101807e-01
3.906811475753784180e-01
3.122748136520385742e-01
4.413478672504425049e-01
1.839491575956344604e-01
3.602131307125091553e-01
3.820240199565887451e-01
1.775319278240203857e-01
4.994985759258270264e-01
1.231163665652275085e-01
2.114512920379638672e-01
4.081155955791473389e-01
2.623529732227325439e-01
3.449655771255493164e-01
3.141379356384277344e-01
3.697407543659210205e-01
4.291647672653198242e-01
3.555557727813720703e-01
2.388135045766830444e-01
2.316606640815734863e-01
2.314971238374710083e-01
3.677348792552947998e-01
2.639184892177581787e-01
2.211455702781677246e-01
2.078203856945037842e-01
3.307144641876220703e-01
1.553083509206771851e-01
2.731785774230957031e-01
3.488026261329650879e-01
2.211375832557678223e-01
1.721791326999664307e-01
1.794507354497909546e-01
1.339085549116134644e-01
2.405027598142623901e-01
2.224187999963760376e-01
2.537431716918945312e-01
1.757095903158187866e-01
3.954068124294281006e-01
1.536153852939605713e-01
2.401648312807083130e-01
2.566875219345092773e-01
2.830755412578582764e-01
3.630624711513519287e-01
3.046465218067169189e-01
2.641704976558685303e-01
1.673043519258499146e-01
1.960784196853637695e-01
4.686356186866760254e-01
2.205659747123718262e-01
3.340508043766021729e-01
3.738905489444732666e-01
2.131148427724838257e-01
3.051887452602386475e-01
2.306159287691116333e-01
2.656631767749786377e-01
1.642721891403198242e-01
2.967904210090637207e-01
3.428339064121246338e-01
2.708588838577270508e-01
3.332668542861938477e-01
2.901777327060699463e-01
1.357459574937820435e-01
3.181421458721160889e-01
3.122400939464569092e-01
2.261960506439208984e-01
2.001110315322875977e-01
2.907245755195617676e-01
4.441751539707183838e-01
3.290476799011230469e-01
1.821945905685424805e-01
3.712747395038604736e-01
2.116809189319610596e-01
2.479241043329238892e-01
3.999252021312713623e-01
3.271032273769378662e-01
1.918198317289352417e-01
2.486296743154525757e-01
4.139501154422760010e-01
2.274362295866012573e-01
5.650838017463684082e-01
2.092154473066329956e-01
2.823990583419799805e-01
2.720389664173126221e-01
2.395136505365371704e-01
3.370188772678375244e-01
4.414328634738922119e-01
1.861095726490020752e-01
4.326781928539276123e-01
2.993462085723876953e-01
2.014579474925994873e-01
2.254049032926559448e-01
4.528608918190002441e-01
4.534099102020263672e-01
7.182937264442443848e-01
4.504432082176208496e-01
3.148894309997558594e-01
3.679072260856628418e-01
1.409410387277603149e-01
3.503570556640625000e-01
5.626776814460754395e-01
2.618800401687622070e-01
3.561674356460571289e-01
2.995898723602294922e-01
3.220911026000976562e-01
3.840980231761932373e-01
2.639786601066589355e-01
1.856680810451507568e-01
2.992683351039886475e-01
3.267241418361663818e-01
3.412563800811767578e-01
3.570496141910552979e-01
5.357035994529724121e-01
3.000249266624450684e-01
4.760851263999938965e-01
2.694126963615417480e-01
1.890040338039398193e-01
2.987993955612182617e-01
1.965245455503463745e-01
3.153836131095886230e-01
2.146527022123336792e-01
3.258399665355682373e-01
2.373227030038833618e-01
3.617245852947235107e-01
3.095600306987762451e-01
2.777456641197204590e-01
3.631165921688079834e-01
2.417522519826889038e-01
3.789860308170318604e-01
4.710873961448669434e-01
2.939891815185546875e-01
2.162142992019653320e-01
2.648714482784271240e-01
4.897281825542449951e-01
2.376720160245895386e-01
2.455276697874069214e-01
3.780586123466491699e-01
3.443571031093597412e-01
3.151372969150543213e-01
2.778697609901428223e-01
2.890262603759765625e-01
2.050700485706329346e-01
1.321989595890045166e-01
1.678285747766494751e-01
2.300726622343063354e-01
1.391524523496627808e-01
3.172144889831542969e-01
6.643859744071960449e-01
2.917037904262542725e-01
5.321313142776489258e-01
2.814288139343261719e-01
2.594404518604278564e-01
4.621872007846832275e-01
3.576887547969818115e-01
2.269041687250137329e-01
2.670693099498748779e-01
2.059593200683593750e-01
4.726648330688476562e-01
4.468496739864349365e-01
3.029859066009521484e-01
2.125402688980102539e-01
1.579012870788574219e-01
3.935905098915100098e-01
2.148445844650268555e-01
2.912894189357757568e-01
4.160431623458862305e-01
2.638547718524932861e-01
2.052823752164840698e-01
2.878549396991729736e-01
3.021105825901031494e-01
6.925455927848815918e-01
3.787881135940551758e-01
4.058539271354675293e-01
4.177226126194000244e-01
5.136948227882385254e-01
3.116683959960937500e-01
3.874928057193756104e-01
4.057300388813018799e-01
4.013985693454742432e-01
2.951392829418182373e-01
3.289994299411773682e-01
3.482394516468048096e-01
1.829419285058975220e-01
2.950085997581481934e-01
2.724296748638153076e-01
4.043346345424652100e-01
1.857151687145233154e-01
4.369058609008789062e-01
3.056995272636413574e-01
4.377758800983428955e-01
1.865939795970916748e-01
6.884848475456237793e-01
4.510659277439117432e-01
2.478453367948532104e-01
3.771807551383972168e-01
3.741872906684875488e-01
3.139412105083465576e-01
2.794416546821594238e-01
3.558524250984191895e-01
3.642093539237976074e-01
3.115308880805969238e-01
1.940961480140686035e-01
3.738687932491302490e-01
3.884817659854888916e-01
3.661548793315887451e-01
3.728420138359069824e-01
3.168046772480010986e-01
2.011370509862899780e-01
1.722542941570281982e-01
1.848929524421691895e-01
1.285312920808792114e-01
4.270218014717102051e-01
1.992468386888504028e-01
2.841164469718933105e-01
3.039602041244506836e-01
3.309623301029205322e-01
2.689303755760192871e-01
2.738427519798278809e-01
2.752402424812316895e-01
3.030934631824493408e-01
2.601888477802276611e-01
2.678855657577514648e-01
3.305868506431579590e-01
3.825891315937042236e-01
4.521001875400543213e-01
4.927611649036407471e-01
4.804698526859283447e-01
3.183443248271942139e-01
3.812791407108306885e-01
4.510349631309509277e-01
2.246201038360595703e-01
2.383919507265090942e-01
3.049865663051605225e-01
3.488569259643554688e-01
2.122229337692260742e-01
3.893874585628509521e-01
3.433270156383514404e-01
2.977812290191650391e-01
3.380745351314544678e-01
2.902456223964691162e-01
2.988251149654388428e-01
3.824755549430847168e-01
2.388771176338195801e-01
2.506534159183502197e-01
2.103395164012908936e-01
8.863583207130432129e-01
3.795083463191986084e-01
2.455480247735977173e-01
4.549430310726165771e-01
1.232498288154602051e-01
3.483136892318725586e-01
3.513256907463073730e-01
3.369546234607696533e-01
3.692485094070434570e-01
3.008717000484466553e-01
2.138862311840057373e-01
3.375186026096343994e-01
3.392808139324188232e-01
1.704271286725997925e-01
3.186306059360504150e-01
2.532875835895538330e-01
4.924422204494476318e-01
4.209378659725189209e-01
3.054405748844146729e-01
4.821897745132446289e-01
3.598377108573913574e-01
4.021030068397521973e-01
1.466279774904251099e-01
3.719642758369445801e-01
3.022779822349548340e-01
2.995317876338958740e-01
4.855288565158843994e-01
2.697267234325408936e-01
2.538981735706329346e-01
4.447395205497741699e-01
2.507812082767486572e-01
2.778252363204956055e-01
4.292583763599395752e-01
3.279714584350585938e-01
2.578268945217132568e-01
3.910469710826873779e-01
3.274867236614227295e-01
3.214710056781768799e-01
2.238793224096298218e-01
3.711406588554382324e-01
1.303845345973968506e-01
3.006864786148071289e-01
1.849318444728851318e-01
4.618165493011474609e-01
3.987240195274353027e-01
2.584518492221832275e-01
4.528787732124328613e-01
3.825915157794952393e-01
3.350282907485961914e-01
2.728797495365142822e-01
2.835608720779418945e-01
3.541923761367797852e-01
1.991652548313140869e-01
4.223831892013549805e-01
2.686021625995635986e-01
2.509712278842926025e-01
3.412962853908538818e-01
5.216882228851318359e-01
2.612173855304718018e-01
2.368100732564926147e-01
2.016931623220443726e-01
3.014483153820037842e-01
4.520635604858398438e-01
2.894383072853088379e-01
3.844777047634124756e-01
2.339961230754852295e-01
3.776213228702545166e-01
1.008439436554908752e-01
3.477225005626678467e-01
3.473145365715026855e-01
2.402684688568115234e-01
4.093950390815734863e-01
2.250319421291351318e-01
3.016091287136077881e-01
5.301784873008728027e-01
2.612632513046264648e-01
4.048326015472412109e-01
4.667813777923583984e-01
3.668823540210723877e-01
1.350625902414321899e-01
2.328232675790786743e-01
2.539946138858795166e-01
4.051223695278167725e-01
2.881868183612823486e-01
4.368117749691009521e-01
3.480544388294219971e-01
3.972861170768737793e-01
2.116489857435226440e-01
3.508992791175842285e-01
3.042401373386383057e-01
4.395817816257476807e-01
3.350116312503814697e-01
4.702680408954620361e-01
5.042335987091064453e-01
3.969705998897552490e-01
3.001170456409454346e-01
4.027575552463531494e-01
1.284285336732864380e-01
4.248962402343750000e-01
3.800263106822967529e-01
2.633784413337707520e-01
2.682364284992218018e-01
4.570500850677490234e-01
2.297274470329284668e-01
3.612232804298400879e-01
2.946784198284149170e-01
3.299906253814697266e-01
4.247747063636779785e-01
4.321068823337554932e-01
3.071753382682800293e-01
4.123724400997161865e-01
2.915920019149780273e-01
3.027691245079040527e-01
2.283138334751129150e-01
2.571496665477752686e-01
1.456917524337768555e-01
1.561241894960403442e-01
3.712974488735198975e-01
4.007511138916015625e-01
5.855813026428222656e-01
1.974606066942214966e-01
3.616359829902648926e-01
2.845706045627593994e-01
4.579610228538513184e-01
6.246479749679565430e-01
2.994923889636993408e-01
2.073069512844085693e-01
2.048756331205368042e-01
4.800140857696533203e-01
3.068071901798248291e-01
2.838856279850006104e-01
2.958433330059051514e-01
2.050720453262329102e-01
3.356073796749114990e-01
3.469014763832092285e-01
4.258626103401184082e-01
5.753846168518066406e-01
5.334359407424926758e-01
3.931657671928405762e-01
4.688949584960937500e-01
1.700434684753417969e-01
3.245565891265869141e-01
2.959319949150085449e-01
3.571558296680450439e-01
4.794957637786865234e-01
2.674448490142822266e-01
2.655689716339111328e-01
3.384859859943389893e-01
3.933755457401275635e-01
4.585020542144775391e-01
5.153033137321472168e-01
4.405681788921356201e-01
1.691879034042358398e-01
1.609651893377304077e-01
2.278052270412445068e-01
1.835062503814697266e-01
3.952513337135314941e-01
2.123528718948364258e-01
3.301177918910980225e-01
4.443273842334747314e-01
3.856773376464843750e-01
2.995401322841644287e-01
2.353657037019729614e-01
3.017682731151580811e-01
4.623278677463531494e-01
2.594304382801055908e-01
2.244783192873001099e-01
4.769994020462036133e-01
2.360947132110595703e-01
2.663729786872863770e-01
2.837090790271759033e-01
3.070112764835357666e-01
3.026555776596069336e-01
4.390256106853485107e-01
1.568116545677185059e-01
3.170829117298126221e-01
4.763590395450592041e-01
2.788445055484771729e-01
3.313176631927490234e-01
3.347552716732025146e-01
3.507711589336395264e-01
3.831299245357513428e-01
2.535282969474792480e-01
2.831193506717681885e-01
4.446817040443420410e-01
2.304624915122985840e-01
4.045730829238891602e-01
4.469793438911437988e-01
3.613955676555633545e-01
2.409017384052276611e-01
3.926197886466979980e-01
3.798396885395050049e-01
3.297383189201354980e-01
3.174853324890136719e-01
1.729517728090286255e-01
2.620342671871185303e-01
2.912233769893646240e-01
2.542357444763183594e-01
6.235939264297485352e-01
2.067531049251556396e-01
2.345488220453262329e-01
2.182104736566543579e-01
3.218739926815032959e-01
2.528825998306274414e-01
3.322828412055969238e-01
2.153106480836868286e-01
3.977027535438537598e-01
2.922277748584747314e-01
2.930591404438018799e-01
2.618316411972045898e-01
4.221426844596862793e-01
3.514568805694580078e-01
3.495290279388427734e-01
4.538205564022064209e-01
2.624275386333465576e-01
3.213118612766265869e-01
3.992339670658111572e-01
3.369130492210388184e-01
1.307916492223739624e-01
3.790277838706970215e-01
8.991793543100357056e-02
4.126463830471038818e-01
2.554025352001190186e-01
4.210067689418792725e-01
2.580675184726715088e-01
2.816514074802398682e-01
2.634420990943908691e-01
1.928550153970718384e-01
2.970092296600341797e-01
3.232384324073791504e-01
1.726277023553848267e-01
3.354760706424713135e-01
4.030673205852508545e-01
1.740319132804870605e-01
3.179546296596527100e-01
2.237929105758666992e-01
1.410583555698394775e-01
3.532547652721405029e-01
3.086198568344116211e-01
2.741744816303253174e-01
5.036448240280151367e-01
3.216689527034759521e-01
3.632373213768005371e-01
4.835143387317657471e-01
2.919397056102752686e-01
3.222746849060058594e-01
4.259075522422790527e-01
3.614000678062438965e-01
5.095810890197753906e-01
5.304186940193176270e-01
2.560594677925109863e-01
3.791038095951080322e-01
2.443405687808990479e-01
1.321795284748077393e-01
2.809590995311737061e-01
5.441914796829223633e-01
4.541809260845184326e-01
1.937765777111053467e-01
3.945518136024475098e-01
4.157568216323852539e-01
2.611422836780548096e-01
3.414896428585052490e-01
3.840264678001403809e-01
2.785340547561645508e-01
3.257953524589538574e-01
4.923919439315795898e-01
4.147492945194244385e-01
2.264279276132583618e-01
4.833787381649017334e-01
3.206297457218170166e-01
3.539667427539825439e-01
4.339697062969207764e-01
4.034132361412048340e-01
2.934613525867462158e-01
3.216087222099304199e-01
3.910032212734222412e-01
4.158893227577209473e-01
1.974077075719833374e-01
4.049246907234191895e-01
3.274773061275482178e-01
3.102896511554718018e-01
3.786078393459320068e-01
4.150114655494689941e-01
2.135593593120574951e-01
4.237211346626281738e-01
2.934053838253021240e-01
1.972870677709579468e-01
3.788476586341857910e-01
3.469600975513458252e-01
4.215967357158660889e-01
9.036469459533691406e-01
