2.788343191146850586e+00
2.460821628570556641e+00
2.288017749786376953e+00
2.170713424682617188e+00
2.027197122573852539e+00
2.335648059844970703e+00
2.197391510009765625e+00
2.162933111190795898e+00
2.037963390350341797e+00
2.002902507781982422e+00
2.119149208068847656e+00
2.207113027572631836e+00
1.930840969085693359e+00
2.004697799682617188e+00
2.082013368606567383e+00
1.980539560317993164e+00
2.078876018524169922e+00
1.987066984176635742e+00
1.974825739860534668e+00
1.788468003273010254e+00
1.780928730964660645e+00
1.719837427139282227e+00
1.886343121528625488e+00
1.834038138389587402e+00
1.856544733047485352e+00
1.870243787765502930e+00
1.679956316947937012e+00
1.606175899505615234e+00
1.847885727882385254e+00
1.763316273689270020e+00
2.007908582687377930e+00
1.759590148925781250e+00
1.626927495002746582e+00
1.638720154762268066e+00
1.750479936599731445e+00
1.670992732048034668e+00
1.499779224395751953e+00
1.674317717552185059e+00
1.797023534774780273e+00
1.688447713851928711e+00
1.681527972221374512e+00
1.718210935592651367e+00
1.760108709335327148e+00
1.685252547264099121e+00
1.671806216239929199e+00
1.617959380149841309e+00
1.425982236862182617e+00
1.517955064773559570e+00
1.639780998229980469e+00
1.747039914131164551e+00
1.525389194488525391e+00
1.565559983253479004e+00
1.504420638084411621e+00
1.507158756256103516e+00
1.852340102195739746e+00
1.586837053298950195e+00
1.541724085807800293e+00
1.834798812866210938e+00
1.828276157379150391e+00
1.562090516090393066e+00
1.821271300315856934e+00
1.630128383636474609e+00
1.632488608360290527e+00
1.702959418296813965e+00
1.586495518684387207e+00
1.932213306427001953e+00
1.584590673446655273e+00
1.619814038276672363e+00
1.541690230369567871e+00
1.607004642486572266e+00
1.630016565322875977e+00
1.711949825286865234e+00
1.590610504150390625e+00
1.630524039268493652e+00
1.473937630653381348e+00
1.685961604118347168e+00
1.614649653434753418e+00
1.547203898429870605e+00
1.496445178985595703e+00
1.594790577888488770e+00
1.635988116264343262e+00
1.505822658538818359e+00
1.765911817550659180e+00
1.770529270172119141e+00
1.665829539299011230e+00
1.440443396568298340e+00
1.341345906257629395e+00
1.454726576805114746e+00
1.536584496498107910e+00
1.478500008583068848e+00
1.644816875457763672e+00
1.756451845169067383e+00
1.505402922630310059e+00
1.546184182167053223e+00
1.266212821006774902e+00
1.654699087142944336e+00
1.524378657341003418e+00
1.538890600204467773e+00
1.815714716911315918e+00
1.396602630615234375e+00
1.282652974128723145e+00
1.584169864654541016e+00
1.499643087387084961e+00
1.631497383117675781e+00
1.639529347419738770e+00
1.329709410667419434e+00
1.577298998832702637e+00
1.497745037078857422e+00
1.359442710876464844e+00
1.488663792610168457e+00
1.342786908149719238e+00
1.331500530242919922e+00
1.410252928733825684e+00
1.609935164451599121e+00
1.767705559730529785e+00
1.382945537567138672e+00
1.423915743827819824e+00
1.573710680007934570e+00
1.333182096481323242e+00
1.325666308403015137e+00
1.435416698455810547e+00
1.529641509056091309e+00
1.285673856735229492e+00
1.297590732574462891e+00
1.459226608276367188e+00
1.490109920501708984e+00
1.515703916549682617e+00
1.518744945526123047e+00
1.368452906608581543e+00
1.827846646308898926e+00
1.470235824584960938e+00
1.299361944198608398e+00
1.437776207923889160e+00
1.263797402381896973e+00
1.256151914596557617e+00
1.341303467750549316e+00
1.344671845436096191e+00
1.359635949134826660e+00
1.489482641220092773e+00
1.659967780113220215e+00
1.314521551132202148e+00
1.594930410385131836e+00
1.423723816871643066e+00
1.307044625282287598e+00
1.565355658531188965e+00
1.171615004539489746e+00
1.532992839813232422e+00
1.219562292098999023e+00
1.214117765426635742e+00
1.552197933197021484e+00
1.467742681503295898e+00
1.485839605331420898e+00
1.318817615509033203e+00
1.420209646224975586e+00
1.309082508087158203e+00
1.359021663665771484e+00
1.442844271659851074e+00
1.299800872802734375e+00
1.521428465843200684e+00
1.566235899925231934e+00
1.466147780418395996e+00
1.277544140815734863e+00
1.478142738342285156e+00
1.424181461334228516e+00
1.531937956809997559e+00
1.310254216194152832e+00
1.266926407814025879e+00
1.573099732398986816e+00
1.320009112358093262e+00
1.382879376411437988e+00
1.227011322975158691e+00
1.278089880943298340e+00
1.225917816162109375e+00
1.281162142753601074e+00
1.298338174819946289e+00
1.333317875862121582e+00
1.525842189788818359e+00
1.673526883125305176e+00
1.430461764335632324e+00
1.375242352485656738e+00
1.183504700660705566e+00
1.395220756530761719e+00
1.466753005981445312e+00
1.293298840522766113e+00
1.421150922775268555e+00
1.342147707939147949e+00
1.189018130302429199e+00
1.403536319732666016e+00
1.203333258628845215e+00
1.338102340698242188e+00
1.282094240188598633e+00
1.253794193267822266e+00
1.426515221595764160e+00
1.327404022216796875e+00
1.585417032241821289e+00
1.374347209930419922e+00
1.243133187294006348e+00
1.368926167488098145e+00
1.298245549201965332e+00
1.337907910346984863e+00
1.295666098594665527e+00
1.060877561569213867e+00
1.157536745071411133e+00
1.269115686416625977e+00
1.527573347091674805e+00
1.432150721549987793e+00
1.596278429031372070e+00
1.216289639472961426e+00
1.328917980194091797e+00
1.067390203475952148e+00
1.302021503448486328e+00
1.431589007377624512e+00
1.413065195083618164e+00
1.259332180023193359e+00
1.207201957702636719e+00
1.448398590087890625e+00
1.511113166809082031e+00
1.313966512680053711e+00
1.164913535118103027e+00
1.092925310134887695e+00
1.336055397987365723e+00
1.236712694168090820e+00
1.312542557716369629e+00
1.209238171577453613e+00
1.102572917938232422e+00
1.474837064743041992e+00
1.104539871215820312e+00
1.262420654296875000e+00
1.327383875846862793e+00
1.171112298965454102e+00
1.182897806167602539e+00
1.338482260704040527e+00
1.340259790420532227e+00
1.356995105743408203e+00
1.197407722473144531e+00
1.243085145950317383e+00
1.435519099235534668e+00
1.305371880531311035e+00
1.192640185356140137e+00
1.343439459800720215e+00
1.191767096519470215e+00
1.376584291458129883e+00
1.416606664657592773e+00
1.298040032386779785e+00
1.198054313659667969e+00
1.340456843376159668e+00
1.296296477317810059e+00
1.028045892715454102e+00
1.020038127899169922e+00
1.194129943847656250e+00
1.251398682594299316e+00
1.212246298789978027e+00
1.221572518348693848e+00
1.178745508193969727e+00
1.341295719146728516e+00
1.507926821708679199e+00
1.149198889732360840e+00
1.145484566688537598e+00
1.040816426277160645e+00
1.187095165252685547e+00
1.282967090606689453e+00
9.942545294761657715e-01
1.160243630409240723e+00
1.225677847862243652e+00
1.215970635414123535e+00
1.055941343307495117e+00
1.176852703094482422e+00
9.770601987838745117e-01
9.756116271018981934e-01
1.124327182769775391e+00
1.431753039360046387e+00
1.253265857696533203e+00
1.332468271255493164e+00
1.176951169967651367e+00
1.402337908744812012e+00
8.794180750846862793e-01
1.369867682456970215e+00
1.224406599998474121e+00
1.134473443031311035e+00
1.293759465217590332e+00
1.610643386840820312e+00
1.072351455688476562e+00
9.799055457115173340e-01
1.213224411010742188e+00
1.151979327201843262e+00
1.300521135330200195e+00
1.049704909324645996e+00
1.126577138900756836e+00
1.316174387931823730e+00
1.220431566238403320e+00
1.308862566947937012e+00
1.322481751441955566e+00
1.188110232353210449e+00
1.156284451484680176e+00
1.062572956085205078e+00
1.129102587699890137e+00
1.213390350341796875e+00
1.301668882369995117e+00
1.104813814163208008e+00
1.031356453895568848e+00
1.229683041572570801e+00
1.113358855247497559e+00
1.075909137725830078e+00
1.039730191230773926e+00
1.195864081382751465e+00
1.285729646682739258e+00
1.322599172592163086e+00
1.538978338241577148e+00
1.035699605941772461e+00
1.161430358886718750e+00
9.623703956604003906e-01
1.435200333595275879e+00
1.148853659629821777e+00
1.263218164443969727e+00
1.365674495697021484e+00
1.489300251007080078e+00
1.289267182350158691e+00
1.366845846176147461e+00
1.076142787933349609e+00
1.213760614395141602e+00
1.093265295028686523e+00
1.246621847152709961e+00
1.190497636795043945e+00
1.276921629905700684e+00
1.013833045959472656e+00
1.241020083427429199e+00
1.018360972404479980e+00
1.132515192031860352e+00
1.124676823616027832e+00
1.090276479721069336e+00
1.454911351203918457e+00
1.091822862625122070e+00
1.104729652404785156e+00
1.123959779739379883e+00
1.330090165138244629e+00
9.084572792053222656e-01
9.088513851165771484e-01
1.212780356407165527e+00
1.179973363876342773e+00
1.173653244972229004e+00
1.340689897537231445e+00
1.036088109016418457e+00
1.105978608131408691e+00
1.136689424514770508e+00
1.154835820198059082e+00
1.071054458618164062e+00
1.189841747283935547e+00
9.704779386520385742e-01
1.191196918487548828e+00
1.027958512306213379e+00
1.112300634384155273e+00
1.268068194389343262e+00
1.014567613601684570e+00
1.316263318061828613e+00
1.242500662803649902e+00
9.863360524177551270e-01
1.162981390953063965e+00
1.181835889816284180e+00
1.385828256607055664e+00
1.067936420440673828e+00
1.218281030654907227e+00
9.362061023712158203e-01
9.910250306129455566e-01
1.061419010162353516e+00
1.006860256195068359e+00
1.006116271018981934e+00
1.096510171890258789e+00
1.118945360183715820e+00
1.187207341194152832e+00
9.687048792839050293e-01
1.019438147544860840e+00
9.482010006904602051e-01
1.268420219421386719e+00
1.225982427597045898e+00
1.189101696014404297e+00
1.306717514991760254e+00
9.257720112800598145e-01
1.016095399856567383e+00
1.175876736640930176e+00
1.104095697402954102e+00
1.232360482215881348e+00
1.028337001800537109e+00
1.352688908576965332e+00
8.577731847763061523e-01
9.470923542976379395e-01
1.086004972457885742e+00
1.114582777023315430e+00
1.196625471115112305e+00
1.483282208442687988e+00
1.205905318260192871e+00
1.243997812271118164e+00
1.066089868545532227e+00
9.223538637161254883e-01
1.187979459762573242e+00
1.190014362335205078e+00
1.091967701911926270e+00
1.276375651359558105e+00
9.760529994964599609e-01
1.099945306777954102e+00
1.218728303909301758e+00
1.203414320945739746e+00
1.282768607139587402e+00
1.148001670837402344e+00
1.161657333374023438e+00
8.444400429725646973e-01
1.126759171485900879e+00
1.027305364608764648e+00
1.110703587532043457e+00
8.491061329841613770e-01
1.065457344055175781e+00
1.179037570953369141e+00
9.960168004035949707e-01
9.017133712768554688e-01
1.063118457794189453e+00
1.242850184440612793e+00
1.022591352462768555e+00
9.593045711517333984e-01
7.766459584236145020e-01
1.246052145957946777e+00
1.024396300315856934e+00
1.132889628410339355e+00
1.309859871864318848e+00
9.294928908348083496e-01
1.490719914436340332e+00
8.539856672286987305e-01
1.053540468215942383e+00
1.203776478767395020e+00
1.267318725585937500e+00
1.079601049423217773e+00
1.116808891296386719e+00
1.000271201133728027e+00
1.084009170532226562e+00
1.377165913581848145e+00
1.150074481964111328e+00
1.095746755599975586e+00
9.253453612327575684e-01
9.428828358650207520e-01
1.265399813652038574e+00
1.035349607467651367e+00
1.183974742889404297e+00
1.025250077247619629e+00
8.138939142227172852e-01
1.110464453697204590e+00
1.065728425979614258e+00
1.236696362495422363e+00
9.731902480125427246e-01
1.100088477134704590e+00
1.284744024276733398e+00
1.287153005599975586e+00
9.745509624481201172e-01
1.002766489982604980e+00
1.094261407852172852e+00
1.269456624984741211e+00
9.930385947227478027e-01
8.429542183876037598e-01
1.482344269752502441e+00
1.013712525367736816e+00
9.711502790451049805e-01
1.263643980026245117e+00
1.141944646835327148e+00
1.133147954940795898e+00
9.432379007339477539e-01
1.320616960525512695e+00
1.249002456665039062e+00
1.134723901748657227e+00
1.290090799331665039e+00
1.435750603675842285e+00
1.107345819473266602e+00
1.186006069183349609e+00
1.144217848777770996e+00
8.877457380294799805e-01
1.259888648986816406e+00
1.008739352226257324e+00
8.441227674484252930e-01
7.412945628166198730e-01
1.009943485260009766e+00
1.349335432052612305e+00
1.111197590827941895e+00
1.066951394081115723e+00
1.165765404701232910e+00
1.042214155197143555e+00
9.858994483947753906e-01
1.162413358688354492e+00
1.169623374938964844e+00
1.354000568389892578e+00
1.023630976676940918e+00
8.230874538421630859e-01
1.178559899330139160e+00
1.032226681709289551e+00
8.695859313011169434e-01
1.044030427932739258e+00
1.093734979629516602e+00
9.426146149635314941e-01
9.758270978927612305e-01
9.790346622467041016e-01
1.047577381134033203e+00
1.205451250076293945e+00
1.114892482757568359e+00
1.117069125175476074e+00
9.668158888816833496e-01
9.397236108779907227e-01
1.038026213645935059e+00
1.218753337860107422e+00
8.656650781631469727e-01
1.070101499557495117e+00
1.032548069953918457e+00
1.041720151901245117e+00
1.118840456008911133e+00
6.727237701416015625e-01
1.020344734191894531e+00
9.648013114929199219e-01
1.100525021553039551e+00
1.038002371788024902e+00
1.283617734909057617e+00
8.668488264083862305e-01
6.736485958099365234e-01
1.101840972900390625e+00
9.565395712852478027e-01
9.834577441215515137e-01
1.220026969909667969e+00
1.041907191276550293e+00
7.848225235939025879e-01
1.106490612030029297e+00
8.161123394966125488e-01
9.384585618972778320e-01
1.126720190048217773e+00
9.010781645774841309e-01
1.284961462020874023e+00
1.191788792610168457e+00
1.024165272712707520e+00
8.932666778564453125e-01
9.181613326072692871e-01
9.804759025573730469e-01
1.003889679908752441e+00
1.106290102005004883e+00
1.023891091346740723e+00
1.133565902709960938e+00
1.156482219696044922e+00
9.216110110282897949e-01
9.902474880218505859e-01
9.776924252510070801e-01
1.143747091293334961e+00
1.002406477928161621e+00
9.659427404403686523e-01
9.557472467422485352e-01
1.047853350639343262e+00
1.059638500213623047e+00
1.319306015968322754e+00
1.112682461738586426e+00
8.687893152236938477e-01
1.012663364410400391e+00
1.167757868766784668e+00
8.588199615478515625e-01
9.128127098083496094e-01
1.059295415878295898e+00
9.782757759094238281e-01
1.082367420196533203e+00
1.171148538589477539e+00
1.158025860786437988e+00
9.722262620925903320e-01
1.033572077751159668e+00
1.203694224357604980e+00
1.103313088417053223e+00
1.361510634422302246e+00
1.022970438003540039e+00
9.945858716964721680e-01
8.891187906265258789e-01
8.486191034317016602e-01
1.134387969970703125e+00
9.059879779815673828e-01
9.340026378631591797e-01
1.044242620468139648e+00
9.993965625762939453e-01
7.537504434585571289e-01
8.853833079338073730e-01
1.127771854400634766e+00
1.051349639892578125e+00
8.850338459014892578e-01
1.154584407806396484e+00
9.103776216506958008e-01
7.053601741790771484e-01
8.864089846611022949e-01
9.684108495712280273e-01
9.958994984626770020e-01
8.614206910133361816e-01
7.692103981971740723e-01
9.036072492599487305e-01
8.772892355918884277e-01
1.027289152145385742e+00
9.363292455673217773e-01
9.143954515457153320e-01
1.025460958480834961e+00
7.456749081611633301e-01
9.707107543945312500e-01
7.492499351501464844e-01
9.295514225959777832e-01
7.639131546020507812e-01
1.008714914321899414e+00
7.990587353706359863e-01
9.649472236633300781e-01
1.051855802536010742e+00
9.774149656295776367e-01
7.369447946548461914e-01
1.024062037467956543e+00
8.899819850921630859e-01
1.049466133117675781e+00
7.739679217338562012e-01
8.271086812019348145e-01
1.157170534133911133e+00
1.048343181610107422e+00
9.541996121406555176e-01
1.017814993858337402e+00
8.592686057090759277e-01
9.447447061538696289e-01
1.061173677444458008e+00
9.061032533645629883e-01
1.056542515754699707e+00
9.474687576293945312e-01
8.383564352989196777e-01
1.008069515228271484e+00
1.039259433746337891e+00
7.657650709152221680e-01
9.673397541046142578e-01
1.005256175994873047e+00
1.058850169181823730e+00
1.158671498298645020e+00
9.442471265792846680e-01
8.538975119590759277e-01
8.490175008773803711e-01
1.020397424697875977e+00
9.885113835334777832e-01
1.084801316261291504e+00
1.051913261413574219e+00
8.041617274284362793e-01
9.291648864746093750e-01
1.105353116989135742e+00
1.120165109634399414e+00
1.185556173324584961e+00
1.099719882011413574e+00
9.576855897903442383e-01
8.841676712036132812e-01
9.884551763534545898e-01
1.044832587242126465e+00
8.279367685317993164e-01
1.067607641220092773e+00
7.193781733512878418e-01
8.767098188400268555e-01
8.701776266098022461e-01
1.201202988624572754e+00
9.012601971626281738e-01
1.100517988204956055e+00
1.046384692192077637e+00
8.872637748718261719e-01
1.045063138008117676e+00
1.063217997550964355e+00
6.763551831245422363e-01
9.408482313156127930e-01
8.218213319778442383e-01
1.030737161636352539e+00
1.124607920646667480e+00
9.012821912765502930e-01
1.064049959182739258e+00
9.855925440788269043e-01
8.927935361862182617e-01
1.085730552673339844e+00
7.172408103942871094e-01
1.060399293899536133e+00
9.536765217781066895e-01
8.131875395774841309e-01
9.807487130165100098e-01
8.462659120559692383e-01
9.379546046257019043e-01
1.110116839408874512e+00
1.083705306053161621e+00
8.958326578140258789e-01
8.035506010055541992e-01
9.751678109169006348e-01
8.081934452056884766e-01
1.030035734176635742e+00
1.116322517395019531e+00
1.077654957771301270e+00
8.816901445388793945e-01
1.138941645622253418e+00
8.829479813575744629e-01
8.037860393524169922e-01
6.278185844421386719e-01
1.186261773109436035e+00
8.082708120346069336e-01
8.875108957290649414e-01
8.305766582489013672e-01
9.155541062355041504e-01
9.301225543022155762e-01
8.390504717826843262e-01
8.973442912101745605e-01
9.603037238121032715e-01
8.640078902244567871e-01
1.243118047714233398e+00
9.442094564437866211e-01
8.928598761558532715e-01
8.649196028709411621e-01
9.281581640243530273e-01
1.230823516845703125e+00
6.809459328651428223e-01
8.631751537322998047e-01
8.500453829765319824e-01
1.030059099197387695e+00
9.029851555824279785e-01
1.101153492927551270e+00
9.357615709304809570e-01
9.384537339210510254e-01
7.802319526672363281e-01
9.841337203979492188e-01
8.891674876213073730e-01
9.503347873687744141e-01
7.042440176010131836e-01
7.461853027343750000e-01
8.619441390037536621e-01
8.981876373291015625e-01
8.752278089523315430e-01
8.783159255981445312e-01
9.040964245796203613e-01
8.345367908477783203e-01
1.023990869522094727e+00
1.020097851753234863e+00
8.204301595687866211e-01
1.180438280105590820e+00
1.074011325836181641e+00
9.496918916702270508e-01
9.002141952514648438e-01
8.359286189079284668e-01
1.117868065834045410e+00
8.797703385353088379e-01
1.024507522583007812e+00
9.854479432106018066e-01
8.053352832794189453e-01
7.880969047546386719e-01
9.354413151741027832e-01
9.479629397392272949e-01
9.917418956756591797e-01
7.221998572349548340e-01
9.730796217918395996e-01
1.187676072120666504e+00
1.160413146018981934e+00
8.248579502105712891e-01
8.346165418624877930e-01
9.558210968971252441e-01
9.331837892532348633e-01
9.190490841865539551e-01
9.465802311897277832e-01
7.446342110633850098e-01
8.125332593917846680e-01
1.037659883499145508e+00
8.916700482368469238e-01
9.493868947029113770e-01
1.151322841644287109e+00
9.229555726051330566e-01
1.038920640945434570e+00
8.509988188743591309e-01
1.135559320449829102e+00
7.976525425910949707e-01
9.400564432144165039e-01
9.101800918579101562e-01
7.488895654678344727e-01
9.843398928642272949e-01
9.514597058296203613e-01
8.184479475021362305e-01
7.704783678054809570e-01
9.902998208999633789e-01
1.120683312416076660e+00
1.109607338905334473e+00
6.876429319381713867e-01
9.336865544319152832e-01
7.706498503684997559e-01
9.114201068878173828e-01
9.331918954849243164e-01
7.747664451599121094e-01
6.751344799995422363e-01
8.647646903991699219e-01
1.056014060974121094e+00
7.513753771781921387e-01
7.274531126022338867e-01
1.071789145469665527e+00
8.881536126136779785e-01
6.352004408836364746e-01
8.804151415824890137e-01
7.232558727264404297e-01
7.692485451698303223e-01
7.308928370475769043e-01
7.999092340469360352e-01
7.337254285812377930e-01
8.989248275756835938e-01
7.340114116668701172e-01
8.090405464172363281e-01
6.653919219970703125e-01
7.131910920143127441e-01
8.350158929824829102e-01
8.026121258735656738e-01
9.891977310180664062e-01
9.273517727851867676e-01
8.323919177055358887e-01
9.681475758552551270e-01
6.756103038787841797e-01
9.109324812889099121e-01
7.988251447677612305e-01
7.044907808303833008e-01
6.959044337272644043e-01
6.018263697624206543e-01
7.021866440773010254e-01
7.020346522331237793e-01
1.166264176368713379e+00
8.378292322158813477e-01
8.379582762718200684e-01
8.470352888107299805e-01
6.944981217384338379e-01
8.395336866378784180e-01
7.302241921424865723e-01
9.397867321968078613e-01
8.659467697143554688e-01
9.473997950553894043e-01
1.049107909202575684e+00
9.949776530265808105e-01
7.624068260192871094e-01
6.297363638877868652e-01
7.064084410667419434e-01
9.065642356872558594e-01
7.425616979598999023e-01
7.359164953231811523e-01
1.229800820350646973e+00
7.361555695533752441e-01
9.945436716079711914e-01
8.403012156486511230e-01
9.296451807022094727e-01
1.167860627174377441e+00
9.458158016204833984e-01
9.505639076232910156e-01
7.781807184219360352e-01
9.568995833396911621e-01
1.035111188888549805e+00
7.617477774620056152e-01
1.029629945755004883e+00
8.428084850311279297e-01
8.458647131919860840e-01
6.351848840713500977e-01
7.959107756614685059e-01
7.780374884605407715e-01
6.781872510910034180e-01
8.386745452880859375e-01
7.259522080421447754e-01
8.632253408432006836e-01
9.005191922187805176e-01
9.160687327384948730e-01
5.885905623435974121e-01
7.362449765205383301e-01
8.342285156250000000e-01
6.575103402137756348e-01
6.174985766410827637e-01
7.739359140396118164e-01
7.700340747833251953e-01
9.675161242485046387e-01
7.275132536888122559e-01
9.612566232681274414e-01
1.158369064331054688e+00
7.227117419242858887e-01
8.889631032943725586e-01
6.644743084907531738e-01
4.886452257633209229e-01
7.931445837020874023e-01
8.344264626502990723e-01
9.153191447257995605e-01
8.392267227172851562e-01
8.328121900558471680e-01
8.417025804519653320e-01
6.089011430740356445e-01
8.618977069854736328e-01
1.420301318168640137e+00
6.716590523719787598e-01
1.078772068023681641e+00
9.959669113159179688e-01
9.048420190811157227e-01
7.017383575439453125e-01
8.779594302177429199e-01
6.840439438819885254e-01
7.455473542213439941e-01
9.919171333312988281e-01
1.029299736022949219e+00
8.324069976806640625e-01
8.385969400405883789e-01
9.692721962928771973e-01
8.975182175636291504e-01
9.063295125961303711e-01
5.835751891136169434e-01
8.325830101966857910e-01
8.524864912033081055e-01
7.927922010421752930e-01
7.220385074615478516e-01
8.879843354225158691e-01
9.281302690505981445e-01
1.150193929672241211e+00
6.996225714683532715e-01
7.998939752578735352e-01
8.458759188652038574e-01
8.292658925056457520e-01
6.916804313659667969e-01
8.109349012374877930e-01
7.639746665954589844e-01
7.055966854095458984e-01
9.324313998222351074e-01
8.805478811264038086e-01
7.075541615486145020e-01
6.829838752746582031e-01
6.541747450828552246e-01
9.195142984390258789e-01
9.243328571319580078e-01
8.170878887176513672e-01
5.626200437545776367e-01
8.599298000335693359e-01
7.527795433998107910e-01
5.924397706985473633e-01
7.897450327873229980e-01
6.651093363761901855e-01
6.816580891609191895e-01
9.259405136108398438e-01
5.797255039215087891e-01
7.187027931213378906e-01
7.899475693702697754e-01
1.118473649024963379e+00
7.049867510795593262e-01
8.802800178527832031e-01
6.124989986419677734e-01
9.140046834945678711e-01
6.455820798873901367e-01
9.094378352165222168e-01
8.724979162216186523e-01
1.129119157791137695e+00
8.662230372428894043e-01
7.085337042808532715e-01
7.628872394561767578e-01
5.254629850387573242e-01
1.024707913398742676e+00
7.376503348350524902e-01
8.087720274925231934e-01
6.151663064956665039e-01
6.890681385993957520e-01
8.576101660728454590e-01
8.133396506309509277e-01
8.160036206245422363e-01
6.191959977149963379e-01
9.264356493949890137e-01
1.078034400939941406e+00
7.224033474922180176e-01
1.018788337707519531e+00
6.164203882217407227e-01
7.291668057441711426e-01
8.420576453208923340e-01
8.488936424255371094e-01
6.551377773284912109e-01
8.685674071311950684e-01
9.332316517829895020e-01
7.100527882575988770e-01
1.105577468872070312e+00
1.021746873855590820e+00
1.057508707046508789e+00
6.489734649658203125e-01
7.628870010375976562e-01
9.531797170639038086e-01
7.990086674690246582e-01
7.760794758796691895e-01
7.514540553092956543e-01
7.817603349685668945e-01
8.214445710182189941e-01
9.232334494590759277e-01
7.160247564315795898e-01
7.144262194633483887e-01
9.311593174934387207e-01
7.725840210914611816e-01
9.434046149253845215e-01
1.101131916046142578e+00
8.349804878234863281e-01
7.386180162429809570e-01
8.852130174636840820e-01
1.129214048385620117e+00
8.362643718719482422e-01
7.976580858230590820e-01
9.595407843589782715e-01
7.188593149185180664e-01
9.885242581367492676e-01
8.239878416061401367e-01
8.460083603858947754e-01
6.452888846397399902e-01
5.787985324859619141e-01
9.622718691825866699e-01
8.928115963935852051e-01
9.961565136909484863e-01
9.175263047218322754e-01
8.031075000762939453e-01
7.462351918220520020e-01
7.556462287902832031e-01
1.121635675430297852e+00
7.333029508590698242e-01
9.376242160797119141e-01
9.860007762908935547e-01
1.003192901611328125e+00
8.167585134506225586e-01
6.082760095596313477e-01
9.780576825141906738e-01
5.942998528480529785e-01
1.107706665992736816e+00
7.549660205841064453e-01
8.371575474739074707e-01
9.569427371025085449e-01
7.538840770721435547e-01
7.913278341293334961e-01
9.027218818664550781e-01
5.905811786651611328e-01
9.469605684280395508e-01
8.486547470092773438e-01
8.612179756164550781e-01
8.392188549041748047e-01
9.567140936851501465e-01
6.713827252388000488e-01
7.069783806800842285e-01
1.061409115791320801e+00
8.913387060165405273e-01
5.621092319488525391e-01
7.562420964241027832e-01
8.395392894744873047e-01
6.216617822647094727e-01
8.642203211784362793e-01
1.010522246360778809e+00
9.342001080513000488e-01
8.625273108482360840e-01
8.457605838775634766e-01
8.477306365966796875e-01
8.390447497367858887e-01
9.492519497871398926e-01
7.017228603363037109e-01
9.938853383064270020e-01
7.060589194297790527e-01
1.040023922920227051e+00
1.069290518760681152e+00
6.247708797454833984e-01
1.093399882316589355e+00
6.276518702507019043e-01
7.364218235015869141e-01
8.275040984153747559e-01
8.553405404090881348e-01
9.067273736000061035e-01
8.594731092453002930e-01
9.529276490211486816e-01
6.205049157142639160e-01
1.046754956245422363e+00
7.292239069938659668e-01
8.443210721015930176e-01
9.279015064239501953e-01
8.876155018806457520e-01
9.613391757011413574e-01
8.382077813148498535e-01
1.050473928451538086e+00
7.417959570884704590e-01
8.111523985862731934e-01
6.480734348297119141e-01
8.590173721313476562e-01
5.829643011093139648e-01
8.781594634056091309e-01
9.408159255981445312e-01
6.941488981246948242e-01
5.530706644058227539e-01
6.807137131690979004e-01
8.332203626632690430e-01
7.864981889724731445e-01
7.119929790496826172e-01
6.625338792800903320e-01
8.183391094207763672e-01
6.835898756980895996e-01
6.479259729385375977e-01
8.847938179969787598e-01
6.624872684478759766e-01
8.748481273651123047e-01
7.635351419448852539e-01
8.011326193809509277e-01
5.218787789344787598e-01
8.777578473091125488e-01
6.945423483848571777e-01
1.012961745262145996e+00
1.138747572898864746e+00
7.910473346710205078e-01
9.364109039306640625e-01
7.090511918067932129e-01
8.466421961784362793e-01
5.620965957641601562e-01
8.732676506042480469e-01
8.732652664184570312e-01
9.528490304946899414e-01
7.403202056884765625e-01
9.129474759101867676e-01
1.018115520477294922e+00
7.427707910537719727e-01
6.927638053894042969e-01
5.576032400131225586e-01
6.989548206329345703e-01
5.628121495246887207e-01
9.249483942985534668e-01
9.338834285736083984e-01
8.124506473541259766e-01
4.737450778484344482e-01
9.233866333961486816e-01
7.557855844497680664e-01
7.881546020507812500e-01
6.666428446769714355e-01
7.735704779624938965e-01
8.296732902526855469e-01
9.297446608543395996e-01
7.300576567649841309e-01
6.661820411682128906e-01
8.712026476860046387e-01
8.340232968330383301e-01
6.924167275428771973e-01
7.943596839904785156e-01
5.799555182456970215e-01
1.126582980155944824e+00
6.871658563613891602e-01
8.481974601745605469e-01
9.374120235443115234e-01
8.174124360084533691e-01
6.698204874992370605e-01
6.983403563499450684e-01
6.718445420265197754e-01
1.042750358581542969e+00
5.107609629631042480e-01
9.133492112159729004e-01
7.144778370857238770e-01
8.964686393737792969e-01
9.653770327568054199e-01
6.640264391899108887e-01
7.649310827255249023e-01
8.062334656715393066e-01
7.511432766914367676e-01
8.476170897483825684e-01
8.015619516372680664e-01
5.880172848701477051e-01
5.576671361923217773e-01
9.236665368080139160e-01
8.602197170257568359e-01
8.229732513427734375e-01
9.081609845161437988e-01
8.532545566558837891e-01
7.176060080528259277e-01
9.592750072479248047e-01
9.009860754013061523e-01
9.705054759979248047e-01
6.531721949577331543e-01
1.218603372573852539e+00
7.800586223602294922e-01
7.163488864898681641e-01
8.677763342857360840e-01
1.095717310905456543e+00
8.193520903587341309e-01
6.730555295944213867e-01
8.999949693679809570e-01
1.003057599067687988e+00
6.589497923851013184e-01
7.462859153747558594e-01
8.463770747184753418e-01
9.480153322219848633e-01
6.597120165824890137e-01
6.984855532646179199e-01
6.938509941101074219e-01
7.675765752792358398e-01
7.726005911827087402e-01
5.603491663932800293e-01
6.317775249481201172e-01
6.506590843200683594e-01
6.596298217773437500e-01
8.159021139144897461e-01
6.051943898200988770e-01
6.574673652648925781e-01
8.914655447006225586e-01
9.226689934730529785e-01
6.904986500740051270e-01
1.021539926528930664e+00
7.585942149162292480e-01
7.355771064758300781e-01
4.585404694080352783e-01
8.557686805725097656e-01
8.425410389900207520e-01
6.886153817176818848e-01
7.136598229408264160e-01
7.728300690650939941e-01
6.884124279022216797e-01
7.418342232704162598e-01
7.929613590240478516e-01
5.664607882499694824e-01
7.393345832824707031e-01
8.504885435104370117e-01
8.811480402946472168e-01
8.363669514656066895e-01
1.105160593986511230e+00
8.063680529594421387e-01
6.728016734123229980e-01
5.700512528419494629e-01
6.781092286109924316e-01
1.140318870544433594e+00
1.078234076499938965e+00
8.642041087150573730e-01
9.394987821578979492e-01
8.416450023651123047e-01
9.718956351280212402e-01
6.873905658721923828e-01
6.728711724281311035e-01
8.916943669319152832e-01
9.515653252601623535e-01
6.132868528366088867e-01
8.707067370414733887e-01
8.262003064155578613e-01
8.647433519363403320e-01
7.399903535842895508e-01
7.054211497306823730e-01
6.749218106269836426e-01
6.471217870712280273e-01
1.054586768150329590e+00
7.568298578262329102e-01
1.074265003204345703e+00
8.047577142715454102e-01
9.408856630325317383e-01
8.154614567756652832e-01
1.104846596717834473e+00
9.357426166534423828e-01
6.580657958984375000e-01
7.831763029098510742e-01
7.251808047294616699e-01
9.064841270446777344e-01
8.005275726318359375e-01
6.182550191879272461e-01
7.090442180633544922e-01
8.000938892364501953e-01
8.205678462982177734e-01
7.346208691596984863e-01
7.845810055732727051e-01
8.688415288925170898e-01
9.303138256072998047e-01
4.206654727458953857e-01
8.157871961593627930e-01
8.100983500480651855e-01
9.411114454269409180e-01
6.464503407478332520e-01
5.964701175689697266e-01
7.933619618415832520e-01
8.177279233932495117e-01
8.007556796073913574e-01
8.041717410087585449e-01
9.494541287422180176e-01
7.141132354736328125e-01
7.730021476745605469e-01
7.882223725318908691e-01
6.622726321220397949e-01
6.548941135406494141e-01
7.309200167655944824e-01
7.239466905593872070e-01
6.858871579170227051e-01
9.513885974884033203e-01
5.962684154510498047e-01
5.693472623825073242e-01
7.369605898857116699e-01
9.040505886077880859e-01
5.812926292419433594e-01
7.532023191452026367e-01
7.068524360656738281e-01
1.001753568649291992e+00
8.418042063713073730e-01
8.210610151290893555e-01
6.238313317298889160e-01
1.081874728202819824e+00
7.331469655036926270e-01
8.022378087043762207e-01
7.590289115905761719e-01
5.500752925872802734e-01
9.978886842727661133e-01
6.498855948448181152e-01
1.020220041275024414e+00
6.188371181488037109e-01
1.056612133979797363e+00
4.371891617774963379e-01
6.826626658439636230e-01
6.616252064704895020e-01
8.590131998062133789e-01
8.356297612190246582e-01
7.548512816429138184e-01
6.877350807189941406e-01
7.283785343170166016e-01
6.200341582298278809e-01
7.139515280723571777e-01
9.209705591201782227e-01
7.317164540290832520e-01
9.339294433593750000e-01
8.066719174385070801e-01
7.298982143402099609e-01
9.744715690612792969e-01
5.805539488792419434e-01
7.156283259391784668e-01
8.749886155128479004e-01
9.981817007064819336e-01
7.466914057731628418e-01
7.497997283935546875e-01
8.468345403671264648e-01
5.586720108985900879e-01
8.794128298759460449e-01
8.036880493164062500e-01
8.700997233390808105e-01
5.887001752853393555e-01
9.049950838088989258e-01
7.752386927604675293e-01
8.514319658279418945e-01
7.704018950462341309e-01
7.864473462104797363e-01
6.777152419090270996e-01
4.874942600727081299e-01
9.055396318435668945e-01
1.035707950592041016e+00
8.356792926788330078e-01
8.286303877830505371e-01
6.988106966018676758e-01
7.089269161224365234e-01
7.044188380241394043e-01
8.857245445251464844e-01
7.351695299148559570e-01
7.061494588851928711e-01
5.078849792480468750e-01
5.955612659454345703e-01
6.718743443489074707e-01
6.013413071632385254e-01
9.619536399841308594e-01
8.726235628128051758e-01
6.971704363822937012e-01
7.817642688751220703e-01
5.398057699203491211e-01
7.812167406082153320e-01
6.872186660766601562e-01
8.923031687736511230e-01
7.624451518058776855e-01
7.112444639205932617e-01
7.118826508522033691e-01
6.245158910751342773e-01
6.945405602455139160e-01
9.257417321205139160e-01
7.850192189216613770e-01
6.677957773208618164e-01
6.868990659713745117e-01
8.358851671218872070e-01
8.475450873374938965e-01
6.116299033164978027e-01
7.017539739608764648e-01
5.168264508247375488e-01
1.014889240264892578e+00
1.049557566642761230e+00
6.862840056419372559e-01
6.586766242980957031e-01
7.480853199958801270e-01
7.874474525451660156e-01
8.386921882629394531e-01
1.106677651405334473e+00
1.001443862915039062e+00
6.517607569694519043e-01
8.489931821823120117e-01
6.796283125877380371e-01
6.826693415641784668e-01
6.860985159873962402e-01
7.783522605895996094e-01
6.596770286560058594e-01
6.898631453514099121e-01
1.053903579711914062e+00
9.161700010299682617e-01
8.134455084800720215e-01
6.661902666091918945e-01
6.490790843963623047e-01
9.697179794311523438e-01
8.899755477905273438e-01
7.634875774383544922e-01
7.209746837615966797e-01
7.916862964630126953e-01
7.020035982131958008e-01
8.422053456306457520e-01
9.823555946350097656e-01
4.555757939815521240e-01
7.026231288909912109e-01
5.472101569175720215e-01
9.278725385665893555e-01
5.963343381881713867e-01
8.240876197814941406e-01
7.565956115722656250e-01
6.801186800003051758e-01
6.359823942184448242e-01
7.782862782478332520e-01
7.181288599967956543e-01
6.052491068840026855e-01
9.444664716720581055e-01
7.314847707748413086e-01
8.825121521949768066e-01
5.890743136405944824e-01
7.224549651145935059e-01
8.318214416503906250e-01
8.452176451683044434e-01
8.063501715660095215e-01
5.042773485183715820e-01
6.831494569778442383e-01
7.905008196830749512e-01
8.589602112770080566e-01
5.841127038002014160e-01
8.183192014694213867e-01
7.697483301162719727e-01
6.905787587165832520e-01
6.621854305267333984e-01
7.962019443511962891e-01
6.057418584823608398e-01
8.023723363876342773e-01
6.863188743591308594e-01
6.641196012496948242e-01
4.529471397399902344e-01
6.291676163673400879e-01
6.483886837959289551e-01
8.549747467041015625e-01
5.967746376991271973e-01
8.196163773536682129e-01
7.406079769134521484e-01
6.329110860824584961e-01
7.954986691474914551e-01
5.541203618049621582e-01
5.333951711654663086e-01
7.204610109329223633e-01
7.720631957054138184e-01
7.160935401916503906e-01
6.035500168800354004e-01
7.841261029243469238e-01
8.339847326278686523e-01
8.428678512573242188e-01
7.765584588050842285e-01
6.915622949600219727e-01
7.433783411979675293e-01
6.314259171485900879e-01
7.525764107704162598e-01
6.800336837768554688e-01
5.467645525932312012e-01
4.167039096355438232e-01
6.033888459205627441e-01
6.419917345046997070e-01
8.406767845153808594e-01
6.639698147773742676e-01
6.702983975410461426e-01
5.958464741706848145e-01
7.975904941558837891e-01
6.369876861572265625e-01
1.200554609298706055e+00
7.622475624084472656e-01
6.548920869827270508e-01
6.719311475753784180e-01
8.593806028366088867e-01
1.013174772262573242e+00
6.234392523765563965e-01
8.294159173965454102e-01
7.272501587867736816e-01
7.031545042991638184e-01
5.613620877265930176e-01
7.548881173133850098e-01
7.862974405288696289e-01
7.148816585540771484e-01
7.289920449256896973e-01
7.457708120346069336e-01
6.959185004234313965e-01
8.215010762214660645e-01
9.809513092041015625e-01
9.446671605110168457e-01
6.562632918357849121e-01
6.152641177177429199e-01
8.269126415252685547e-01
7.015537023544311523e-01
6.981434226036071777e-01
1.165763974189758301e+00
8.906633257865905762e-01
8.375039696693420410e-01
6.998070478439331055e-01
5.569904446601867676e-01
6.290442347526550293e-01
7.423172593116760254e-01
5.351044535636901855e-01
5.535328388214111328e-01
7.218555212020874023e-01
5.083348751068115234e-01
6.260142922401428223e-01
5.299196243286132812e-01
6.629300117492675781e-01
1.103538513183593750e+00
7.682191133499145508e-01
8.364872932434082031e-01
6.597571372985839844e-01
5.196852684020996094e-01
6.155925989151000977e-01
8.193146586418151855e-01
7.627101540565490723e-01
6.343377232551574707e-01
7.814090847969055176e-01
7.356989383697509766e-01
8.265760540962219238e-01
6.608927845954895020e-01
5.628424882888793945e-01
8.527975082397460938e-01
9.759484529495239258e-01
5.963234305381774902e-01
5.528761148452758789e-01
6.588760018348693848e-01
8.029386997222900391e-01
9.753775000572204590e-01
7.214584350585937500e-01
6.994331479072570801e-01
7.206797003746032715e-01
8.256262540817260742e-01
6.908753514289855957e-01
7.317192554473876953e-01
9.909893870353698730e-01
7.046251296997070312e-01
6.126141548156738281e-01
7.650369405746459961e-01
5.464598536491394043e-01
7.731294631958007812e-01
5.800216794013977051e-01
6.800617575645446777e-01
4.904562532901763916e-01
8.055337667465209961e-01
6.659625172615051270e-01
7.257865071296691895e-01
5.412595868110656738e-01
9.447967410087585449e-01
7.474185824394226074e-01
7.053497433662414551e-01
6.571786999702453613e-01
5.782132744789123535e-01
7.789749503135681152e-01
8.984681963920593262e-01
7.833428382873535156e-01
6.796614527702331543e-01
7.520471811294555664e-01
7.833341956138610840e-01
7.175410985946655273e-01
7.363719344139099121e-01
7.765913009643554688e-01
7.325866818428039551e-01
8.572119474411010742e-01
8.800974488258361816e-01
6.064700484275817871e-01
7.725610733032226562e-01
8.332020044326782227e-01
7.162824273109436035e-01
7.887117862701416016e-01
7.054783701896667480e-01
5.959812402725219727e-01
9.281057715415954590e-01
7.638639211654663086e-01
6.451970338821411133e-01
7.716774344444274902e-01
8.467738628387451172e-01
5.382153987884521484e-01
5.867289304733276367e-01
6.157721281051635742e-01
6.360336542129516602e-01
6.938065290451049805e-01
1.455264091491699219e+00
6.075410246849060059e-01
5.473625659942626953e-01
5.366465449333190918e-01
6.444626450538635254e-01
7.117225527763366699e-01
4.667780697345733643e-01
5.951884388923645020e-01
7.318835258483886719e-01
6.603773832321166992e-01
6.617321372032165527e-01
7.981217503547668457e-01
3.993456363677978516e-01
7.006449103355407715e-01
6.015585660934448242e-01
6.536009907722473145e-01
5.323837995529174805e-01
5.312691330909729004e-01
5.607795119285583496e-01
8.161572217941284180e-01
6.101593971252441406e-01
7.488213181495666504e-01
6.068906188011169434e-01
5.846940875053405762e-01
7.402288317680358887e-01
7.238315343856811523e-01
4.527614414691925049e-01
5.654016733169555664e-01
7.770115137100219727e-01
7.817831039428710938e-01
4.400118589401245117e-01
4.912961125373840332e-01
6.135390400886535645e-01
5.528445839881896973e-01
3.786448836326599121e-01
6.332033276557922363e-01
6.491568684577941895e-01
6.394289135932922363e-01
5.874910950660705566e-01
8.467070460319519043e-01
6.851601600646972656e-01
5.438797473907470703e-01
5.909276604652404785e-01
1.027717232704162598e+00
6.235901117324829102e-01
8.137521147727966309e-01
5.818087458610534668e-01
6.175410151481628418e-01
7.511644959449768066e-01
5.858340859413146973e-01
5.851720571517944336e-01
5.811605453491210938e-01
5.415096282958984375e-01
5.409070849418640137e-01
4.691414237022399902e-01
5.897321701049804688e-01
6.349472403526306152e-01
9.569477438926696777e-01
8.494038581848144531e-01
6.685988903045654297e-01
6.508832573890686035e-01
6.369563341140747070e-01
6.109433174133300781e-01
7.479981184005737305e-01
4.863054752349853516e-01
5.956574678421020508e-01
3.945745229721069336e-01
4.158957898616790771e-01
6.759204864501953125e-01
6.470477581024169922e-01
4.753334820270538330e-01
3.907780647277832031e-01
4.721510708332061768e-01
7.213115096092224121e-01
6.180385947227478027e-01
5.578976273536682129e-01
5.297680497169494629e-01
5.463210344314575195e-01
5.811128616333007812e-01
5.732780694961547852e-01
4.705321490764617920e-01
6.485833525657653809e-01
6.558914184570312500e-01
6.165507435798645020e-01
5.490366816520690918e-01
6.167454719543457031e-01
6.402823925018310547e-01
4.690515697002410889e-01
4.456781148910522461e-01
4.842820763587951660e-01
6.176896691322326660e-01
7.463725805282592773e-01
8.270214796066284180e-01
6.017631292343139648e-01
5.857824087142944336e-01
5.175361633300781250e-01
1.017398953437805176e+00
5.593410134315490723e-01
4.244202077388763428e-01
7.190236449241638184e-01
6.596533656120300293e-01
6.341803669929504395e-01
4.724837541580200195e-01
5.565562844276428223e-01
5.857363343238830566e-01
4.752485454082489014e-01
7.006771564483642578e-01
3.402774035930633545e-01
4.849578440189361572e-01
7.339054942131042480e-01
6.912716627120971680e-01
7.686325311660766602e-01
6.662135124206542969e-01
5.010284185409545898e-01
4.902704954147338867e-01
5.688884258270263672e-01
5.629791617393493652e-01
5.023649930953979492e-01
8.353923559188842773e-01
5.923485159873962402e-01
6.261702775955200195e-01
6.827333569526672363e-01
6.536400914192199707e-01
7.785801887512207031e-01
6.168797612190246582e-01
6.619153618812561035e-01
4.877384901046752930e-01
4.664350748062133789e-01
6.786548495292663574e-01
4.909283518791198730e-01
4.475370943546295166e-01
7.094204425811767578e-01
7.485493421554565430e-01
5.002845525741577148e-01
5.135526061058044434e-01
5.114179849624633789e-01
7.407170534133911133e-01
5.050453543663024902e-01
7.439347505569458008e-01
4.412379860877990723e-01
5.859463810920715332e-01
5.523746013641357422e-01
6.325844526290893555e-01
5.899384617805480957e-01
6.277740001678466797e-01
5.827429294586181641e-01
7.130725383758544922e-01
6.220267415046691895e-01
5.668304562568664551e-01
6.703169345855712891e-01
6.790602207183837891e-01
4.483903348445892334e-01
5.205061435699462891e-01
5.275757312774658203e-01
7.562884688377380371e-01
4.036836028099060059e-01
5.900174379348754883e-01
4.125526547431945801e-01
6.899560689926147461e-01
5.298488140106201172e-01
6.959972977638244629e-01
6.279575824737548828e-01
6.550074219703674316e-01
5.983959436416625977e-01
5.952205061912536621e-01
5.641945004463195801e-01
6.007057428359985352e-01
4.225497543811798096e-01
7.140612006187438965e-01
4.410349130630493164e-01
5.453703999519348145e-01
7.425706982612609863e-01
4.282777011394500732e-01
7.009970545768737793e-01
6.314827203750610352e-01
4.977077543735504150e-01
5.820084810256958008e-01
6.176710128784179688e-01
1.029190540313720703e+00
8.763997554779052734e-01
5.833638310432434082e-01
7.448883056640625000e-01
8.005816936492919922e-01
7.273746728897094727e-01
7.241867184638977051e-01
3.316472470760345459e-01
6.407645344734191895e-01
5.745189189910888672e-01
6.276114583015441895e-01
7.886883020401000977e-01
7.814739346504211426e-01
4.769158065319061279e-01
5.055952072143554688e-01
9.077786207199096680e-01
4.700855612754821777e-01
3.768045306205749512e-01
6.538432240486145020e-01
6.782791614532470703e-01
7.570629119873046875e-01
5.735961198806762695e-01
5.466541051864624023e-01
6.910002231597900391e-01
6.422253251075744629e-01
8.365116715431213379e-01
7.564258575439453125e-01
6.837119460105895996e-01
4.910818636417388916e-01
7.793053388595581055e-01
5.582323074340820312e-01
9.285295605659484863e-01
6.452620029449462891e-01
6.109786629676818848e-01
5.060821175575256348e-01
6.923642754554748535e-01
8.080147504806518555e-01
5.820990800857543945e-01
7.582374215126037598e-01
8.497700691223144531e-01
7.522444128990173340e-01
6.695346236228942871e-01
5.214855074882507324e-01
4.789643883705139160e-01
4.919808804988861084e-01
5.617848038673400879e-01
6.092713475227355957e-01
6.154751181602478027e-01
8.650193810462951660e-01
1.026950478553771973e+00
8.652980327606201172e-01
6.372838020324707031e-01
5.699338912963867188e-01
6.011859774589538574e-01
7.155058979988098145e-01
7.542514801025390625e-01
5.813910365104675293e-01
7.124092578887939453e-01
4.522588253021240234e-01
6.965451836585998535e-01
5.802435278892517090e-01
5.822569727897644043e-01
7.303027510643005371e-01
8.753340840339660645e-01
7.486019730567932129e-01
5.483679175376892090e-01
5.120374560356140137e-01
5.380597114562988281e-01
7.923024296760559082e-01
7.475306987762451172e-01
6.400960683822631836e-01
6.920232772827148438e-01
6.923296451568603516e-01
5.999745726585388184e-01
6.493449211120605469e-01
6.662416458129882812e-01
8.649166226387023926e-01
5.204641819000244141e-01
5.138618946075439453e-01
6.550449728965759277e-01
5.389683246612548828e-01
5.685737133026123047e-01
4.890232682228088379e-01
4.771633744239807129e-01
3.999489545822143555e-01
7.004399299621582031e-01
6.935283541679382324e-01
5.932010412216186523e-01
5.407221317291259766e-01
7.429699301719665527e-01
6.462450623512268066e-01
4.867755770683288574e-01
7.671036720275878906e-01
5.160986185073852539e-01
7.445752620697021484e-01
7.623825073242187500e-01
6.393473744392395020e-01
4.245914816856384277e-01
5.052712559700012207e-01
7.243621945381164551e-01
6.313850879669189453e-01
6.427778005599975586e-01
4.861822128295898438e-01
4.871800839900970459e-01
6.287865042686462402e-01
6.414750814437866211e-01
6.649261713027954102e-01
6.590002775192260742e-01
1.061314940452575684e+00
4.761085808277130127e-01
4.521028697490692139e-01
3.940063714981079102e-01
4.507824480533599854e-01
5.776918530464172363e-01
4.744774103164672852e-01
7.603283524513244629e-01
6.434411406517028809e-01
5.349982976913452148e-01
8.206679224967956543e-01
4.782846570014953613e-01
6.664227843284606934e-01
7.519855499267578125e-01
6.372916698455810547e-01
5.936107635498046875e-01
6.813809871673583984e-01
7.014095187187194824e-01
5.913692712783813477e-01
4.292421638965606689e-01
5.914586186408996582e-01
7.530130743980407715e-01
7.426629662513732910e-01
9.337028264999389648e-01
5.745446681976318359e-01
6.519567370414733887e-01
4.302124083042144775e-01
5.241788625717163086e-01
5.658442378044128418e-01
5.521510243415832520e-01
3.771729767322540283e-01
5.306485891342163086e-01
6.002131700515747070e-01
6.140568852424621582e-01
9.237703680992126465e-01
7.246751785278320312e-01
6.655835509300231934e-01
5.660535097122192383e-01
7.461763024330139160e-01
6.793732643127441406e-01
7.467964291572570801e-01
6.904841661453247070e-01
6.743038892745971680e-01
4.434050321578979492e-01
6.356338858604431152e-01
3.930353224277496338e-01
6.190586686134338379e-01
8.329414725303649902e-01
7.072951793670654297e-01
5.835763812065124512e-01
5.469056963920593262e-01
5.610001683235168457e-01
1.011278867721557617e+00
7.915619611740112305e-01
8.248963356018066406e-01
6.761996746063232422e-01
6.155310273170471191e-01
4.913880228996276855e-01
5.553632378578186035e-01
4.448472559452056885e-01
7.740715742111206055e-01
7.255889177322387695e-01
4.425146579742431641e-01
4.357353150844573975e-01
6.256157159805297852e-01
4.533235430717468262e-01
6.678102612495422363e-01
8.840523362159729004e-01
6.032307147979736328e-01
5.915592312812805176e-01
6.878035068511962891e-01
3.809688985347747803e-01
5.303938984870910645e-01
8.071165084838867188e-01
6.038126945495605469e-01
4.047587811946868896e-01
7.843203544616699219e-01
5.811322927474975586e-01
6.786493062973022461e-01
4.454055428504943848e-01
6.555099487304687500e-01
4.785071611404418945e-01
7.109549045562744141e-01
7.800710797309875488e-01
6.208062767982482910e-01
9.435349106788635254e-01
6.308048367500305176e-01
3.759339153766632080e-01
5.458953380584716797e-01
6.450507044792175293e-01
5.656148791313171387e-01
8.345471620559692383e-01
9.207953810691833496e-01
7.628953456878662109e-01
4.734779298305511475e-01
6.919190883636474609e-01
6.612960100173950195e-01
8.640633821487426758e-01
7.554420828819274902e-01
5.812568664550781250e-01
6.344922184944152832e-01
6.337369084358215332e-01
5.632211565971374512e-01
7.193090915679931641e-01
6.285361051559448242e-01
8.714395165443420410e-01
7.745862603187561035e-01
5.340293049812316895e-01
6.445258259773254395e-01
5.191190242767333984e-01
6.026113033294677734e-01
5.828981399536132812e-01
7.623805999755859375e-01
9.958015084266662598e-01
5.265514850616455078e-01
4.186877608299255371e-01
3.647415935993194580e-01
5.512683987617492676e-01
5.697696805000305176e-01
4.374769926071166992e-01
5.568590760231018066e-01
5.449264645576477051e-01
6.548590660095214844e-01
6.542050838470458984e-01
6.444440484046936035e-01
6.782322525978088379e-01
5.991751551628112793e-01
8.505397439002990723e-01
7.218452095985412598e-01
4.763877391815185547e-01
5.684294700622558594e-01
7.925068140029907227e-01
7.785921096801757812e-01
6.043407917022705078e-01
3.477363586425781250e-01
6.015896201133728027e-01
7.780162692070007324e-01
7.437459826469421387e-01
5.024587512016296387e-01
4.812222719192504883e-01
9.485437273979187012e-01
5.582073926925659180e-01
5.140085816383361816e-01
6.779665946960449219e-01
7.333729863166809082e-01
7.584929466247558594e-01
7.190598249435424805e-01
5.664255023002624512e-01
4.275651872158050537e-01
6.521236896514892578e-01
6.354346871376037598e-01
4.814740419387817383e-01
3.011923134326934814e-01
6.073971390724182129e-01
7.736262679100036621e-01
8.680593967437744141e-01
5.296725630760192871e-01
4.975796639919281006e-01
5.644944310188293457e-01
8.396828174591064453e-01
5.178738832473754883e-01
6.990281939506530762e-01
5.455073714256286621e-01
6.542610526084899902e-01
6.257975697517395020e-01
4.903030097484588623e-01
5.911197662353515625e-01
8.000568151473999023e-01
6.323486566543579102e-01
7.406534552574157715e-01
7.053769230842590332e-01
3.944429457187652588e-01
7.342999577522277832e-01
7.611699104309082031e-01
5.794439911842346191e-01
3.294120132923126221e-01
4.936487078666687012e-01
6.453822851181030273e-01
8.192471861839294434e-01
6.039195656776428223e-01
6.385657191276550293e-01
4.469180107116699219e-01
6.912245750427246094e-01
5.088216662406921387e-01
7.395931482315063477e-01
5.569260120391845703e-01
6.348642110824584961e-01
7.121072411537170410e-01
4.659093320369720459e-01
6.715373396873474121e-01
6.194791197776794434e-01
5.997291803359985352e-01
5.749464631080627441e-01
5.978844761848449707e-01
5.944222211837768555e-01
6.540621519088745117e-01
5.821446776390075684e-01
6.020537614822387695e-01
8.229354619979858398e-01
8.134725689888000488e-01
6.504443287849426270e-01
6.696431636810302734e-01
5.107171535491943359e-01
4.491764605045318604e-01
7.256251573562622070e-01
6.786334514617919922e-01
6.467772722244262695e-01
6.054818630218505859e-01
3.968643248081207275e-01
4.338237941265106201e-01
4.772960543632507324e-01
6.483246684074401855e-01
5.271477103233337402e-01
5.583326220512390137e-01
8.128432035446166992e-01
7.593569755554199219e-01
6.688833832740783691e-01
6.361997723579406738e-01
7.726637125015258789e-01
6.947271823883056641e-01
4.666436314582824707e-01
5.426148176193237305e-01
5.665742158889770508e-01
5.699975490570068359e-01
4.696301817893981934e-01
4.867729544639587402e-01
5.789622664451599121e-01
5.825428962707519531e-01
6.042439937591552734e-01
4.729559123516082764e-01
6.724724173545837402e-01
7.689872980117797852e-01
7.356288433074951172e-01
6.149269342422485352e-01
7.422208189964294434e-01
6.773959398269653320e-01
4.121613800525665283e-01
6.045893430709838867e-01
5.982043743133544922e-01
7.583545446395874023e-01
4.846847355365753174e-01
5.202764272689819336e-01
5.194457769393920898e-01
6.298338174819946289e-01
4.284052252769470215e-01
4.919716417789459229e-01
6.250925660133361816e-01
6.851788759231567383e-01
6.477556228637695312e-01
7.139902114868164062e-01
5.600150227546691895e-01
8.018583655357360840e-01
4.841925203800201416e-01
6.529445052146911621e-01
7.144984006881713867e-01
6.172508001327514648e-01
4.983711540699005127e-01
7.453146576881408691e-01
4.019613564014434814e-01
5.243558287620544434e-01
4.752456247806549072e-01
8.410200476646423340e-01
6.231319904327392578e-01
6.197901368141174316e-01
5.507377982139587402e-01
6.486300230026245117e-01
6.732129454612731934e-01
5.461084246635437012e-01
7.821193933486938477e-01
6.468024849891662598e-01
6.104487180709838867e-01
5.906825661659240723e-01
8.576300740242004395e-01
6.389128565788269043e-01
7.555422186851501465e-01
7.323676943778991699e-01
4.241345822811126709e-01
5.489975810050964355e-01
4.995524883270263672e-01
5.703076720237731934e-01
7.054795622825622559e-01
8.696839213371276855e-01
5.834544301033020020e-01
9.913964271545410156e-01
5.792607665061950684e-01
5.368679761886596680e-01
4.869256019592285156e-01
4.949649274349212646e-01
6.242261528968811035e-01
6.400572657585144043e-01
4.382124245166778564e-01
4.145089983940124512e-01
5.586246252059936523e-01
6.714189052581787109e-01
7.122833728790283203e-01
6.359970569610595703e-01
6.352278590202331543e-01
5.664799213409423828e-01
7.254379391670227051e-01
6.492300629615783691e-01
5.734192132949829102e-01
6.852712631225585938e-01
6.960985660552978516e-01
3.808597624301910400e-01
5.456475019454956055e-01
4.277074635028839111e-01
6.263996958732604980e-01
6.505346894264221191e-01
6.344130635261535645e-01
6.173983812332153320e-01
4.212775528430938721e-01
6.487927436828613281e-01
5.872716307640075684e-01
5.740650296211242676e-01
7.180969715118408203e-01
6.248111128807067871e-01
4.791322946548461914e-01
5.000059604644775391e-01
4.290886521339416504e-01
4.925349652767181396e-01
6.410533189773559570e-01
6.170744299888610840e-01
5.158724784851074219e-01
9.066373705863952637e-01
9.823669195175170898e-01
5.760877728462219238e-01
3.968725204467773438e-01
5.712504386901855469e-01
5.634826421737670898e-01
5.512558817863464355e-01
4.238202273845672607e-01
6.933526992797851562e-01
6.125870347023010254e-01
7.177928686141967773e-01
6.669087409973144531e-01
5.701904892921447754e-01
4.902884066104888916e-01
5.363273620605468750e-01
7.114391922950744629e-01
6.378013491630554199e-01
5.108026862144470215e-01
5.670465230941772461e-01
5.604616999626159668e-01
5.927788615226745605e-01
9.451913237571716309e-01
6.266648769378662109e-01
5.765056610107421875e-01
5.872827768325805664e-01
7.255327701568603516e-01
4.161398708820343018e-01
4.495160281658172607e-01
3.466777205467224121e-01
4.214772582054138184e-01
7.383724451065063477e-01
4.595771431922912598e-01
7.092532515525817871e-01
7.166227102279663086e-01
5.428564548492431641e-01
5.233978629112243652e-01
3.762363195419311523e-01
4.954839348793029785e-01
6.340778470039367676e-01
6.378697752952575684e-01
4.366578161716461182e-01
6.252334713935852051e-01
7.038815617561340332e-01
5.575551986694335938e-01
5.991492867469787598e-01
5.913091301918029785e-01
7.492926716804504395e-01
4.131558239459991455e-01
6.385554075241088867e-01
6.048714518547058105e-01
5.937636494636535645e-01
3.983235955238342285e-01
5.038596391677856445e-01
6.668058037757873535e-01
6.702094078063964844e-01
7.531648278236389160e-01
5.079138875007629395e-01
7.542037367820739746e-01
5.920737981796264648e-01
7.067962288856506348e-01
3.836661279201507568e-01
7.139932513236999512e-01
4.939099252223968506e-01
6.381475925445556641e-01
6.001849770545959473e-01
6.234288811683654785e-01
3.479102849960327148e-01
6.062840223312377930e-01
5.657253265380859375e-01
5.770890712738037109e-01
5.407152175903320312e-01
7.086402177810668945e-01
4.058980643749237061e-01
5.174356102943420410e-01
5.564763545989990234e-01
6.377927660942077637e-01
4.058344364166259766e-01
6.023581027984619141e-01
5.495410561561584473e-01
6.350889205932617188e-01
5.215000510215759277e-01
6.174534559249877930e-01
8.397848606109619141e-01
2.544087767601013184e-01
6.864836215972900391e-01
5.718554258346557617e-01
7.856277227401733398e-01
4.999778568744659424e-01
4.646708965301513672e-01
7.349031567573547363e-01
5.033758282661437988e-01
7.379595041275024414e-01
6.439179182052612305e-01
5.337120890617370605e-01
4.156927168369293213e-01
7.644900083541870117e-01
6.428709626197814941e-01
6.581256985664367676e-01
6.266353726387023926e-01
5.058867931365966797e-01
7.012223005294799805e-01
4.396067857742309570e-01
6.254604458808898926e-01
6.487195491790771484e-01
6.790290474891662598e-01
7.306998372077941895e-01
4.559416770935058594e-01
6.986362338066101074e-01
5.425261259078979492e-01
6.450934410095214844e-01
4.761350750923156738e-01
8.457194566726684570e-01
4.872722029685974121e-01
7.606732845306396484e-01
6.695456504821777344e-01
5.309829115867614746e-01
5.417236089706420898e-01
5.460177659988403320e-01
5.912857055664062500e-01
4.836281239986419678e-01
5.273622870445251465e-01
5.067815780639648438e-01
5.602722764015197754e-01
7.492674589157104492e-01
6.817516684532165527e-01
6.611426472663879395e-01
7.509374618530273438e-01
8.127644658088684082e-01
6.352331042289733887e-01
6.104398965835571289e-01
6.241417527198791504e-01
4.454756677150726318e-01
6.509047150611877441e-01
7.787962555885314941e-01
4.416873157024383545e-01
6.501444578170776367e-01
5.088440179824829102e-01
4.954603910446166992e-01
8.224910497665405273e-01
5.967373251914978027e-01
3.805221319198608398e-01
6.488630771636962891e-01
4.431840479373931885e-01
7.150505781173706055e-01
5.428839325904846191e-01
7.661187648773193359e-01
5.665393471717834473e-01
5.270619988441467285e-01
6.065675616264343262e-01
6.136008501052856445e-01
6.811560988426208496e-01
5.325288176536560059e-01
5.714148283004760742e-01
5.388581752777099609e-01
5.245230793952941895e-01
5.470918416976928711e-01
6.738612055778503418e-01
6.125804781913757324e-01
4.650159180164337158e-01
8.896105885505676270e-01
6.035618185997009277e-01
3.489533960819244385e-01
4.793832302093505859e-01
7.130411267280578613e-01
5.484793186187744141e-01
7.557978630065917969e-01
3.844452500343322754e-01
8.155702948570251465e-01
5.224894881248474121e-01
3.784826695919036865e-01
4.814189672470092773e-01
6.032500863075256348e-01
7.085686326026916504e-01
7.427114844322204590e-01
3.917461335659027100e-01
5.240796208381652832e-01
4.992134869098663330e-01
6.182576417922973633e-01
5.013815164566040039e-01
5.129731297492980957e-01
3.979811668395996094e-01
4.800598323345184326e-01
5.082061886787414551e-01
4.596402049064636230e-01
5.067550539970397949e-01
6.642589569091796875e-01
6.629935503005981445e-01
6.097906231880187988e-01
5.221800804138183594e-01
6.791651844978332520e-01
4.067931175231933594e-01
4.540693163871765137e-01
4.315199851989746094e-01
6.973001956939697266e-01
5.019724965095520020e-01
4.696099162101745605e-01
5.407841205596923828e-01
4.620669782161712646e-01
4.239996373653411865e-01
4.974484145641326904e-01
4.614780843257904053e-01
6.015602350234985352e-01
3.913249671459197998e-01
3.626800775527954102e-01
4.068893194198608398e-01
5.246967673301696777e-01
3.663035035133361816e-01
5.940720438957214355e-01
4.145780503749847412e-01
3.340391814708709717e-01
4.075166881084442139e-01
5.255058407783508301e-01
3.454670906066894531e-01
4.048493206501007080e-01
5.135844349861145020e-01
3.665806949138641357e-01
4.181963205337524414e-01
4.466144144535064697e-01
3.419504463672637939e-01
4.284630715847015381e-01
4.163117408752441406e-01
3.822656869888305664e-01
5.657117366790771484e-01
6.787107586860656738e-01
6.398769617080688477e-01
2.617654800415039062e-01
6.614205241203308105e-01
5.452768802642822266e-01
4.462258517742156982e-01
5.084136724472045898e-01
5.877138972282409668e-01
5.851150155067443848e-01
4.237478971481323242e-01
4.634250402450561523e-01
3.632616102695465088e-01
3.825228512287139893e-01
3.449910581111907959e-01
5.418032407760620117e-01
5.723292827606201172e-01
4.682261943817138672e-01
4.573937058448791504e-01
4.031677544116973877e-01
3.142815828323364258e-01
5.854690670967102051e-01
6.248489618301391602e-01
4.847068190574645996e-01
2.994547784328460693e-01
4.792287945747375488e-01
2.331850081682205200e-01
4.499166607856750488e-01
4.592477381229400635e-01
4.027942717075347900e-01
4.727854132652282715e-01
4.483822882175445557e-01
5.145800113677978516e-01
5.163486003875732422e-01
4.996315836906433105e-01
4.600235819816589355e-01
7.716652750968933105e-01
4.795977473258972168e-01
4.556959867477416992e-01
5.910989046096801758e-01
7.619838118553161621e-01
5.902829766273498535e-01
4.084689617156982422e-01
7.014214396476745605e-01
2.547476887702941895e-01
4.509149789810180664e-01
7.118854522705078125e-01
5.868011116981506348e-01
5.074432492256164551e-01
6.746121644973754883e-01
4.501191973686218262e-01
6.420805454254150391e-01
3.525607883930206299e-01
7.637904286384582520e-01
5.109472870826721191e-01
4.016893506050109863e-01
5.801618099212646484e-01
8.801554441452026367e-01
6.215606927871704102e-01
7.243421673774719238e-01
5.347844362258911133e-01
5.364338159561157227e-01
3.896330595016479492e-01
5.963528752326965332e-01
5.487114191055297852e-01
5.953478217124938965e-01
4.028930366039276123e-01
6.366355419158935547e-01
4.383283555507659912e-01
5.172206759452819824e-01
4.523425996303558350e-01
4.324198067188262939e-01
6.790744662284851074e-01
4.524679481983184814e-01
8.060985803604125977e-01
3.430686891078948975e-01
5.537356138229370117e-01
5.800950527191162109e-01
5.144343376159667969e-01
4.983342587947845459e-01
6.271955370903015137e-01
4.408447742462158203e-01
6.283789873123168945e-01
7.044956088066101074e-01
8.029652833938598633e-01
5.046451687812805176e-01
4.367734491825103760e-01
5.409424901008605957e-01
6.752088665962219238e-01
4.705460071563720703e-01
4.316605925559997559e-01
6.068090200424194336e-01
4.711473882198333740e-01
4.152333140373229980e-01
5.309774279594421387e-01
6.977195143699645996e-01
3.981567621231079102e-01
6.979184746742248535e-01
4.239974617958068848e-01
4.526731073856353760e-01
3.962545990943908691e-01
5.188586711883544922e-01
5.335500240325927734e-01
3.710825443267822266e-01
4.997673034667968750e-01
6.373863816261291504e-01
2.798941731452941895e-01
4.638186097145080566e-01
4.448705613613128662e-01
4.111483395099639893e-01
4.169839024543762207e-01
5.287716388702392578e-01
4.402316212654113770e-01
5.368376970291137695e-01
4.316625297069549561e-01
4.307911098003387451e-01
5.928778648376464844e-01
6.233263015747070312e-01
6.437502503395080566e-01
4.386645555496215820e-01
5.615214705467224121e-01
6.075764298439025879e-01
2.634763717651367188e-01
3.401266336441040039e-01
4.663455188274383545e-01
5.066117644309997559e-01
6.263533830642700195e-01
4.405503869056701660e-01
4.371512532234191895e-01
3.891141712665557861e-01
2.668761014938354492e-01
3.363480567932128906e-01
6.070630550384521484e-01
5.969651341438293457e-01
3.575253784656524658e-01
5.672591328620910645e-01
6.180905103683471680e-01
3.760495483875274658e-01
4.490382373332977295e-01
5.037753582000732422e-01
6.052070260047912598e-01
5.398857593536376953e-01
5.023841857910156250e-01
5.224784016609191895e-01
3.212817311286926270e-01
5.319456458091735840e-01
6.412171721458435059e-01
3.973934948444366455e-01
6.307732462882995605e-01
6.193210482597351074e-01
5.713288187980651855e-01
4.354874193668365479e-01
4.530634880065917969e-01
4.526680707931518555e-01
6.793859004974365234e-01
5.849108695983886719e-01
3.024448752403259277e-01
6.947108507156372070e-01
4.207247495651245117e-01
6.479243636131286621e-01
4.271375536918640137e-01
3.061347305774688721e-01
4.073345363140106201e-01
4.075216650962829590e-01
4.266168177127838135e-01
4.412603378295898438e-01
6.519070267677307129e-01
5.823295712471008301e-01
4.875957667827606201e-01
3.716646432876586914e-01
3.938573002815246582e-01
4.031344056129455566e-01
5.514548420906066895e-01
2.056578546762466431e-01
7.633305191993713379e-01
4.210067391395568848e-01
6.327622532844543457e-01
4.841439127922058105e-01
5.500259399414062500e-01
5.317704081535339355e-01
3.971522450447082520e-01
5.503413677215576172e-01
4.544840753078460693e-01
5.243428945541381836e-01
5.562986135482788086e-01
4.299792051315307617e-01
3.666819632053375244e-01
3.815879523754119873e-01
3.663328588008880615e-01
4.337768256664276123e-01
4.135586321353912354e-01
4.615113437175750732e-01
4.832881987094879150e-01
5.082664489746093750e-01
5.134388804435729980e-01
6.096776723861694336e-01
4.983935058116912842e-01
5.257605910301208496e-01
3.326408267021179199e-01
5.461979508399963379e-01
6.768006086349487305e-01
3.774902224540710449e-01
5.366517305374145508e-01
4.501421153545379639e-01
4.635421633720397949e-01
3.276317715644836426e-01
5.465416312217712402e-01
5.107935070991516113e-01
5.296168327331542969e-01
5.007724761962890625e-01
5.783679485321044922e-01
4.167184829711914062e-01
3.573311865329742432e-01
2.941678166389465332e-01
5.864337086677551270e-01
5.108894705772399902e-01
3.975003957748413086e-01
3.716724514961242676e-01
4.353865981101989746e-01
4.783800542354583740e-01
3.225249946117401123e-01
3.723972439765930176e-01
4.081402420997619629e-01
3.552878201007843018e-01
5.915054678916931152e-01
2.229414582252502441e-01
4.468363225460052490e-01
3.929168879985809326e-01
4.698200821876525879e-01
6.208406686782836914e-01
3.267763555049896240e-01
6.988162398338317871e-01
5.820243358612060547e-01
5.575922131538391113e-01
3.253436684608459473e-01
3.252545297145843506e-01
5.001970529556274414e-01
4.124165475368499756e-01
3.936146199703216553e-01
5.117585659027099609e-01
4.543771743774414062e-01
4.528263509273529053e-01
4.569144845008850098e-01
5.045751929283142090e-01
6.226583719253540039e-01
6.300484538078308105e-01
4.978616535663604736e-01
6.286858320236206055e-01
4.328386783599853516e-01
4.243281483650207520e-01
3.489916026592254639e-01
5.803741216659545898e-01
5.350818634033203125e-01
4.446061551570892334e-01
3.452559113502502441e-01
5.675270557403564453e-01
3.579054176807403564e-01
4.443104267120361328e-01
5.800972580909729004e-01
3.298582732677459717e-01
6.498438119888305664e-01
7.770943045616149902e-01
7.018766999244689941e-01
3.721939325332641602e-01
7.467065453529357910e-01
3.724776804447174072e-01
5.393532514572143555e-01
3.923183679580688477e-01
5.340850949287414551e-01
3.731284737586975098e-01
5.699585080146789551e-01
5.117580294609069824e-01
8.026134371757507324e-01
6.101369857788085938e-01
5.108100175857543945e-01
5.386536717414855957e-01
3.192334771156311035e-01
4.149618148803710938e-01
5.204563736915588379e-01
7.013774514198303223e-01
3.677163720130920410e-01
4.687223136425018311e-01
4.257750213146209717e-01
4.184844791889190674e-01
6.769624352455139160e-01
4.421374797821044922e-01
3.280022442340850830e-01
5.859527587890625000e-01
5.198594927787780762e-01
4.812558293342590332e-01
5.321158766746520996e-01
4.493690729141235352e-01
6.506005525588989258e-01
4.951048791408538818e-01
5.132931470870971680e-01
4.241968691349029541e-01
4.420561492443084717e-01
4.112269580364227295e-01
6.962171196937561035e-01
4.831565618515014648e-01
5.137927532196044922e-01
4.457950592041015625e-01
4.217101335525512695e-01
4.083654284477233887e-01
5.228847265243530273e-01
3.519645333290100098e-01
7.544224262237548828e-01
3.150158822536468506e-01
5.041058659553527832e-01
4.953858256340026855e-01
6.257843375205993652e-01
4.522984921932220459e-01
3.249903917312622070e-01
5.784619450569152832e-01
3.442235589027404785e-01
5.874983668327331543e-01
4.918017387390136719e-01
6.951766610145568848e-01
5.514486432075500488e-01
5.293332934379577637e-01
4.866678118705749512e-01
5.159522891044616699e-01
4.051101505756378174e-01
4.943562448024749756e-01
4.406130909919738770e-01
5.902225971221923828e-01
3.953380882740020752e-01
4.580577909946441650e-01
7.348613739013671875e-01
5.118948221206665039e-01
3.346838653087615967e-01
4.907969236373901367e-01
4.628184735774993896e-01
5.464345216751098633e-01
5.329265594482421875e-01
3.659191429615020752e-01
3.983057141304016113e-01
4.637823998928070068e-01
4.230488836765289307e-01
3.243890702724456787e-01
3.636289834976196289e-01
6.033282876014709473e-01
4.651136696338653564e-01
4.719574153423309326e-01
4.194578230381011963e-01
6.256842017173767090e-01
7.423869967460632324e-01
3.446440100669860840e-01
3.640984594821929932e-01
3.481453061103820801e-01
5.201719999313354492e-01
4.672319293022155762e-01
5.562018156051635742e-01
5.034263730049133301e-01
5.024806857109069824e-01
1.977920830249786377e-01
4.753508269786834717e-01
4.356864392757415771e-01
3.204244673252105713e-01
3.286172449588775635e-01
5.981999635696411133e-01
4.740715622901916504e-01
6.877528429031372070e-01
3.022722601890563965e-01
4.526793062686920166e-01
6.833293437957763672e-01
6.307714581489562988e-01
5.199331045150756836e-01
5.657883882522583008e-01
5.108919739723205566e-01
3.737624287605285645e-01
5.302881598472595215e-01
2.625379860401153564e-01
5.312430858612060547e-01
3.882529139518737793e-01
6.340733766555786133e-01
4.049179553985595703e-01
4.153298735618591309e-01
4.443940520286560059e-01
4.706216156482696533e-01
6.470897793769836426e-01
5.004498362541198730e-01
3.784254491329193115e-01
4.171934127807617188e-01
3.536895215511322021e-01
4.999413490295410156e-01
5.839699506759643555e-01
4.108390808105468750e-01
7.186474204063415527e-01
4.898815751075744629e-01
4.221470057964324951e-01
4.463951885700225830e-01
5.006590485572814941e-01
5.338891744613647461e-01
5.923814773559570312e-01
4.857999980449676514e-01
4.213017225265502930e-01
4.282037019729614258e-01
7.219651937484741211e-01
4.900636672973632812e-01
5.122287869453430176e-01
6.755108833312988281e-01
6.999595165252685547e-01
3.323921561241149902e-01
5.459159016609191895e-01
5.751718282699584961e-01
6.644598841667175293e-01
5.418888926506042480e-01
5.695943236351013184e-01
6.494227051734924316e-01
5.787100791931152344e-01
6.335065364837646484e-01
5.890285968780517578e-01
5.960093140602111816e-01
5.651442408561706543e-01
4.677851498126983643e-01
4.946997463703155518e-01
3.650858104228973389e-01
4.175981879234313965e-01
5.698254108428955078e-01
4.840539693832397461e-01
6.298602223396301270e-01
2.910084724426269531e-01
7.400907278060913086e-01
5.568116903305053711e-01
5.087465047836303711e-01
5.562892556190490723e-01
6.212710738182067871e-01
5.201550126075744629e-01
4.582396745681762695e-01
3.994415402412414551e-01
4.729767739772796631e-01
5.281414985656738281e-01
3.419970870018005371e-01
4.535920023918151855e-01
3.715176880359649658e-01
5.089544653892517090e-01
5.737136006355285645e-01
4.422120749950408936e-01
5.297834277153015137e-01
4.594774842262268066e-01
4.169109761714935303e-01
3.788652420043945312e-01
4.542578458786010742e-01
4.112690389156341553e-01
3.987556397914886475e-01
6.237017512321472168e-01
4.541196823120117188e-01
4.279556870460510254e-01
5.851116776466369629e-01
6.032752990722656250e-01
3.506120443344116211e-01
5.724155902862548828e-01
5.271638631820678711e-01
3.675997853279113770e-01
2.932081818580627441e-01
5.990389585494995117e-01
6.224873661994934082e-01
4.693032801151275635e-01
3.632690906524658203e-01
3.851712346076965332e-01
3.745567798614501953e-01
4.391671419143676758e-01
6.216163039207458496e-01
4.609613716602325439e-01
5.286506414413452148e-01
4.277465641498565674e-01
4.540176391601562500e-01
4.406304657459259033e-01
3.870207965373992920e-01
5.570097565650939941e-01
6.210489869117736816e-01
6.144648194313049316e-01
5.595765709877014160e-01
4.549854397773742676e-01
5.230879783630371094e-01
5.819438695907592773e-01
5.667689442634582520e-01
3.705384731292724609e-01
5.163508057594299316e-01
4.002215862274169922e-01
5.356504321098327637e-01
5.210150480270385742e-01
5.821398496627807617e-01
4.447314143180847168e-01
4.797554314136505127e-01
5.294697880744934082e-01
7.301525473594665527e-01
5.945388078689575195e-01
5.244013667106628418e-01
5.088225603103637695e-01
4.708511829376220703e-01
2.465325444936752319e-01
6.923545598983764648e-01
5.249007940292358398e-01
5.084569454193115234e-01
4.465360045433044434e-01
3.644828498363494873e-01
5.486982464790344238e-01
5.602733492851257324e-01
4.575167894363403320e-01
5.020310282707214355e-01
3.121065497398376465e-01
6.341724991798400879e-01
3.322444558143615723e-01
5.716163516044616699e-01
5.762351155281066895e-01
4.565816521644592285e-01
4.911885261535644531e-01
4.673257768154144287e-01
5.322216153144836426e-01
6.067177653312683105e-01
5.485661029815673828e-01
7.387466430664062500e-01
3.264405429363250732e-01
3.924902975559234619e-01
5.579745173454284668e-01
5.323030948638916016e-01
3.522858619689941406e-01
7.906717658042907715e-01
4.531986713409423828e-01
4.600214958190917969e-01
5.553275346755981445e-01
4.596540331840515137e-01
3.734465241432189941e-01
3.956763148307800293e-01
7.882064580917358398e-01
3.123421669006347656e-01
5.705549716949462891e-01
5.246915817260742188e-01
5.197428464889526367e-01
4.318735599517822266e-01
3.369221389293670654e-01
4.822469651699066162e-01
3.514013588428497314e-01
6.452598571777343750e-01
6.531012654304504395e-01
4.688219428062438965e-01
5.784189105033874512e-01
4.934598803520202637e-01
4.432108700275421143e-01
3.434940874576568604e-01
2.416331321001052856e-01
4.285989403724670410e-01
4.665932357311248779e-01
6.434946060180664062e-01
4.175868630409240723e-01
3.961265087127685547e-01
3.993232846260070801e-01
3.315233588218688965e-01
3.913134336471557617e-01
4.862723350524902344e-01
6.605080962181091309e-01
3.979782462120056152e-01
5.446866154670715332e-01
4.452003538608551025e-01
7.179846763610839844e-01
4.825609922409057617e-01
3.748040795326232910e-01
4.958201050758361816e-01
5.678597688674926758e-01
4.382454454898834229e-01
5.919163227081298828e-01
5.583922863006591797e-01
4.179065227508544922e-01
4.785187244415283203e-01
5.244675278663635254e-01
4.890618920326232910e-01
2.983258962631225586e-01
5.189307332038879395e-01
4.488323926925659180e-01
5.177154541015625000e-01
4.754141867160797119e-01
4.822559654712677002e-01
6.412631869316101074e-01
5.367622375488281250e-01
3.536628186702728271e-01
4.586124420166015625e-01
5.774401426315307617e-01
4.424268603324890137e-01
4.533672928810119629e-01
3.098274767398834229e-01
5.442820191383361816e-01
6.767246127128601074e-01
6.033403873443603516e-01
3.197553753852844238e-01
4.987894594669342041e-01
3.337964117527008057e-01
5.117338895797729492e-01
7.168096303939819336e-01
3.305336833000183105e-01
2.637086212635040283e-01
5.541880130767822266e-01
3.032482564449310303e-01
4.733761250972747803e-01
4.374784827232360840e-01
4.668064713478088379e-01
4.667575657367706299e-01
6.253790259361267090e-01
7.068018913269042969e-01
3.682799041271209717e-01
8.640859723091125488e-01
3.678990602493286133e-01
3.626449704170227051e-01
5.471037030220031738e-01
5.175712704658508301e-01
4.316507577896118164e-01
6.801199316978454590e-01
5.663590431213378906e-01
5.755448341369628906e-01
4.310950040817260742e-01
3.312730789184570312e-01
4.403912127017974854e-01
7.560229897499084473e-01
5.613802075386047363e-01
4.605765044689178467e-01
6.613685488700866699e-01
5.527653694152832031e-01
5.206260681152343750e-01
6.034643054008483887e-01
4.968830049037933350e-01
5.623997449874877930e-01
4.938430786132812500e-01
7.286704182624816895e-01
5.943205952644348145e-01
4.050376117229461670e-01
4.898954927921295166e-01
4.875511825084686279e-01
6.359566450119018555e-01
4.622941911220550537e-01
7.251868844032287598e-01
7.181446552276611328e-01
5.860129594802856445e-01
4.173263907432556152e-01
5.858364105224609375e-01
3.605461716651916504e-01
4.514111280441284180e-01
5.691553950309753418e-01
5.397748351097106934e-01
3.920274376869201660e-01
4.147427380084991455e-01
5.825961232185363770e-01
4.422274827957153320e-01
7.722097635269165039e-01
5.759503245353698730e-01
5.158831477165222168e-01
6.635025143623352051e-01
3.982650339603424072e-01
4.375849664211273193e-01
4.409983158111572266e-01
4.412340819835662842e-01
4.786783456802368164e-01
6.962748169898986816e-01
3.722975552082061768e-01
7.823978662490844727e-01
5.602203011512756348e-01
4.734162986278533936e-01
4.867483079433441162e-01
5.862891674041748047e-01
5.204446911811828613e-01
6.076709032058715820e-01
4.152202606201171875e-01
5.226438641548156738e-01
5.322605371475219727e-01
7.516570687294006348e-01
4.864277243614196777e-01
3.451492488384246826e-01
3.769437968730926514e-01
4.052862823009490967e-01
4.508937597274780273e-01
5.088853240013122559e-01
3.753546476364135742e-01
4.743513464927673340e-01
5.015681385993957520e-01
5.034386515617370605e-01
5.868417620658874512e-01
8.358381986618041992e-01
3.317610323429107666e-01
5.039502382278442383e-01
3.879044055938720703e-01
5.886380672454833984e-01
5.523183345794677734e-01
5.476700067520141602e-01
7.257204651832580566e-01
3.387848138809204102e-01
7.923199534416198730e-01
4.423798322677612305e-01
5.468602776527404785e-01
3.050299286842346191e-01
5.743637681007385254e-01
4.595864117145538330e-01
4.040485322475433350e-01
6.377809047698974609e-01
4.271822273731231689e-01
6.043410897254943848e-01
6.001114845275878906e-01
4.087527394294738770e-01
5.620265007019042969e-01
6.034966707229614258e-01
6.561957597732543945e-01
5.127055644989013672e-01
4.787345826625823975e-01
4.559436440467834473e-01
3.869421184062957764e-01
4.492819905281066895e-01
4.399648904800415039e-01
3.722549974918365479e-01
6.051179766654968262e-01
4.651230275630950928e-01
5.461839437484741211e-01
6.005679965019226074e-01
4.637242555618286133e-01
4.294203221797943115e-01
4.283410906791687012e-01
3.105698823928833008e-01
3.172760605812072754e-01
5.249907374382019043e-01
5.671612024307250977e-01
2.663555443286895752e-01
5.683128237724304199e-01
5.518831610679626465e-01
6.548420786857604980e-01
5.637927651405334473e-01
7.123513221740722656e-01
3.510137498378753662e-01
5.682389140129089355e-01
4.232960641384124756e-01
5.414409637451171875e-01
5.485967397689819336e-01
6.435555219650268555e-01
5.768830776214599609e-01
5.523915290832519531e-01
4.154528677463531494e-01
1.063985228538513184e+00
1.784865856170654297e-01
2.671512961387634277e-01
4.724538028240203857e-01
2.207557260990142822e-01
4.163898527622222900e-01
6.161228418350219727e-01
4.765332639217376709e-01
2.476779967546463013e-01
5.337176918983459473e-01
4.684942960739135742e-01
4.487735033035278320e-01
3.970368206501007080e-01
6.132929325103759766e-01
4.477417767047882080e-01
4.532685875892639160e-01
2.612618803977966309e-01
3.220760524272918701e-01
3.360358476638793945e-01
2.790503501892089844e-01
4.788596630096435547e-01
3.687471747398376465e-01
3.351611793041229248e-01
2.902508378028869629e-01
3.225423991680145264e-01
5.497764348983764648e-01
3.497716486454010010e-01
4.833303987979888916e-01
5.300566554069519043e-01
6.127101182937622070e-01
3.852532505989074707e-01
2.440141737461090088e-01
3.807617425918579102e-01
3.335665166378021240e-01
3.013710677623748779e-01
3.279729187488555908e-01
4.812937974929809570e-01
3.100386857986450195e-01
3.646630346775054932e-01
4.738573133945465088e-01
3.679817020893096924e-01
4.229584336280822754e-01
4.354347288608551025e-01
1.251056641340255737e-01
1.888661235570907593e-01
3.270359933376312256e-01
3.287450671195983887e-01
3.937535285949707031e-01
4.261719286441802979e-01
3.106973469257354736e-01
4.153651595115661621e-01
3.859246075153350830e-01
3.516363501548767090e-01
1.764346063137054443e-01
4.413343667984008789e-01
2.364323586225509644e-01
3.726659119129180908e-01
1.787068247795104980e-01
3.210629522800445557e-01
2.573902308940887451e-01
3.620535433292388916e-01
4.727486371994018555e-01
3.748714029788970947e-01
4.158201515674591064e-01
2.836587429046630859e-01
4.395985305309295654e-01
4.276741147041320801e-01
3.789465725421905518e-01
3.227751255035400391e-01
5.441765189170837402e-01
3.242306411266326904e-01
5.446582436561584473e-01
4.271146655082702637e-01
3.860581517219543457e-01
4.416924417018890381e-01
2.187979370355606079e-01
3.445156216621398926e-01
1.947530359029769897e-01
2.139134854078292847e-01
3.376847207546234131e-01
6.529278755187988281e-01
2.758566439151763916e-01
3.847610652446746826e-01
4.937425255775451660e-01
3.705221712589263916e-01
3.989667594432830811e-01
3.547504246234893799e-01
3.271153569221496582e-01
4.639870524406433105e-01
2.048914283514022827e-01
2.881130874156951904e-01
3.501515388488769531e-01
3.157216906547546387e-01
3.349095880985260010e-01
1.729900687932968140e-01
1.889458298683166504e-01
2.805521786212921143e-01
2.350414097309112549e-01
6.570845842361450195e-01
4.469062387943267822e-01
3.947390615940093994e-01
3.581401705741882324e-01
3.052082657814025879e-01
4.776422977447509766e-01
1.890208125114440918e-01
2.078087925910949707e-01
2.418283075094223022e-01
1.609867811203002930e-01
2.556993663311004639e-01
3.328559994697570801e-01
3.620223104953765869e-01
2.912620604038238525e-01
5.702536106109619141e-01
3.208269774913787842e-01
5.979375839233398438e-01
3.157939910888671875e-01
4.271477460861206055e-01
4.254276752471923828e-01
4.372805058956146240e-01
3.697941601276397705e-01
2.926207780838012695e-01
3.466868996620178223e-01
5.402588248252868652e-01
4.361879229545593262e-01
4.397707283496856689e-01
4.067907035350799561e-01
4.580428004264831543e-01
3.213010728359222412e-01
3.111360073089599609e-01
3.079050481319427490e-01
2.249130010604858398e-01
2.503867745399475098e-01
3.967378437519073486e-01
4.208172559738159180e-01
4.516203999519348145e-01
4.741897583007812500e-01
5.059505701065063477e-01
4.826320707798004150e-01
2.638121545314788818e-01
3.543626368045806885e-01
3.879763185977935791e-01
2.092103958129882812e-01
4.202221333980560303e-01
3.096545934677124023e-01
4.116591811180114746e-01
3.510725200176239014e-01
2.858150005340576172e-01
3.505727648735046387e-01
2.284538596868515015e-01
4.118902087211608887e-01
4.340400099754333496e-01
3.691594004631042480e-01
3.908162415027618408e-01
2.014170289039611816e-01
1.735057979822158813e-01
2.766353785991668701e-01
2.095454037189483643e-01
3.958967328071594238e-01
2.571188509464263916e-01
3.355852067470550537e-01
1.927917301654815674e-01
3.115025460720062256e-01
3.211579024791717529e-01
3.746224045753479004e-01
3.610037565231323242e-01
4.628119468688964844e-01
2.369144409894943237e-01
3.681459426879882812e-01
4.935877323150634766e-01
3.638955950736999512e-01
3.565013408660888672e-01
2.112330347299575806e-01
3.338655531406402588e-01
3.505621552467346191e-01
3.126383125782012939e-01
2.963631451129913330e-01
4.762567877769470215e-01
3.460518121719360352e-01
6.489188671112060547e-01
1.970552951097488403e-01
2.481192797422409058e-01
3.387187421321868896e-01
3.454062044620513916e-01
3.824080824851989746e-01
5.289674997329711914e-01
4.683844447135925293e-01
3.881841003894805908e-01
2.876394987106323242e-01
4.659326076507568359e-01
3.866118788719177246e-01
2.917294502258300781e-01
4.276266098022460938e-01
3.694847822189331055e-01
3.824753463268280029e-01
3.154627680778503418e-01
3.289425671100616455e-01
2.843330502510070801e-01
2.653497159481048584e-01
3.012236654758453369e-01
3.710427880287170410e-01
5.033246874809265137e-01
2.546748816967010498e-01
6.363541483879089355e-01
3.244307041168212891e-01
1.787964701652526855e-01
4.863715767860412598e-01
3.484234511852264404e-01
2.379893809556961060e-01
4.197621047496795654e-01
4.593206942081451416e-01
5.371780991554260254e-01
4.149710834026336670e-01
5.380883216857910156e-01
3.794655501842498779e-01
5.448019504547119141e-01
3.448183834552764893e-01
3.004132807254791260e-01
5.947540402412414551e-01
3.458449840545654297e-01
2.739722132682800293e-01
2.694247663021087646e-01
3.507370948791503906e-01
4.829758107662200928e-01
4.023698866367340088e-01
2.198367267847061157e-01
3.616365790367126465e-01
2.310386896133422852e-01
3.897506296634674072e-01
4.077720642089843750e-01
4.655555486679077148e-01
3.074808120727539062e-01
5.926728248596191406e-01
4.668513834476470947e-01
4.160953462123870850e-01
4.002125561237335205e-01
2.968342900276184082e-01
4.978652000427246094e-01
3.629550933837890625e-01
3.980396091938018799e-01
5.107133388519287109e-01
2.155617475509643555e-01
2.587470114231109619e-01
3.036232888698577881e-01
4.310567677021026611e-01
3.944392502307891846e-01
4.612881839275360107e-01
4.205528199672698975e-01
4.839594364166259766e-01
4.145085811614990234e-01
2.100358754396438599e-01
3.080669343471527100e-01
4.472993016242980957e-01
2.866409420967102051e-01
2.756847143173217773e-01
2.791155874729156494e-01
2.845249176025390625e-01
4.574427604675292969e-01
3.532699942588806152e-01
2.860958874225616455e-01
1.389752030372619629e-01
3.071889281272888184e-01
4.031923711299896240e-01
4.351513981819152832e-01
5.079873800277709961e-01
3.295103609561920166e-01
2.788513302803039551e-01
5.145289301872253418e-01
2.056947350502014160e-01
3.575579524040222168e-01
4.778015613555908203e-01
4.133425951004028320e-01
3.714193701744079590e-01
4.497755765914916992e-01
5.927323698997497559e-01
4.764569103717803955e-01
3.706921339035034180e-01
1.558616608381271362e-01
5.469571352005004883e-01
3.446116447448730469e-01
4.461878240108489990e-01
3.552016317844390869e-01
3.368407487869262695e-01
5.586362481117248535e-01
4.574358761310577393e-01
4.432406425476074219e-01
4.175474643707275391e-01
4.146907925605773926e-01
4.189020693302154541e-01
5.382635593414306641e-01
3.116173446178436279e-01
3.850200772285461426e-01
2.307232022285461426e-01
3.174130022525787354e-01
3.877509534358978271e-01
3.536208271980285645e-01
2.309355735778808594e-01
2.478263080120086670e-01
4.335385262966156006e-01
4.789019823074340820e-01
3.831821382045745850e-01
4.017273485660552979e-01
4.251183867454528809e-01
5.917232036590576172e-01
3.859153687953948975e-01
4.060533046722412109e-01
4.175555706024169922e-01
4.845563173294067383e-01
6.926795244216918945e-01
2.178217172622680664e-01
4.534904062747955322e-01
3.731873333454132080e-01
3.059305250644683838e-01
4.782564640045166016e-01
3.541882336139678955e-01
5.070174932479858398e-01
3.423008918762207031e-01
2.592221796512603760e-01
3.119143247604370117e-01
4.664828181266784668e-01
4.741087257862091064e-01
3.509072363376617432e-01
4.935842156410217285e-01
3.066559433937072754e-01
4.814763963222503662e-01
3.961775302886962891e-01
3.488155603408813477e-01
4.699363708496093750e-01
4.151408076286315918e-01
4.406772255897521973e-01
6.587753891944885254e-01
3.583813309669494629e-01
2.610012590885162354e-01
3.313434123992919922e-01
5.763326883316040039e-01
4.208502173423767090e-01
4.132872819900512695e-01
5.682513117790222168e-01
3.606178760528564453e-01
4.306161105632781982e-01
5.342164635658264160e-01
5.607190728187561035e-01
4.300439059734344482e-01
2.781753242015838623e-01
4.472456276416778564e-01
3.321390450000762939e-01
4.020606279373168945e-01
5.194275975227355957e-01
3.996922075748443604e-01
3.445436060428619385e-01
4.048963487148284912e-01
3.816493451595306396e-01
4.158865213394165039e-01
4.251573383808135986e-01
3.355492055416107178e-01
1.760529726743698120e-01
4.525434374809265137e-01
5.148853659629821777e-01
4.431364834308624268e-01
2.812792062759399414e-01
4.443880319595336914e-01
4.456556737422943115e-01
3.160187005996704102e-01
3.946191966533660889e-01
3.363607823848724365e-01
8.095105290412902832e-01
1.996673643589019775e-01
6.057315468788146973e-01
6.430714726448059082e-01
3.611119091510772705e-01
3.507592678070068359e-01
2.439163327217102051e-01
3.552117645740509033e-01
4.757188856601715088e-01
2.863356769084930420e-01
4.875215590000152588e-01
3.556081056594848633e-01
3.259901702404022217e-01
4.365721344947814941e-01
3.977188467979431152e-01
4.046939611434936523e-01
2.938379943370819092e-01
5.627230405807495117e-01
2.797626554965972900e-01
2.951334714889526367e-01
6.260963678359985352e-01
5.041999816894531250e-01
6.280698180198669434e-01
2.655063569545745850e-01
4.960350990295410156e-01
3.913669884204864502e-01
4.429182708263397217e-01
3.444061875343322754e-01
5.002383589744567871e-01
3.211980760097503662e-01
4.582237899303436279e-01
3.858396708965301514e-01
4.607869982719421387e-01
4.192416369915008545e-01
3.427132666110992432e-01
5.242971777915954590e-01
3.728527128696441650e-01
2.587074935436248779e-01
2.314072847366333008e-01
5.789791345596313477e-01
3.082805573940277100e-01
2.414080798625946045e-01
2.728728652000427246e-01
4.077422022819519043e-01
4.958442151546478271e-01
3.391216397285461426e-01
5.427238941192626953e-01
4.311668574810028076e-01
4.662900865077972412e-01
3.288974165916442871e-01
4.283780157566070557e-01
5.315036773681640625e-01
3.376367986202239990e-01
2.217046618461608887e-01
4.785349667072296143e-01
3.810085356235504150e-01
3.609390258789062500e-01
2.688424289226531982e-01
4.056053757667541504e-01
3.698033392429351807e-01
2.227113544940948486e-01
4.136618673801422119e-01
2.769132256507873535e-01
4.571370780467987061e-01
3.400167226791381836e-01
4.899348914623260498e-01
4.414831399917602539e-01
2.264885008335113525e-01
4.438742399215698242e-01
3.529060184955596924e-01
3.880014419555664062e-01
2.021156549453735352e-01
3.490238785743713379e-01
4.215730726718902588e-01
4.717381894588470459e-01
3.152212500572204590e-01
3.363761901855468750e-01
3.691419363021850586e-01
3.266621530055999756e-01
3.033888638019561768e-01
4.604351818561553955e-01
4.273262023925781250e-01
3.389779627323150635e-01
1.938629448413848877e-01
3.057544529438018799e-01
3.495773673057556152e-01
6.179183721542358398e-01
3.443827033042907715e-01
2.920679748058319092e-01
2.250789403915405273e-01
4.192800819873809814e-01
3.434953689575195312e-01
4.468405544757843018e-01
3.030840456485748291e-01
3.264475166797637939e-01
4.835624098777770996e-01
5.890878438949584961e-01
3.839364051818847656e-01
5.068303942680358887e-01
3.937782347202301025e-01
6.412643194198608398e-01
4.638437628746032715e-01
5.947365164756774902e-01
4.758665561676025391e-01
4.669650793075561523e-01
5.616023540496826172e-01
2.302344143390655518e-01
3.922702670097351074e-01
3.285813033580780029e-01
7.069392800331115723e-01
5.852564573287963867e-01
4.519496560096740723e-01
5.703169107437133789e-01
4.090978503227233887e-01
3.296952545642852783e-01
5.819686055183410645e-01
3.470808863639831543e-01
5.684939622879028320e-01
3.409155309200286865e-01
3.506185114383697510e-01
4.486821591854095459e-01
3.652548193931579590e-01
3.673644065856933594e-01
4.528600573539733887e-01
5.050927400588989258e-01
3.634950518608093262e-01
4.713106155395507812e-01
4.938364028930664062e-01
4.445413053035736084e-01
3.623634576797485352e-01
3.194260299205780029e-01
3.267438113689422607e-01
2.427069097757339478e-01
4.650303423404693604e-01
2.577652931213378906e-01
2.782004475593566895e-01
2.386335432529449463e-01
4.486815929412841797e-01
6.503036618232727051e-01
3.672371208667755127e-01
3.692382574081420898e-01
3.198293745517730713e-01
2.896897494792938232e-01
5.537663698196411133e-01
3.985380530357360840e-01
4.668042361736297607e-01
3.566431999206542969e-01
5.080626606941223145e-01
3.861591219902038574e-01
5.388141870498657227e-01
4.769012033939361572e-01
4.454854428768157959e-01
3.407629728317260742e-01
3.307334482669830322e-01
4.573192894458770752e-01
6.141891479492187500e-01
4.165330827236175537e-01
3.867489397525787354e-01
4.495951235294342041e-01
5.168398618698120117e-01
3.842690885066986084e-01
3.534820377826690674e-01
4.978177845478057861e-01
3.739631175994873047e-01
5.244623422622680664e-01
6.283107399940490723e-01
3.116557896137237549e-01
5.968558192253112793e-01
5.289261341094970703e-01
4.850434064865112305e-01
5.385629534721374512e-01
4.293065071105957031e-01
3.568891584873199463e-01
3.451428711414337158e-01
3.440918922424316406e-01
5.822483897209167480e-01
4.072402119636535645e-01
4.185099005699157715e-01
5.595298409461975098e-01
4.491365849971771240e-01
5.646123290061950684e-01
3.813692927360534668e-01
3.898112773895263672e-01
2.579356729984283447e-01
3.720980882644653320e-01
3.249260485172271729e-01
4.454112946987152100e-01
4.703953862190246582e-01
4.210222065448760986e-01
4.319445192813873291e-01
3.609623908996582031e-01
3.586033284664154053e-01
4.451265037059783936e-01
3.393966853618621826e-01
4.344727694988250732e-01
3.593060076236724854e-01
4.465819597244262695e-01
5.283586382865905762e-01
4.068051874637603760e-01
3.917966187000274658e-01
4.864383339881896973e-01
3.056001663208007812e-01
4.934486746788024902e-01
2.315389811992645264e-01
4.567900300025939941e-01
2.811660468578338623e-01
3.482592999935150146e-01
6.106110215187072754e-01
4.043255746364593506e-01
3.636218011379241943e-01
2.533125579357147217e-01
5.798356533050537109e-01
2.240220308303833008e-01
3.824881017208099365e-01
4.340768754482269287e-01
3.682998418807983398e-01
5.700377821922302246e-01
1.917996257543563843e-01
4.236748218536376953e-01
3.403284847736358643e-01
2.312819510698318481e-01
3.357466459274291992e-01
2.671247124671936035e-01
4.151658415794372559e-01
3.089877068996429443e-01
4.711321294307708740e-01
2.971019446849822998e-01
3.038887679576873779e-01
3.778990805149078369e-01
3.310279846191406250e-01
3.659867346286773682e-01
5.650219321250915527e-01
3.614675402641296387e-01
2.499178498983383179e-01
3.801272809505462646e-01
4.156264066696166992e-01
4.467895925045013428e-01
4.462398588657379150e-01
4.681578278541564941e-01
4.480358958244323730e-01
3.775960505008697510e-01
4.969433844089508057e-01
6.025761365890502930e-01
5.749234557151794434e-01
4.476630389690399170e-01
4.988060295581817627e-01
3.537737131118774414e-01
4.697835445404052734e-01
3.265891075134277344e-01
5.165239572525024414e-01
7.472649812698364258e-01
5.163739323616027832e-01
5.575580596923828125e-01
3.984574377536773682e-01
6.494918465614318848e-01
5.238839387893676758e-01
4.587450027465820312e-01
1.039533734321594238e+00
6.930171847343444824e-01
5.338902473449707031e-01
5.425903797149658203e-01
4.825322628021240234e-01
3.550029397010803223e-01
4.325166344642639160e-01
3.304581344127655029e-01
4.536910951137542725e-01
4.529600143432617188e-01
3.122611045837402344e-01
4.607352316379547119e-01
4.820784926414489746e-01
4.062169492244720459e-01
4.320047497749328613e-01
3.984780311584472656e-01
2.179041504859924316e-01
4.093478024005889893e-01
4.248762428760528564e-01
3.234546184539794922e-01
3.517760038375854492e-01
5.279390811920166016e-01
2.731020152568817139e-01
3.974459767341613770e-01
6.538257002830505371e-01
1.974648088216781616e-01
3.098153173923492432e-01
3.994809985160827637e-01
2.463030368089675903e-01
5.566763281822204590e-01
5.639206767082214355e-01
4.107931256294250488e-01
4.578657448291778564e-01
3.087056577205657959e-01
4.219014644622802734e-01
2.648984789848327637e-01
5.272350311279296875e-01
3.181366920471191406e-01
4.089972674846649170e-01
4.785085618495941162e-01
2.961769998073577881e-01
2.666595280170440674e-01
5.880626440048217773e-01
2.254776209592819214e-01
2.205199152231216431e-01
4.897285103797912598e-01
4.306736290454864502e-01
3.849473893642425537e-01
3.307071328163146973e-01
4.716688394546508789e-01
3.163967728614807129e-01
3.601107895374298096e-01
3.900864422321319580e-01
3.490139842033386230e-01
3.867110013961791992e-01
2.818451821804046631e-01
3.711599409580230713e-01
4.357872009277343750e-01
4.710839390754699707e-01
4.634347558021545410e-01
2.241821736097335815e-01
3.688610792160034180e-01
2.072808146476745605e-01
4.637359976768493652e-01
5.006424188613891602e-01
3.396697938442230225e-01
3.186088204383850098e-01
3.379435837268829346e-01
2.960911095142364502e-01
3.133623600006103516e-01
3.011129200458526611e-01
4.255009889602661133e-01
4.273852109909057617e-01
4.019185304641723633e-01
3.830888271331787109e-01
4.110360741615295410e-01
2.099117636680603027e-01
1.436014622449874878e-01
4.897890090942382812e-01
6.413788199424743652e-01
4.112188816070556641e-01
4.070267379283905029e-01
2.989841401576995850e-01
5.166394114494323730e-01
4.262660145759582520e-01
4.131509065628051758e-01
6.084533929824829102e-01
3.158193528652191162e-01
3.123449981212615967e-01
3.086865246295928955e-01
5.530651807785034180e-01
3.644254505634307861e-01
3.569058179855346680e-01
4.334375560283660889e-01
2.927574217319488525e-01
4.401402771472930908e-01
7.756327390670776367e-01
5.611488223075866699e-01
4.186635911464691162e-01
3.249545693397521973e-01
3.253493309020996094e-01
3.283956944942474365e-01
3.322563767433166504e-01
3.530634343624114990e-01
3.705729544162750244e-01
4.564751386642456055e-01
5.732821822166442871e-01
3.551196157932281494e-01
3.793606460094451904e-01
3.256647586822509766e-01
3.473454415798187256e-01
4.619209766387939453e-01
4.715331196784973145e-01
3.256754875183105469e-01
5.502082109451293945e-01
2.941214144229888916e-01
2.585789561271667480e-01
2.573524713516235352e-01
6.527286171913146973e-01
2.789900898933410645e-01
2.540655434131622314e-01
3.438790142536163330e-01
2.205806970596313477e-01
4.791708886623382568e-01
4.197226464748382568e-01
3.336488008499145508e-01
4.877257049083709717e-01
4.958367049694061279e-01
2.390369176864624023e-01
5.552289485931396484e-01
2.871404886245727539e-01
6.511103510856628418e-01
2.027535140514373779e-01
3.630306720733642578e-01
5.309238433837890625e-01
3.133816421031951904e-01
5.446091294288635254e-01
3.482174575328826904e-01
2.375413924455642700e-01
3.577945530414581299e-01
3.729155957698822021e-01
3.016240894794464111e-01
3.370902836322784424e-01
3.573624193668365479e-01
4.165698587894439697e-01
6.386734843254089355e-01
4.031159877777099609e-01
4.386256337165832520e-01
4.610828757286071777e-01
4.887973666191101074e-01
5.865815281867980957e-01
3.920854628086090088e-01
9.254087805747985840e-01
5.472440719604492188e-01
2.738549709320068359e-01
3.497360050678253174e-01
4.413568973541259766e-01
4.019764363765716553e-01
3.775856494903564453e-01
3.876473903656005859e-01
3.904546499252319336e-01
4.804333746433258057e-01
2.114605158567428589e-01
2.705358564853668213e-01
1.906110197305679321e-01
2.935364246368408203e-01
1.620530635118484497e-01
2.528350949287414551e-01
2.367675155401229858e-01
3.072921633720397949e-01
2.517736852169036865e-01
3.336684107780456543e-01
3.030755817890167236e-01
4.057744145393371582e-01
3.506116569042205811e-01
3.391590118408203125e-01
2.233872860670089722e-01
1.508106738328933716e-01
2.964766025543212891e-01
2.633105218410491943e-01
2.808361947536468506e-01
2.754533290863037109e-01
2.256487905979156494e-01
2.582293748855590820e-01
1.556933522224426270e-01
2.699245214462280273e-01
2.364383786916732788e-01
2.494743913412094116e-01
1.313214898109436035e-01
3.745839595794677734e-01
3.374937474727630615e-01
1.916974484920501709e-01
2.936556339263916016e-01
2.301946282386779785e-01
3.257043361663818359e-01
3.897966742515563965e-01
2.300689816474914551e-01
1.661572903394699097e-01
3.500711023807525635e-01
3.173526823520660400e-01
1.708713173866271973e-01
1.879331618547439575e-01
2.577265799045562744e-01
2.373884916305541992e-01
1.870677620172500610e-01
1.776260435581207275e-01
2.419590502977371216e-01
1.437472254037857056e-01
1.880280375480651855e-01
2.681953608989715576e-01
1.422821730375289917e-01
1.762624680995941162e-01
1.384378522634506226e-01
2.553477287292480469e-01
4.504882395267486572e-01
3.175501823425292969e-01
4.247210919857025146e-01
2.888285517692565918e-01
2.247043102979660034e-01
3.088966012001037598e-01
4.380148947238922119e-01
2.825581431388854980e-01
2.790641784667968750e-01
4.107334017753601074e-01
4.397669434547424316e-01
1.196691915392875671e-01
1.953146159648895264e-01
3.090096414089202881e-01
3.191667795181274414e-01
2.208147495985031128e-01
4.758461415767669678e-01
2.400036305189132690e-01
2.562776207923889160e-01
1.918408274650573730e-01
3.478360474109649658e-01
2.640042304992675781e-01
1.648447215557098389e-01
3.425100147724151611e-01
4.225243628025054932e-01
3.274613022804260254e-01
1.780129671096801758e-01
2.417130172252655029e-01
3.163330852985382080e-01
3.318660855293273926e-01
2.684244811534881592e-01
1.972025334835052490e-01
2.625564932823181152e-01
4.174887537956237793e-01
1.948035657405853271e-01
2.677949368953704834e-01
3.250691890716552734e-01
1.727517694234848022e-01
2.343095242977142334e-01
3.869398832321166992e-01
2.428776025772094727e-01
2.834370732307434082e-01
3.625658452510833740e-01
3.954035341739654541e-01
1.959344297647476196e-01
3.122068345546722412e-01
4.167047739028930664e-01
6.525702476501464844e-01
1.792821586132049561e-01
2.476514428853988647e-01
1.854980736970901489e-01
2.651600837707519531e-01
2.256503254175186157e-01
1.370950639247894287e-01
3.399495482444763184e-01
1.320097595453262329e-01
1.877133846282958984e-01
2.873221933841705322e-01
4.342033267021179199e-01
2.025579065084457397e-01
1.944639980792999268e-01
2.720176577568054199e-01
2.177473902702331543e-01
2.226721942424774170e-01
3.285454213619232178e-01
2.406804710626602173e-01
3.978716135025024414e-01
2.249881625175476074e-01
4.203651547431945801e-01
2.631225883960723877e-01
3.056399226188659668e-01
2.198103219270706177e-01
2.066566050052642822e-01
2.400272488594055176e-01
4.483301639556884766e-01
3.804133534431457520e-01
3.136155903339385986e-01
2.360067814588546753e-01
3.537230193614959717e-01
2.671506106853485107e-01
3.514097929000854492e-01
2.736238539218902588e-01
2.918795645236968994e-01
2.862227559089660645e-01
4.564656913280487061e-01
4.497640728950500488e-01
2.765971124172210693e-01
3.554341197013854980e-01
4.605458676815032959e-01
2.037870734930038452e-01
2.530519962310791016e-01
2.739484310150146484e-01
3.183385431766510010e-01
4.544352591037750244e-01
2.318886667490005493e-01
2.586590349674224854e-01
3.098395466804504395e-01
2.593144774436950684e-01
3.003685176372528076e-01
3.344587087631225586e-01
2.086087167263031006e-01
5.868543982505798340e-01
2.375818789005279541e-01
2.989445626735687256e-01
2.576462626457214355e-01
3.216575384140014648e-01
2.098139822483062744e-01
1.549051553010940552e-01
4.939870238304138184e-01
4.159304499626159668e-01
4.119074642658233643e-01
3.028960525989532471e-01
4.240651428699493408e-01
3.284184932708740234e-01
3.766857683658599854e-01
4.376767277717590332e-01
1.804301440715789795e-01
3.488721847534179688e-01
2.843495011329650879e-01
3.675684630870819092e-01
3.308131992816925049e-01
2.818658947944641113e-01
2.481979727745056152e-01
2.640926837921142578e-01
1.986290514469146729e-01
4.368019998073577881e-01
4.344330132007598877e-01
1.454474925994873047e-01
2.258664667606353760e-01
3.629375100135803223e-01
2.150049507617950439e-01
1.982688754796981812e-01
1.409276872873306274e-01
3.547188043594360352e-01
5.026756525039672852e-01
1.810159683227539062e-01
1.560339778661727905e-01
5.281661152839660645e-01
3.741065859794616699e-01
2.763115167617797852e-01
3.936869502067565918e-01
2.657674551010131836e-01
3.430094718933105469e-01
3.465807735919952393e-01
3.260281383991241455e-01
2.185371816158294678e-01
1.486953794956207275e-01
4.183275699615478516e-01
3.208819031715393066e-01
3.094171881675720215e-01
3.165348768234252930e-01
4.132599830627441406e-01
2.206595242023468018e-01
3.944535851478576660e-01
3.020704686641693115e-01
2.827564179897308350e-01
3.380919396877288818e-01
4.484921693801879883e-01
1.992097496986389160e-01
1.949407160282135010e-01
2.706787884235382080e-01
2.060879021883010864e-01
1.265374422073364258e-01
5.073102116584777832e-01
2.931839227676391602e-01
2.083714753389358521e-01
2.872367501258850098e-01
3.143564462661743164e-01
3.524759411811828613e-01
2.744787037372589111e-01
4.463212788105010986e-01
1.925138533115386963e-01
4.706403613090515137e-01
4.529603719711303711e-01
2.779743671417236328e-01
2.569352984428405762e-01
3.203693628311157227e-01
2.365230768918991089e-01
2.677629292011260986e-01
4.407182931900024414e-01
7.107933163642883301e-01
3.449291288852691650e-01
4.424201846122741699e-01
2.543369233608245850e-01
4.497533738613128662e-01
1.333182901144027710e-01
3.047303557395935059e-01
1.471679657697677612e-01
2.013832032680511475e-01
1.809784471988677979e-01
2.802582383155822754e-01
1.549637317657470703e-01
2.835418283939361572e-01
2.507989108562469482e-01
2.224904745817184448e-01
1.499658972024917603e-01
3.297835588455200195e-01
2.634299099445343018e-01
3.160026669502258301e-01
4.514003694057464600e-01
3.809244632720947266e-01
2.741505205631256104e-01
3.107801377773284912e-01
3.324785232543945312e-01
1.910030841827392578e-01
2.536459565162658691e-01
3.356527090072631836e-01
3.221922516822814941e-01
5.327395796775817871e-01
3.001073598861694336e-01
3.828687071800231934e-01
3.339326977729797363e-01
2.561664879322052002e-01
1.825335025787353516e-01
3.579357862472534180e-01
3.375054299831390381e-01
2.241067737340927124e-01
3.527781665325164795e-01
2.455851137638092041e-01
2.553042471408843994e-01
4.194710850715637207e-01
3.175654113292694092e-01
3.030581474304199219e-01
2.610788941383361816e-01
2.060394883155822754e-01
2.854506075382232666e-01
4.671249687671661377e-01
3.350634574890136719e-01
3.070802390575408936e-01
3.061994314193725586e-01
1.927911043167114258e-01
2.796274423599243164e-01
3.003980219364166260e-01
2.571599185466766357e-01
3.052291274070739746e-01
3.541126847267150879e-01
3.255227804183959961e-01
2.082553207874298096e-01
2.986631393432617188e-01
2.912737429141998291e-01
1.942912042140960693e-01
2.985802292823791504e-01
2.200929820537567139e-01
3.478609919548034668e-01
2.905102372169494629e-01
3.113827705383300781e-01
4.786269068717956543e-01
1.453047096729278564e-01
2.989147305488586426e-01
3.562470078468322754e-01
2.449765205383300781e-01
3.605214953422546387e-01
3.449811339378356934e-01
1.931879222393035889e-01
2.299749404191970825e-01
2.102910876274108887e-01
4.050190746784210205e-01
2.423630058765411377e-01
4.865943789482116699e-01
2.328365594148635864e-01
3.820858299732208252e-01
2.670249938964843750e-01
3.007637560367584229e-01
1.366606652736663818e-01
5.193739533424377441e-01
4.108122289180755615e-01
3.218604326248168945e-01
3.709255456924438477e-01
2.244890034198760986e-01
2.353687435388565063e-01
2.701059281826019287e-01
2.566796839237213135e-01
2.724378407001495361e-01
3.507103919982910156e-01
1.680571138858795166e-01
3.308776319026947021e-01
3.299683928489685059e-01
2.027319818735122681e-01
1.749946326017379761e-01
3.227803111076354980e-01
1.800731271505355835e-01
2.095436453819274902e-01
2.616102695465087891e-01
3.388075530529022217e-01
1.838988959789276123e-01
3.761626780033111572e-01
4.782485961914062500e-01
4.747058153152465820e-01
2.167532294988632202e-01
4.174309670925140381e-01
2.554379403591156006e-01
1.468093991279602051e-01
1.503525227308273315e-01
3.161009848117828369e-01
3.505091071128845215e-01
1.922235190868377686e-01
2.289494723081588745e-01
3.223440945148468018e-01
1.995168626308441162e-01
2.699129879474639893e-01
2.830834388732910156e-01
3.122621476650238037e-01
2.222825884819030762e-01
4.041965901851654053e-01
3.135751485824584961e-01
2.053186744451522827e-01
1.820221245288848877e-01
2.907646000385284424e-01
5.858320593833923340e-01
3.144326210021972656e-01
3.488508164882659912e-01
2.733706831932067871e-01
1.746737360954284668e-01
3.157066404819488525e-01
2.875564098358154297e-01
5.090622901916503906e-01
3.610164523124694824e-01
2.163502275943756104e-01
3.736850619316101074e-01
5.089520215988159180e-01
5.642572045326232910e-01
2.347420006990432739e-01
5.972778201103210449e-01
3.239025175571441650e-01
1.703637093305587769e-01
2.603597044944763184e-01
5.429490804672241211e-01
3.605512976646423340e-01
2.721202969551086426e-01
3.870022296905517578e-01
3.032697141170501709e-01
3.287172019481658936e-01
2.426249533891677856e-01
3.321686983108520508e-01
2.432712465524673462e-01
5.331008434295654297e-01
4.838144183158874512e-01
2.854498624801635742e-01
2.431537508964538574e-01
4.066586494445800781e-01
3.684172034263610840e-01
3.496167659759521484e-01
3.190055787563323975e-01
3.152249157428741455e-01
2.964930236339569092e-01
4.088343381881713867e-01
5.485432744026184082e-01
2.384463250637054443e-01
2.986507713794708252e-01
1.729843765497207642e-01
2.981999218463897705e-01
3.415088653564453125e-01
2.999794781208038330e-01
4.328638017177581787e-01
1.466787308454513550e-01
2.963304817676544189e-01
2.424982786178588867e-01
2.098428606986999512e-01
2.424114048480987549e-01
2.591923475265502930e-01
2.421621382236480713e-01
5.123938322067260742e-01
3.154031634330749512e-01
3.317297697067260742e-01
4.137641489505767822e-01
4.366505444049835205e-01
3.439020514488220215e-01
2.749038934707641602e-01
2.352903187274932861e-01
3.291963934898376465e-01
7.140708565711975098e-01
1.916414052248001099e-01
2.969009578227996826e-01
3.082000613212585449e-01
2.673538923263549805e-01
1.555056124925613403e-01
3.749314248561859131e-01
4.382840096950531006e-01
3.232396245002746582e-01
1.576615720987319946e-01
1.483630090951919556e-01
5.203228592872619629e-01
1.690197736024856567e-01
2.351318746805191040e-01
2.034432142972946167e-01
2.024632245302200317e-01
1.447931826114654541e-01
5.342651009559631348e-01
4.247050285339355469e-01
7.050863504409790039e-01
1.546829938888549805e-01
4.645306468009948730e-01
5.341696739196777344e-01
3.577739894390106201e-01
2.713647484779357910e-01
2.107575386762619019e-01
2.622219026088714600e-01
4.712706506252288818e-01
3.463348746299743652e-01
3.864208161830902100e-01
3.971939086914062500e-01
4.154663980007171631e-01
4.525736272335052490e-01
3.006645739078521729e-01
3.639757335186004639e-01
2.089602351188659668e-01
4.266157150268554688e-01
3.536973297595977783e-01
2.802759706974029541e-01
1.597044020891189575e-01
4.434828460216522217e-01
4.065126478672027588e-01
4.877413511276245117e-01
3.037619888782501221e-01
1.907153129577636719e-01
2.790961563587188721e-01
2.477725297212600708e-01
3.061546385288238525e-01
3.852241933345794678e-01
3.250532448291778564e-01
3.874254226684570312e-01
4.820454716682434082e-01
3.094539940357208252e-01
1.950777024030685425e-01
3.060219585895538330e-01
3.037578463554382324e-01
3.972486853599548340e-01
1.687924116849899292e-01
5.411490201950073242e-01
2.028237730264663696e-01
4.238137900829315186e-01
6.642379760742187500e-01
4.316805005073547363e-01
3.710511028766632080e-01
1.416158825159072876e-01
3.933209478855133057e-01
1.690539419651031494e-01
2.098370790481567383e-01
2.374176681041717529e-01
3.519392013549804688e-01
1.324716061353683472e-01
4.193995594978332520e-01
3.177277147769927979e-01
1.632847934961318970e-01
3.822343051433563232e-01
2.641540169715881348e-01
1.298672258853912354e-01
5.594676733016967773e-01
3.442177474498748779e-01
3.995185196399688721e-01
1.573688238859176636e-01
2.046750485897064209e-01
2.219253480434417725e-01
2.908826768398284912e-01
4.715448915958404541e-01
3.805950284004211426e-01
4.388756752014160156e-01
2.629239857196807861e-01
2.002579569816589355e-01
3.471623063087463379e-01
2.935620546340942383e-01
2.554541826248168945e-01
2.048793137073516846e-01
4.415918290615081787e-01
3.880660533905029297e-01
4.420107603073120117e-01
4.177967011928558350e-01
3.554538190364837646e-01
2.363381385803222656e-01
2.984097599983215332e-01
4.199538528919219971e-01
4.120570719242095947e-01
5.183582901954650879e-01
3.949796557426452637e-01
3.500580191612243652e-01
2.610431611537933350e-01
2.416263222694396973e-01
1.921312958002090454e-01
2.811557948589324951e-01
4.287689328193664551e-01
3.426343202590942383e-01
3.517573475837707520e-01
3.657268285751342773e-01
2.117548733949661255e-01
1.571644991636276245e-01
4.372682273387908936e-01
2.152998894453048706e-01
3.466707170009613037e-01
2.135863155126571655e-01
2.330273687839508057e-01
4.708153009414672852e-01
3.998921513557434082e-01
2.796780467033386230e-01
2.436881512403488159e-01
4.130365252494812012e-01
4.625848233699798584e-01
3.294266760349273682e-01
3.364558219909667969e-01
2.079120576381683350e-01
1.606241017580032349e-01
3.716566562652587891e-01
4.676326215267181396e-01
4.061503708362579346e-01
2.900146543979644775e-01
2.662303745746612549e-01
2.482196688652038574e-01
2.376441955566406250e-01
3.062151372432708740e-01
3.594996631145477295e-01
4.390269815921783447e-01
2.426327913999557495e-01
2.516371309757232666e-01
3.620707094669342041e-01
4.186903834342956543e-01
1.285933703184127808e-01
4.053913950920104980e-01
2.903098165988922119e-01
3.390243947505950928e-01
4.011445939540863037e-01
1.792882829904556274e-01
1.291027516126632690e-01
3.263275325298309326e-01
3.970890939235687256e-01
3.636349737644195557e-01
3.769757151603698730e-01
1.551113277673721313e-01
2.627538442611694336e-01
1.925017535686492920e-01
1.319741010665893555e-01
3.419355750083923340e-01
2.717451751232147217e-01
1.761567145586013794e-01
1.519884467124938965e-01
3.074211478233337402e-01
4.271803200244903564e-01
3.023785650730133057e-01
2.894289493560791016e-01
4.399839341640472412e-01
3.050794899463653564e-01
2.116565257310867310e-01
5.476283431053161621e-01
1.366462707519531250e-01
1.979408264160156250e-01
2.582836449146270752e-01
3.644829392433166504e-01
6.974495053291320801e-01
3.665218055248260498e-01
1.685421466827392578e-01
1.998360604047775269e-01
3.414533734321594238e-01
4.241305589675903320e-01
3.520097732543945312e-01
3.447228074073791504e-01
3.875859379768371582e-01
2.819868624210357666e-01
3.326094448566436768e-01
4.876949787139892578e-01
3.851130902767181396e-01
4.578469097614288330e-01
4.375748634338378906e-01
2.658291459083557129e-01
4.349390864372253418e-01
4.265967011451721191e-01
4.350108206272125244e-01
2.719014585018157959e-01
4.440085589885711670e-01
2.071514427661895752e-01
2.579984962940216064e-01
4.062605500221252441e-01
2.785692214965820312e-01
3.706963658332824707e-01
4.507409930229187012e-01
2.871243655681610107e-01
3.223474919795989990e-01
4.215801060199737549e-01
1.871276795864105225e-01
3.121412396430969238e-01
2.870623767375946045e-01
2.821584343910217285e-01
2.352227419614791870e-01
2.659909427165985107e-01
1.686333715915679932e-01
3.297157585620880127e-01
2.793056368827819824e-01
2.973709106445312500e-01
4.329051375389099121e-01
2.784261107444763184e-01
2.952694594860076904e-01
1.820338815450668335e-01
3.476655185222625732e-01
3.520465493202209473e-01
3.338758647441864014e-01
2.532547414302825928e-01
4.075377583503723145e-01
4.621363878250122070e-01
3.266015052795410156e-01
2.592619061470031738e-01
3.366177380084991455e-01
2.177981287240982056e-01
3.550082147121429443e-01
3.674024939537048340e-01
2.846274375915527344e-01
5.111609101295471191e-01
2.006067037582397461e-01
3.974046111106872559e-01
2.655573487281799316e-01
3.811894953250885010e-01
4.610539674758911133e-01
4.184882938861846924e-01
3.307764530181884766e-01
3.532608747482299805e-01
2.718457877635955811e-01
4.010635018348693848e-01
2.909477353096008301e-01
3.703683018684387207e-01
4.571038782596588135e-01
3.825874924659729004e-01
4.712409973144531250e-01
3.027276396751403809e-01
3.272883892059326172e-01
3.948253989219665527e-01
2.843231558799743652e-01
4.658884406089782715e-01
4.375427663326263428e-01
1.836982071399688721e-01
2.767408788204193115e-01
2.705309689044952393e-01
3.680563271045684814e-01
2.671429216861724854e-01
3.516059219837188721e-01
3.783226609230041504e-01
4.672440886497497559e-01
1.742009818553924561e-01
4.212632179260253906e-01
3.381512463092803955e-01
2.935347259044647217e-01
3.430179357528686523e-01
3.255097270011901855e-01
3.577833771705627441e-01
4.796917438507080078e-01
5.027080774307250977e-01
3.408960103988647461e-01
3.200336396694183350e-01
3.325074017047882080e-01
4.535786509513854980e-01
2.803286015987396240e-01
1.621101200580596924e-01
3.341395854949951172e-01
4.377575814723968506e-01
3.273395895957946777e-01
1.862073838710784912e-01
4.092030823230743408e-01
5.065968036651611328e-01
2.883176207542419434e-01
4.213879406452178955e-01
3.347456157207489014e-01
2.842169106006622314e-01
1.790949553251266479e-01
1.849240809679031372e-01
2.434618026018142700e-01
1.796464323997497559e-01
2.345301806926727295e-01
2.455522119998931885e-01
4.297068715095520020e-01
3.630490303039550781e-01
2.769297957420349121e-01
3.924950957298278809e-01
2.968964576721191406e-01
4.074912369251251221e-01
2.116156220436096191e-01
2.200276553630828857e-01
2.665414214134216309e-01
3.591001033782958984e-01
2.286491245031356812e-01
2.721778750419616699e-01
2.748028635978698730e-01
3.948712348937988281e-01
3.764528632164001465e-01
2.931301891803741455e-01
4.165876805782318115e-01
2.106946855783462524e-01
3.103521466255187988e-01
3.030095398426055908e-01
2.663170099258422852e-01
3.953078687191009521e-01
4.659519195556640625e-01
3.068808615207672119e-01
4.082688093185424805e-01
2.019062638282775879e-01
2.057190239429473877e-01
2.372096329927444458e-01
2.916046679019927979e-01
2.557087242603302002e-01
2.559740543365478516e-01
1.751830875873565674e-01
3.171371221542358398e-01
3.439062237739562988e-01
1.555676311254501343e-01
2.730032801628112793e-01
4.298256039619445801e-01
2.392442971467971802e-01
3.355585038661956787e-01
5.356181859970092773e-01
4.397787153720855713e-01
5.534749031066894531e-01
5.082262158393859863e-01
2.331239879131317139e-01
2.598743438720703125e-01
4.720050096511840820e-01
3.112262189388275146e-01
5.484079122543334961e-01
4.419091343879699707e-01
3.710613250732421875e-01
2.644431591033935547e-01
3.070432841777801514e-01
2.532536387443542480e-01
2.869739532470703125e-01
3.323978483676910400e-01
3.781575262546539307e-01
4.584138989448547363e-01
2.902999818325042725e-01
2.257082462310791016e-01
1.911234110593795776e-01
4.504830241203308105e-01
3.450874090194702148e-01
3.517903685569763184e-01
1.514877229928970337e-01
2.715927362442016602e-01
3.662109076976776123e-01
6.990218758583068848e-01
2.065219581127166748e-01
2.802451848983764648e-01
1.529311537742614746e-01
1.973716765642166138e-01
2.213297635316848755e-01
1.626863032579421997e-01
1.296143084764480591e-01
2.436647713184356689e-01
3.251869380474090576e-01
4.410109817981719971e-01
1.420382857322692871e-01
2.985909283161163330e-01
1.479150205850601196e-01
2.214884012937545776e-01
1.572269946336746216e-01
1.848712712526321411e-01
1.564746499061584473e-01
2.018438875675201416e-01
3.082826733589172363e-01
2.121968120336532593e-01
1.970870941877365112e-01
2.100034356117248535e-01
2.672092020511627197e-01
1.813701391220092773e-01
1.872350126504898071e-01
1.559498161077499390e-01
9.964170306921005249e-02
2.182856649160385132e-01
6.786686182022094727e-02
2.391138225793838501e-01
1.697950065135955811e-01
2.617839872837066650e-01
1.818951666355133057e-01
1.415694952011108398e-01
2.419984489679336548e-01
2.887942194938659668e-01
1.170552298426628113e-01
1.784766465425491333e-01
2.517902851104736328e-01
2.324633747339248657e-01
1.341270953416824341e-01
2.168075740337371826e-01
4.282395243644714355e-01
1.645120382308959961e-01
2.683265507221221924e-01
2.782658934593200684e-01
1.184220612049102783e-01
2.272521406412124634e-01
1.918123662471771240e-01
1.253182142972946167e-01
1.680943965911865234e-01
1.124066784977912903e-01
1.069199591875076294e-01
2.662605643272399902e-01
2.972627282142639160e-01
2.391939759254455566e-01
2.952401936054229736e-01
1.439203470945358276e-01
2.766087651252746582e-01
1.899977028369903564e-01
2.127113938331604004e-01
1.495592147111892700e-01
1.928537338972091675e-01
4.313282072544097900e-01
1.858717650175094604e-01
1.523903012275695801e-01
1.273864954710006714e-01
1.624779254198074341e-01
2.442209273576736450e-01
2.675277590751647949e-01
3.145989179611206055e-01
2.315006256103515625e-01
3.191494047641754150e-01
1.345962584018707275e-01
1.869916021823883057e-01
5.028683319687843323e-02
2.697599828243255615e-01
1.879659444093704224e-01
2.867627143859863281e-01
2.302064001560211182e-01
2.467885315418243408e-01
3.095677196979522705e-01
1.627128422260284424e-01
1.835254281759262085e-01
2.669811248779296875e-01
3.181535601615905762e-01
1.897277832031250000e-01
1.745456755161285400e-01
2.036696225404739380e-01
1.514128893613815308e-01
2.146666496992111206e-01
1.939536482095718384e-01
1.401086598634719849e-01
2.760770320892333984e-01
9.058164805173873901e-02
2.450525313615798950e-01
2.002757489681243896e-01
1.588929146528244019e-01
1.344396173954010010e-01
1.792315989732742310e-01
1.767374277114868164e-01
2.725671231746673584e-01
1.842330098152160645e-01
2.035643309354782104e-01
1.914073973894119263e-01
1.613096296787261963e-01
1.768486648797988892e-01
1.714842766523361206e-01
1.449541002511978149e-01
2.538537383079528809e-01
1.083315983414649963e-01
2.386480122804641724e-01
2.147876024246215820e-01
1.600963175296783447e-01
8.687296509742736816e-02
1.915549188852310181e-01
3.247357606887817383e-01
1.231987327337265015e-01
2.812861204147338867e-01
1.952429264783859253e-01
2.131075114011764526e-01
7.562890648841857910e-02
1.866993010044097900e-01
1.249007433652877808e-01
1.834935396909713745e-01
9.652034193277359009e-02
2.068775743246078491e-01
1.569236963987350464e-01
2.226111590862274170e-01
1.565368175506591797e-01
2.122351974248886108e-01
1.404976248741149902e-01
6.797044724225997925e-02
2.989656329154968262e-01
2.368019074201583862e-01
2.406813204288482666e-01
2.628411054611206055e-01
4.313896894454956055e-01
3.053509294986724854e-01
2.344191968441009521e-01
2.573739290237426758e-01
1.697287112474441528e-01
1.802460402250289917e-01
1.081814393401145935e-01
9.414915740489959717e-02
3.200303316116333008e-01
3.208473622798919678e-01
3.916922211647033691e-01
1.187814548611640930e-01
1.861574202775955200e-01
2.410387247800827026e-01
1.817501038312911987e-01
2.979659140110015869e-01
2.110599130392074585e-01
4.450623393058776855e-01
2.841828763484954834e-01
2.417544126510620117e-01
2.010000795125961304e-01
1.578888446092605591e-01
7.738839834928512573e-02
2.605006992816925049e-01
2.302659451961517334e-01
2.614819705486297607e-01
3.176347911357879639e-01
1.614283025264739990e-01
1.238635256886482239e-01
2.501364648342132568e-01
2.143321186304092407e-01
3.472174406051635742e-01
2.171712666749954224e-01
2.747195959091186523e-01
4.906690716743469238e-01
2.773820459842681885e-01
9.685696661472320557e-02
1.480573713779449463e-01
3.788320124149322510e-01
2.205859720706939697e-01
4.552524983882904053e-01
2.385233640670776367e-01
3.027501106262207031e-01
1.508902162313461304e-01
2.144281864166259766e-01
1.492614448070526123e-01
1.735127270221710205e-01
1.548105031251907349e-01
2.274364680051803589e-01
3.550719618797302246e-01
1.992694437503814697e-01
4.591153562068939209e-01
4.136684238910675049e-01
2.362462133169174194e-01
3.425434827804565430e-01
2.242537736892700195e-01
1.363255530595779419e-01
6.886237859725952148e-02
1.688196063041687012e-01
1.325018256902694702e-01
1.409073323011398315e-01
1.644861102104187012e-01
1.868386119604110718e-01
1.787077635526657104e-01
1.565482914447784424e-01
6.383462250232696533e-02
2.662348747253417969e-01
1.528706699609756470e-01
1.270726025104522705e-01
1.488271504640579224e-01
2.476602941751480103e-01
1.246612742543220520e-01
1.544487327337265015e-01
2.197607308626174927e-01
1.800864785909652710e-01
1.925264894962310791e-01
2.241235524415969849e-01
2.589786946773529053e-01
6.926602870225906372e-02
2.082023918628692627e-01
2.136993855237960815e-01
9.390682727098464966e-02
2.800775468349456787e-01
1.933093219995498657e-01
9.352350980043411255e-02
1.995147317647933960e-01
2.542961537837982178e-01
1.474814563989639282e-01
1.840584576129913330e-01
1.163047775626182556e-01
2.057860642671585083e-01
1.518445163965225220e-01
3.946640789508819580e-01
3.522810637950897217e-01
2.406718432903289795e-01
2.559800744056701660e-01
2.591991722583770752e-01
8.111078292131423950e-02
6.957413256168365479e-02
1.758894324302673340e-01
1.382917612791061401e-01
3.165670037269592285e-01
1.517904400825500488e-01
3.090904653072357178e-01
1.095386967062950134e-01
1.032044515013694763e-01
1.799874603748321533e-01
1.426830738782882690e-01
3.550568521022796631e-01
1.117329746484756470e-01
3.868185281753540039e-01
1.902891844511032104e-01
2.057806551456451416e-01
6.800469011068344116e-02
7.824670523405075073e-02
1.691377162933349609e-01
1.374056041240692139e-01
1.266773045063018799e-01
1.488340944051742554e-01
2.933717370033264160e-01
4.315847456455230713e-01
2.973737716674804688e-01
3.470272123813629150e-01
3.175635635852813721e-01
2.001635134220123291e-01
3.249657154083251953e-01
3.627173602581024170e-01
1.389580518007278442e-01
1.006641834974288940e-01
1.977273374795913696e-01
1.641339808702468872e-01
1.095644086599349976e-01
2.201808840036392212e-01
2.059719264507293701e-01
1.547732502222061157e-01
8.688817173242568970e-02
2.318756580352783203e-01
1.895855218172073364e-01
2.767423689365386963e-01
1.822942942380905151e-01
1.114482730627059937e-01
1.362305432558059692e-01
2.388742715120315552e-01
7.804299890995025635e-02
1.902052760124206543e-01
1.890275627374649048e-01
2.110987603664398193e-01
3.045421540737152100e-01
3.877515792846679688e-01
1.566813290119171143e-01
1.510984301567077637e-01
2.855531573295593262e-01
1.410690248012542725e-01
3.193049728870391846e-01
1.060624718666076660e-01
2.230995744466781616e-01
1.294774413108825684e-01
2.230466306209564209e-01
1.832865029573440552e-01
1.762041449546813965e-01
3.007170259952545166e-01
2.401488274335861206e-01
3.270891308784484863e-01
2.063393741846084595e-01
2.538320422172546387e-01
1.986256539821624756e-01
3.263308703899383545e-01
5.536732673645019531e-01
8.809002488851547241e-02
3.977971673011779785e-01
4.116363525390625000e-01
3.347841501235961914e-01
1.756381541490554810e-01
1.872189193964004517e-01
2.130798250436782837e-01
2.159019261598587036e-01
2.710099816322326660e-01
3.170952498912811279e-01
1.862458735704421997e-01
4.402443766593933105e-01
7.410309463739395142e-02
4.117176532745361328e-01
1.374499201774597168e-01
1.802089214324951172e-01
1.516487598419189453e-01
2.937794327735900879e-01
5.032010674476623535e-01
1.299662292003631592e-01
1.795849800109863281e-01
2.882409393787384033e-01
1.359907835721969604e-01
2.014939785003662109e-01
1.235562935471534729e-01
1.912187039852142334e-01
3.598750829696655273e-01
1.840235739946365356e-01
1.267439126968383789e-01
1.803543716669082642e-01
2.520210742950439453e-01
2.686842978000640869e-01
2.182262688875198364e-01
2.122918814420700073e-01
2.541543245315551758e-01
1.732095628976821899e-01
2.623901665210723877e-01
2.353244423866271973e-01
4.022889435291290283e-01
2.810288369655609131e-01
1.821520626544952393e-01
1.198956742882728577e-01
1.437852680683135986e-01
2.257653176784515381e-01
4.386582970619201660e-01
4.696297049522399902e-01
4.055942893028259277e-01
1.072913855314254761e-01
2.551128864288330078e-01
2.596367001533508301e-01
1.223368421196937561e-01
2.246609628200531006e-01
1.025867089629173279e-01
2.560405731201171875e-01
2.695266604423522949e-01
2.988375127315521240e-01
1.773597300052642822e-01
3.117675185203552246e-01
2.335820198059082031e-01
4.845280349254608154e-01
2.449133694171905518e-01
4.148401916027069092e-01
2.571666538715362549e-01
3.760741949081420898e-01
2.705507874488830566e-01
1.463950872421264648e-01
2.681391239166259766e-01
2.591321170330047607e-01
4.848056733608245850e-01
2.034806907176971436e-01
2.891630530357360840e-01
3.160669207572937012e-01
2.185350954532623291e-01
2.298994213342666626e-01
2.103546559810638428e-01
3.344702422618865967e-01
1.996514052152633667e-01
3.106778860092163086e-01
3.573383688926696777e-01
2.692355215549468994e-01
2.290755063295364380e-01
1.485966891050338745e-01
2.018976956605911255e-01
2.150716930627822876e-01
2.681355774402618408e-01
2.360293269157409668e-01
2.609762251377105713e-01
3.735478520393371582e-01
5.253542661666870117e-01
3.649925589561462402e-01
3.911299705505371094e-01
2.284657359123229980e-01
2.477024197578430176e-01
1.129069030284881592e-01
3.375481367111206055e-01
2.200766056776046753e-01
3.062975406646728516e-01
2.866278290748596191e-01
2.593922913074493408e-01
2.007321417331695557e-01
1.335264444351196289e-01
2.807396054267883301e-01
2.277321815490722656e-01
3.172761797904968262e-01
1.728961914777755737e-01
2.727942168712615967e-01
2.746830284595489502e-01
2.086458057165145874e-01
2.451053857803344727e-01
3.222999274730682373e-01
2.387952804565429688e-01
2.685766518115997314e-01
3.572365641593933105e-01
1.587516516447067261e-01
2.864342331886291504e-01
3.079191744327545166e-01
1.229868382215499878e-01
3.641631305217742920e-01
3.362090885639190674e-01
1.892838925123214722e-01
1.948497593402862549e-01
3.303899466991424561e-01
1.526276022195816040e-01
4.029217958450317383e-01
2.057499587535858154e-01
2.826493680477142334e-01
2.491101473569869995e-01
3.063378632068634033e-01
2.118367105722427368e-01
1.863149106502532959e-01
4.317238628864288330e-01
1.004543378949165344e-01
3.704366683959960938e-01
1.435021460056304932e-01
2.923929989337921143e-01
2.740887105464935303e-01
1.397015750408172607e-01
3.605174422264099121e-01
4.065248966217041016e-01
2.162892818450927734e-01
2.461713999509811401e-01
3.083027601242065430e-01
1.498503386974334717e-01
3.342127203941345215e-01
1.808418482542037964e-01
3.346978724002838135e-01
3.181231617927551270e-01
2.566994726657867432e-01
1.718978136777877808e-01
1.304421424865722656e-01
2.795313298702239990e-01
1.795333176851272583e-01
2.028268426656723022e-01
1.150698587298393250e-01
4.345719516277313232e-01
1.804231405258178711e-01
4.994826614856719971e-01
5.444248318672180176e-01
1.924197077751159668e-01
2.965250611305236816e-01
2.787034213542938232e-01
3.047385811805725098e-01
3.367698788642883301e-01
1.566494852304458618e-01
2.011153846979141235e-01
2.297138273715972900e-01
2.060580104589462280e-01
1.505778431892395020e-01
2.271561026573181152e-01
2.111771702766418457e-01
2.155763059854507446e-01
1.290919929742813110e-01
4.293278157711029053e-01
3.467259109020233154e-01
2.447023540735244751e-01
1.561786383390426636e-01
3.469398617744445801e-01
2.788850963115692139e-01
3.615792095661163330e-01
2.410348206758499146e-01
3.738895058631896973e-01
4.726650416851043701e-01
2.941091358661651611e-01
3.513297438621520996e-01
4.002039730548858643e-01
3.731409311294555664e-01
1.568244397640228271e-01
1.868370324373245239e-01
3.587693572044372559e-01
2.975056767463684082e-01
2.470540553331375122e-01
1.969181001186370850e-01
1.951528191566467285e-01
2.167501747608184814e-01
2.948759198188781738e-01
3.702696263790130615e-01
4.266774356365203857e-01
2.759000658988952637e-01
2.411216199398040771e-01
1.433484554290771484e-01
1.888467967510223389e-01
3.683249056339263916e-01
2.557124197483062744e-01
1.550019085407257080e-01
2.286645025014877319e-01
2.762103080749511719e-01
2.508116960525512695e-01
8.538194745779037476e-02
2.350854426622390747e-01
4.534707963466644287e-01
7.210674136877059937e-02
2.072919011116027832e-01
1.659201532602310181e-01
2.147433310747146606e-01
3.789478242397308350e-01
1.437135040760040283e-01
2.345554828643798828e-01
2.544838488101959229e-01
3.422555327415466309e-01
2.005161494016647339e-01
5.350577831268310547e-01
1.299625933170318604e-01
2.819834351539611816e-01
1.442184448242187500e-01
3.314984142780303955e-01
2.798297703266143799e-01
3.188826739788055420e-01
3.047239780426025391e-01
3.004085719585418701e-01
1.708372086286544800e-01
1.536086946725845337e-01
1.436535865068435669e-01
2.019144296646118164e-01
2.577499151229858398e-01
2.141470164060592651e-01
2.220515757799148560e-01
2.041926234960556030e-01
3.900998830795288086e-01
2.629940211772918701e-01
1.638367325067520142e-01
2.043948918581008911e-01
2.896122932434082031e-01
3.332594037055969238e-01
4.017744958400726318e-01
4.958283007144927979e-01
1.883117556571960449e-01
3.240096271038055420e-01
2.877831459045410156e-01
1.055435463786125183e-01
3.496656417846679688e-01
2.440052628517150879e-01
2.167890071868896484e-01
1.102922335267066956e-01
3.135605454444885254e-01
1.648256629705429077e-01
3.279847204685211182e-01
3.101973831653594971e-01
3.104453980922698975e-01
1.476383805274963379e-01
1.145723834633827209e-01
4.936172664165496826e-01
2.071692794561386108e-01
2.158321440219879150e-01
2.120863199234008789e-01
3.670014739036560059e-01
3.645556271076202393e-01
2.372235059738159180e-01
1.340772509574890137e-01
1.271796822547912598e-01
1.524163186550140381e-01
1.431246548891067505e-01
1.976734399795532227e-01
2.340522706508636475e-01
2.293855845928192139e-01
1.605014204978942871e-01
2.521054744720458984e-01
2.365356832742691040e-01
2.197636067867279053e-01
1.309071034193038940e-01
2.363772541284561157e-01
1.406124830245971680e-01
1.847939789295196533e-01
3.338935971260070801e-01
2.259611487388610840e-01
2.806136310100555420e-01
2.222055196762084961e-01
3.964914977550506592e-01
1.760630458593368530e-01
4.746931195259094238e-01
3.333553373813629150e-01
3.293856680393218994e-01
1.527533382177352905e-01
2.247119992971420288e-01
1.667329072952270508e-01
3.118388354778289795e-01
2.178586125373840332e-01
1.678457111120223999e-01
8.179772645235061646e-02
1.416273564100265503e-01
3.350677192211151123e-01
3.436737358570098877e-01
4.381771683692932129e-01
2.213193029165267944e-01
1.178488880395889282e-01
2.436497509479522705e-01
1.418867111206054688e-01
2.018566131591796875e-01
1.029888242483139038e-01
2.025420963764190674e-01
3.872648477554321289e-01
2.789880037307739258e-01
4.982073307037353516e-01
1.926105171442031860e-01
2.450270950794219971e-01
2.454858422279357910e-01
2.150899618864059448e-01
2.159413397312164307e-01
1.435507386922836304e-01
3.499138951301574707e-01
1.935596317052841187e-01
3.583928048610687256e-01
2.478936761617660522e-01
1.927990466356277466e-01
2.421522736549377441e-01
1.228916496038436890e-01
1.801852434873580933e-01
2.068346440792083740e-01
2.772443890571594238e-01
4.135046899318695068e-01
2.592301368713378906e-01
2.252317816019058228e-01
2.123325020074844360e-01
2.940048575401306152e-01
1.358688771724700928e-01
1.733354926109313965e-01
1.367133557796478271e-01
1.950030326843261719e-01
3.665366768836975098e-01
3.197439312934875488e-01
1.322443932294845581e-01
3.698388040065765381e-01
3.254073262214660645e-01
1.530418246984481812e-01
2.387353926897048950e-01
1.809200644493103027e-01
1.823593974113464355e-01
2.216191142797470093e-01
2.538261711597442627e-01
1.331002861261367798e-01
2.348248362541198730e-01
1.498462557792663574e-01
3.441849350929260254e-01
2.153334617614746094e-01
2.917838692665100098e-01
1.399443000555038452e-01
1.808309406042098999e-01
2.757673561573028564e-01
2.108859568834304810e-01
2.952784001827239990e-01
2.204010486602783203e-01
2.074751257896423340e-01
3.385436534881591797e-01
2.267799377441406250e-01
3.497821390628814697e-01
1.986615061759948730e-01
3.257256746292114258e-01
2.991455495357513428e-01
1.932393014430999756e-01
4.124331772327423096e-01
1.533218175172805786e-01
2.176892012357711792e-01
1.120148301124572754e-01
2.121634334325790405e-01
2.359846681356430054e-01
1.637554317712783813e-01
1.678697764873504639e-01
3.897545933723449707e-01
4.816822707653045654e-01
2.270812690258026123e-01
2.318343818187713623e-01
1.139330267906188965e-01
2.323555201292037964e-01
2.924287915229797363e-01
2.057027667760848999e-01
2.627845704555511475e-01
2.372223734855651855e-01
2.951571047306060791e-01
2.382424175739288330e-01
1.879704296588897705e-01
1.748617589473724365e-01
2.577253282070159912e-01
2.246056348085403442e-01
2.121571153402328491e-01
1.834443658590316772e-01
1.877499967813491821e-01
2.027570158243179321e-01
2.407419085502624512e-01
1.955502033233642578e-01
3.727110624313354492e-01
2.567661106586456299e-01
3.103826045989990234e-01
3.978558182716369629e-01
3.042942583560943604e-01
3.465681672096252441e-01
2.186362892389297485e-01
3.070381283760070801e-01
1.543592214584350586e-01
3.152531981468200684e-01
2.196244746446609497e-01
1.601687371730804443e-01
2.777246236801147461e-01
2.349843531847000122e-01
1.300776898860931396e-01
2.386678606271743774e-01
3.206912279129028320e-01
2.419284433126449585e-01
2.950455844402313232e-01
2.706050574779510498e-01
3.226294219493865967e-01
3.046507537364959717e-01
1.394009143114089966e-01
1.839134544134140015e-01
4.067386984825134277e-01
2.508654892444610596e-01
3.092343509197235107e-01
3.329980075359344482e-01
2.613328099250793457e-01
2.467030882835388184e-01
3.752129077911376953e-01
2.815504670143127441e-01
3.532351255416870117e-01
2.791174352169036865e-01
2.837834358215332031e-01
1.557386666536331177e-01
2.107301950454711914e-01
3.454997241497039795e-01
1.373822838068008423e-01
2.696677744388580322e-01
4.451961219310760498e-01
2.003701925277709961e-01
2.198911607265472412e-01
2.178944498300552368e-01
1.019057929515838623e-01
4.285084605216979980e-01
1.650092899799346924e-01
3.702664077281951904e-01
1.762069761753082275e-01
3.644853830337524414e-01
2.267425209283828735e-01
2.434138208627700806e-01
2.591730952262878418e-01
3.867180943489074707e-01
1.119946464896202087e-01
1.059411689639091492e-01
1.466004550457000732e-01
1.297490894794464111e-01
4.155257940292358398e-01
4.139441549777984619e-01
1.373746246099472046e-01
3.022827208042144775e-01
4.745487570762634277e-01
2.695868909358978271e-01
2.057741433382034302e-01
2.738353610038757324e-01
2.017170041799545288e-01
2.009434252977371216e-01
1.517212390899658203e-01
2.410903722047805786e-01
2.099422216415405273e-01
2.430723905563354492e-01
1.651947200298309326e-01
5.859981179237365723e-01
1.229497715830802917e-01
2.405072897672653198e-01
3.864937722682952881e-01
2.167944908142089844e-01
5.730015039443969727e-01
1.801625937223434448e-01
1.683309823274612427e-01
1.197784468531608582e-01
3.333032429218292236e-01
5.938498303294181824e-02
5.748999863862991333e-02
2.141611129045486450e-01
2.909106314182281494e-01
2.360349446535110474e-01
2.354330420494079590e-01
1.260904073715209961e-01
1.164502426981925964e-01
2.498454600572586060e-01
1.856096684932708740e-01
7.515675574541091919e-02
2.299660146236419678e-01
8.032137155532836914e-02
1.676189005374908447e-01
1.977523863315582275e-01
2.307022362947463989e-01
9.379445761442184448e-02
1.893424689769744873e-01
1.528638005256652832e-01
1.148473471403121948e-01
1.252981275320053101e-01
1.878469884395599365e-01
2.686410844326019287e-01
1.401332765817642212e-01
1.174310371279716492e-01
8.472988009452819824e-02
1.729758679866790771e-01
4.136958718299865723e-01
8.762799203395843506e-02
2.071324288845062256e-01
5.663603171706199646e-02
2.019511014223098755e-01
1.498111933469772339e-01
2.729812562465667725e-01
1.742994487285614014e-01
9.614795446395874023e-02
1.739795804023742676e-01
2.134304195642471313e-01
2.315813601016998291e-01
1.766584217548370361e-01
1.508713364601135254e-01
2.829142212867736816e-01
1.743331551551818848e-01
9.769335389137268066e-02
1.294848471879959106e-01
7.960398495197296143e-02
1.046007797122001648e-01
2.816646695137023926e-01
7.189188152551651001e-02
1.031604781746864319e-01
1.665333211421966553e-01
2.520576715469360352e-01
1.446784883737564087e-01
8.586572855710983276e-02
5.310818925499916077e-02
1.771781593561172485e-01
7.374332100152969360e-02
6.110757961869239807e-02
5.462757125496864319e-02
1.209137141704559326e-01
1.491788327693939209e-01
1.898564249277114868e-01
9.019795805215835571e-02
8.483640849590301514e-02
1.635064631700515747e-01
9.718888998031616211e-02
1.094375103712081909e-01
2.004672735929489136e-01
5.208806693553924561e-02
1.774417608976364136e-01
1.507714092731475830e-01
1.184675991535186768e-01
1.703373640775680542e-01
1.491609811782836914e-01
1.667741686105728149e-01
7.627051323652267456e-02
6.645291298627853394e-02
8.232794702053070068e-02
1.167983487248420715e-01
1.538796573877334595e-01
1.222700700163841248e-01
2.121497839689254761e-01
1.901236027479171753e-01
2.068819850683212280e-01
9.243092685937881470e-02
7.646778225898742676e-02
1.512518674135208130e-01
1.584092229604721069e-01
1.739357113838195801e-01
6.182083860039710999e-02
1.805853992700576782e-01
1.677480340003967285e-01
5.829270929098129272e-02
1.256970018148422241e-01
2.631410360336303711e-01
1.455091834068298340e-01
1.360571980476379395e-01
8.806039392948150635e-02
7.334853708744049072e-02
1.457924097776412964e-01
2.073595374822616577e-01
1.350292563438415527e-01
1.954091340303421021e-01
6.142713502049446106e-02
1.796347051858901978e-01
7.347725331783294678e-02
1.395616680383682251e-01
1.176754459738731384e-01
1.621173769235610962e-01
2.482456564903259277e-01
2.306224405765533447e-01
1.171490997076034546e-01
1.392264813184738159e-01
5.646866187453269958e-02
1.508364677429199219e-01
1.232645064592361450e-01
1.013486832380294800e-01
4.022543504834175110e-02
1.066053882241249084e-01
8.500878512859344482e-02
1.093788966536521912e-01
2.174447625875473022e-01
1.227865591645240784e-01
6.108136847615242004e-02
8.316045999526977539e-02
9.259786456823348999e-02
7.828775048255920410e-02
3.767586946487426758e-01
1.430910378694534302e-01
1.016729027032852173e-01
1.142276450991630554e-01
1.365089863538742065e-01
5.651771649718284607e-02
2.277707755565643311e-01
1.774882078170776367e-01
1.115132495760917664e-01
1.329037398099899292e-01
2.408295422792434692e-01
1.538658589124679565e-01
1.386071294546127319e-01
7.894878834486007690e-02
5.004325136542320251e-02
2.164760679006576538e-01
1.074240803718566895e-01
9.613758325576782227e-02
3.886353969573974609e-01
1.364395618438720703e-01
1.546319723129272461e-01
1.381136775016784668e-01
1.043373942375183105e-01
3.395448625087738037e-01
1.052401065826416016e-01
1.242550909519195557e-01
1.116422191262245178e-01
4.024915695190429688e-01
7.552833110094070435e-02
1.353278011083602905e-01
5.973083525896072388e-02
1.295348256826400757e-01
9.865973889827728271e-02
4.936724156141281128e-02
2.768952250480651855e-01
2.688164710998535156e-01
1.937131136655807495e-01
2.005565762519836426e-01
1.041568741202354431e-01
2.030339390039443970e-01
2.541133463382720947e-01
1.094319745898246765e-01
1.569925546646118164e-01
9.878747910261154175e-02
2.506254315376281738e-01
1.938444525003433228e-01
2.106208056211471558e-01
7.310711592435836792e-02
7.836470007896423340e-02
7.547131925821304321e-02
2.285558134317398071e-01
1.352770775556564331e-01
3.848806619644165039e-01
2.464379519224166870e-01
2.227727025747299194e-01
9.504140168428421021e-02
1.851718127727508545e-01
1.393742412328720093e-01
2.053004354238510132e-01
1.574280112981796265e-01
2.163252532482147217e-01
1.854459196329116821e-01
1.372684836387634277e-01
2.363578379154205322e-01
1.414584070444107056e-01
1.207351014018058777e-01
2.110011130571365356e-01
2.632890641689300537e-01
2.081382423639297485e-01
2.474272698163986206e-01
1.274860352277755737e-01
3.368193507194519043e-01
3.485341966152191162e-01
1.833012104034423828e-01
2.893592417240142822e-01
1.250046789646148682e-01
2.327570468187332153e-01
2.066608071327209473e-01
2.596822381019592285e-01
1.571762859821319580e-01
1.286814659833908081e-01
7.961640506982803345e-02
1.626401096582412720e-01
2.210789173841476440e-01
8.401092141866683960e-02
3.716447651386260986e-01
8.113961666822433472e-02
1.933754086494445801e-01
1.207073256373405457e-01
1.428111344575881958e-01
2.935023903846740723e-01
1.492389589548110962e-01
2.119295448064804077e-01
1.264190971851348877e-01
1.810208112001419067e-01
1.288702934980392456e-01
9.686169028282165527e-02
2.831023931503295898e-01
8.759202808141708374e-02
2.063281685113906860e-01
9.967756271362304688e-02
1.600333452224731445e-01
7.674879580736160278e-02
1.343847513198852539e-01
1.886523514986038208e-01
1.898505538702011108e-01
2.569450736045837402e-01
1.256735026836395264e-01
1.046163812279701233e-01
1.292786747217178345e-01
9.496099501848220825e-02
1.608423441648483276e-01
1.664850413799285889e-01
2.164862602949142456e-01
6.853243708610534668e-02
8.704643696546554565e-02
2.662903666496276855e-01
1.913427114486694336e-01
2.139203250408172607e-01
6.641899049282073975e-02
1.889706403017044067e-01
6.454359740018844604e-02
7.343979924917221069e-02
1.882959157228469849e-01
1.160161867737770081e-01
7.792939990758895874e-02
2.087305486202239990e-01
3.259316980838775635e-01
1.810621768236160278e-01
8.132490515708923340e-02
6.658651679754257202e-02
8.781091123819351196e-02
1.106834933161735535e-01
6.552253663539886475e-02
1.645563691854476929e-01
8.599282056093215942e-02
2.271364331245422363e-01
2.021543979644775391e-01
1.922086328268051147e-01
1.177251189947128296e-01
9.349344670772552490e-02
3.597234189510345459e-01
1.765588521957397461e-01
2.563853263854980469e-01
1.554762572050094604e-01
1.415987014770507812e-01
2.399745881557464600e-01
3.891448378562927246e-01
5.995893478393554688e-02
1.249419450759887695e-01
1.565842777490615845e-01
6.617178022861480713e-02
1.865136325359344482e-01
2.389320284128189087e-01
6.373670697212219238e-02
1.753506362438201904e-01
1.147835999727249146e-01
1.027873903512954712e-01
2.722436487674713135e-01
1.358173042535781860e-01
2.749872505664825439e-01
3.239715397357940674e-01
1.591422110795974731e-01
1.529026627540588379e-01
1.491790115833282471e-01
3.061057031154632568e-01
1.312733441591262817e-01
9.805195778608322144e-02
3.134126067161560059e-01
1.322850286960601807e-01
2.465611696243286133e-01
2.812523841857910156e-01
1.728215068578720093e-01
3.272030055522918701e-01
1.602126508951187134e-01
3.278862237930297852e-01
3.693717122077941895e-01
1.492725908756256104e-01
2.535065114498138428e-01
3.064845204353332520e-01
1.991809904575347900e-01
1.825495064258575439e-01
3.765697479248046875e-01
1.190964281558990479e-01
1.586706191301345825e-01
3.558173179626464844e-01
2.207904905080795288e-01
2.592545151710510254e-01
1.819074600934982300e-01
2.149402946233749390e-01
2.991349399089813232e-01
1.826935410499572754e-01
2.437781989574432373e-01
1.914059817790985107e-01
1.803849935531616211e-01
3.032942414283752441e-01
1.785447299480438232e-01
1.654465347528457642e-01
2.167216390371322632e-01
1.693738549947738647e-01
1.633608639240264893e-01
2.128848731517791748e-01
3.127225041389465332e-01
1.606537252664566040e-01
3.556339740753173828e-01
2.126939147710800171e-01
2.966684103012084961e-01
8.324624598026275635e-02
2.106014043092727661e-01
1.810860484838485718e-01
9.867942333221435547e-02
1.857265532016754150e-01
1.477523446083068848e-01
2.214448601007461548e-01
1.393752247095108032e-01
1.383586525917053223e-01
2.095016092061996460e-01
9.291050583124160767e-02
2.551553249359130859e-01
3.352534472942352295e-01
1.453516483306884766e-01
9.171804040670394897e-02
1.736838519573211670e-01
1.227262765169143677e-01
8.845274150371551514e-02
1.198244392871856689e-01
1.159874349832534790e-01
2.947888076305389404e-01
1.772494763135910034e-01
1.675359755754470825e-01
2.621658444404602051e-01
2.762896418571472168e-01
9.215550124645233154e-02
2.100987285375595093e-01
9.448543936014175415e-02
1.214894503355026245e-01
2.098924964666366577e-01
1.707216352224349976e-01
2.234062999486923218e-01
2.743035554885864258e-01
1.939785927534103394e-01
1.197340860962867737e-01
2.501517236232757568e-01
2.118400037288665771e-01
8.968797326087951660e-02
1.728806495666503906e-01
1.098380312323570251e-01
3.327642977237701416e-01
2.615599930286407471e-01
3.490112721920013428e-01
1.380407512187957764e-01
2.045477628707885742e-01
1.484303921461105347e-01
1.528551280498504639e-01
1.987601518630981445e-01
2.166457027196884155e-01
1.069911569356918335e-01
1.685630828142166138e-01
1.281557828187942505e-01
8.491794019937515259e-02
2.349835634231567383e-01
2.007911950349807739e-01
2.246089279651641846e-01
9.402516484260559082e-02
7.265284657478332520e-02
2.349771857261657715e-01
1.485386490821838379e-01
2.043645232915878296e-01
1.392841339111328125e-01
2.687771618366241455e-01
1.654836088418960571e-01
2.021234035491943359e-01
2.604265511035919189e-01
1.047009304165840149e-01
1.247419342398643494e-01
1.938072741031646729e-01
8.408381044864654541e-02
1.295689493417739868e-01
9.973708540201187134e-02
9.105535596609115601e-02
2.205829918384552002e-01
1.746859401464462280e-01
6.165433302521705627e-02
2.121549099683761597e-01
2.075170874595642090e-01
1.973745673894882202e-01
1.238578408956527710e-01
1.740793287754058838e-01
1.200777217745780945e-01
1.085328012704849243e-01
4.057141393423080444e-02
1.785292476415634155e-01
1.661284863948822021e-01
2.563641369342803955e-01
2.182648628950119019e-01
1.583190560340881348e-01
1.577536016702651978e-01
1.521681845188140869e-01
2.917894124984741211e-01
1.776213496923446655e-01
1.310937255620956421e-01
2.514472305774688721e-01
7.724582403898239136e-02
2.422585934400558472e-01
1.449293196201324463e-01
9.510859102010726929e-02
9.880107641220092773e-02
7.982395589351654053e-02
2.656510472297668457e-01
1.764671057462692261e-01
3.203912377357482910e-01
1.093881726264953613e-01
1.765981167554855347e-01
1.707091033458709717e-01
1.154492422938346863e-01
2.282484173774719238e-01
3.008283674716949463e-01
2.476510703563690186e-01
1.547908931970596313e-01
2.561227977275848389e-01
2.022153735160827637e-01
1.442734152078628540e-01
3.072706758975982666e-01
9.737974405288696289e-02
2.144518941640853882e-01
6.510713696479797363e-02
1.884725838899612427e-01
5.891847983002662659e-02
2.054616957902908325e-01
2.370447814464569092e-01
1.427395790815353394e-01
1.733020395040512085e-01
2.906122803688049316e-01
1.695701181888580322e-01
2.102734893560409546e-01
1.391475796699523926e-01
1.104176193475723267e-01
3.311405181884765625e-01
3.801882565021514893e-01
2.510338425636291504e-01
2.401673495769500732e-01
1.948532164096832275e-01
1.590129584074020386e-01
1.701114773750305176e-01
1.975571960210800171e-01
1.197258606553077698e-01
1.158057376742362976e-01
2.940706014633178711e-01
3.339258730411529541e-01
7.877580076456069946e-02
1.596183925867080688e-01
2.698436081409454346e-01
1.602621376514434814e-01
8.002703636884689331e-02
1.916381567716598511e-01
2.663080096244812012e-01
1.691361963748931885e-01
3.191364109516143799e-01
1.355812549591064453e-01
2.074562460184097290e-01
1.788121014833450317e-01
1.565699875354766846e-01
1.806648373603820801e-01
2.543334960937500000e-01
1.082686707377433777e-01
1.875761449337005615e-01
1.849134415388107300e-01
1.527641117572784424e-01
1.387729346752166748e-01
3.470358550548553467e-01
2.313951402902603149e-01
1.868388950824737549e-01
2.137683331966400146e-01
2.475907355546951294e-01
2.386734038591384888e-01
8.240637183189392090e-02
2.939305603504180908e-01
9.829977154731750488e-02
2.808278501033782959e-01
1.905633658170700073e-01
1.369887888431549072e-01
2.229694277048110962e-01
1.708364635705947876e-01
2.689473927021026611e-01
4.076792001724243164e-01
1.198079511523246765e-01
1.394487321376800537e-01
2.392203807830810547e-01
2.979774475097656250e-01
9.217625856399536133e-02
1.493471711874008179e-01
2.027719318866729736e-01
1.332631409168243408e-01
1.819542944431304932e-01
3.496803343296051025e-01
1.780591309070587158e-01
1.798748970031738281e-01
2.361442595720291138e-01
2.396633625030517578e-01
2.061872333288192749e-01
3.511061966419219971e-01
7.783522456884384155e-02
2.859090864658355713e-01
1.745723485946655273e-01
2.355653941631317139e-01
1.097230166196823120e-01
2.471963763236999512e-01
1.984315961599349976e-01
2.319941073656082153e-01
8.848891407251358032e-02
2.047846764326095581e-01
1.300188153982162476e-01
9.508109837770462036e-02
1.375934183597564697e-01
1.163637861609458923e-01
1.206227913498878479e-01
3.515125513076782227e-01
1.502507030963897705e-01
7.957404106855392456e-02
2.729222774505615234e-01
2.141880542039871216e-01
3.169059753417968750e-01
2.787771821022033691e-01
1.268576383590698242e-01
1.202280819416046143e-01
2.292686551809310913e-01
2.315549999475479126e-01
9.994819760322570801e-02
1.225623562932014465e-01
1.917393803596496582e-01
8.485205471515655518e-02
3.098320662975311279e-01
1.711615920066833496e-01
9.269472956657409668e-02
1.108980774879455566e-01
8.914096653461456299e-02
1.366000175476074219e-01
2.064999192953109741e-01
6.259244680404663086e-02
2.163008153438568115e-01
1.392656266689300537e-01
2.276364713907241821e-01
2.267489582300186157e-01
1.149662807583808899e-01
2.352401614189147949e-01
1.418419033288955688e-01
1.005940735340118408e-01
1.057345643639564514e-01
1.168938800692558289e-01
9.560210257768630981e-02
1.266706436872482300e-01
1.772857755422592163e-01
1.636179387569427490e-01
1.371212452650070190e-01
3.688630759716033936e-01
1.001581847667694092e-01
1.739331632852554321e-01
1.609203219413757324e-01
2.000965327024459839e-01
1.787423938512802124e-01
2.181235700845718384e-01
1.295076757669448853e-01
3.415752649307250977e-01
1.507640480995178223e-01
2.164853960275650024e-01
2.149683535099029541e-01
1.510542631149291992e-01
2.279580831527709961e-01
3.391578793525695801e-01
1.178833320736885071e-01
1.055279299616813660e-01
1.195209249854087830e-01
2.016967236995697021e-01
1.492007970809936523e-01
4.711373522877693176e-02
1.319922357797622681e-01
1.471728235483169556e-01
1.272154450416564941e-01
1.265562921762466431e-01
3.482278585433959961e-01
3.454579710960388184e-01
9.215454757213592529e-02
1.762683391571044922e-01
1.535816788673400879e-01
2.250995635986328125e-01
1.613469868898391724e-01
1.402631849050521851e-01
7.595955580472946167e-02
2.157972007989883423e-01
1.674507707357406616e-01
1.663600057363510132e-01
1.206665039062500000e-01
7.263754308223724365e-02
2.780612707138061523e-01
1.006819605827331543e-01
2.196805924177169800e-01
9.030681848526000977e-02
2.576318979263305664e-01
1.388033032417297363e-01
3.100878596305847168e-01
1.928310096263885498e-01
2.285468429327011108e-01
9.521640092134475708e-02
2.716905474662780762e-01
1.141332536935806274e-01
3.296867311000823975e-01
1.076812222599983215e-01
1.444947123527526855e-01
1.898898929357528687e-01
2.721736729145050049e-01
2.158455550670623779e-01
1.564133912324905396e-01
1.903414726257324219e-01
2.469379454851150513e-01
2.200174182653427124e-01
1.307207792997360229e-01
2.742228209972381592e-01
2.438568770885467529e-01
2.916769683361053467e-01
2.193123996257781982e-01
2.143422514200210571e-01
1.828727424144744873e-01
1.317083537578582764e-01
2.251395285129547119e-01
1.753145158290863037e-01
3.532684147357940674e-01
1.097307503223419189e-01
4.829869270324707031e-01
1.832986474037170410e-01
2.386099994182586670e-01
2.042876034975051880e-01
2.273079901933670044e-01
2.284726649522781372e-01
1.304926276206970215e-01
8.276880532503128052e-02
2.164389491081237793e-01
2.348359376192092896e-01
9.948851168155670166e-02
2.360990941524505615e-01
3.075774908065795898e-01
1.206093430519104004e-01
1.278614997863769531e-01
2.660536766052246094e-01
2.375260740518569946e-01
2.057724446058273315e-01
1.804814636707305908e-01
2.806559205055236816e-01
2.673702836036682129e-01
2.568666934967041016e-01
1.811214685440063477e-01
2.073065191507339478e-01
1.438047289848327637e-01
1.646036058664321899e-01
3.629829883575439453e-01
1.653426885604858398e-01
1.831378042697906494e-01
3.510268628597259521e-01
1.604889035224914551e-01
2.051789760589599609e-01
2.391745895147323608e-01
1.786565929651260376e-01
5.565671995282173157e-02
1.793271601200103760e-01
2.448611706495285034e-01
2.394718229770660400e-01
3.283467590808868408e-01
1.665593385696411133e-01
1.606852412223815918e-01
1.627524197101593018e-01
1.828279048204421997e-01
1.146911978721618652e-01
1.007175296545028687e-01
2.016378343105316162e-01
3.919405639171600342e-01
2.723190188407897949e-01
9.928526729345321655e-02
1.449296623468399048e-01
3.149328231811523438e-01
3.700924515724182129e-01
1.440426558256149292e-01
2.510489821434020996e-01
2.107973992824554443e-01
2.517113387584686279e-01
2.054422050714492798e-01
1.111570969223976135e-01
9.434969723224639893e-02
1.147394105792045593e-01
1.321480423212051392e-01
1.057217195630073547e-01
2.009636014699935913e-01
1.708080023527145386e-01
5.568450093269348145e-01
9.181781858205795288e-02
4.557243585586547852e-01
8.717507869005203247e-02
2.895171940326690674e-01
1.008417233824729919e-01
1.070768088102340698e-01
3.812536597251892090e-01
2.906182706356048584e-01
2.654836177825927734e-01
1.506388634443283081e-01
1.248438805341720581e-01
1.530805528163909912e-01
1.969536095857620239e-01
1.141626685857772827e-01
3.828743696212768555e-01
1.580490022897720337e-01
2.588281035423278809e-01
1.099979132413864136e-01
3.169523179531097412e-02
2.250072211027145386e-01
3.538486063480377197e-01
1.501937508583068848e-01
1.156900748610496521e-01
3.764631152153015137e-01
2.933775186538696289e-01
1.848736107349395752e-01
2.150737792253494263e-01
1.222384944558143616e-01
8.681341260671615601e-02
1.604904681444168091e-01
2.454641312360763550e-01
1.046848967671394348e-01
3.107892870903015137e-01
1.324290931224822998e-01
2.788681387901306152e-01
1.078443378210067749e-01
2.452003359794616699e-01
3.549008369445800781e-01
2.896049022674560547e-01
2.152429968118667603e-01
2.641973197460174561e-01
2.017082273960113525e-01
2.417557835578918457e-01
1.761591434478759766e-01
1.596216708421707153e-01
8.052186667919158936e-02
2.432381361722946167e-01
2.088488787412643433e-01
2.029711902141571045e-01
2.487174272537231445e-01
1.124442592263221741e-01
3.272555172443389893e-01
2.154243886470794678e-01
1.652262359857559204e-01
3.310561478137969971e-01
2.183895409107208252e-01
1.259792149066925049e-01
3.668150901794433594e-01
1.914189010858535767e-01
1.619387716054916382e-01
1.497685909271240234e-01
2.169249653816223145e-01
9.241456538438796997e-02
1.660917401313781738e-01
7.370985299348831177e-02
8.644712716341018677e-02
1.869369000196456909e-01
1.045225933194160461e-01
3.757667168974876404e-02
1.756270974874496460e-01
1.769728362560272217e-01
1.027308255434036255e-01
1.236692890524864197e-01
2.240021228790283203e-01
2.015267759561538696e-01
1.615676134824752808e-01
1.020350158214569092e-01
2.363941520452499390e-01
1.747497022151947021e-01
9.754389524459838867e-02
8.052742481231689453e-02
1.395706832408905029e-01
9.163378179073333740e-02
1.565535664558410645e-01
2.254565507173538208e-01
1.506381928920745850e-01
6.580333411693572998e-02
1.305919140577316284e-01
3.883952647447586060e-02
1.465129256248474121e-01
9.558175504207611084e-02
8.917288482189178467e-02
2.632881700992584229e-01
6.804019212722778320e-02
8.423314243555068970e-02
8.450753986835479736e-02
6.840728223323822021e-02
1.808649674057960510e-02
2.186601907014846802e-01
1.172285005450248718e-01
2.850601449608802795e-02
1.211516559123992920e-01
1.232146173715591431e-01
7.338399440050125122e-02
6.629882007837295532e-02
1.177632957696914673e-01
7.818116247653961182e-02
2.293747663497924805e-02
6.456242501735687256e-02
5.519241839647293091e-02
8.491177856922149658e-02
6.020862981677055359e-02
1.312399655580520630e-01
7.695730775594711304e-02
1.516156196594238281e-01
1.081399768590927124e-01
6.104784086346626282e-02
9.159294515848159790e-02
7.285114377737045288e-02
9.106393158435821533e-02
6.252218037843704224e-02
8.119631558656692505e-02
2.603199481964111328e-01
1.150861829519271851e-01
1.007282212376594543e-01
1.772951483726501465e-01
8.749900758266448975e-02
8.145833760499954224e-02
1.974638104438781738e-01
1.315805166959762573e-01
1.413945555686950684e-01
8.679390698671340942e-02
1.700753718614578247e-01
1.980184763669967651e-01
9.593420475721359253e-02
1.067632958292961121e-01
1.136942058801651001e-01
6.027699634432792664e-02
1.097976192831993103e-01
7.987539470195770264e-02
1.030144318938255310e-01
1.816678494215011597e-01
1.596718132495880127e-01
1.229907944798469543e-01
1.871825009584426880e-01
1.651445627212524414e-01
1.284774988889694214e-01
2.775071263313293457e-01
2.218407839536666870e-01
1.452441364526748657e-01
2.167827337980270386e-01
5.015998333692550659e-02
8.040117472410202026e-02
4.179395362734794617e-02
1.486610919237136841e-01
7.731997966766357422e-02
1.810832768678665161e-01
1.481473296880722046e-01
6.294436752796173096e-02
9.563503414392471313e-02
1.250992566347122192e-01
1.002080291509628296e-01
1.218690797686576843e-01
1.362929791212081909e-01
6.719736009836196899e-02
1.362208724021911621e-01
2.140849381685256958e-01
7.382781803607940674e-02
1.632012277841567993e-01
7.454733550548553467e-02
1.658130586147308350e-01
6.135867536067962646e-02
1.550083458423614502e-01
9.608541429042816162e-02
8.381375670433044434e-02
1.693615913391113281e-01
1.234264224767684937e-01
1.905366778373718262e-01
5.554702877998352051e-02
1.996543854475021362e-01
5.534874647855758667e-02
7.992576062679290771e-02
9.264589101076126099e-02
1.902603171765804291e-02
1.742418557405471802e-01
3.119209595024585724e-02
5.460994318127632141e-02
1.490573585033416748e-01
1.335866004228591919e-01
7.002795487642288208e-02
1.174828037619590759e-01
6.347666680812835693e-02
2.108480334281921387e-01
7.955513894557952881e-02
1.160479933023452759e-01
4.187435284256935120e-02
9.352128952741622925e-02
5.767657607793807983e-02
1.407455056905746460e-01
3.325439989566802979e-02
5.117778852581977844e-02
5.907236784696578979e-02
7.030669599771499634e-02
1.422263532876968384e-01
3.737296909093856812e-02
4.837326705455780029e-02
1.044325157999992371e-01
1.709160804748535156e-01
4.070643335580825806e-02
8.011898398399353027e-02
9.756674617528915405e-02
2.458244264125823975e-01
2.221111766993999481e-02
5.356352031230926514e-02
5.566031113266944885e-02
3.039867989718914032e-02
5.448002740740776062e-02
9.430430829524993896e-02
9.733061492443084717e-02
1.315860003232955933e-01
2.130656689405441284e-02
7.448068261146545410e-02
1.390925794839859009e-01
1.294070631265640259e-01
6.079830601811408997e-02
4.965208098292350769e-02
1.987663507461547852e-01
1.041766256093978882e-01
3.903683274984359741e-02
8.864206820726394653e-02
2.692568674683570862e-02
8.153256773948669434e-02
4.417915269732475281e-02
7.691682130098342896e-02
1.326779425144195557e-01
9.092514961957931519e-02
5.404655635356903076e-02
1.974554210901260376e-01
2.770630121231079102e-01
6.418776512145996094e-02
1.011032015085220337e-01
1.759838610887527466e-01
5.212968960404396057e-02
1.524813175201416016e-01
8.116333931684494019e-02
1.789425313472747803e-01
6.958046555519104004e-02
1.094951257109642029e-01
1.036900058388710022e-01
1.644395589828491211e-01
1.005754172801971436e-01
1.006771177053451538e-01
1.267782002687454224e-01
1.549953222274780273e-01
1.294802576303482056e-01
8.816428482532501221e-02
6.258814781904220581e-02
3.427522778511047363e-01
9.940688312053680420e-02
3.378886729478836060e-02
2.196621336042881012e-02
4.708630964159965515e-02
1.383864879608154297e-01
2.587853372097015381e-01
5.013865232467651367e-02
8.460193127393722534e-02
1.048535406589508057e-01
9.215015172958374023e-02
6.636586040258407593e-02
1.620884537696838379e-01
2.581786215305328369e-01
1.240574494004249573e-01
2.762970030307769775e-01
6.361439079046249390e-02
1.019312068819999695e-01
6.158172711730003357e-02
1.033633723855018616e-01
1.002202406525611877e-01
8.324591070413589478e-02
7.101459056138992310e-02
2.395254671573638916e-01
9.161084145307540894e-02
1.061999201774597168e-01
1.136485785245895386e-01
1.034803614020347595e-01
2.100583910942077637e-02
6.348272413015365601e-02
6.426124274730682373e-02
1.419985443353652954e-01
1.036206036806106567e-01
3.353055566549301147e-02
1.688446402549743652e-01
3.425887227058410645e-02
6.864562630653381348e-02
1.443760395050048828e-01
1.003343090415000916e-01
1.290961354970932007e-01
2.013087719678878784e-01
1.448151469230651855e-01
5.218535289168357849e-02
1.683215051889419556e-01
1.664255857467651367e-01
7.908915728330612183e-02
1.456170082092285156e-01
8.435397595167160034e-02
1.776500046253204346e-01
1.254576444625854492e-01
1.398261338472366333e-01
1.976326555013656616e-01
1.234235316514968872e-01
8.467115461826324463e-02
6.269103288650512695e-02
3.473389148712158203e-02
1.251267939805984497e-01
3.398432582616806030e-02
3.651205822825431824e-02
8.088214695453643799e-02
1.484764814376831055e-01
1.810584962368011475e-01
1.045769453048706055e-01
1.716210842132568359e-01
1.733641326427459717e-01
2.170174270868301392e-01
1.368019133806228638e-01
7.105965912342071533e-02
6.221146881580352783e-02
1.436118036508560181e-01
1.757024377584457397e-01
1.609385311603546143e-01
7.759249955415725708e-02
9.076864272356033325e-02
9.723284095525741577e-02
3.840837776660919189e-01
8.320222795009613037e-02
5.884560570120811462e-02
5.019258335232734680e-02
1.691238582134246826e-02
2.640258967876434326e-01
1.257090270519256592e-01
2.443968318402767181e-02
2.243769764900207520e-01
2.737174332141876221e-01
1.579467356204986572e-01
2.369704693555831909e-01
2.225867211818695068e-01
1.330070644617080688e-01
1.551617830991744995e-01
2.266541719436645508e-01
1.671310365200042725e-01
2.500948905944824219e-01
1.417872309684753418e-01
1.138396412134170532e-01
8.619580417871475220e-02
1.562907248735427856e-01
1.967575550079345703e-01
2.111690044403076172e-01
1.869609504938125610e-01
1.401821374893188477e-01
1.578825861215591431e-01
1.258942484855651855e-01
2.120346873998641968e-01
2.713490724563598633e-01
2.253912836313247681e-01
1.826153248548507690e-01
2.890249490737915039e-01
8.545728027820587158e-02
1.844685226678848267e-01
2.068062275648117065e-01
8.097358793020248413e-02
1.677667647600173950e-01
1.906491965055465698e-01
2.575924396514892578e-01
8.527632802724838257e-02
1.233669221401214600e-01
1.446791887283325195e-01
3.773349821567535400e-01
2.320208549499511719e-01
1.095088571310043335e-01
1.248346939682960510e-01
2.197772413492202759e-01
1.961974203586578369e-01
1.137982308864593506e-01
1.580632179975509644e-01
7.024799287319183350e-02
6.286673992872238159e-02
1.576267033815383911e-01
1.210791319608688354e-01
3.671911060810089111e-01
3.156985640525817871e-01
6.023501232266426086e-02
9.111804515123367310e-02
9.925039112567901611e-02
1.931597143411636353e-01
7.926327735185623169e-02
1.263316571712493896e-01
2.685377001762390137e-01
1.172388195991516113e-01
1.367285549640655518e-01
5.726995319128036499e-02
1.424923837184906006e-01
5.109719559550285339e-02
2.203575521707534790e-01
1.898381561040878296e-01
2.512912452220916748e-01
6.552921980619430542e-02
9.534668922424316406e-02
3.459434956312179565e-02
1.862349361181259155e-01
9.172059595584869385e-02
1.380118578672409058e-01
1.581945121288299561e-01
1.346324533224105835e-01
1.226191595196723938e-01
1.130991429090499878e-01
1.049876138567924500e-01
1.485649943351745605e-01
1.957545578479766846e-01
5.419851839542388916e-02
2.482842057943344116e-01
2.520760893821716309e-01
3.078926801681518555e-01
6.446126848459243774e-02
1.692608892917633057e-01
9.644009917974472046e-02
1.322313696146011353e-01
9.595651924610137939e-02
1.193257719278335571e-01
9.870315343141555786e-02
1.148285791277885437e-01
1.497128009796142578e-01
1.216036006808280945e-01
1.414453238248825073e-01
1.592659652233123779e-01
1.796527579426765442e-02
3.889175876975059509e-02
1.696486026048660278e-01
9.316818416118621826e-02
8.860532194375991821e-02
1.608529239892959595e-01
1.542508602142333984e-01
1.782245784997940063e-01
1.639520078897476196e-01
1.806766837835311890e-01
1.669286787509918213e-01
6.512467563152313232e-02
1.384493261575698853e-01
4.086162447929382324e-01
1.605366319417953491e-01
1.537096500396728516e-01
2.255061715841293335e-01
1.140080690383911133e-01
1.303246170282363892e-01
1.263644695281982422e-01
1.937552988529205322e-01
5.737368389964103699e-02
4.481346607208251953e-01
1.549003273248672485e-01
2.450860589742660522e-01
1.654023230075836182e-01
1.962159574031829834e-01
2.604525089263916016e-01
1.300792545080184937e-01
2.351567000150680542e-01
1.364352852106094360e-01
2.457091659307479858e-01
1.189982518553733826e-01
2.826178669929504395e-01
1.826144307851791382e-01
6.488728523254394531e-02
2.363146841526031494e-01
1.071704477071762085e-01
2.295702099800109863e-01
1.982887387275695801e-01
1.232344135642051697e-01
2.032117843627929688e-01
1.909720152616500854e-01
6.904623657464981079e-02
1.552871316671371460e-01
1.819341182708740234e-01
9.875985980033874512e-02
1.067265197634696960e-01
8.310046792030334473e-02
1.558167040348052979e-01
6.247526779770851135e-02
1.030715405941009521e-01
1.488884687423706055e-01
2.512233555316925049e-01
4.587356373667716980e-02
7.441749423742294312e-02
1.308686435222625732e-01
9.878662228584289551e-02
6.864374130964279175e-02
1.609719544649124146e-01
8.207420259714126587e-02
1.401041299104690552e-01
1.081780418753623962e-01
9.466800838708877563e-02
1.293238699436187744e-01
3.674889504909515381e-01
1.523619890213012695e-01
5.310954898595809937e-02
1.475272327661514282e-01
2.057168632745742798e-01
1.130323857069015503e-01
6.790228933095932007e-02
1.494652479887008667e-01
1.373216807842254639e-01
6.264972686767578125e-02
1.235283389687538147e-01
8.173998445272445679e-02
2.004572004079818726e-01
1.428732722997665405e-01
1.308049708604812622e-01
1.189309656620025635e-01
2.233204841613769531e-01
1.081376746296882629e-01
2.185900956392288208e-01
3.837434053421020508e-01
4.807489737868309021e-02
3.149729669094085693e-01
1.247250586748123169e-01
7.587376981973648071e-02
8.173801004886627197e-02
1.112799718976020813e-01
1.715401858091354370e-01
1.059079468250274658e-01
1.610158681869506836e-01
9.541866928339004517e-02
1.471367776393890381e-01
2.865311801433563232e-01
2.087310105562210083e-01
1.901718229055404663e-01
4.697077721357345581e-02
7.780963927507400513e-02
1.121769323945045471e-01
3.351037800312042236e-01
2.847924828529357910e-01
1.536186933517456055e-01
2.813928425312042236e-01
2.059192359447479248e-01
7.426937669515609741e-02
1.100339218974113464e-01
1.846865564584732056e-01
7.467574626207351685e-02
1.287322938442230225e-01
1.608169823884963989e-01
1.335108727216720581e-01
1.173806190490722656e-01
1.456026434898376465e-01
1.056134328246116638e-01
1.288090199232101440e-01
1.244405061006546021e-01
1.700112223625183105e-01
1.659512668848037720e-01
1.315848380327224731e-01
1.117853522300720215e-01
6.864983588457107544e-02
1.160826459527015686e-01
1.884953677654266357e-01
1.824885159730911255e-01
3.336153179407119751e-02
2.748436033725738525e-01
1.267775893211364746e-01
6.944535672664642334e-02
8.492843061685562134e-02
1.444215923547744751e-01
1.062170118093490601e-01
2.398366183042526245e-01
3.480938076972961426e-01
8.016746491193771362e-02
1.360448449850082397e-01
2.035498321056365967e-01
1.325523257255554199e-01
1.667328178882598877e-01
1.348727047443389893e-01
1.180983036756515503e-01
2.358717471361160278e-01
1.039768457412719727e-01
6.097015738487243652e-02
9.559032320976257324e-02
1.805899143218994141e-01
3.240111470222473145e-01
4.361242949962615967e-01
1.804660558700561523e-01
8.015186339616775513e-02
1.831012070178985596e-01
8.368269354104995728e-02
1.612914204597473145e-01
2.649278379976749420e-02
1.678269058465957642e-01
1.875351369380950928e-01
2.237652838230133057e-01
1.950457245111465454e-01
1.100278571248054504e-01
2.587297260761260986e-01
5.092065781354904175e-02
1.671890467405319214e-01
1.149251535534858704e-01
1.890460699796676636e-01
2.228758931159973145e-01
6.824284046888351440e-02
9.479042887687683105e-02
4.825381189584732056e-02
1.550715118646621704e-01
1.732708811759948730e-01
8.142846822738647461e-02
1.641677469015121460e-01
1.131028234958648682e-01
6.779668480157852173e-02
1.198492348194122314e-01
1.779855638742446899e-01
7.505121827125549316e-02
1.586441844701766968e-01
9.845597296953201294e-02
2.495458275079727173e-01
1.455406397581100464e-01
5.900797992944717407e-02
1.255167722702026367e-01
1.397610306739807129e-01
1.891021281480789185e-01
1.304514855146408081e-01
1.065197587013244629e-01
1.585531085729598999e-01
9.281619638204574585e-02
1.776110976934432983e-01
6.278172880411148071e-02
1.182382553815841675e-01
7.249643653631210327e-02
1.211561486124992371e-01
1.870236843824386597e-01
2.130228877067565918e-01
1.280518174171447754e-01
2.373913079500198364e-01
6.880939751863479614e-02
7.613898813724517822e-02
1.048006415367126465e-01
4.195605218410491943e-02
3.033221662044525146e-01
1.110191345214843750e-01
8.389741182327270508e-02
9.953933954238891602e-02
1.884091645479202271e-01
9.015340358018875122e-02
6.274124234914779663e-02
1.973394006490707397e-01
5.858316645026206970e-02
1.826910078525543213e-01
7.761900871992111206e-02
1.915420591831207275e-01
1.731966435909271240e-01
2.136109322309494019e-01
1.496247202157974243e-01
1.367288380861282349e-01
6.200140342116355896e-02
3.030255436897277832e-01
2.059980183839797974e-01
1.196635738015174866e-01
2.235615998506546021e-02
2.629741095006465912e-02
5.695584043860435486e-02
1.044623479247093201e-01
2.592775523662567139e-01
1.875880658626556396e-01
2.996137440204620361e-01
9.700314700603485107e-02
6.267394125461578369e-02
1.143903657793998718e-01
2.689904272556304932e-01
4.229650497436523438e-01
1.210034340620040894e-01
8.297321200370788574e-02
1.341392993927001953e-01
8.441132307052612305e-02
2.157280445098876953e-01
4.078270122408866882e-02
1.927671879529953003e-01
1.177200078964233398e-01
6.224263831973075867e-02
3.977829515933990479e-01
9.562250226736068726e-02
1.521852761507034302e-01
5.608229339122772217e-02
2.579649984836578369e-01
1.175226420164108276e-01
1.302388161420822144e-01
2.135613113641738892e-01
1.519646942615509033e-01
2.008089274168014526e-01
1.025307476520538330e-01
2.773824334144592285e-01
1.391827613115310669e-01
6.487807631492614746e-02
8.518403768539428711e-02
2.042701691389083862e-01
1.594410389661788940e-01
3.476745188236236572e-01
1.261070966720581055e-01
9.568829834461212158e-02
1.727090924978256226e-01
1.287073642015457153e-01
2.605194151401519775e-01
1.216816157102584839e-01
2.307080924510955811e-01
1.618011444807052612e-01
1.758794337511062622e-01
2.663514018058776855e-02
7.194885611534118652e-02
2.157962471246719360e-01
1.857594400644302368e-01
1.093519851565361023e-01
1.441296041011810303e-01
1.903821080923080444e-01
1.324830055236816406e-01
1.326208561658859253e-01
7.165459543466567993e-02
1.317547410726547241e-01
1.071034967899322510e-01
2.020852416753768921e-01
1.439556628465652466e-01
1.711753159761428833e-01
6.323255598545074463e-02
1.230041012167930603e-01
7.930302619934082031e-02
1.412754952907562256e-01
5.359512194991111755e-02
1.317754089832305908e-01
6.141053512692451477e-02
1.680877059698104858e-01
1.457986831665039062e-01
1.915894299745559692e-01
2.637721896171569824e-01
1.325166076421737671e-01
1.124133169651031494e-01
1.494738310575485229e-01
2.159629017114639282e-01
1.089661046862602234e-01
1.213331371545791626e-01
1.589048951864242554e-01
1.322545111179351807e-01
1.624973267316818237e-01
7.844238728284835815e-02
8.798945695161819458e-02
1.829325556755065918e-01
1.381977796554565430e-01
2.409597486257553101e-01
1.220516636967658997e-01
8.630957454442977905e-02
1.252592504024505615e-01
1.936059892177581787e-01
1.093712300062179565e-01
2.279873937368392944e-01
2.721468806266784668e-01
1.482941657304763794e-01
1.363514810800552368e-01
3.290311992168426514e-01
8.314615488052368164e-02
1.932996958494186401e-01
1.388329714536666870e-01
2.234795242547988892e-01
9.356255829334259033e-02
1.204285919666290283e-01
2.099782973527908325e-01
2.369858026504516602e-01
2.847121655941009521e-01
1.196300461888313293e-01
1.594157814979553223e-01
2.838008105754852295e-01
1.545066684484481812e-01
2.862188816070556641e-01
8.365815877914428711e-02
6.855900585651397705e-02
9.300827980041503906e-02
2.594281136989593506e-01
2.020970582962036133e-01
1.880965530872344971e-01
1.556800156831741333e-01
9.763753414154052734e-02
1.775370836257934570e-01
1.746767014265060425e-01
1.611166149377822876e-01
1.545552909374237061e-01
2.979025244712829590e-02
2.059439122676849365e-01
1.020134761929512024e-01
7.158493250608444214e-02
1.554968655109405518e-01
1.453616172075271606e-01
1.778843104839324951e-01
1.760577559471130371e-01
2.533226013183593750e-01
1.598178595304489136e-01
2.067738324403762817e-01
1.128153204917907715e-01
1.374595463275909424e-01
1.674386858940124512e-01
1.419433653354644775e-01
5.698508024215698242e-02
1.463789045810699463e-01
1.612585932016372681e-01
1.928324997425079346e-01
2.087657898664474487e-01
1.708829849958419800e-01
1.514024734497070312e-01
2.205937206745147705e-01
1.613547354936599731e-01
9.886501729488372803e-02
8.628535270690917969e-02
2.239067256450653076e-01
1.043965443968772888e-01
1.825528591871261597e-01
2.008634507656097412e-01
2.914825379848480225e-01
1.877267062664031982e-01
3.327713310718536377e-01
8.415847271680831909e-02
1.142833456397056580e-01
1.134515330195426941e-01
1.601733416318893433e-01
2.145906686782836914e-01
1.447562873363494873e-01
1.119562536478042603e-01
2.987262606620788574e-01
1.288874894380569458e-01
1.836012452840805054e-01
2.259198129177093506e-01
1.045139729976654053e-01
1.929050236940383911e-01
1.707956194877624512e-01
8.146353065967559814e-02
2.363716959953308105e-01
1.722186207771301270e-01
6.810856610536575317e-02
1.867721378803253174e-01
2.592176795005798340e-01
1.446601599454879761e-01
3.220479488372802734e-01
4.983227699995040894e-02
1.851920187473297119e-01
1.995566338300704956e-01
1.568845808506011963e-01
2.934103645384311676e-02
5.955421924591064453e-02
1.063076853752136230e-01
1.209840998053550720e-01
1.118372529745101929e-01
4.760608449578285217e-02
1.001474410295486450e-01
1.646687686443328857e-01
1.385875493288040161e-01
5.474201589822769165e-02
1.251641213893890381e-01
7.006768137216567993e-02
1.056201010942459106e-01
7.687731087207794189e-02
8.438263833522796631e-02
1.814651936292648315e-01
6.010202318429946899e-02
1.465746015310287476e-01
4.372587054967880249e-02
1.335552930831909180e-01
7.642407715320587158e-02
2.054585516452789307e-02
7.842392474412918091e-02
7.494989037513732910e-02
1.680240631103515625e-01
8.383814990520477295e-02
1.351899355649948120e-01
1.161307692527770996e-01
6.397932767868041992e-02
1.072819009423255920e-01
1.014084815979003906e-01
3.374866023659706116e-02
2.367199659347534180e-01
8.550406247377395630e-02
8.422337472438812256e-02
9.452202916145324707e-02
2.394596785306930542e-01
1.103516742587089539e-01
6.162694096565246582e-02
2.003816068172454834e-01
3.114927746355533600e-02
8.388590812683105469e-02
4.594399407505989075e-02
1.159073635935783386e-01
7.084306329488754272e-02
3.011482954025268555e-02
1.539663970470428467e-01
1.116084456443786621e-01
9.012816846370697021e-02
6.280069798231124878e-02
1.662297397851943970e-01
1.283710002899169922e-01
3.390889987349510193e-02
7.449894398450851440e-02
3.900752961635589600e-02
6.399760395288467407e-02
9.318396449089050293e-02
1.079631745815277100e-01
4.864769801497459412e-02
7.093214243650436401e-02
8.885483443737030029e-02
9.412472695112228394e-02
1.414188742637634277e-02
1.005776971578598022e-01
3.213156014680862427e-02
7.109126448631286621e-02
1.086682975292205811e-01
1.973157376050949097e-01
1.865006983280181885e-01
2.073142081499099731e-01
1.296829134225845337e-01
9.224279969930648804e-02
3.283891454339027405e-02
1.683664470911026001e-01
1.240787729620933533e-01
1.031806394457817078e-01
7.774247974157333374e-02
6.080713868141174316e-02
5.222909897565841675e-02
1.429262310266494751e-01
2.749086543917655945e-02
8.498815447092056274e-02
3.184833377599716187e-02
7.047657668590545654e-02
3.943388909101486206e-02
1.342390924692153931e-01
2.634746022522449493e-02
4.719683900475502014e-02
2.228318452835083008e-01
1.443709135055541992e-01
7.360383868217468262e-02
2.188264876604080200e-01
4.371701925992965698e-02
1.486991196870803833e-01
8.527400344610214233e-02
2.522006444633007050e-02
8.230496197938919067e-02
4.382061958312988281e-02
2.390137314796447754e-01
9.916909784078598022e-02
1.148669421672821045e-01
5.883348733186721802e-02
1.759050935506820679e-01
9.814587980508804321e-02
9.208835661411285400e-02
3.232643008232116699e-02
6.532190740108489990e-02
2.332977205514907837e-01
1.420821100473403931e-01
1.429305672645568848e-01
1.908405870199203491e-01
1.959012448787689209e-01
9.905941039323806763e-02
8.912234008312225342e-02
9.916831552982330322e-02
1.361136585474014282e-01
1.155305355787277222e-01
3.222330287098884583e-02
1.614066809415817261e-01
9.073193371295928955e-02
7.543761283159255981e-02
1.419582366943359375e-01
8.400118350982666016e-02
1.619421243667602539e-01
4.249059036374092102e-02
7.998797297477722168e-02
9.496966749429702759e-02
1.655161231756210327e-01
1.085949167609214783e-01
5.195439234375953674e-02
1.051779165863990784e-01
9.024000167846679688e-02
8.307491987943649292e-02
5.573911219835281372e-02
1.004711762070655823e-01
1.280432939529418945e-01
1.541288644075393677e-01
6.438171863555908203e-02
5.544212460517883301e-02
1.138697043061256409e-01
5.377557501196861267e-02
1.660575568675994873e-01
7.024587690830230713e-02
8.776327967643737793e-02
8.299221843481063843e-02
7.141724228858947754e-02
7.619483768939971924e-02
1.064589321613311768e-01
3.816566243767738342e-02
2.436153888702392578e-01
1.135127767920494080e-01
1.113238707184791565e-01
4.969194903969764709e-02
7.793932408094406128e-02
1.374649703502655029e-01
1.650132834911346436e-01
2.068229913711547852e-01
9.423647075891494751e-02
8.151862770318984985e-02
1.159262731671333313e-01
7.243991643190383911e-02
2.078037708997726440e-02
1.870022527873516083e-02
1.151209026575088501e-01
1.212892010807991028e-01
1.992302536964416504e-01
1.040415316820144653e-01
5.896642431616783142e-02
1.035994738340377808e-01
8.420875668525695801e-02
8.723650872707366943e-02
2.163409441709518433e-01
8.392454683780670166e-02
1.064039543271064758e-01
1.211740896105766296e-01
8.586859703063964844e-02
1.613267660140991211e-01
1.004516631364822388e-01
1.174491345882415771e-01
6.090533360838890076e-02
7.707128673791885376e-02
1.285111159086227417e-01
9.413235634565353394e-02
2.150130569934844971e-01
1.103548333048820496e-01
5.973806977272033691e-02
8.566039800643920898e-02
4.878173023462295532e-02
1.126010790467262268e-01
3.927091509103775024e-02
1.213011294603347778e-01
1.785768568515777588e-01
1.837388277053833008e-01
9.655125439167022705e-02
5.588763207197189331e-02
1.689393520355224609e-01
2.193230092525482178e-01
3.167601674795150757e-02
6.740524619817733765e-02
2.413191460072994232e-02
1.672268807888031006e-01
8.935536444187164307e-02
2.139709293842315674e-01
9.900016337633132935e-02
5.064176395535469055e-02
3.944753110408782959e-02
1.559286415576934814e-01
4.285900294780731201e-02
1.176092401146888733e-01
1.297692209482192993e-01
1.090026423335075378e-01
1.958461999893188477e-01
1.620090901851654053e-01
3.815467655658721924e-02
1.321710795164108276e-01
1.459576338529586792e-01
9.972815215587615967e-02
6.513305753469467163e-02
3.298317641019821167e-02
9.878285229206085205e-02
1.539530307054519653e-01
5.338447913527488708e-02
1.718928217887878418e-01
4.710324853658676147e-02
6.126074120402336121e-02
1.828726083040237427e-01
1.302284598350524902e-01
9.957881271839141846e-02
1.384543329477310181e-01
1.002654880285263062e-01
9.731946885585784912e-02
1.351881325244903564e-01
4.147715121507644653e-02
2.735609933733940125e-02
2.518017403781414032e-02
1.782377362251281738e-01
5.311771109700202942e-02
9.174457937479019165e-02
9.806401282548904419e-02
1.189860627055168152e-01
2.442246973514556885e-01
1.460162997245788574e-01
2.476590685546398163e-02
1.209999322891235352e-01
1.532323956489562988e-01
8.370938897132873535e-02
3.879063948988914490e-02
9.362988919019699097e-02
2.182300388813018799e-01
7.802828401327133179e-02
1.600647568702697754e-01
3.648010641336441040e-02
3.223146125674247742e-02
8.211375027894973755e-02
5.865121260285377502e-02
1.651176512241363525e-01
7.330809533596038818e-02
1.326537728309631348e-01
1.972661465406417847e-01
1.862687915563583374e-01
1.107468008995056152e-01
1.174752414226531982e-01
1.177735999226570129e-01
8.085660636425018311e-02
1.133086308836936951e-01
2.044232040643692017e-01
7.055166363716125488e-02
7.305575162172317505e-02
1.173688024282455444e-01
2.796545624732971191e-02
1.102261170744895935e-01
1.293354481458663940e-01
9.239071607589721680e-02
6.967989355325698853e-02
6.631705164909362793e-02
1.823226064443588257e-01
5.829193443059921265e-02
2.757663130760192871e-01
5.553770437836647034e-02
6.892985850572586060e-02
5.299597978591918945e-02
1.315532177686691284e-01
7.684580236673355103e-02
4.705667868256568909e-02
2.694872617721557617e-01
5.368868634104728699e-02
2.618898265063762665e-02
1.109985038638114929e-01
8.518334478139877319e-02
1.754899621009826660e-01
4.847946763038635254e-02
6.917337328195571899e-02
1.216184347867965698e-01
2.132478803396224976e-01
1.165780350565910339e-01
3.273422271013259888e-02
1.078132688999176025e-01
5.974166840314865112e-02
1.164347976446151733e-01
2.209936380386352539e-01
7.293526083230972290e-02
1.945817917585372925e-01
1.976816952228546143e-01
7.630415260791778564e-02
1.719417572021484375e-01
2.378670275211334229e-01
6.505020707845687866e-02
1.195034012198448181e-01
7.426022738218307495e-02
1.028053313493728638e-01
1.485277861356735229e-01
8.178567141294479370e-02
1.521514542400836945e-02
1.088627949357032776e-01
1.069505885243415833e-01
2.162657827138900757e-01
1.051099598407745361e-01
9.287714213132858276e-02
5.551156401634216309e-02
1.670182794332504272e-01
1.373521052300930023e-02
8.453814685344696045e-02
1.540198177099227905e-01
8.647851645946502686e-02
1.776419281959533691e-01
1.404830664396286011e-01
1.449619382619857788e-01
3.453073650598526001e-02
4.742072522640228271e-02
1.909890323877334595e-01
2.462268322706222534e-01
1.321896016597747803e-01
2.993985414505004883e-01
9.501577913761138916e-02
2.470460534095764160e-01
1.536234915256500244e-01
5.084532126784324646e-02
2.663461677730083466e-02
7.259811460971832275e-02
5.075990036129951477e-02
2.033383548259735107e-01
2.223470956087112427e-01
1.772860586643218994e-01
1.804545223712921143e-01
2.706585228443145752e-01
1.224643737077713013e-01
5.918667092919349670e-02
6.609868258237838745e-02
6.252853572368621826e-02
1.150429174304008484e-01
1.233532875776290894e-01
1.197931766510009766e-01
9.156113117933273315e-02
2.864660508930683136e-02
1.158412992954254150e-01
9.818475693464279175e-02
1.029355451464653015e-01
3.331227600574493408e-01
1.955401748418807983e-01
1.361883133649826050e-01
2.803469002246856689e-01
9.220625460147857666e-02
1.063161790370941162e-01
1.099342554807662964e-01
2.565771900117397308e-02
9.178117662668228149e-02
1.012741774320602417e-01
6.248481571674346924e-02
1.665662229061126709e-01
1.380131989717483521e-01
1.736762374639511108e-01
1.482949107885360718e-01
1.754124760627746582e-01
7.235702127218246460e-02
1.025764048099517822e-01
7.136752456426620483e-02
2.471064180135726929e-01
1.168432459235191345e-01
1.976782977581024170e-01
5.412317067384719849e-02
5.791413411498069763e-02
1.424335688352584839e-01
1.317355036735534668e-01
7.633412629365921021e-02
1.041211634874343872e-01
2.945600748062133789e-01
1.492583006620407104e-01
1.050060763955116272e-01
6.276100873947143555e-02
9.184511750936508179e-02
3.927038609981536865e-02
9.300260245800018311e-02
4.478038102388381958e-02
1.671129912137985229e-01
5.109606310725212097e-02
6.947563588619232178e-02
8.348683267831802368e-02
2.611556835472583771e-02
1.583058983087539673e-01
6.839646399021148682e-02
3.499882668256759644e-02
6.808506697416305542e-02
1.055252924561500549e-01
5.040968209505081177e-02
2.092584222555160522e-01
1.203129217028617859e-01
2.110423296689987183e-01
1.201490163803100586e-01
7.061143964529037476e-02
7.720825076103210449e-02
2.973224036395549774e-02
1.769519001245498657e-01
8.583588153123855591e-02
5.866245552897453308e-02
7.026176899671554565e-02
8.597399294376373291e-02
5.150887742638587952e-02
6.956525146961212158e-02
2.221449613571166992e-01
2.159754931926727295e-01
6.635625660419464111e-02
3.620884940028190613e-02
3.879567608237266541e-02
9.806027263402938843e-02
6.972176581621170044e-02
6.452913582324981689e-02
4.668690636754035950e-02
1.478163450956344604e-01
1.016714870929718018e-01
1.064402461051940918e-01
1.475731134414672852e-01
3.572718799114227295e-02
2.815490588545799255e-02
7.650161534547805786e-02
2.038517743349075317e-01
1.960200518369674683e-01
1.605143547058105469e-01
2.817113995552062988e-01
2.221877872943878174e-01
4.733937233686447144e-02
2.903763391077518463e-02
1.552284508943557739e-01
8.395380526781082153e-02
6.445006281137466431e-02
6.219466775655746460e-02
5.533022060990333557e-02
9.257172048091888428e-02
5.943497270345687866e-02
2.126974165439605713e-01
1.256227940320968628e-01
1.664996892213821411e-01
9.708489477634429932e-02
5.298887938261032104e-02
1.576614752411842346e-02
1.481518447399139404e-01
2.236499488353729248e-01
2.681120857596397400e-02
6.972936540842056274e-02
2.587964944541454315e-02
3.182930871844291687e-02
8.769546449184417725e-02
8.173999190330505371e-02
1.196641474962234497e-01
1.367980390787124634e-01
2.526223659515380859e-01
2.274198234081268311e-01
1.060393154621124268e-01
8.651463687419891357e-02
1.130289360880851746e-01
1.720502078533172607e-01
7.909899204969406128e-02
2.290368527173995972e-01
8.562958240509033203e-02
6.771481782197952271e-02
8.082374185323715210e-02
3.151699304580688477e-01
2.028853744268417358e-01
4.412484169006347656e-02
1.589103937149047852e-01
1.877073496580123901e-01
1.800908297300338745e-01
8.174937963485717773e-02
8.968233317136764526e-02
6.730135530233383179e-02
2.840366065502166748e-01
2.696986496448516846e-01
1.403868943452835083e-01
9.064779430627822876e-02
1.642375290393829346e-01
1.248711422085762024e-01
2.631904482841491699e-01
1.217446923255920410e-01
1.442527174949645996e-01
1.231282651424407959e-01
2.210225313901901245e-01
1.829811334609985352e-01
8.000425994396209717e-02
1.324999928474426270e-01
1.297291070222854614e-01
8.123727142810821533e-02
1.829491555690765381e-01
1.054501533508300781e-01
1.304031908512115479e-01
1.658525168895721436e-01
1.466252356767654419e-01
9.787193685770034790e-02
6.907157599925994873e-02
2.643126845359802246e-01
1.317614912986755371e-01
9.842343628406524658e-02
9.789606183767318726e-02
4.745321720838546753e-02
8.432152122259140015e-02
7.360866665840148926e-02
3.206000626087188721e-01
2.080900073051452637e-01
8.570791035890579224e-02
1.581454724073410034e-01
1.182761192321777344e-01
1.076761484146118164e-01
2.568592429161071777e-01
2.318251729011535645e-01
1.578711271286010742e-01
8.199600875377655029e-02
2.301082313060760498e-01
5.807493254542350769e-02
7.080013304948806763e-02
2.051647156476974487e-01
6.253918260335922241e-02
1.294007003307342529e-01
8.202618360519409180e-02
1.407900452613830566e-01
1.164338588714599609e-01
2.245707511901855469e-01
2.332690209150314331e-01
2.263300120830535889e-01
1.116331443190574646e-01
7.989548891782760620e-02
9.498247504234313965e-02
1.623259186744689941e-01
1.151221469044685364e-01
1.712653040885925293e-01
7.154003530740737915e-02
3.477714061737060547e-01
1.592362970113754272e-01
9.786365181207656860e-02
1.451344639062881470e-01
2.040335685014724731e-01
3.011395223438739777e-02
1.165889576077461243e-01
3.061627969145774841e-02
7.692652195692062378e-02
6.510658562183380127e-02
1.220505312085151672e-01
9.421437233686447144e-02
1.871041655540466309e-01
9.320312738418579102e-02
1.274739354848861694e-01
6.499742716550827026e-02
1.008324399590492249e-01
1.357351243495941162e-01
3.865046799182891846e-02
8.277957141399383545e-02
4.642369598150253296e-02
1.419494748115539551e-01
2.818662226200103760e-01
1.438476741313934326e-01
3.605707734823226929e-02
1.517621725797653198e-01
1.007614657282829285e-01
1.664359718561172485e-01
8.634835481643676758e-02
7.695449888706207275e-02
5.653564631938934326e-02
9.994596987962722778e-02
1.089427918195724487e-01
1.211571097373962402e-01
5.538570135831832886e-02
1.955309510231018066e-01
1.225293278694152832e-01
1.325701177120208740e-01
1.754150092601776123e-01
6.140591204166412354e-02
1.662990748882293701e-01
6.191547960042953491e-02
2.205265015363693237e-01
6.517247110605239868e-02
6.790103018283843994e-02
5.029332637786865234e-02
8.409684151411056519e-02
2.126455456018447876e-01
2.175197303295135498e-01
8.798755705356597900e-02
2.161654680967330933e-01
2.210055142641067505e-01
1.501961350440979004e-01
2.494819164276123047e-01
1.123620569705963135e-01
6.561604142189025879e-02
9.852816164493560791e-02
1.230727285146713257e-01
1.583582907915115356e-01
2.889097109436988831e-02
1.655588299036026001e-01
1.481165438890457153e-01
2.475234121084213257e-01
1.968278288841247559e-01
1.423555016517639160e-01
2.470300644636154175e-01
1.725311726331710815e-01
1.489906311035156250e-01
2.271971255540847778e-01
1.619543880224227905e-01
5.305635556578636169e-02
1.206459552049636841e-01
2.905066311359405518e-01
2.124475389719009399e-01
3.857584297657012939e-02
1.388885825872421265e-01
2.168007642030715942e-01
1.647409349679946899e-01
9.704082459211349487e-02
1.193458810448646545e-01
2.309079170227050781e-01
5.473052710294723511e-02
1.954384297132492065e-01
9.859956800937652588e-02
1.619019210338592529e-01
1.665316224098205566e-01
1.997885257005691528e-01
3.728383481502532959e-01
1.475984305143356323e-01
2.966081500053405762e-01
1.927410215139389038e-01
1.534274369478225708e-01
5.866104364395141602e-02
2.014977335929870605e-01
1.699831187725067139e-01
6.623999029397964478e-02
1.870614588260650635e-01
8.631005883216857910e-02
9.987507760524749756e-02
1.183798536658287048e-01
9.401272237300872803e-02
1.040828227996826172e-01
2.075035870075225830e-01
7.970550656318664551e-02
9.404316544532775879e-02
1.498614102602005005e-01
1.230155602097511292e-01
2.317604273557662964e-01
8.014252781867980957e-02
8.878668397665023804e-02
1.040893495082855225e-01
1.405510604381561279e-01
1.966246813535690308e-01
3.185751438140869141e-01
1.378860771656036377e-01
2.946509420871734619e-01
2.185700833797454834e-01
1.136662736535072327e-01
6.452502310276031494e-02
5.991032719612121582e-02
8.490548282861709595e-02
8.881204575300216675e-02
1.463515311479568481e-01
2.747910022735595703e-01
1.955143064260482788e-01
3.553038239479064941e-01
1.149708256125450134e-01
8.315309137105941772e-02
2.041245102882385254e-01
4.181666672229766846e-01
1.339706629514694214e-01
5.138920247554779053e-02
4.598858952522277832e-02
7.285702228546142578e-02
6.169702112674713135e-02
8.117395639419555664e-02
1.854933649301528931e-01
9.171280264854431152e-02
2.599375247955322266e-01
6.010561808943748474e-02
1.169342473149299622e-01
1.701894700527191162e-01
1.835330426692962646e-01
3.756666928529739380e-02
6.741854548454284668e-02
2.579513192176818848e-01
1.010845750570297241e-01
1.597672402858734131e-01
2.365031093358993530e-01
7.767543941736221313e-02
1.166432946920394897e-01
9.919878840446472168e-02
4.294228553771972656e-02
2.236779183149337769e-01
2.450287044048309326e-01
2.544743753969669342e-02
1.578156203031539917e-01
9.089946001768112183e-02
3.800867125391960144e-02
1.741598844528198242e-01
1.540521830320358276e-01
2.750753462314605713e-01
3.556868806481361389e-02
1.191982254385948181e-01
7.334694266319274902e-02
3.185786306858062744e-01
6.970098614692687988e-02
2.215954214334487915e-01
5.925466492772102356e-02
1.042217239737510681e-01
1.295118778944015503e-01
9.518668055534362793e-02
8.481432497501373291e-02
2.282193154096603394e-01
1.316249817609786987e-01
3.547847643494606018e-02
6.850560009479522705e-02
1.708517968654632568e-01
8.621898293495178223e-02
1.916119605302810669e-01
1.530994772911071777e-01
1.296800822019577026e-01
7.151442766189575195e-02
2.373442798852920532e-01
6.738553196191787720e-02
7.988478988409042358e-02
1.975114345550537109e-01
1.038440614938735962e-01
7.323826849460601807e-02
8.173482865095138550e-02
6.227743253111839294e-02
5.054534226655960083e-02
6.810818612575531006e-02
1.349725723266601562e-01
1.772839874029159546e-01
4.826219379901885986e-02
4.252349957823753357e-02
9.117932617664337158e-02
1.663304418325424194e-01
4.451477155089378357e-02
1.123535558581352234e-01
6.271494179964065552e-02
7.200863957405090332e-02
1.800520569086074829e-01
1.835591942071914673e-01
1.779807358980178833e-01
2.506637386977672577e-02
8.637247234582901001e-02
2.071042805910110474e-01
9.562118351459503174e-02
2.252737432718276978e-01
1.807955205440521240e-01
4.762560874223709106e-02
1.798832565546035767e-01
1.131561696529388428e-01
1.541012972593307495e-01
1.873763203620910645e-01
1.396027952432632446e-01
1.231268793344497681e-01
1.178774535655975342e-01
7.657499611377716064e-02
1.073965877294540405e-01
4.485309123992919922e-02
7.555643469095230103e-02
2.999826967716217041e-01
1.313024014234542847e-01
4.024926573038101196e-02
1.813874989748001099e-01
1.310397684574127197e-01
1.213573813438415527e-01
1.663518249988555908e-01
3.907475993037223816e-02
1.056439280509948730e-01
1.206966415047645569e-01
6.385079026222229004e-02
1.110293269157409668e-01
9.947410225868225098e-02
1.346601843833923340e-01
2.809523791074752808e-02
3.082745671272277832e-01
