2.302607536315917969e+00
2.295372486114501953e+00
2.324172019958496094e+00
2.314450502395629883e+00
2.304295778274536133e+00
2.301640033721923828e+00
2.304219245910644531e+00
2.300978183746337891e+00
2.302111148834228516e+00
2.302535533905029297e+00
2.302211761474609375e+00
2.299440383911132812e+00
2.298380136489868164e+00
2.293182849884033203e+00
2.292062282562255859e+00
2.267127752304077148e+00
2.199839115142822266e+00
2.392828226089477539e+00
2.218425750732421875e+00
2.205090045928955078e+00
2.250588655471801758e+00
2.228589534759521484e+00
2.182506084442138672e+00
2.267271280288696289e+00
2.171580076217651367e+00
2.210688352584838867e+00
2.164556264877319336e+00
2.253932476043701172e+00
2.216620922088623047e+00
2.145860433578491211e+00
2.099843740463256836e+00
2.156128406524658203e+00
2.092694997787475586e+00
2.152491331100463867e+00
2.278322696685791016e+00
2.145440578460693359e+00
2.115080833435058594e+00
2.156092166900634766e+00
2.076666355133056641e+00
2.078129053115844727e+00
2.049821615219116211e+00
2.129284143447875977e+00
1.991740822792053223e+00
2.239646196365356445e+00
1.919928073883056641e+00
2.068022251129150391e+00
2.037925243377685547e+00
2.065119028091430664e+00
2.031396627426147461e+00
2.226135015487670898e+00
2.142153739929199219e+00
2.119178771972656250e+00
2.073626279830932617e+00
2.115085124969482422e+00
2.068972587585449219e+00
2.014874935150146484e+00
2.097714662551879883e+00
2.116779088973999023e+00
2.095503091812133789e+00
2.031255483627319336e+00
2.118629217147827148e+00
1.889595389366149902e+00
2.243346929550170898e+00
1.998625040054321289e+00
2.027645587921142578e+00
1.995651125907897949e+00
2.097280263900756836e+00
2.098940372467041016e+00
1.895135164260864258e+00
1.877593159675598145e+00
1.954603791236877441e+00
2.021215200424194336e+00
2.031200647354125977e+00
1.896478414535522461e+00
2.011863231658935547e+00
1.878637790679931641e+00
1.835136055946350098e+00
2.219462633132934570e+00
1.890523552894592285e+00
2.026644706726074219e+00
1.893331527709960938e+00
2.051829814910888672e+00
1.995061635971069336e+00
1.909915924072265625e+00
1.914904236793518066e+00
1.938884854316711426e+00
1.877755403518676758e+00
2.091037273406982422e+00
2.035540103912353516e+00
1.917751669883728027e+00
2.073264360427856445e+00
2.055018901824951172e+00
1.898572683334350586e+00
1.971890449523925781e+00
1.908586502075195312e+00
1.980714321136474609e+00
1.998774647712707520e+00
1.938859939575195312e+00
1.956937074661254883e+00
1.952523827552795410e+00
1.892670154571533203e+00
2.057734251022338867e+00
1.920070171356201172e+00
1.829135894775390625e+00
1.796657323837280273e+00
1.722740888595581055e+00
1.854688286781311035e+00
1.871399641036987305e+00
1.941075801849365234e+00
2.004112005233764648e+00
1.840301394462585449e+00
1.839168190956115723e+00
1.916319012641906738e+00
1.876355051994323730e+00
1.895333647727966309e+00
1.858862638473510742e+00
1.700438022613525391e+00
1.708667993545532227e+00
1.766173481941223145e+00
2.009746551513671875e+00
1.790832161903381348e+00
1.707379341125488281e+00
1.830287337303161621e+00
1.850644111633300781e+00
1.862425446510314941e+00
2.036827087402343750e+00
1.762581467628479004e+00
1.877009868621826172e+00
2.098052263259887695e+00
1.857868909835815430e+00
1.856431245803833008e+00
1.838813900947570801e+00
1.835462570190429688e+00
1.921568512916564941e+00
2.003318786621093750e+00
1.901629209518432617e+00
1.866251826286315918e+00
1.973606944084167480e+00
1.751153230667114258e+00
1.679082870483398438e+00
1.927685141563415527e+00
1.742943406105041504e+00
1.794765114784240723e+00
1.786764144897460938e+00
1.846310853958129883e+00
1.685160994529724121e+00
1.819586992263793945e+00
2.149544954299926758e+00
1.614491581916809082e+00
1.716276168823242188e+00
1.833441257476806641e+00
1.883010387420654297e+00
1.828202962875366211e+00
1.839858293533325195e+00
1.859566450119018555e+00
1.797920584678649902e+00
1.976380228996276855e+00
1.771877169609069824e+00
1.793138742446899414e+00
1.844315052032470703e+00
1.639541506767272949e+00
1.636452317237854004e+00
1.684397935867309570e+00
1.560708522796630859e+00
1.928675532341003418e+00
1.726797103881835938e+00
1.629941701889038086e+00
1.775687456130981445e+00
1.779082298278808594e+00
1.682699918746948242e+00
1.713010549545288086e+00
1.631151556968688965e+00
1.717991948127746582e+00
1.841123580932617188e+00
1.556702613830566406e+00
1.835856556892395020e+00
1.636332511901855469e+00
1.585915207862854004e+00
1.653919219970703125e+00
1.768421053886413574e+00
1.643011927604675293e+00
1.784646034240722656e+00
1.768919348716735840e+00
1.753026962280273438e+00
1.687322378158569336e+00
1.616987109184265137e+00
1.573171377182006836e+00
1.775002717971801758e+00
1.592841267585754395e+00
1.571328520774841309e+00
1.816555261611938477e+00
1.630183100700378418e+00
1.792387247085571289e+00
1.723279237747192383e+00
1.516382217407226562e+00
1.960350036621093750e+00
1.724703907966613770e+00
1.764905452728271484e+00
1.619992852210998535e+00
1.832774281501770020e+00
1.885149717330932617e+00
1.634098291397094727e+00
1.697537064552307129e+00
1.863753795623779297e+00
1.621748924255371094e+00
1.741579174995422363e+00
1.717504501342773438e+00
1.689974427223205566e+00
1.737797617912292480e+00
1.700507044792175293e+00
1.809285283088684082e+00
1.640491485595703125e+00
1.700631260871887207e+00
1.537099838256835938e+00
1.652399897575378418e+00
1.586892366409301758e+00
1.579107999801635742e+00
1.588026165962219238e+00
1.564257860183715820e+00
1.677243828773498535e+00
1.719601988792419434e+00
2.014084100723266602e+00
1.912420034408569336e+00
1.819108366966247559e+00
1.631869792938232422e+00
1.682246923446655273e+00
1.665795087814331055e+00
1.582031846046447754e+00
1.734812021255493164e+00
1.496303915977478027e+00
1.583573341369628906e+00
1.621238112449645996e+00
1.858670592308044434e+00
1.525215268135070801e+00
1.665393352508544922e+00
1.624525904655456543e+00
1.798620700836181641e+00
1.586782217025756836e+00
1.573538541793823242e+00
1.506435990333557129e+00
1.520293831825256348e+00
2.098318576812744141e+00
1.627586722373962402e+00
1.766223192214965820e+00
1.635667800903320312e+00
1.529170393943786621e+00
1.604754209518432617e+00
1.834191679954528809e+00
1.619835376739501953e+00
1.779746532440185547e+00
1.542006611824035645e+00
1.568028807640075684e+00
1.691278457641601562e+00
1.659989356994628906e+00
1.900102734565734863e+00
1.592869281768798828e+00
1.640481352806091309e+00
1.704725742340087891e+00
1.676328897476196289e+00
1.654256939888000488e+00
1.678940534591674805e+00
1.847471475601196289e+00
1.483193397521972656e+00
1.619018793106079102e+00
1.540057659149169922e+00
1.551979541778564453e+00
1.734524011611938477e+00
1.549576044082641602e+00
1.671221733093261719e+00
1.506222248077392578e+00
1.800468325614929199e+00
1.859571099281311035e+00
1.795661687850952148e+00
1.789167046546936035e+00
1.647849202156066895e+00
1.593634247779846191e+00
1.592074394226074219e+00
1.609488248825073242e+00
1.604967236518859863e+00
1.659745693206787109e+00
1.727897286415100098e+00
1.747405171394348145e+00
1.584455609321594238e+00
1.510959744453430176e+00
1.595148444175720215e+00
1.432830929756164551e+00
1.555846929550170898e+00
1.465296983718872070e+00
1.845263719558715820e+00
1.587042927742004395e+00
1.536987066268920898e+00
1.798706054687500000e+00
1.540028572082519531e+00
1.642013669013977051e+00
1.775146722793579102e+00
1.691781163215637207e+00
1.611086487770080566e+00
1.660680651664733887e+00
1.590558409690856934e+00
1.598076224327087402e+00
1.450981140136718750e+00
1.602917194366455078e+00
1.719780683517456055e+00
1.633456707000732422e+00
1.632503867149353027e+00
1.700767040252685547e+00
1.617630839347839355e+00
1.394355893135070801e+00
1.482909679412841797e+00
1.547888994216918945e+00
1.719903230667114258e+00
1.509893894195556641e+00
1.486735701560974121e+00
1.435109138488769531e+00
1.637957096099853516e+00
1.363291263580322266e+00
1.718619585037231445e+00
1.552392244338989258e+00
1.590425610542297363e+00
1.639070510864257812e+00
1.582446098327636719e+00
1.501976609230041504e+00
1.540063261985778809e+00
1.486685991287231445e+00
1.459142804145812988e+00
1.664329767227172852e+00
1.767745494842529297e+00
1.553603768348693848e+00
1.310532331466674805e+00
1.458307862281799316e+00
1.488753199577331543e+00
1.615648627281188965e+00
1.611709833145141602e+00
1.462866663932800293e+00
1.592545986175537109e+00
1.454847812652587891e+00
1.524680018424987793e+00
1.776898741722106934e+00
1.441166639328002930e+00
1.627629756927490234e+00
1.539265155792236328e+00
1.479943156242370605e+00
1.712750792503356934e+00
1.513518095016479492e+00
1.647971987724304199e+00
1.547953009605407715e+00
1.385532736778259277e+00
1.422971248626708984e+00
1.453301191329956055e+00
1.410038471221923828e+00
1.381272792816162109e+00
1.514397740364074707e+00
1.818271398544311523e+00
1.620473742485046387e+00
1.528684139251708984e+00
1.566902756690979004e+00
1.617702722549438477e+00
1.479016780853271484e+00
1.471387982368469238e+00
1.395148873329162598e+00
1.458170890808105469e+00
1.497706174850463867e+00
1.384629249572753906e+00
1.677989482879638672e+00
1.635833024978637695e+00
1.576555728912353516e+00
1.516170144081115723e+00
1.696528792381286621e+00
1.708453297615051270e+00
1.418468832969665527e+00
1.579491496086120605e+00
1.602876067161560059e+00
1.731036186218261719e+00
1.496212244033813477e+00
1.450473904609680176e+00
1.454577684402465820e+00
1.630635976791381836e+00
1.492261409759521484e+00
1.506180524826049805e+00
1.577744603157043457e+00
1.596314668655395508e+00
1.477684259414672852e+00
1.681613802909851074e+00
1.593578934669494629e+00
1.438263535499572754e+00
1.637247443199157715e+00
1.386582016944885254e+00
1.476951718330383301e+00
1.797166585922241211e+00
1.472085952758789062e+00
1.588264226913452148e+00
1.366413712501525879e+00
1.611386060714721680e+00
1.644368529319763184e+00
1.524918794631958008e+00
1.438626050949096680e+00
1.741091728210449219e+00
1.511044979095458984e+00
1.603418469429016113e+00
1.544773221015930176e+00
1.596637725830078125e+00
1.366254806518554688e+00
1.435380458831787109e+00
1.607933044433593750e+00
1.663670301437377930e+00
1.350545167922973633e+00
1.696094751358032227e+00
1.409237027168273926e+00
1.284770846366882324e+00
1.567564725875854492e+00
1.389165282249450684e+00
1.384171247482299805e+00
1.586790561676025391e+00
1.465690016746520996e+00
1.564072489738464355e+00
1.357075810432434082e+00
1.220063686370849609e+00
1.494376420974731445e+00
1.272325992584228516e+00
1.510847568511962891e+00
1.583335757255554199e+00
1.683730959892272949e+00
1.476413130760192871e+00
1.326632857322692871e+00
1.663605332374572754e+00
1.503694176673889160e+00
1.372492194175720215e+00
1.539641141891479492e+00
1.547020912170410156e+00
1.510485649108886719e+00
1.518064618110656738e+00
1.681875467300415039e+00
1.404250860214233398e+00
1.507332444190979004e+00
1.617473244667053223e+00
1.563821077346801758e+00
1.812255382537841797e+00
1.184411883354187012e+00
1.469501018524169922e+00
1.525534629821777344e+00
1.591847896575927734e+00
1.558612108230590820e+00
1.472999215126037598e+00
1.571442723274230957e+00
1.469103932380676270e+00
1.653995037078857422e+00
1.343730568885803223e+00
1.666039943695068359e+00
1.537324190139770508e+00
1.672065258026123047e+00
1.572161316871643066e+00
1.416326045989990234e+00
1.474328041076660156e+00
1.399427413940429688e+00
1.600610494613647461e+00
1.669289946556091309e+00
1.434957504272460938e+00
1.483879208564758301e+00
1.310814857482910156e+00
1.698796749114990234e+00
1.495382070541381836e+00
1.694185256958007812e+00
1.692872524261474609e+00
1.295905351638793945e+00
1.571302056312561035e+00
1.619694590568542480e+00
1.368155956268310547e+00
1.383861422538757324e+00
1.553927421569824219e+00
1.493141651153564453e+00
1.523930907249450684e+00
1.773908853530883789e+00
1.386022806167602539e+00
1.400591135025024414e+00
1.552266478538513184e+00
1.580104947090148926e+00
1.676158666610717773e+00
1.899658918380737305e+00
1.643465399742126465e+00
1.425463318824768066e+00
1.658100008964538574e+00
1.594590783119201660e+00
1.354153633117675781e+00
1.630946040153503418e+00
1.528197526931762695e+00
1.424187779426574707e+00
1.485427021980285645e+00
1.516750335693359375e+00
1.471123099327087402e+00
1.499348521232604980e+00
1.453559756278991699e+00
1.509052991867065430e+00
1.371563315391540527e+00
1.240966439247131348e+00
1.522044658660888672e+00
1.732488751411437988e+00
1.498813271522521973e+00
1.228188157081604004e+00
1.265295863151550293e+00
1.459065079689025879e+00
1.483939170837402344e+00
1.371519923210144043e+00
1.567155718803405762e+00
1.436636567115783691e+00
1.425337791442871094e+00
1.569683313369750977e+00
1.428941965103149414e+00
1.380279421806335449e+00
1.530562520027160645e+00
1.401521563529968262e+00
1.410146355628967285e+00
1.458385586738586426e+00
1.663196086883544922e+00
1.381991386413574219e+00
1.416094899177551270e+00
1.227900266647338867e+00
1.298159003257751465e+00
1.501145005226135254e+00
1.335037708282470703e+00
1.482206225395202637e+00
1.421282052993774414e+00
1.389655470848083496e+00
1.360816121101379395e+00
1.510159373283386230e+00
1.403349876403808594e+00
1.442406177520751953e+00
1.621058583259582520e+00
1.584255337715148926e+00
1.483704566955566406e+00
1.525887012481689453e+00
1.611695170402526855e+00
1.522982597351074219e+00
1.246312379837036133e+00
1.537413477897644043e+00
1.547784328460693359e+00
1.495941996574401855e+00
1.405424714088439941e+00
1.258567452430725098e+00
1.501555919647216797e+00
1.264052033424377441e+00
1.329595088958740234e+00
1.427646756172180176e+00
1.552197337150573730e+00
1.642070651054382324e+00
1.662347912788391113e+00
1.491907596588134766e+00
1.305538654327392578e+00
1.138567209243774414e+00
1.301539897918701172e+00
1.454688429832458496e+00
1.576228618621826172e+00
1.358872294425964355e+00
1.317606687545776367e+00
1.372720003128051758e+00
1.304733872413635254e+00
1.360824823379516602e+00
1.321839094161987305e+00
1.581516504287719727e+00
1.262729406356811523e+00
1.441315650939941406e+00
1.475418090820312500e+00
1.215636491775512695e+00
1.215941905975341797e+00
1.303801894187927246e+00
1.296857237815856934e+00
1.432061195373535156e+00
1.457007765769958496e+00
1.229779839515686035e+00
1.372614502906799316e+00
1.323875069618225098e+00
1.485337138175964355e+00
1.447220444679260254e+00
1.355949044227600098e+00
1.417616963386535645e+00
1.682066798210144043e+00
1.361186504364013672e+00
1.393899202346801758e+00
1.456431150436401367e+00
1.424759268760681152e+00
1.385219931602478027e+00
1.400507092475891113e+00
1.428947091102600098e+00
1.439103364944458008e+00
1.265153408050537109e+00
1.431681871414184570e+00
1.472125172615051270e+00
1.468742012977600098e+00
1.642434835433959961e+00
1.488683342933654785e+00
1.297733783721923828e+00
1.256654500961303711e+00
1.257871508598327637e+00
1.469692707061767578e+00
1.323642849922180176e+00
1.525250434875488281e+00
1.197773098945617676e+00
1.294025421142578125e+00
1.192336559295654297e+00
1.369591951370239258e+00
1.394504547119140625e+00
1.301203370094299316e+00
1.385433793067932129e+00
1.259361505508422852e+00
1.423439264297485352e+00
1.241638779640197754e+00
1.490235567092895508e+00
1.374672055244445801e+00
1.365629076957702637e+00
1.240766167640686035e+00
1.376350879669189453e+00
1.379606366157531738e+00
1.406838774681091309e+00
1.544405102729797363e+00
1.178582668304443359e+00
1.408250570297241211e+00
1.504585266113281250e+00
1.561328053474426270e+00
1.348100543022155762e+00
1.354444384574890137e+00
1.299553990364074707e+00
1.341612815856933594e+00
1.382425665855407715e+00
1.507034420967102051e+00
1.504566431045532227e+00
1.301451563835144043e+00
1.297637104988098145e+00
1.516547679901123047e+00
1.300432920455932617e+00
1.404864668846130371e+00
1.285796403884887695e+00
1.137709379196166992e+00
1.252614378929138184e+00
1.296600699424743652e+00
1.618131399154663086e+00
1.530121803283691406e+00
1.364996552467346191e+00
1.365625739097595215e+00
1.178526520729064941e+00
1.428368449211120605e+00
1.544088721275329590e+00
1.249236822128295898e+00
1.428152203559875488e+00
1.226967573165893555e+00
1.454486727714538574e+00
1.541533946990966797e+00
1.411524534225463867e+00
1.278932809829711914e+00
1.357285261154174805e+00
1.239595055580139160e+00
1.452938556671142578e+00
1.360664606094360352e+00
1.169595479965209961e+00
1.457216501235961914e+00
1.342170715332031250e+00
1.360229969024658203e+00
1.150852560997009277e+00
1.316518664360046387e+00
1.297007918357849121e+00
1.307390451431274414e+00
1.232386827468872070e+00
1.453677654266357422e+00
1.507875323295593262e+00
1.430531024932861328e+00
1.320345878601074219e+00
1.381644129753112793e+00
1.137789607048034668e+00
1.286283016204833984e+00
1.464328289031982422e+00
1.543538808822631836e+00
1.156709551811218262e+00
1.363258957862854004e+00
1.596596121788024902e+00
1.195579051971435547e+00
1.268449425697326660e+00
1.389050841331481934e+00
1.404842734336853027e+00
1.095168232917785645e+00
1.196780920028686523e+00
1.235937237739562988e+00
1.407041788101196289e+00
1.327490448951721191e+00
1.350520372390747070e+00
1.121066212654113770e+00
1.330769300460815430e+00
1.269860029220581055e+00
1.110210776329040527e+00
1.114510416984558105e+00
1.597291469573974609e+00
1.314749360084533691e+00
1.403777241706848145e+00
1.544449925422668457e+00
1.204079627990722656e+00
1.258410573005676270e+00
1.504545211791992188e+00
1.489282965660095215e+00
1.194212079048156738e+00
1.322162270545959473e+00
1.322273612022399902e+00
1.439394116401672363e+00
1.330038309097290039e+00
1.495063066482543945e+00
1.329240441322326660e+00
1.335512876510620117e+00
1.288304567337036133e+00
1.201934814453125000e+00
1.435010910034179688e+00
1.121533870697021484e+00
1.137154936790466309e+00
1.301559925079345703e+00
1.482248306274414062e+00
1.454561114311218262e+00
1.051731228828430176e+00
1.316122770309448242e+00
1.253193140029907227e+00
1.226932764053344727e+00
1.018049597740173340e+00
1.133364915847778320e+00
1.241649627685546875e+00
1.219917297363281250e+00
1.307502746582031250e+00
1.180192947387695312e+00
1.366359591484069824e+00
1.178229331970214844e+00
1.135153174400329590e+00
1.086094617843627930e+00
1.198384404182434082e+00
1.478405714035034180e+00
1.161541223526000977e+00
1.331596612930297852e+00
1.706426143646240234e+00
1.283944487571716309e+00
1.219917178153991699e+00
1.061714410781860352e+00
1.252477765083312988e+00
1.617923855781555176e+00
1.158480048179626465e+00
1.284039020538330078e+00
1.212652564048767090e+00
1.226592898368835449e+00
1.489411473274230957e+00
1.272576689720153809e+00
1.308650732040405273e+00
1.277543306350708008e+00
1.141467213630676270e+00
1.496069788932800293e+00
1.430045127868652344e+00
1.194531917572021484e+00
1.241815686225891113e+00
1.131280064582824707e+00
1.138999700546264648e+00
1.175187468528747559e+00
1.380025744438171387e+00
1.255673527717590332e+00
1.361331343650817871e+00
1.097874879837036133e+00
1.364918828010559082e+00
1.053619623184204102e+00
1.058615922927856445e+00
1.354906678199768066e+00
1.141011238098144531e+00
1.190726518630981445e+00
1.093690872192382812e+00
1.410535335540771484e+00
1.320366382598876953e+00
1.378385186195373535e+00
1.303745985031127930e+00
9.506663680076599121e-01
1.240389108657836914e+00
1.297024250030517578e+00
1.116525053977966309e+00
1.391661167144775391e+00
1.212425351142883301e+00
1.114593863487243652e+00
1.001358985900878906e+00
1.247864842414855957e+00
1.109393000602722168e+00
1.191813945770263672e+00
1.017801642417907715e+00
1.568336963653564453e+00
1.176970481872558594e+00
1.201828241348266602e+00
1.286120533943176270e+00
1.199068188667297363e+00
1.094184875488281250e+00
1.477434873580932617e+00
1.135358691215515137e+00
1.088404059410095215e+00
1.191349029541015625e+00
1.270966053009033203e+00
1.342093825340270996e+00
1.327088713645935059e+00
1.106154918670654297e+00
1.293003678321838379e+00
1.045691847801208496e+00
1.204997062683105469e+00
1.231178283691406250e+00
1.165679931640625000e+00
1.391940593719482422e+00
1.194698929786682129e+00
1.049708485603332520e+00
1.114608883857727051e+00
1.213344573974609375e+00
1.420742511749267578e+00
1.278833508491516113e+00
1.208099961280822754e+00
1.220472455024719238e+00
1.049553513526916504e+00
1.201585054397583008e+00
1.103098750114440918e+00
1.604242205619812012e+00
1.056410193443298340e+00
1.008128046989440918e+00
1.097204089164733887e+00
1.161381602287292480e+00
1.398133039474487305e+00
1.078239560127258301e+00
1.533988237380981445e+00
1.075134754180908203e+00
1.506034851074218750e+00
1.157986044883728027e+00
1.270128607749938965e+00
1.376644134521484375e+00
1.026299357414245605e+00
1.188552975654602051e+00
1.088358998298645020e+00
1.349405050277709961e+00
9.196511507034301758e-01
1.315791130065917969e+00
1.292578220367431641e+00
1.420793890953063965e+00
1.187795519828796387e+00
1.188015937805175781e+00
1.268549919128417969e+00
1.088631510734558105e+00
1.106471061706542969e+00
9.930732250213623047e-01
1.249048113822937012e+00
1.504268050193786621e+00
1.140065908432006836e+00
1.055152654647827148e+00
1.208361983299255371e+00
1.239181399345397949e+00
1.428539872169494629e+00
1.378077864646911621e+00
1.197858333587646484e+00
1.066963672637939453e+00
1.270112037658691406e+00
1.152077674865722656e+00
1.139939427375793457e+00
1.114174246788024902e+00
1.083742260932922363e+00
9.024191498756408691e-01
1.259049296379089355e+00
1.194729566574096680e+00
1.057353615760803223e+00
1.211421966552734375e+00
9.181886911392211914e-01
1.149001479148864746e+00
1.477114915847778320e+00
1.413094758987426758e+00
1.474832057952880859e+00
1.078164458274841309e+00
1.290885925292968750e+00
1.139840126037597656e+00
1.338452458381652832e+00
1.259204745292663574e+00
1.267835259437561035e+00
1.224724769592285156e+00
1.240375757217407227e+00
1.292623400688171387e+00
1.109339833259582520e+00
1.017713785171508789e+00
1.276754736900329590e+00
1.152191877365112305e+00
1.375182867050170898e+00
9.323017597198486328e-01
1.190320014953613281e+00
1.020059108734130859e+00
1.274602532386779785e+00
1.259952545166015625e+00
1.043574333190917969e+00
1.493649125099182129e+00
9.795935750007629395e-01
1.237501978874206543e+00
1.128961920738220215e+00
1.085727214813232422e+00
1.087230682373046875e+00
1.099187135696411133e+00
1.174648523330688477e+00
9.550299048423767090e-01
1.269776225090026855e+00
1.196011900901794434e+00
9.071214199066162109e-01
1.337656617164611816e+00
1.155846834182739258e+00
1.233636379241943359e+00
1.060294747352600098e+00
1.093101978302001953e+00
1.178612828254699707e+00
1.115481257438659668e+00
1.148095846176147461e+00
1.206118583679199219e+00
1.029967188835144043e+00
1.138426303863525391e+00
9.443594217300415039e-01
1.129054069519042969e+00
1.056755781173706055e+00
9.725187420845031738e-01
1.417486429214477539e+00
1.303583025932312012e+00
1.342926621437072754e+00
1.114014863967895508e+00
9.915224313735961914e-01
1.356791138648986816e+00
1.318189144134521484e+00
1.147022008895874023e+00
1.087033629417419434e+00
1.394562721252441406e+00
1.117677569389343262e+00
1.295059084892272949e+00
1.137071967124938965e+00
1.126047015190124512e+00
1.100455284118652344e+00
1.101032137870788574e+00
1.299852848052978516e+00
1.009277105331420898e+00
1.372797489166259766e+00
1.266691327095031738e+00
1.091116666793823242e+00
1.158520817756652832e+00
1.218764066696166992e+00
1.079244136810302734e+00
1.098787903785705566e+00
9.345615506172180176e-01
1.043798208236694336e+00
1.172853112220764160e+00
1.144471287727355957e+00
1.114296793937683105e+00
1.060493111610412598e+00
1.044865489006042480e+00
1.077881217002868652e+00
1.094930052757263184e+00
1.047599911689758301e+00
1.285326242446899414e+00
1.098628759384155273e+00
1.245102763175964355e+00
9.905249476432800293e-01
1.057745695114135742e+00
1.077673196792602539e+00
1.068047881126403809e+00
1.218625307083129883e+00
1.309068679809570312e+00
1.215322852134704590e+00
1.069212317466735840e+00
1.020032525062561035e+00
1.181565046310424805e+00
1.149778127670288086e+00
1.347398757934570312e+00
1.059019088745117188e+00
1.129807710647583008e+00
1.178349018096923828e+00
1.005301475524902344e+00
9.507607817649841309e-01
1.376045227050781250e+00
1.229930996894836426e+00
1.108263731002807617e+00
1.127533197402954102e+00
1.260553240776062012e+00
1.184885263442993164e+00
1.011402010917663574e+00
1.122390389442443848e+00
1.274785876274108887e+00
1.196895599365234375e+00
9.803904891014099121e-01
9.692941308021545410e-01
1.100124835968017578e+00
1.095270752906799316e+00
1.016372799873352051e+00
1.163270592689514160e+00
9.614920616149902344e-01
1.470706820487976074e+00
1.338860750198364258e+00
1.263805508613586426e+00
1.224461913108825684e+00
9.322796463966369629e-01
1.030883431434631348e+00
1.026842474937438965e+00
1.110190391540527344e+00
1.051655888557434082e+00
9.953201413154602051e-01
1.104329943656921387e+00
1.332094311714172363e+00
1.140837907791137695e+00
1.085187911987304688e+00
9.708633422851562500e-01
1.008441329002380371e+00
1.323925137519836426e+00
1.310080528259277344e+00
1.287887334823608398e+00
8.962444663047790527e-01
1.190717816352844238e+00
1.158009886741638184e+00
1.121506690979003906e+00
1.271932244300842285e+00
9.663406610488891602e-01
1.071781516075134277e+00
1.170880913734436035e+00
1.275364637374877930e+00
1.270008087158203125e+00
1.143235921859741211e+00
1.201699256896972656e+00
1.158170104026794434e+00
8.264244794845581055e-01
9.824845790863037109e-01
1.117461323738098145e+00
1.208904981613159180e+00
1.080267548561096191e+00
1.088064551353454590e+00
1.212097644805908203e+00
1.156106948852539062e+00
1.054209828376770020e+00
1.123092532157897949e+00
1.116789340972900391e+00
1.423148155212402344e+00
1.089111685752868652e+00
9.284934997558593750e-01
9.154860377311706543e-01
1.345222830772399902e+00
1.391161203384399414e+00
1.295655727386474609e+00
1.159232616424560547e+00
1.210553288459777832e+00
8.823225498199462891e-01
8.585273027420043945e-01
1.227401494979858398e+00
1.075046062469482422e+00
1.112018585205078125e+00
1.141946673393249512e+00
1.028936982154846191e+00
1.284270286560058594e+00
1.151960372924804688e+00
8.243429660797119141e-01
8.219870924949645996e-01
1.303259968757629395e+00
9.298038482666015625e-01
1.156180739402770996e+00
1.111992478370666504e+00
1.191926002502441406e+00
1.172213435173034668e+00
7.177169919013977051e-01
1.228851556777954102e+00
1.303615212440490723e+00
1.129450559616088867e+00
1.095834374427795410e+00
1.165446162223815918e+00
9.800336956977844238e-01
1.230606794357299805e+00
1.125128865242004395e+00
9.963718056678771973e-01
1.305131554603576660e+00
1.047553539276123047e+00
9.776434302330017090e-01
9.616156220436096191e-01
9.535434246063232422e-01
9.508979320526123047e-01
1.289926528930664062e+00
1.109488725662231445e+00
9.108608961105346680e-01
1.311094522476196289e+00
9.632515907287597656e-01
1.002055764198303223e+00
1.126622676849365234e+00
1.094463467597961426e+00
1.060882925987243652e+00
1.102256894111633301e+00
1.236619949340820312e+00
1.091511368751525879e+00
1.336948394775390625e+00
1.350479722023010254e+00
1.565022587776184082e+00
1.081252455711364746e+00
1.265181899070739746e+00
1.243050694465637207e+00
1.037232518196105957e+00
1.167659163475036621e+00
1.131859779357910156e+00
1.284556865692138672e+00
1.145494937896728516e+00
6.653323173522949219e-01
1.242023110389709473e+00
1.183974981307983398e+00
9.405976533889770508e-01
9.169348478317260742e-01
1.157371520996093750e+00
9.144619107246398926e-01
1.106380581855773926e+00
1.075150609016418457e+00
9.672718644142150879e-01
1.233357906341552734e+00
8.753753900527954102e-01
9.135571718215942383e-01
9.661349654197692871e-01
1.111956715583801270e+00
1.139593720436096191e+00
1.056960940361022949e+00
9.216781854629516602e-01
9.557816386222839355e-01
9.255294203758239746e-01
1.247146487236022949e+00
1.066711544990539551e+00
9.175302982330322266e-01
8.890579342842102051e-01
1.202445507049560547e+00
1.050135731697082520e+00
9.233696460723876953e-01
9.284373521804809570e-01
8.666780591011047363e-01
1.241367101669311523e+00
1.191143274307250977e+00
9.096708297729492188e-01
1.007700324058532715e+00
1.126414418220520020e+00
9.706309437751770020e-01
1.046744346618652344e+00
1.078524470329284668e+00
1.043685913085937500e+00
8.501394987106323242e-01
1.189891099929809570e+00
9.156998991966247559e-01
9.528571367263793945e-01
1.055023908615112305e+00
1.035124063491821289e+00
7.820422649383544922e-01
1.308419227600097656e+00
1.147943139076232910e+00
8.763404488563537598e-01
7.093947529792785645e-01
9.326376318931579590e-01
1.172654628753662109e+00
1.153505444526672363e+00
1.135829329490661621e+00
1.374257683753967285e+00
1.004149436950683594e+00
1.305248975753784180e+00
1.244598031044006348e+00
1.072175502777099609e+00
1.196184277534484863e+00
1.249354720115661621e+00
8.369941711425781250e-01
1.247284054756164551e+00
1.123960137367248535e+00
7.979302406311035156e-01
1.093472361564636230e+00
9.649051427841186523e-01
1.063686370849609375e+00
1.181653022766113281e+00
1.309938549995422363e+00
1.002845168113708496e+00
9.024706482887268066e-01
8.568174839019775391e-01
1.035502910614013672e+00
1.050400495529174805e+00
7.023697495460510254e-01
9.240846037864685059e-01
1.087460517883300781e+00
1.022931814193725586e+00
8.926582932472229004e-01
1.061091423034667969e+00
8.655270338058471680e-01
7.044253349304199219e-01
1.018588542938232422e+00
1.556121110916137695e+00
8.889778852462768555e-01
7.441174387931823730e-01
9.230681657791137695e-01
8.846172094345092773e-01
1.177844882011413574e+00
9.897842407226562500e-01
9.765790104866027832e-01
1.310672402381896973e+00
1.037883639335632324e+00
9.590097665786743164e-01
9.799675941467285156e-01
1.251099705696105957e+00
9.684455394744873047e-01
8.365077972412109375e-01
8.865756988525390625e-01
1.093953251838684082e+00
9.657738208770751953e-01
1.028761386871337891e+00
8.895806074142456055e-01
1.021701455116271973e+00
1.050625443458557129e+00
1.084514617919921875e+00
9.747105836868286133e-01
1.119336366653442383e+00
1.060015320777893066e+00
9.541782736778259277e-01
1.059133410453796387e+00
1.175366878509521484e+00
1.114667415618896484e+00
7.877577543258666992e-01
1.059549450874328613e+00
7.638428211212158203e-01
8.808435201644897461e-01
6.828278303146362305e-01
9.293646216392517090e-01
1.175110697746276855e+00
1.001818776130676270e+00
1.188289403915405273e+00
8.210647106170654297e-01
8.955657482147216797e-01
8.474292159080505371e-01
9.532945156097412109e-01
1.290447592735290527e+00
1.027112364768981934e+00
1.031314492225646973e+00
8.893051743507385254e-01
1.060048699378967285e+00
1.086602568626403809e+00
9.600775837898254395e-01
9.890801906585693359e-01
1.171050071716308594e+00
9.516100883483886719e-01
1.117299556732177734e+00
8.334548473358154297e-01
1.030686020851135254e+00
1.366054415702819824e+00
1.221518039703369141e+00
1.012321949005126953e+00
9.199495911598205566e-01
1.100635647773742676e+00
9.099879860877990723e-01
1.101253390312194824e+00
8.755025863647460938e-01
1.064024329185485840e+00
1.095077395439147949e+00
9.152358174324035645e-01
1.040575861930847168e+00
1.020756125450134277e+00
8.659759163856506348e-01
8.403896093368530273e-01
1.076031327247619629e+00
9.534226059913635254e-01
1.055392861366271973e+00
9.846316576004028320e-01
9.242910146713256836e-01
1.227737188339233398e+00
8.151141405105590820e-01
9.924480915069580078e-01
1.148182630538940430e+00
8.350496888160705566e-01
9.636543393135070801e-01
1.302334666252136230e+00
1.073140382766723633e+00
1.200157284736633301e+00
8.658480048179626465e-01
8.998639583587646484e-01
8.711303472518920898e-01
1.277056217193603516e+00
1.040123224258422852e+00
7.156674265861511230e-01
8.778897523880004883e-01
8.066602945327758789e-01
1.028264760971069336e+00
9.544655680656433105e-01
6.867287158966064453e-01
1.018479943275451660e+00
1.109655141830444336e+00
7.372382283210754395e-01
7.526997327804565430e-01
1.152333974838256836e+00
8.295661211013793945e-01
1.371828675270080566e+00
9.816522598266601562e-01
1.111714601516723633e+00
9.240710735321044922e-01
7.842220067977905273e-01
9.406888484954833984e-01
8.444765806198120117e-01
9.929254055023193359e-01
6.536411643028259277e-01
1.169718146324157715e+00
9.514353275299072266e-01
1.097732543945312500e+00
9.277304410934448242e-01
8.938834667205810547e-01
7.681583166122436523e-01
9.112027883529663086e-01
8.811035156250000000e-01
6.169554591178894043e-01
1.197844743728637695e+00
8.725804686546325684e-01
9.805841445922851562e-01
1.092101216316223145e+00
7.509149312973022461e-01
9.022791981697082520e-01
1.138939261436462402e+00
9.092357158660888672e-01
9.185172915458679199e-01
8.925981521606445312e-01
9.851374030113220215e-01
1.074737787246704102e+00
8.517653942108154297e-01
8.915854096412658691e-01
1.067926526069641113e+00
9.368125200271606445e-01
1.265937924385070801e+00
8.807139992713928223e-01
8.754761219024658203e-01
1.128276586532592773e+00
1.036494135856628418e+00
1.133823752403259277e+00
9.772447943687438965e-01
1.002790927886962891e+00
8.309815526008605957e-01
1.206669092178344727e+00
9.058269858360290527e-01
1.062059164047241211e+00
8.330060243606567383e-01
1.019791364669799805e+00
8.963278532028198242e-01
1.101178884506225586e+00
1.122615694999694824e+00
9.033601284027099609e-01
7.870216369628906250e-01
8.999834656715393066e-01
8.999527096748352051e-01
7.597936987876892090e-01
9.137277007102966309e-01
6.851630210876464844e-01
1.064484119415283203e+00
1.402225971221923828e+00
1.048308491706848145e+00
1.042709231376647949e+00
8.775639533996582031e-01
6.713955402374267578e-01
9.000089168548583984e-01
8.302590250968933105e-01
8.474980592727661133e-01
8.077265024185180664e-01
8.962193131446838379e-01
9.084421992301940918e-01
8.806320428848266602e-01
1.082255125045776367e+00
9.903943538665771484e-01
9.916784763336181641e-01
1.046335220336914062e+00
1.119505763053894043e+00
1.103287577629089355e+00
9.236530661582946777e-01
1.089941501617431641e+00
9.012067914009094238e-01
9.977529644966125488e-01
8.822460770606994629e-01
8.275654315948486328e-01
1.066933035850524902e+00
1.177531242370605469e+00
1.295133113861083984e+00
1.029665470123291016e+00
1.228825807571411133e+00
8.600244522094726562e-01
1.001565814018249512e+00
7.971178293228149414e-01
1.162808775901794434e+00
1.199488043785095215e+00
9.956175088882446289e-01
8.734843730926513672e-01
8.736086487770080566e-01
1.156230807304382324e+00
9.368051886558532715e-01
1.076052546501159668e+00
8.668010830879211426e-01
9.678872823715209961e-01
8.627521991729736328e-01
8.489821553230285645e-01
8.471485376358032227e-01
9.563834667205810547e-01
7.200843691825866699e-01
9.414420723915100098e-01
1.140384197235107422e+00
1.248755455017089844e+00
1.037577986717224121e+00
1.006705045700073242e+00
1.071783542633056641e+00
9.023712873458862305e-01
1.218855857849121094e+00
9.380488991737365723e-01
5.787653326988220215e-01
8.525608181953430176e-01
1.089796662330627441e+00
7.616212368011474609e-01
1.179042935371398926e+00
1.065090060234069824e+00
8.058152794837951660e-01
1.097106099128723145e+00
1.028457045555114746e+00
8.118670582771301270e-01
7.766079306602478027e-01
9.899938106536865234e-01
7.557299137115478516e-01
9.433204531669616699e-01
8.206266760826110840e-01
1.027940988540649414e+00
1.051774382591247559e+00
8.435804843902587891e-01
1.128898143768310547e+00
1.142205476760864258e+00
9.360774755477905273e-01
1.060230135917663574e+00
9.007287025451660156e-01
9.577698111534118652e-01
8.461377620697021484e-01
7.381200790405273438e-01
9.769002199172973633e-01
8.796219229698181152e-01
1.247433304786682129e+00
8.485258817672729492e-01
1.219781041145324707e+00
9.384358525276184082e-01
7.790829539299011230e-01
1.088646769523620605e+00
9.195735454559326172e-01
8.866338729858398438e-01
1.141292691230773926e+00
9.288953542709350586e-01
1.041448593139648438e+00
1.120712280273437500e+00
1.089641928672790527e+00
1.182063221931457520e+00
8.861048817634582520e-01
1.050525426864624023e+00
7.250775694847106934e-01
1.166476011276245117e+00
1.283456683158874512e+00
1.084641337394714355e+00
7.023927569389343262e-01
8.173714280128479004e-01
6.704865694046020508e-01
9.981493353843688965e-01
1.026902198791503906e+00
1.185860037803649902e+00
9.364503622055053711e-01
9.663382768630981445e-01
9.660483598709106445e-01
8.432862758636474609e-01
8.528147339820861816e-01
9.896963834762573242e-01
1.009037494659423828e+00
1.146866202354431152e+00
1.208729147911071777e+00
9.032692313194274902e-01
1.004619121551513672e+00
7.257071137428283691e-01
1.195276379585266113e+00
8.313590288162231445e-01
9.630380272865295410e-01
9.443233609199523926e-01
9.616008400917053223e-01
8.487040996551513672e-01
8.489735126495361328e-01
9.291118979454040527e-01
1.042647123336791992e+00
9.775469303131103516e-01
7.448178529739379883e-01
9.649605154991149902e-01
1.071543931961059570e+00
9.473510980606079102e-01
1.038859724998474121e+00
1.087332725524902344e+00
1.083719253540039062e+00
7.476001977920532227e-01
1.125914335250854492e+00
8.560779094696044922e-01
8.024555444717407227e-01
8.538709878921508789e-01
1.204679608345031738e+00
8.832476139068603516e-01
8.784384131431579590e-01
1.278434157371520996e+00
1.017621874809265137e+00
7.188411355018615723e-01
1.138415098190307617e+00
8.511434793472290039e-01
8.989316225051879883e-01
9.958398342132568359e-01
1.145464181900024414e+00
1.010457038879394531e+00
9.571477174758911133e-01
1.041980147361755371e+00
9.095920920372009277e-01
8.771920204162597656e-01
9.362974762916564941e-01
9.019137024879455566e-01
6.750803589820861816e-01
1.084529519081115723e+00
9.782719612121582031e-01
1.203048110008239746e+00
8.294444084167480469e-01
8.634489178657531738e-01
8.638352751731872559e-01
9.824492335319519043e-01
1.151178121566772461e+00
1.076912164688110352e+00
1.072487831115722656e+00
1.197031259536743164e+00
9.637776017189025879e-01
1.175730466842651367e+00
9.551180601119995117e-01
8.773518800735473633e-01
9.457463622093200684e-01
1.096449732780456543e+00
9.015850424766540527e-01
8.916552066802978516e-01
7.837746739387512207e-01
7.681019306182861328e-01
9.800533652305603027e-01
1.101148724555969238e+00
1.070197701454162598e+00
9.730165600776672363e-01
1.155608177185058594e+00
7.107151746749877930e-01
9.921507239341735840e-01
8.544375896453857422e-01
9.237244129180908203e-01
8.483399152755737305e-01
1.167819499969482422e+00
1.122224450111389160e+00
1.025561690330505371e+00
7.475910186767578125e-01
9.463030695915222168e-01
1.045017480850219727e+00
9.396891593933105469e-01
9.586416482925415039e-01
8.812028765678405762e-01
1.291429996490478516e+00
1.003125429153442383e+00
1.196929812431335449e+00
9.062958359718322754e-01
8.883488774299621582e-01
7.302071452140808105e-01
1.004930615425109863e+00
1.055533289909362793e+00
9.355419278144836426e-01
8.186299800872802734e-01
7.616026401519775391e-01
9.931609630584716797e-01
9.104719161987304688e-01
7.495543956756591797e-01
1.129366040229797363e+00
9.338075518608093262e-01
1.059535503387451172e+00
9.367860555648803711e-01
7.816203236579895020e-01
1.114845156669616699e+00
8.567544817924499512e-01
8.322523832321166992e-01
8.384501338005065918e-01
1.003554940223693848e+00
1.084032654762268066e+00
1.165588259696960449e+00
9.856286644935607910e-01
8.501691222190856934e-01
1.216498136520385742e+00
6.587415933609008789e-01
8.836799860000610352e-01
7.304177880287170410e-01
8.498035073280334473e-01
6.951544880867004395e-01
8.375311493873596191e-01
1.112756848335266113e+00
6.829517483711242676e-01
9.451378583908081055e-01
7.861513495445251465e-01
9.481436014175415039e-01
8.368448615074157715e-01
8.271455764770507812e-01
8.429598212242126465e-01
1.288301110267639160e+00
9.360677003860473633e-01
6.917954683303833008e-01
8.877719640731811523e-01
7.103017568588256836e-01
6.858478188514709473e-01
9.721294641494750977e-01
7.359126806259155273e-01
1.071056723594665527e+00
1.158504486083984375e+00
8.646896481513977051e-01
7.378016114234924316e-01
6.869134306907653809e-01
6.053103804588317871e-01
8.189498782157897949e-01
8.874282240867614746e-01
9.872238636016845703e-01
8.447601199150085449e-01
1.013284206390380859e+00
8.029961585998535156e-01
8.438755869865417480e-01
9.113478064537048340e-01
6.621159911155700684e-01
9.410264492034912109e-01
7.720045447349548340e-01
6.354148983955383301e-01
7.161291837692260742e-01
1.139501690864562988e+00
1.023430347442626953e+00
1.224875569343566895e+00
8.307982683181762695e-01
7.859576344490051270e-01
1.015090703964233398e+00
9.693390130996704102e-01
9.629219174385070801e-01
5.855557322502136230e-01
1.181983232498168945e+00
1.006375789642333984e+00
7.268105745315551758e-01
7.569929957389831543e-01
7.107936739921569824e-01
8.173798918724060059e-01
7.652264237403869629e-01
7.699729800224304199e-01
1.117501497268676758e+00
8.854168653488159180e-01
8.295516967773437500e-01
1.091102123260498047e+00
8.709989190101623535e-01
1.081802606582641602e+00
7.563189268112182617e-01
9.526101946830749512e-01
6.363837718963623047e-01
7.956412434577941895e-01
7.930604219436645508e-01
1.030891299247741699e+00
7.425518631935119629e-01
7.903963923454284668e-01
5.772978067398071289e-01
1.001893877983093262e+00
1.067787051200866699e+00
7.378579378128051758e-01
7.107184529304504395e-01
7.279574871063232422e-01
6.585868597030639648e-01
8.079138398170471191e-01
6.014611124992370605e-01
9.050904512405395508e-01
8.487280011177062988e-01
7.373500466346740723e-01
7.983474731445312500e-01
8.868046998977661133e-01
1.057406067848205566e+00
5.659821033477783203e-01
9.071206450462341309e-01
7.528031468391418457e-01
9.129924178123474121e-01
7.541434168815612793e-01
7.076109647750854492e-01
8.594934344291687012e-01
7.110812067985534668e-01
7.912262678146362305e-01
7.738391757011413574e-01
7.661500573158264160e-01
9.098621606826782227e-01
7.301907539367675781e-01
6.793650388717651367e-01
8.542961478233337402e-01
7.478735446929931641e-01
7.937084436416625977e-01
6.722881197929382324e-01
6.997124552726745605e-01
6.401105523109436035e-01
6.674962043762207031e-01
9.289824962615966797e-01
7.874854207038879395e-01
5.846669673919677734e-01
5.922025442123413086e-01
8.957341909408569336e-01
7.950540184974670410e-01
8.928658366203308105e-01
7.881014943122863770e-01
7.565965056419372559e-01
8.401973843574523926e-01
8.567396402359008789e-01
7.050381898880004883e-01
8.107798099517822266e-01
9.729015231132507324e-01
8.230691552162170410e-01
6.903861165046691895e-01
7.549547553062438965e-01
8.071218729019165039e-01
6.384212374687194824e-01
5.123147964477539062e-01
7.289832234382629395e-01
9.838399291038513184e-01
1.023436188697814941e+00
8.319637179374694824e-01
8.726209998130798340e-01
7.213664650917053223e-01
9.992500543594360352e-01
9.472749233245849609e-01
1.061593770980834961e+00
8.969781398773193359e-01
8.252773284912109375e-01
9.617339968681335449e-01
6.353237628936767578e-01
8.225624561309814453e-01
7.087624073028564453e-01
7.737724184989929199e-01
8.309200406074523926e-01
7.269437909126281738e-01
6.909856796264648438e-01
9.378244876861572266e-01
7.691098451614379883e-01
6.147419214248657227e-01
8.710440993309020996e-01
1.073500514030456543e+00
8.439346551895141602e-01
8.513987064361572266e-01
7.833716273307800293e-01
9.659429788589477539e-01
8.400054574012756348e-01
5.600720047950744629e-01
7.110095024108886719e-01
7.875740528106689453e-01
8.435411453247070312e-01
8.886657357215881348e-01
9.878011345863342285e-01
9.035024642944335938e-01
1.039311289787292480e+00
8.151454329490661621e-01
8.424975872039794922e-01
5.965059995651245117e-01
9.529829621315002441e-01
6.951416730880737305e-01
1.015810608863830566e+00
1.145033955574035645e+00
8.566934466361999512e-01
8.089006543159484863e-01
5.636779665946960449e-01
9.247592687606811523e-01
9.693908691406250000e-01
9.153785109519958496e-01
8.872313499450683594e-01
7.837603092193603516e-01
7.500414252281188965e-01
5.632942318916320801e-01
8.626481294631958008e-01
8.943664431571960449e-01
7.052946686744689941e-01
8.642833828926086426e-01
5.676180124282836914e-01
8.624601364135742188e-01
8.610710501670837402e-01
7.187889218330383301e-01
7.489516735076904297e-01
8.587546944618225098e-01
6.288321614265441895e-01
8.484833836555480957e-01
7.041212320327758789e-01
8.668413758277893066e-01
8.917526006698608398e-01
7.293174266815185547e-01
6.804407238960266113e-01
6.639828085899353027e-01
6.855647563934326172e-01
7.703989148139953613e-01
6.480906605720520020e-01
8.825839161872863770e-01
7.151786684989929199e-01
8.911268711090087891e-01
9.195952415466308594e-01
7.741044759750366211e-01
7.034039497375488281e-01
6.435404419898986816e-01
7.000780105590820312e-01
9.445669054985046387e-01
6.842610836029052734e-01
8.400747776031494141e-01
7.280963659286499023e-01
7.100161314010620117e-01
8.177090287208557129e-01
7.902144789695739746e-01
6.674841642379760742e-01
6.861460804939270020e-01
6.382712721824645996e-01
7.855374813079833984e-01
8.964327573776245117e-01
9.010349512100219727e-01
9.303753376007080078e-01
5.816809535026550293e-01
7.488679885864257812e-01
9.241901636123657227e-01
8.320218324661254883e-01
9.755048751831054688e-01
6.311264634132385254e-01
8.934672474861145020e-01
9.853650331497192383e-01
6.434779167175292969e-01
7.675687074661254883e-01
8.366388678550720215e-01
7.278438210487365723e-01
6.820544004440307617e-01
6.499357819557189941e-01
6.980571150779724121e-01
1.065269708633422852e+00
7.951279878616333008e-01
6.999852657318115234e-01
6.421447396278381348e-01
8.843690752983093262e-01
8.217269182205200195e-01
6.851217150688171387e-01
5.648041963577270508e-01
8.205943703651428223e-01
7.382885813713073730e-01
7.817103266716003418e-01
9.458701014518737793e-01
4.827556014060974121e-01
5.152447819709777832e-01
6.869094967842102051e-01
7.126740217208862305e-01
7.482844591140747070e-01
6.311668753623962402e-01
8.364584445953369141e-01
7.596885561943054199e-01
8.273839354515075684e-01
8.782737255096435547e-01
7.399435043334960938e-01
6.742711663246154785e-01
6.976574063301086426e-01
8.365539312362670898e-01
6.896094679832458496e-01
7.497394680976867676e-01
1.049855113029479980e+00
9.342742562294006348e-01
9.436531662940979004e-01
1.014703989028930664e+00
8.444420695304870605e-01
7.067087888717651367e-01
7.162880301475524902e-01
7.278376221656799316e-01
7.545456886291503906e-01
9.987266659736633301e-01
7.172388434410095215e-01
8.456740975379943848e-01
7.116906046867370605e-01
6.968156099319458008e-01
7.236065864562988281e-01
5.396136641502380371e-01
8.560781478881835938e-01
5.801950693130493164e-01
7.482775449752807617e-01
7.740991711616516113e-01
8.138924837112426758e-01
7.865766286849975586e-01
7.607987523078918457e-01
7.948885560035705566e-01
5.440373420715332031e-01
7.111749649047851562e-01
7.378836274147033691e-01
8.140763640403747559e-01
9.895265102386474609e-01
6.977560520172119141e-01
8.656322956085205078e-01
8.439343571662902832e-01
9.544855952262878418e-01
5.743126273155212402e-01
9.743554592132568359e-01
1.027107477188110352e+00
8.072794079780578613e-01
9.734163880348205566e-01
5.272743701934814453e-01
8.254645466804504395e-01
8.991711735725402832e-01
7.893006205558776855e-01
1.054757475852966309e+00
8.962785601615905762e-01
8.521329760551452637e-01
5.397542715072631836e-01
6.378189921379089355e-01
9.993723034858703613e-01
7.332493662834167480e-01
5.234091281890869141e-01
7.015749216079711914e-01
7.819049358367919922e-01
7.734971642494201660e-01
7.209973931312561035e-01
7.876294255256652832e-01
6.694051027297973633e-01
6.683389544486999512e-01
8.715153932571411133e-01
7.797210216522216797e-01
7.045758962631225586e-01
5.142057538032531738e-01
6.094107031822204590e-01
7.565743327140808105e-01
7.133436203002929688e-01
9.820232391357421875e-01
5.603821277618408203e-01
6.485151052474975586e-01
8.473936915397644043e-01
9.061157107353210449e-01
8.760190010070800781e-01
8.079084157943725586e-01
7.525018453598022461e-01
6.625534296035766602e-01
8.625607490539550781e-01
5.810803174972534180e-01
8.818809986114501953e-01
1.104885816574096680e+00
5.656412839889526367e-01
5.970265865325927734e-01
9.673042297363281250e-01
7.050313949584960938e-01
7.236310839653015137e-01
7.000494599342346191e-01
5.277383327484130859e-01
7.933886051177978516e-01
5.571559071540832520e-01
9.080641269683837891e-01
1.156714320182800293e+00
1.025459051132202148e+00
5.774584412574768066e-01
7.297256588935852051e-01
9.532451629638671875e-01
6.946460604667663574e-01
7.975700497627258301e-01
6.744662523269653320e-01
8.689070343971252441e-01
1.035834193229675293e+00
7.900146245956420898e-01
9.219179153442382812e-01
8.610351681709289551e-01
8.048334121704101562e-01
5.917023420333862305e-01
1.051255583763122559e+00
8.270923495292663574e-01
6.629700660705566406e-01
8.666940331459045410e-01
6.422638297080993652e-01
7.776960730552673340e-01
6.962256431579589844e-01
1.067265152931213379e+00
6.557477712631225586e-01
6.649258136749267578e-01
7.513217329978942871e-01
8.149765133857727051e-01
6.347549557685852051e-01
8.517881631851196289e-01
7.978895902633666992e-01
8.895546793937683105e-01
9.172769188880920410e-01
5.093232393264770508e-01
9.103835821151733398e-01
7.848591804504394531e-01
6.975558996200561523e-01
1.152676701545715332e+00
6.594136953353881836e-01
9.291025400161743164e-01
6.497922539710998535e-01
7.587192654609680176e-01
8.423354625701904297e-01
6.657751798629760742e-01
6.886909604072570801e-01
8.371085524559020996e-01
7.131521701812744141e-01
7.876098752021789551e-01
8.392925262451171875e-01
6.250703930854797363e-01
7.636258006095886230e-01
9.623429179191589355e-01
7.885068058967590332e-01
8.120689392089843750e-01
7.175394296646118164e-01
9.061161279678344727e-01
5.456880927085876465e-01
7.826231122016906738e-01
7.614197731018066406e-01
8.527700901031494141e-01
7.275525331497192383e-01
9.287087917327880859e-01
7.111110091209411621e-01
7.223377227783203125e-01
6.568632125854492188e-01
8.542875051498413086e-01
8.194420933723449707e-01
8.171149492263793945e-01
7.428699731826782227e-01
5.933438539505004883e-01
9.673542380332946777e-01
6.263257265090942383e-01
6.752218008041381836e-01
6.704933643341064453e-01
7.720437049865722656e-01
5.916414856910705566e-01
7.226048111915588379e-01
8.887459635734558105e-01
6.403805613517761230e-01
7.537354826927185059e-01
9.095496535301208496e-01
7.790215015411376953e-01
6.689642667770385742e-01
9.133862853050231934e-01
8.538478016853332520e-01
1.066635489463806152e+00
8.283814787864685059e-01
1.194331407546997070e+00
7.536118030548095703e-01
9.063339829444885254e-01
9.124366044998168945e-01
6.073521971702575684e-01
7.976852059364318848e-01
1.046393275260925293e+00
9.431993961334228516e-01
8.284806013107299805e-01
7.949645519256591797e-01
8.424105048179626465e-01
8.271613717079162598e-01
9.516175389289855957e-01
6.539728641510009766e-01
9.612560272216796875e-01
8.312922120094299316e-01
8.587621450424194336e-01
6.394129395484924316e-01
6.191040873527526855e-01
7.270606756210327148e-01
8.806554079055786133e-01
6.217325329780578613e-01
6.246082186698913574e-01
7.715709805488586426e-01
6.160667538642883301e-01
1.288057684898376465e+00
8.426339626312255859e-01
9.910060763359069824e-01
5.990074276924133301e-01
6.316593885421752930e-01
6.082676053047180176e-01
6.629415750503540039e-01
7.874511480331420898e-01
7.496685981750488281e-01
9.664835929870605469e-01
7.559328675270080566e-01
8.925915360450744629e-01
5.100851058959960938e-01
1.024513721466064453e+00
7.405155897140502930e-01
8.259544372558593750e-01
8.910285830497741699e-01
9.146421551704406738e-01
7.927479147911071777e-01
7.582103610038757324e-01
7.780012488365173340e-01
7.005301713943481445e-01
6.930285692214965820e-01
8.558368086814880371e-01
6.970537304878234863e-01
8.137332797050476074e-01
9.186977148056030273e-01
7.290101051330566406e-01
8.665819168090820312e-01
8.208923935890197754e-01
8.186292052268981934e-01
5.979235172271728516e-01
9.130211472511291504e-01
7.623209357261657715e-01
6.590616106986999512e-01
7.172047495841979980e-01
8.443999886512756348e-01
8.859603404998779297e-01
7.107921838760375977e-01
8.639191985130310059e-01
7.389657497406005859e-01
7.456751465797424316e-01
4.861032068729400635e-01
8.870310187339782715e-01
6.920030117034912109e-01
7.763520479202270508e-01
6.402411460876464844e-01
6.545452475547790527e-01
1.076223492622375488e+00
7.227435708045959473e-01
7.318130135536193848e-01
8.991190195083618164e-01
6.783887743949890137e-01
1.186923742294311523e+00
7.849981784820556641e-01
7.002463340759277344e-01
6.757044792175292969e-01
1.048326969146728516e+00
9.672794342041015625e-01
5.984696149826049805e-01
8.115594387054443359e-01
9.323339462280273438e-01
7.809854149818420410e-01
7.590517997741699219e-01
8.609226942062377930e-01
9.017221331596374512e-01
6.404001116752624512e-01
8.295379877090454102e-01
9.752914905548095703e-01
8.937351703643798828e-01
8.428913950920104980e-01
7.439790368080139160e-01
7.297326922416687012e-01
8.571092486381530762e-01
6.856816411018371582e-01
8.974306583404541016e-01
7.787324190139770508e-01
1.019776463508605957e+00
7.605820298194885254e-01
9.490109086036682129e-01
7.742641568183898926e-01
6.249592900276184082e-01
7.324915528297424316e-01
5.546087622642517090e-01
8.865654468536376953e-01
7.691200971603393555e-01
8.967065811157226562e-01
8.210600614547729492e-01
9.799296855926513672e-01
6.274347901344299316e-01
7.375137805938720703e-01
6.234535574913024902e-01
9.364330172538757324e-01
8.247626423835754395e-01
7.438194751739501953e-01
9.789479970932006836e-01
8.177609443664550781e-01
5.644010305404663086e-01
7.080802321434020996e-01
8.874409198760986328e-01
8.564990162849426270e-01
7.185871601104736328e-01
7.075307965278625488e-01
7.387655377388000488e-01
7.241917252540588379e-01
5.308743119239807129e-01
7.504442930221557617e-01
1.209892630577087402e+00
8.389443755149841309e-01
6.968598961830139160e-01
6.448920965194702148e-01
6.073560714721679688e-01
7.710447907447814941e-01
7.893523573875427246e-01
7.885093688964843750e-01
8.046424984931945801e-01
4.650608599185943604e-01
8.127494454383850098e-01
9.361539483070373535e-01
6.308338642120361328e-01
7.936547398567199707e-01
5.387822985649108887e-01
7.645874619483947754e-01
8.394017815589904785e-01
7.879201769828796387e-01
8.443055152893066406e-01
5.373636484146118164e-01
7.001649141311645508e-01
7.867560386657714844e-01
6.082495450973510742e-01
8.132675886154174805e-01
7.298415303230285645e-01
6.422290802001953125e-01
6.460713744163513184e-01
7.888371944427490234e-01
9.076492786407470703e-01
6.370767951011657715e-01
5.970962643623352051e-01
9.602470993995666504e-01
8.111531138420104980e-01
9.737849831581115723e-01
7.318938374519348145e-01
5.840738415718078613e-01
6.980654597282409668e-01
9.083865284919738770e-01
8.015363216400146484e-01
6.021242737770080566e-01
6.305798888206481934e-01
8.423370718955993652e-01
6.034907102584838867e-01
1.011275291442871094e+00
8.176937103271484375e-01
8.064545989036560059e-01
7.136133909225463867e-01
6.359146237373352051e-01
7.651384472846984863e-01
6.753526926040649414e-01
7.059626579284667969e-01
6.639672517776489258e-01
7.400130629539489746e-01
9.022130370140075684e-01
5.934801101684570312e-01
5.774472355842590332e-01
6.146435737609863281e-01
6.339724659919738770e-01
4.974130988121032715e-01
8.198415040969848633e-01
6.849175691604614258e-01
6.318061351776123047e-01
6.562583446502685547e-01
6.523368954658508301e-01
1.050521612167358398e+00
7.124261260032653809e-01
8.813299536705017090e-01
1.014001250267028809e+00
8.923934698104858398e-01
7.625620961189270020e-01
5.989607572555541992e-01
6.579650640487670898e-01
6.782165765762329102e-01
6.626535654067993164e-01
8.136778473854064941e-01
6.896942853927612305e-01
7.258061766624450684e-01
7.438864707946777344e-01
1.130899310111999512e+00
1.055242776870727539e+00
5.883590579032897949e-01
6.267004609107971191e-01
5.373561382293701172e-01
7.888668775558471680e-01
7.661957740783691406e-01
6.168787479400634766e-01
8.530089259147644043e-01
6.537764072418212891e-01
8.084077239036560059e-01
4.955977201461791992e-01
6.239859461784362793e-01
6.000303626060485840e-01
8.049454092979431152e-01
8.664897084236145020e-01
7.026561498641967773e-01
8.314951658248901367e-01
7.081454396247863770e-01
6.288912296295166016e-01
6.283131837844848633e-01
5.795925259590148926e-01
5.893405675888061523e-01
8.220254182815551758e-01
7.085266709327697754e-01
8.768672943115234375e-01
8.880305290222167969e-01
8.896008729934692383e-01
6.164324879646301270e-01
6.300993561744689941e-01
8.010511398315429688e-01
6.812022328376770020e-01
9.836648702621459961e-01
1.055591940879821777e+00
7.050870656967163086e-01
7.642180323600769043e-01
8.500522375106811523e-01
1.181985139846801758e+00
9.364840388298034668e-01
7.867673635482788086e-01
8.431590795516967773e-01
8.346178531646728516e-01
5.435037016868591309e-01
6.670707464218139648e-01
5.761766433715820312e-01
8.354433774948120117e-01
7.088852524757385254e-01
5.298991799354553223e-01
7.483600378036499023e-01
8.132705092430114746e-01
6.483352184295654297e-01
6.753291487693786621e-01
5.909543633460998535e-01
8.067502975463867188e-01
8.200737237930297852e-01
9.936966896057128906e-01
6.171129345893859863e-01
9.038032293319702148e-01
8.185868263244628906e-01
8.929469585418701172e-01
7.432730197906494141e-01
1.062476515769958496e+00
1.033617258071899414e+00
4.635172784328460693e-01
6.904845833778381348e-01
7.588884234428405762e-01
8.226652741432189941e-01
6.494380235671997070e-01
8.044904470443725586e-01
6.399335861206054688e-01
8.125293254852294922e-01
5.696647167205810547e-01
6.558409333229064941e-01
6.919227242469787598e-01
7.014827132225036621e-01
8.938334584236145020e-01
6.956350207328796387e-01
6.647652983665466309e-01
7.862973809242248535e-01
7.952845096588134766e-01
6.874085664749145508e-01
5.939033627510070801e-01
6.327193379402160645e-01
5.562801957130432129e-01
6.272556185722351074e-01
6.892797350883483887e-01
5.682255029678344727e-01
9.822157025337219238e-01
6.624953746795654297e-01
6.222364306449890137e-01
8.123860955238342285e-01
9.299446940422058105e-01
6.458382606506347656e-01
7.577416896820068359e-01
7.652865648269653320e-01
9.015637040138244629e-01
7.394145131111145020e-01
6.550096273422241211e-01
6.142944097518920898e-01
6.292757987976074219e-01
6.515678167343139648e-01
6.742595434188842773e-01
7.175749540328979492e-01
1.096272945404052734e+00
7.505518198013305664e-01
5.092545747756958008e-01
7.684637308120727539e-01
8.385805487632751465e-01
6.851812005043029785e-01
6.943708658218383789e-01
9.153361916542053223e-01
9.629444479942321777e-01
6.793513894081115723e-01
9.546952843666076660e-01
7.731083631515502930e-01
5.800051689147949219e-01
9.284567832946777344e-01
3.404780924320220947e-01
7.082504034042358398e-01
8.372680544853210449e-01
5.892944335937500000e-01
7.124096155166625977e-01
6.897106766700744629e-01
7.901137471199035645e-01
8.124223351478576660e-01
6.948226094245910645e-01
8.547068238258361816e-01
7.374277710914611816e-01
8.921248316764831543e-01
6.663053631782531738e-01
6.950240135192871094e-01
6.262122988700866699e-01
7.446819543838500977e-01
4.979064762592315674e-01
5.904522538185119629e-01
5.876836180686950684e-01
5.733486413955688477e-01
6.550325751304626465e-01
4.527753889560699463e-01
5.488292574882507324e-01
7.288113832473754883e-01
5.728013515472412109e-01
6.421605348587036133e-01
6.273563504219055176e-01
6.270709037780761719e-01
5.805739164352416992e-01
7.461218833923339844e-01
4.358077943325042725e-01
5.541457533836364746e-01
5.903271436691284180e-01
5.848385691642761230e-01
6.411834359169006348e-01
4.851807057857513428e-01
5.278324484825134277e-01
2.784316539764404297e-01
5.622325539588928223e-01
8.448504209518432617e-01
4.368676543235778809e-01
6.390058994293212891e-01
4.915978908538818359e-01
6.002749800682067871e-01
5.263594388961791992e-01
5.051202774047851562e-01
6.282768249511718750e-01
8.356516957283020020e-01
6.865860819816589355e-01
5.017353892326354980e-01
6.580549478530883789e-01
4.808096885681152344e-01
7.873832583427429199e-01
6.526536941528320312e-01
5.768525004386901855e-01
7.356328964233398438e-01
8.147554397583007812e-01
5.988233089447021484e-01
4.347375631332397461e-01
5.865426063537597656e-01
4.965833127498626709e-01
4.844109714031219482e-01
6.162703037261962891e-01
4.459885954856872559e-01
7.744072675704956055e-01
5.968701243400573730e-01
7.876193523406982422e-01
6.709287762641906738e-01
6.053391695022583008e-01
6.116706132888793945e-01
9.174252748489379883e-01
7.388069033622741699e-01
5.538406968116760254e-01
5.158565640449523926e-01
5.142424106597900391e-01
5.520243048667907715e-01
5.864789485931396484e-01
5.758849978446960449e-01
7.547906637191772461e-01
6.939083337783813477e-01
5.804089307785034180e-01
6.373346447944641113e-01
9.564540386199951172e-01
5.238415002822875977e-01
7.055032253265380859e-01
6.137343645095825195e-01
6.914386153221130371e-01
7.022007703781127930e-01
7.332751154899597168e-01
5.118818283081054688e-01
7.037470340728759766e-01
6.728830337524414062e-01
6.110237836837768555e-01
4.899101555347442627e-01
8.136394023895263672e-01
8.068611025810241699e-01
6.403954625129699707e-01
4.646747410297393799e-01
5.952954292297363281e-01
8.423992395401000977e-01
8.273620605468750000e-01
9.942301511764526367e-01
4.618789851665496826e-01
5.541538596153259277e-01
6.372885107994079590e-01
6.565378904342651367e-01
7.095311284065246582e-01
4.748722612857818604e-01
6.670740842819213867e-01
9.046759605407714844e-01
5.270806550979614258e-01
4.864450991153717041e-01
8.398715853691101074e-01
7.033914327621459961e-01
6.908190846443176270e-01
5.889927148818969727e-01
4.946957826614379883e-01
5.680871009826660156e-01
6.151501536369323730e-01
5.682725310325622559e-01
5.623363852500915527e-01
6.141163110733032227e-01
4.019059240818023682e-01
4.869877994060516357e-01
7.573961615562438965e-01
5.271489024162292480e-01
6.274757981300354004e-01
5.488728284835815430e-01
7.185322046279907227e-01
5.397573113441467285e-01
5.488842129707336426e-01
2.650024890899658203e-01
6.485244035720825195e-01
5.669072866439819336e-01
6.057251095771789551e-01
6.570409536361694336e-01
7.915995717048645020e-01
4.897948801517486572e-01
6.514173746109008789e-01
4.117732644081115723e-01
6.475488543510437012e-01
6.881563067436218262e-01
6.189638972282409668e-01
6.950817108154296875e-01
7.580339312553405762e-01
9.582756757736206055e-01
9.636526107788085938e-01
6.904345750808715820e-01
5.907627940177917480e-01
5.386703610420227051e-01
7.586350440979003906e-01
5.889214873313903809e-01
9.690467119216918945e-01
5.639981627464294434e-01
7.137972116470336914e-01
6.835700869560241699e-01
6.328381896018981934e-01
6.481590270996093750e-01
6.174733638763427734e-01
7.053929567337036133e-01
7.252241969108581543e-01
5.233266353607177734e-01
4.711574614048004150e-01
4.390654265880584717e-01
8.139529228210449219e-01
8.458033204078674316e-01
5.011436939239501953e-01
6.456671357154846191e-01
5.666692852973937988e-01
6.516782641410827637e-01
7.357254624366760254e-01
8.169261217117309570e-01
5.946348905563354492e-01
5.857272148132324219e-01
5.999191999435424805e-01
4.660293161869049072e-01
4.683097302913665771e-01
7.575638294219970703e-01
4.212716519832611084e-01
5.442256927490234375e-01
6.694409847259521484e-01
5.350810289382934570e-01
6.899688243865966797e-01
6.436846852302551270e-01
3.366568088531494141e-01
8.226718306541442871e-01
5.688155889511108398e-01
4.390185475349426270e-01
5.795836448669433594e-01
5.934925675392150879e-01
5.380138158798217773e-01
5.660146474838256836e-01
4.546876251697540283e-01
5.059200525283813477e-01
7.418296337127685547e-01
4.237270355224609375e-01
5.731775760650634766e-01
5.410557389259338379e-01
6.167304515838623047e-01
6.100175976753234863e-01
6.368666887283325195e-01
5.637147426605224609e-01
6.376910805702209473e-01
8.139141798019409180e-01
6.909832954406738281e-01
5.633934736251831055e-01
7.328488230705261230e-01
5.917680859565734863e-01
6.104463934898376465e-01
7.090689539909362793e-01
6.542599797248840332e-01
5.715408921241760254e-01
7.275714278221130371e-01
6.056106686592102051e-01
7.017811536788940430e-01
6.978982090950012207e-01
7.443172335624694824e-01
8.612990379333496094e-01
4.930692017078399658e-01
6.228184700012207031e-01
6.339423656463623047e-01
7.431949973106384277e-01
6.838933229446411133e-01
3.580660820007324219e-01
6.944916844367980957e-01
5.818097591400146484e-01
5.763249993324279785e-01
7.400045394897460938e-01
6.098409295082092285e-01
5.247001647949218750e-01
6.240381002426147461e-01
5.053600072860717773e-01
7.396977543830871582e-01
4.640970826148986816e-01
5.822530984878540039e-01
7.220751047134399414e-01
7.915338277816772461e-01
7.726956605911254883e-01
8.542462587356567383e-01
5.599189996719360352e-01
4.514402449131011963e-01
7.486465573310852051e-01
7.168937325477600098e-01
8.430523276329040527e-01
8.609330654144287109e-01
7.352274656295776367e-01
7.706906199455261230e-01
5.066567659378051758e-01
6.353184580802917480e-01
7.841467857360839844e-01
9.226182103157043457e-01
6.336756348609924316e-01
6.678827404975891113e-01
4.432294070720672607e-01
6.603391766548156738e-01
6.464421153068542480e-01
6.244317889213562012e-01
7.372715473175048828e-01
5.567836761474609375e-01
6.988708972930908203e-01
5.577676296234130859e-01
8.088930249214172363e-01
5.283116102218627930e-01
7.909151315689086914e-01
6.403940320014953613e-01
6.158758401870727539e-01
9.220142960548400879e-01
7.457561492919921875e-01
5.327304005622863770e-01
4.640795588493347168e-01
5.539522767066955566e-01
4.483247399330139160e-01
6.074043512344360352e-01
7.582030892372131348e-01
5.856938958168029785e-01
6.945371031761169434e-01
6.091666221618652344e-01
9.397940635681152344e-01
7.436082959175109863e-01
5.474749803543090820e-01
5.659134387969970703e-01
5.643042922019958496e-01
7.253998517990112305e-01
6.255547404289245605e-01
5.391380786895751953e-01
5.270357131958007812e-01
6.642627716064453125e-01
8.870791196823120117e-01
3.948521912097930908e-01
5.554501414299011230e-01
8.839690089225769043e-01
6.655266284942626953e-01
9.103935360908508301e-01
5.679275393486022949e-01
7.446277737617492676e-01
4.710434377193450928e-01
5.693324208259582520e-01
5.566385388374328613e-01
7.331065535545349121e-01
7.085247635841369629e-01
6.524418592453002930e-01
6.032027006149291992e-01
6.143107414245605469e-01
5.875497460365295410e-01
4.801566600799560547e-01
5.827873945236206055e-01
6.450498104095458984e-01
5.914786458015441895e-01
5.251125097274780273e-01
5.529366731643676758e-01
4.702710509300231934e-01
6.708624362945556641e-01
5.611459016799926758e-01
5.691084861755371094e-01
4.969775378704071045e-01
7.315119504928588867e-01
5.488372445106506348e-01
5.270007252693176270e-01
6.513885855674743652e-01
6.847691535949707031e-01
5.018992424011230469e-01
6.527960300445556641e-01
5.688272118568420410e-01
6.736379265785217285e-01
7.878473401069641113e-01
6.758709549903869629e-01
5.250089168548583984e-01
6.725546121597290039e-01
3.504225909709930420e-01
9.069561958312988281e-01
7.180523872375488281e-01
5.463157296180725098e-01
6.255770325660705566e-01
6.242712736129760742e-01
7.355323433876037598e-01
4.969083070755004883e-01
7.030760645866394043e-01
5.669900178909301758e-01
7.564660906791687012e-01
4.151615202426910400e-01
4.962780177593231201e-01
5.505561232566833496e-01
5.476852655410766602e-01
5.373862981796264648e-01
6.544232368469238281e-01
5.188353657722473145e-01
5.524966716766357422e-01
7.324167490005493164e-01
5.012038350105285645e-01
4.451435208320617676e-01
5.728393793106079102e-01
5.906779766082763672e-01
9.727666974067687988e-01
5.766137242317199707e-01
5.979780554771423340e-01
7.719550728797912598e-01
7.915104627609252930e-01
5.145130753517150879e-01
4.887262284755706787e-01
8.920525908470153809e-01
5.646747350692749023e-01
6.185517311096191406e-01
5.978527665138244629e-01
4.158117771148681641e-01
5.380477309226989746e-01
8.376542925834655762e-01
7.569599747657775879e-01
6.686450839042663574e-01
4.868993759155273438e-01
5.744978189468383789e-01
5.804067254066467285e-01
6.632239222526550293e-01
6.578338742256164551e-01
7.997440695762634277e-01
5.269546508789062500e-01
5.620862245559692383e-01
5.074684619903564453e-01
7.487579584121704102e-01
6.251699328422546387e-01
5.127986669540405273e-01
5.029466748237609863e-01
6.883404850959777832e-01
6.592611670494079590e-01
6.510698795318603516e-01
5.869451761245727539e-01
3.342421948909759521e-01
5.651333928108215332e-01
7.807264328002929688e-01
5.151232481002807617e-01
5.062276124954223633e-01
6.257893443107604980e-01
5.066632032394409180e-01
6.602988839149475098e-01
5.438578724861145020e-01
6.313349008560180664e-01
6.160336136817932129e-01
5.185761451721191406e-01
4.516099393367767334e-01
5.977402925491333008e-01
5.991782546043395996e-01
3.517654240131378174e-01
5.465927720069885254e-01
5.087279677391052246e-01
8.567844629287719727e-01
7.473351359367370605e-01
4.919788837432861328e-01
4.328496456146240234e-01
8.604578971862792969e-01
7.003890872001647949e-01
5.554598569869995117e-01
7.498664259910583496e-01
4.779013097286224365e-01
5.656736493110656738e-01
4.680950939655303955e-01
5.635658502578735352e-01
8.195990920066833496e-01
5.408031940460205078e-01
5.391308665275573730e-01
4.482484459877014160e-01
6.506261229515075684e-01
6.724031567573547363e-01
5.576744079589843750e-01
5.159931182861328125e-01
1.004916548728942871e+00
5.926197171211242676e-01
5.186880826950073242e-01
5.200149416923522949e-01
8.327023983001708984e-01
7.059777379035949707e-01
6.423228383064270020e-01
5.766718983650207520e-01
6.071639657020568848e-01
5.168988704681396484e-01
5.858818888664245605e-01
6.264407634735107422e-01
6.769755482673645020e-01
7.178551554679870605e-01
4.881535172462463379e-01
4.141437113285064697e-01
7.472313642501831055e-01
4.329894483089447021e-01
5.578504204750061035e-01
6.720289587974548340e-01
8.160464763641357422e-01
7.302320599555969238e-01
4.393565654754638672e-01
5.808209776878356934e-01
3.901849091053009033e-01
6.926419734954833984e-01
5.630050897598266602e-01
5.703445076942443848e-01
3.582379519939422607e-01
7.660051584243774414e-01
5.769314169883728027e-01
5.693439841270446777e-01
4.002977907657623291e-01
5.071855783462524414e-01
7.239159941673278809e-01
4.758991003036499023e-01
6.327900886535644531e-01
5.453161597251892090e-01
6.751270294189453125e-01
6.523031592369079590e-01
5.368390679359436035e-01
6.987867951393127441e-01
8.458014726638793945e-01
5.686955451965332031e-01
5.071957707405090332e-01
1.050939679145812988e+00
5.994930267333984375e-01
4.869014918804168701e-01
6.802195310592651367e-01
6.743590831756591797e-01
3.918506205081939697e-01
6.247997879981994629e-01
6.584708094596862793e-01
7.621824741363525391e-01
5.758430361747741699e-01
6.183167695999145508e-01
8.709567785263061523e-01
6.550814509391784668e-01
3.473320305347442627e-01
6.660278439521789551e-01
7.567287087440490723e-01
5.973917245864868164e-01
7.642837166786193848e-01
6.548982858657836914e-01
5.542950630187988281e-01
7.435548901557922363e-01
5.944828987121582031e-01
5.007017850875854492e-01
1.050977230072021484e+00
4.726617038249969482e-01
6.072742938995361328e-01
5.769744515419006348e-01
5.793904662132263184e-01
5.528767704963684082e-01
5.856376886367797852e-01
5.508927702903747559e-01
9.571218490600585938e-01
8.927952051162719727e-01
5.107381939888000488e-01
7.096827030181884766e-01
5.845535397529602051e-01
6.041219234466552734e-01
6.620684862136840820e-01
5.709180831909179688e-01
6.152220368385314941e-01
5.218647122383117676e-01
5.402820706367492676e-01
5.512374639511108398e-01
4.255253970623016357e-01
5.123788118362426758e-01
4.069990217685699463e-01
8.090473413467407227e-01
5.014562010765075684e-01
7.507699728012084961e-01
5.705174207687377930e-01
8.813603520393371582e-01
4.863574206829071045e-01
6.719838976860046387e-01
5.907093882560729980e-01
6.829310059547424316e-01
7.394319772720336914e-01
6.112104058265686035e-01
8.208680152893066406e-01
4.736336469650268555e-01
4.506406188011169434e-01
5.107271075248718262e-01
5.334150791168212891e-01
6.418235898017883301e-01
6.905544996261596680e-01
7.592104673385620117e-01
7.961455583572387695e-01
4.868552386760711670e-01
8.813292980194091797e-01
4.309100806713104248e-01
2.917453348636627197e-01
4.783141314983367920e-01
6.815860867500305176e-01
5.705101490020751953e-01
5.082738995552062988e-01
3.740841746330261230e-01
6.422089338302612305e-01
6.939482092857360840e-01
4.272267818450927734e-01
4.815703034400939941e-01
5.923847556114196777e-01
7.349027395248413086e-01
7.121040821075439453e-01
5.574372410774230957e-01
5.136418938636779785e-01
5.361061096191406250e-01
5.873870253562927246e-01
5.467548370361328125e-01
6.390665173530578613e-01
6.566845774650573730e-01
5.140575766563415527e-01
3.299850821495056152e-01
8.619744777679443359e-01
3.195834457874298096e-01
6.010267734527587891e-01
6.016960144042968750e-01
7.239070534706115723e-01
7.077233791351318359e-01
6.931009292602539062e-01
7.692931890487670898e-01
4.977468848228454590e-01
7.497009038925170898e-01
7.065731287002563477e-01
6.139840483665466309e-01
5.805686712265014648e-01
8.046653270721435547e-01
5.974191427230834961e-01
5.680046081542968750e-01
4.270516335964202881e-01
5.393519997596740723e-01
6.423345208168029785e-01
5.003200769424438477e-01
5.907227396965026855e-01
4.360513389110565186e-01
6.883816123008728027e-01
5.403581857681274414e-01
3.783680200576782227e-01
6.146238446235656738e-01
5.822018980979919434e-01
5.758042335510253906e-01
6.431259512901306152e-01
6.292604804039001465e-01
7.393729686737060547e-01
8.312969207763671875e-01
6.070293188095092773e-01
7.874185442924499512e-01
5.119916200637817383e-01
5.211317539215087891e-01
1.113962650299072266e+00
5.821806192398071289e-01
4.874490797519683838e-01
6.501974463462829590e-01
6.529763936996459961e-01
5.581141114234924316e-01
5.823369622230529785e-01
7.223087549209594727e-01
5.197110176086425781e-01
4.550255835056304932e-01
7.713351845741271973e-01
3.965654373168945312e-01
5.211068987846374512e-01
4.565148353576660156e-01
6.393350362777709961e-01
8.470966815948486328e-01
5.768088698387145996e-01
5.123779177665710449e-01
6.180156469345092773e-01
7.098760604858398438e-01
4.506237208843231201e-01
5.009034276008605957e-01
6.838172078132629395e-01
4.464587569236755371e-01
5.361121296882629395e-01
7.071576118469238281e-01
4.718741476535797119e-01
6.585032343864440918e-01
5.475098490715026855e-01
6.675790548324584961e-01
5.827264189720153809e-01
6.590502262115478516e-01
6.614899039268493652e-01
2.614099085330963135e-01
5.424799323081970215e-01
5.490226149559020996e-01
6.471266150474548340e-01
5.675782561302185059e-01
5.785518288612365723e-01
5.711010694503784180e-01
4.825828075408935547e-01
6.302400827407836914e-01
6.229777932167053223e-01
4.091113805770874023e-01
3.899728655815124512e-01
6.266358494758605957e-01
6.255717873573303223e-01
5.085296630859375000e-01
5.999767184257507324e-01
7.299262881278991699e-01
7.011635303497314453e-01
8.108937740325927734e-01
3.492834270000457764e-01
6.579649448394775391e-01
5.311763286590576172e-01
9.065707921981811523e-01
5.547605752944946289e-01
4.544279575347900391e-01
6.350849270820617676e-01
5.487167239189147949e-01
6.019474864006042480e-01
4.922591149806976318e-01
6.197279691696166992e-01
6.097817420959472656e-01
5.307196974754333496e-01
4.925315082073211670e-01
8.913277387619018555e-01
7.015977501869201660e-01
5.414016842842102051e-01
6.521783471107482910e-01
4.737626612186431885e-01
4.770046174526214600e-01
6.978041529655456543e-01
4.012460410594940186e-01
5.540474653244018555e-01
4.395783245563507080e-01
7.759742140769958496e-01
6.170019507408142090e-01
7.521311044692993164e-01
5.953814387321472168e-01
6.401627659797668457e-01
5.312468409538269043e-01
8.494393825531005859e-01
6.189585924148559570e-01
6.819616556167602539e-01
5.092985630035400391e-01
5.757034420967102051e-01
5.135817527770996094e-01
5.685668587684631348e-01
5.718838572502136230e-01
7.940940856933593750e-01
5.550845861434936523e-01
6.608021259307861328e-01
7.418100237846374512e-01
5.892260074615478516e-01
4.319510161876678467e-01
4.441312551498413086e-01
6.460742354393005371e-01
3.635773658752441406e-01
5.372760295867919922e-01
5.849759578704833984e-01
8.015122413635253906e-01
5.150126814842224121e-01
5.354026556015014648e-01
6.941341161727905273e-01
5.336340069770812988e-01
6.451967358589172363e-01
5.649631619453430176e-01
5.044376850128173828e-01
5.317898988723754883e-01
5.116149783134460449e-01
4.767490923404693604e-01
5.358585119247436523e-01
6.374295353889465332e-01
8.520548939704895020e-01
6.067638993263244629e-01
5.759575366973876953e-01
4.669103324413299561e-01
4.469702839851379395e-01
5.773547887802124023e-01
5.590691566467285156e-01
7.936456203460693359e-01
5.929642915725708008e-01
6.175505518913269043e-01
5.348134040832519531e-01
5.712945461273193359e-01
5.124267935752868652e-01
6.875181794166564941e-01
3.988575637340545654e-01
8.395214080810546875e-01
4.780188798904418945e-01
4.345036149024963379e-01
5.095082521438598633e-01
4.331816434860229492e-01
7.366675734519958496e-01
5.996401309967041016e-01
6.997243165969848633e-01
6.222525238990783691e-01
4.873107373714447021e-01
5.723196268081665039e-01
7.714018225669860840e-01
6.381257176399230957e-01
6.897731423377990723e-01
4.225181043148040771e-01
6.692825555801391602e-01
6.113430261611938477e-01
5.756331086158752441e-01
6.115210056304931641e-01
5.585024356842041016e-01
7.403403520584106445e-01
6.340639591217041016e-01
6.308701634407043457e-01
4.592659771442413330e-01
4.323215484619140625e-01
6.506489515304565430e-01
6.357056498527526855e-01
5.804293751716613770e-01
6.492125391960144043e-01
6.251478195190429688e-01
6.765567660331726074e-01
4.974721670150756836e-01
4.184941947460174561e-01
4.998767375946044922e-01
7.846420407295227051e-01
6.593638062477111816e-01
5.038145780563354492e-01
7.137910723686218262e-01
6.258628368377685547e-01
6.737295985221862793e-01
5.920221805572509766e-01
8.563237786293029785e-01
5.901350378990173340e-01
5.431352257728576660e-01
6.839882731437683105e-01
5.963274836540222168e-01
6.127523183822631836e-01
7.519285678863525391e-01
5.934531688690185547e-01
8.242027163505554199e-01
5.863897204399108887e-01
3.383049070835113525e-01
4.851709902286529541e-01
6.454636454582214355e-01
8.167204856872558594e-01
7.048445343971252441e-01
5.468264222145080566e-01
6.312396526336669922e-01
5.957080125808715820e-01
6.607352495193481445e-01
6.861347556114196777e-01
6.630086302757263184e-01
6.077391505241394043e-01
6.455428600311279297e-01
5.637561678886413574e-01
6.823889017105102539e-01
6.886598467826843262e-01
6.121391654014587402e-01
7.055532336235046387e-01
5.911913514137268066e-01
6.597607135772705078e-01
9.222841262817382812e-01
3.834618330001831055e-01
5.214214324951171875e-01
4.045020341873168945e-01
6.108476519584655762e-01
5.515352487564086914e-01
4.823850989341735840e-01
5.949298143386840820e-01
7.162412405014038086e-01
5.496138334274291992e-01
4.679626226425170898e-01
5.839151144027709961e-01
4.832428991794586182e-01
5.055307745933532715e-01
4.756172895431518555e-01
5.684177875518798828e-01
5.283318161964416504e-01
4.364585280418395996e-01
4.771756231784820557e-01
3.012784123420715332e-01
3.370592594146728516e-01
5.346035957336425781e-01
3.287184834480285645e-01
5.306462049484252930e-01
5.549363493919372559e-01
4.626779556274414062e-01
3.565549552440643311e-01
5.162517428398132324e-01
4.216234982013702393e-01
6.080613136291503906e-01
6.220117807388305664e-01
3.739216625690460205e-01
3.353116810321807861e-01
4.633134603500366211e-01
2.891464233398437500e-01
6.307634711265563965e-01
3.412534594535827637e-01
5.382613539695739746e-01
4.682916402816772461e-01
4.079008996486663818e-01
6.790846586227416992e-01
6.300824880599975586e-01
4.852519631385803223e-01
6.240199208259582520e-01
4.693301022052764893e-01
4.544910490512847900e-01
5.995135307312011719e-01
5.648331642150878906e-01
4.251909852027893066e-01
4.297841191291809082e-01
4.366756379604339600e-01
5.765200257301330566e-01
4.303836524486541748e-01
5.709513425827026367e-01
8.351647257804870605e-01
5.506513118743896484e-01
4.575675129890441895e-01
4.003432989120483398e-01
3.929721117019653320e-01
4.304454922676086426e-01
4.192884564399719238e-01
6.021199226379394531e-01
3.815924525260925293e-01
7.380268573760986328e-01
3.229570984840393066e-01
3.478706479072570801e-01
5.759441256523132324e-01
5.163062214851379395e-01
5.866715312004089355e-01
4.836285710334777832e-01
3.732889592647552490e-01
3.075418770313262939e-01
4.701375663280487061e-01
5.027683377265930176e-01
5.139642953872680664e-01
5.533356666564941406e-01
4.759574830532073975e-01
3.879064619541168213e-01
4.941846430301666260e-01
5.432289838790893555e-01
6.224056482315063477e-01
3.873218297958374023e-01
3.240838050842285156e-01
6.026046872138977051e-01
3.217984735965728760e-01
3.542598485946655273e-01
5.595576167106628418e-01
2.673550248146057129e-01
3.977446556091308594e-01
9.238976240158081055e-01
4.140991270542144775e-01
5.007949471473693848e-01
5.012252330780029297e-01
2.725693583488464355e-01
3.324144780635833740e-01
6.270966529846191406e-01
3.353022336959838867e-01
5.259621143341064453e-01
3.724161684513092041e-01
5.471203923225402832e-01
6.725242137908935547e-01
3.693270087242126465e-01
5.083955526351928711e-01
3.709322512149810791e-01
5.149837732315063477e-01
3.832680881023406982e-01
3.743146359920501709e-01
3.489336073398590088e-01
5.676359534263610840e-01
5.062432885169982910e-01
3.826767504215240479e-01
3.088586926460266113e-01
3.264543116092681885e-01
3.497564196586608887e-01
2.651965916156768799e-01
4.405499100685119629e-01
3.759042620658874512e-01
5.573676228523254395e-01
6.019415259361267090e-01
5.017748475074768066e-01
2.766372859477996826e-01
4.297732412815093994e-01
3.295145928859710693e-01
6.600094437599182129e-01
5.787981152534484863e-01
6.492969393730163574e-01
5.501031279563903809e-01
4.967308938503265381e-01
3.224429488182067871e-01
6.256806254386901855e-01
4.225175976753234863e-01
4.690750241279602051e-01
6.998152136802673340e-01
3.051442205905914307e-01
5.177896022796630859e-01
3.998077511787414551e-01
5.933229923248291016e-01
4.548111557960510254e-01
4.541250169277191162e-01
5.207179188728332520e-01
7.065786123275756836e-01
4.005421102046966553e-01
6.749660968780517578e-01
5.824494361877441406e-01
6.146340370178222656e-01
6.851710677146911621e-01
4.449572265148162842e-01
4.096718728542327881e-01
4.418123066425323486e-01
5.106683969497680664e-01
2.757450640201568604e-01
2.761547863483428955e-01
4.625537395477294922e-01
4.273197948932647705e-01
5.353552103042602539e-01
3.996153771877288818e-01
4.152902960777282715e-01
6.213839650154113770e-01
4.602633714675903320e-01
7.143810987472534180e-01
3.332209289073944092e-01
2.865796983242034912e-01
2.478665262460708618e-01
5.201650857925415039e-01
4.962765276432037354e-01
3.955692350864410400e-01
5.255624055862426758e-01
6.837376356124877930e-01
5.499439835548400879e-01
4.208136200904846191e-01
4.931985437870025635e-01
5.431115031242370605e-01
6.549326777458190918e-01
5.792199373245239258e-01
4.297263622283935547e-01
3.593797385692596436e-01
7.009235024452209473e-01
4.067469239234924316e-01
6.629181504249572754e-01
4.259299337863922119e-01
3.591765761375427246e-01
5.640427470207214355e-01
3.527142703533172607e-01
4.260559380054473877e-01
4.949642121791839600e-01
5.486719608306884766e-01
7.810329794883728027e-01
5.326566696166992188e-01
4.420272111892700195e-01
4.386926591396331787e-01
3.231518566608428955e-01
6.008797883987426758e-01
5.119009613990783691e-01
5.491958856582641602e-01
3.918309211730957031e-01
2.895098626613616943e-01
2.771335542201995850e-01
3.507060706615447998e-01
5.755012631416320801e-01
6.076552271842956543e-01
6.629971265792846680e-01
6.057714223861694336e-01
3.981710374355316162e-01
3.184546232223510742e-01
4.145101308822631836e-01
2.257375121116638184e-01
3.382021784782409668e-01
4.295551478862762451e-01
2.241760194301605225e-01
5.673696994781494141e-01
4.318375289440155029e-01
3.717069923877716064e-01
4.926170408725738525e-01
6.465814709663391113e-01
3.965894281864166260e-01
4.161661863327026367e-01
4.898796677589416504e-01
2.178431302309036255e-01
4.295318722724914551e-01
3.476460278034210205e-01
6.151964068412780762e-01
4.004392921924591064e-01
5.098314881324768066e-01
4.200909435749053955e-01
4.482408761978149414e-01
4.852688908576965332e-01
6.358339190483093262e-01
3.088501095771789551e-01
4.503591060638427734e-01
5.136467218399047852e-01
4.570053815841674805e-01
4.337405860424041748e-01
5.563255548477172852e-01
5.685091614723205566e-01
3.090012967586517334e-01
5.581158995628356934e-01
4.016119539737701416e-01
4.342599213123321533e-01
5.527054071426391602e-01
6.085384488105773926e-01
5.182189345359802246e-01
4.330180585384368896e-01
4.317449927330017090e-01
6.682852506637573242e-01
6.080577969551086426e-01
4.845887422561645508e-01
6.628360152244567871e-01
3.812436759471893311e-01
5.291214585304260254e-01
2.844889163970947266e-01
4.433359503746032715e-01
4.676468670368194580e-01
4.416957199573516846e-01
4.418285191059112549e-01
6.183682680130004883e-01
3.189276754856109619e-01
6.450650095939636230e-01
3.689419031143188477e-01
6.737157106399536133e-01
5.777314305305480957e-01
7.054249644279479980e-01
5.749828219413757324e-01
5.231281518936157227e-01
4.135320484638214111e-01
5.259501934051513672e-01
3.988628387451171875e-01
4.587998986244201660e-01
5.698151588439941406e-01
3.475418984889984131e-01
5.511739253997802734e-01
4.918109476566314697e-01
6.192488670349121094e-01
4.081407487392425537e-01
5.701314210891723633e-01
6.098892092704772949e-01
6.283803582191467285e-01
3.914703428745269775e-01
3.820477426052093506e-01
5.596984028816223145e-01
4.103593528270721436e-01
2.561224699020385742e-01
5.705300569534301758e-01
6.593607068061828613e-01
4.770692586898803711e-01
5.060107707977294922e-01
5.727339982986450195e-01
7.331219911575317383e-01
3.445504605770111084e-01
6.351419687271118164e-01
3.813872039318084717e-01
7.923678159713745117e-01
4.199566841125488281e-01
4.963520765304565430e-01
4.346714913845062256e-01
5.580461621284484863e-01
3.792431652545928955e-01
3.760159909725189209e-01
5.248657464981079102e-01
4.377121925354003906e-01
5.873215198516845703e-01
3.584695756435394287e-01
3.484586179256439209e-01
5.636106729507446289e-01
4.269794821739196777e-01
5.010919570922851562e-01
4.679189026355743408e-01
5.199821591377258301e-01
3.471496999263763428e-01
3.420858979225158691e-01
6.575378179550170898e-01
5.813778042793273926e-01
5.156163573265075684e-01
2.990414202213287354e-01
6.971082091331481934e-01
6.208739876747131348e-01
7.949880957603454590e-01
4.311373829841613770e-01
6.253967285156250000e-01
5.260419845581054688e-01
5.283311605453491211e-01
5.133255720138549805e-01
4.961396753787994385e-01
5.134053230285644531e-01
6.285197734832763672e-01
4.831305742263793945e-01
4.905650317668914795e-01
6.263170242309570312e-01
4.127679467201232910e-01
4.361101090908050537e-01
4.040611982345581055e-01
4.258912801742553711e-01
4.233047366142272949e-01
4.433113038539886475e-01
2.999064028263092041e-01
5.002034306526184082e-01
4.678921997547149658e-01
5.080158710479736328e-01
4.871405363082885742e-01
3.666101098060607910e-01
5.434550046920776367e-01
4.727432131767272949e-01
3.961389362812042236e-01
2.624193727970123291e-01
5.290833115577697754e-01
5.972674489021301270e-01
4.817520081996917725e-01
5.651013851165771484e-01
5.680338144302368164e-01
5.148339867591857910e-01
4.085257649421691895e-01
4.652402698993682861e-01
5.495340228080749512e-01
6.500958204269409180e-01
4.255552887916564941e-01
6.858252286911010742e-01
3.815035820007324219e-01
4.054955840110778809e-01
2.684608101844787598e-01
4.520646035671234131e-01
4.542715549468994141e-01
4.261959493160247803e-01
4.248065352439880371e-01
5.851085186004638672e-01
3.491440713405609131e-01
4.310766458511352539e-01
4.745089113712310791e-01
5.629308819770812988e-01
3.821446895599365234e-01
2.789262831211090088e-01
6.163276433944702148e-01
2.698014676570892334e-01
5.379612445831298828e-01
4.718350470066070557e-01
4.898357987403869629e-01
6.770551800727844238e-01
6.110787987709045410e-01
4.925520122051239014e-01
5.255510210990905762e-01
2.783159613609313965e-01
5.182942152023315430e-01
3.488544523715972900e-01
7.603532075881958008e-01
5.700926184654235840e-01
3.338673412799835205e-01
5.732912421226501465e-01
5.459795594215393066e-01
4.456825256347656250e-01
3.909575045108795166e-01
6.814392209053039551e-01
4.241144657135009766e-01
4.444992840290069580e-01
7.901682853698730469e-01
4.000478684902191162e-01
5.258962512016296387e-01
5.523317456245422363e-01
5.527557730674743652e-01
6.456151008605957031e-01
6.279265284538269043e-01
3.150064349174499512e-01
4.012794196605682373e-01
5.057055354118347168e-01
6.740171909332275391e-01
4.251433908939361572e-01
4.040209949016571045e-01
4.937855601310729980e-01
4.310069680213928223e-01
7.418505549430847168e-01
5.634829998016357422e-01
5.414556264877319336e-01
4.385507106781005859e-01
4.700348079204559326e-01
3.973542451858520508e-01
3.784847259521484375e-01
3.741444647312164307e-01
2.121195197105407715e-01
4.285232126712799072e-01
4.728530943393707275e-01
3.960741460323333740e-01
2.277292460203170776e-01
4.278506636619567871e-01
4.444560706615447998e-01
4.707699120044708252e-01
4.645727574825286865e-01
2.254129797220230103e-01
4.156232178211212158e-01
4.688835740089416504e-01
5.380449891090393066e-01
4.149473309516906738e-01
6.316868066787719727e-01
9.662145376205444336e-01
5.024452805519104004e-01
6.123511791229248047e-01
7.762120962142944336e-01
7.058098316192626953e-01
4.005514085292816162e-01
4.584715962409973145e-01
6.296911239624023438e-01
5.271799564361572266e-01
6.700901985168457031e-01
7.156429290771484375e-01
6.592646241188049316e-01
3.847043812274932861e-01
3.883780837059020996e-01
4.458265602588653564e-01
3.687404692173004150e-01
4.150883555412292480e-01
4.598542749881744385e-01
6.486804485321044922e-01
4.927415847778320312e-01
2.983063459396362305e-01
5.068331360816955566e-01
4.318242669105529785e-01
4.110573530197143555e-01
5.108308196067810059e-01
6.074501276016235352e-01
3.572942912578582764e-01
3.914045989513397217e-01
4.743043780326843262e-01
4.504986405372619629e-01
3.522169291973114014e-01
4.830120205879211426e-01
4.124411344528198242e-01
4.632282257080078125e-01
5.617846846580505371e-01
4.734001457691192627e-01
3.209804296493530273e-01
5.665885210037231445e-01
4.134040772914886475e-01
4.354438781738281250e-01
3.892986774444580078e-01
5.313611030578613281e-01
5.473044514656066895e-01
4.860593378543853760e-01
4.711483120918273926e-01
5.458456873893737793e-01
4.607144892215728760e-01
7.112386822700500488e-01
3.250297009944915771e-01
5.963883996009826660e-01
7.044991254806518555e-01
4.479879140853881836e-01
5.077293515205383301e-01
4.905376434326171875e-01
4.356288313865661621e-01
7.737085819244384766e-01
4.268448054790496826e-01
6.074346303939819336e-01
3.715832829475402832e-01
6.505290269851684570e-01
8.183805346488952637e-01
5.085924267768859863e-01
5.074681043624877930e-01
4.848354458808898926e-01
3.846752047538757324e-01
4.703278243541717529e-01
4.912364184856414795e-01
4.948326051235198975e-01
3.366306126117706299e-01
3.569308519363403320e-01
3.788825869560241699e-01
5.310465693473815918e-01
3.118631839752197266e-01
2.926037013530731201e-01
6.596427559852600098e-01
5.592522621154785156e-01
5.432841181755065918e-01
3.691064417362213135e-01
6.890756487846374512e-01
4.103895723819732666e-01
3.631698787212371826e-01
6.095356345176696777e-01
5.181848406791687012e-01
4.300787746906280518e-01
4.789146184921264648e-01
5.071544647216796875e-01
5.597302317619323730e-01
3.070415258407592773e-01
4.125378131866455078e-01
4.972696602344512939e-01
3.928875923156738281e-01
4.622281789779663086e-01
4.803619384765625000e-01
5.500184297561645508e-01
4.526832401752471924e-01
4.452582299709320068e-01
3.888402879238128662e-01
4.952731728553771973e-01
6.656709313392639160e-01
3.524597883224487305e-01
4.405728578567504883e-01
3.890118896961212158e-01
4.799991846084594727e-01
4.018643796443939209e-01
5.325123071670532227e-01
2.995177805423736572e-01
4.966754913330078125e-01
5.197422504425048828e-01
3.232870399951934814e-01
4.064415097236633301e-01
5.037742853164672852e-01
5.061023235321044922e-01
5.343100428581237793e-01
3.711545467376708984e-01
5.658732652664184570e-01
5.036729574203491211e-01
4.067136049270629883e-01
5.338418483734130859e-01
4.124149680137634277e-01
5.484364628791809082e-01
3.230503797531127930e-01
4.404591619968414307e-01
4.914300441741943359e-01
4.319199621677398682e-01
6.531674265861511230e-01
5.579079389572143555e-01
2.779685258865356445e-01
3.034974634647369385e-01
4.113516211509704590e-01
7.172424793243408203e-01
4.063168466091156006e-01
4.768833518028259277e-01
4.452017843723297119e-01
5.073399543762207031e-01
9.017248153686523438e-01
2.923161387443542480e-01
4.305802881717681885e-01
7.560269832611083984e-01
5.926585197448730469e-01
5.025963783264160156e-01
4.839662611484527588e-01
8.050047755241394043e-01
4.404305219650268555e-01
3.682456016540527344e-01
6.017240881919860840e-01
5.562196969985961914e-01
4.547603428363800049e-01
4.046986699104309082e-01
5.252735614776611328e-01
2.973405420780181885e-01
5.464081168174743652e-01
4.591232240200042725e-01
5.562279224395751953e-01
3.938469588756561279e-01
7.574577331542968750e-01
4.432034194469451904e-01
5.046973228454589844e-01
4.832019805908203125e-01
3.656550943851470947e-01
4.660471081733703613e-01
3.791353404521942139e-01
5.002498030662536621e-01
3.343513607978820801e-01
3.749624788761138916e-01
4.627532362937927246e-01
4.067448079586029053e-01
5.594480633735656738e-01
5.828475356101989746e-01
6.693229079246520996e-01
3.959360122680664062e-01
4.709523916244506836e-01
4.259869456291198730e-01
4.966885447502136230e-01
3.610234260559082031e-01
4.427616596221923828e-01
3.895175457000732422e-01
4.531930983066558838e-01
7.715198397636413574e-01
5.082234740257263184e-01
4.828018248081207275e-01
5.047727227210998535e-01
5.195184350013732910e-01
5.479249358177185059e-01
7.934874892234802246e-01
3.339585065841674805e-01
3.612320423126220703e-01
7.604594230651855469e-01
5.931727290153503418e-01
4.399425983428955078e-01
3.432477116584777832e-01
3.412386775016784668e-01
3.569082021713256836e-01
5.900263786315917969e-01
4.145299792289733887e-01
2.997712492942810059e-01
5.012332797050476074e-01
5.857222676277160645e-01
5.824330449104309082e-01
5.301361083984375000e-01
4.665198028087615967e-01
4.704593420028686523e-01
5.813495516777038574e-01
4.282043874263763428e-01
4.180392324924468994e-01
5.988792181015014648e-01
5.109170675277709961e-01
4.003318548202514648e-01
4.807130694389343262e-01
3.604618608951568604e-01
2.949931919574737549e-01
4.142340421676635742e-01
4.850248098373413086e-01
4.283944666385650635e-01
7.095972895622253418e-01
2.758248746395111084e-01
4.416185617446899414e-01
5.424020886421203613e-01
4.808689951896667480e-01
2.839295864105224609e-01
3.520555496215820312e-01
4.958610534667968750e-01
4.381359815597534180e-01
5.561832785606384277e-01
3.661928176879882812e-01
4.987625479698181152e-01
6.082288622856140137e-01
5.010893344879150391e-01
7.410907149314880371e-01
4.413348138332366943e-01
4.369922578334808350e-01
4.032637178897857666e-01
4.111408889293670654e-01
4.452968835830688477e-01
5.561987757682800293e-01
4.223338961601257324e-01
6.584531068801879883e-01
5.864639282226562500e-01
6.014187932014465332e-01
2.493639886379241943e-01
5.937610268592834473e-01
2.535032629966735840e-01
3.405959606170654297e-01
4.146810472011566162e-01
3.645435273647308350e-01
6.017502546310424805e-01
6.535748243331909180e-01
5.211126804351806641e-01
5.649613142013549805e-01
3.951045572757720947e-01
6.452141404151916504e-01
4.987713694572448730e-01
4.240235686302185059e-01
5.599644184112548828e-01
6.126210093498229980e-01
4.269487559795379639e-01
3.875231146812438965e-01
5.584762096405029297e-01
4.861768186092376709e-01
5.819782614707946777e-01
2.861338555812835693e-01
2.837522029876708984e-01
5.037782192230224609e-01
4.500869214534759521e-01
5.520758032798767090e-01
5.994166731834411621e-01
4.683049917221069336e-01
4.870879650115966797e-01
4.671340882778167725e-01
5.278912186622619629e-01
3.604772686958312988e-01
7.397078275680541992e-01
6.236971616744995117e-01
4.410585463047027588e-01
5.333725214004516602e-01
4.234887063503265381e-01
4.688960909843444824e-01
4.086518883705139160e-01
4.130319356918334961e-01
4.836685061454772949e-01
3.828613460063934326e-01
4.738509654998779297e-01
5.116627812385559082e-01
4.817959070205688477e-01
5.523711442947387695e-01
3.355167806148529053e-01
4.597407877445220947e-01
4.839258491992950439e-01
2.845381498336791992e-01
3.347479999065399170e-01
4.317647218704223633e-01
3.047789037227630615e-01
4.082348644733428955e-01
5.951869487762451172e-01
5.213398933410644531e-01
3.181757032871246338e-01
5.951545834541320801e-01
3.873404860496520996e-01
6.079280376434326172e-01
4.855453670024871826e-01
6.079456210136413574e-01
5.935332179069519043e-01
5.528054833412170410e-01
5.395636558532714844e-01
3.297517299652099609e-01
7.347487807273864746e-01
4.972944259643554688e-01
2.548542916774749756e-01
4.345864355564117432e-01
7.579215168952941895e-01
3.611373901367187500e-01
3.722410500049591064e-01
4.800089597702026367e-01
5.628623366355895996e-01
7.025334239006042480e-01
6.397327184677124023e-01
4.715968966484069824e-01
4.862315356731414795e-01
6.030049920082092285e-01
5.508838295936584473e-01
6.147348284721374512e-01
5.002126097679138184e-01
3.084045648574829102e-01
5.151508450508117676e-01
5.969777703285217285e-01
2.538785338401794434e-01
2.991062402725219727e-01
5.712085366249084473e-01
5.595807433128356934e-01
5.102958083152770996e-01
4.494132101535797119e-01
6.780410408973693848e-01
5.233590602874755859e-01
3.256141245365142822e-01
5.657999515533447266e-01
5.087739229202270508e-01
4.690374732017517090e-01
4.919854402542114258e-01
5.910592079162597656e-01
6.501035094261169434e-01
5.249739885330200195e-01
4.279833436012268066e-01
6.284450292587280273e-01
3.202058970928192139e-01
3.183341920375823975e-01
4.282249510288238525e-01
3.289453685283660889e-01
4.739428162574768066e-01
4.965264797210693359e-01
4.350253343582153320e-01
4.652560949325561523e-01
3.659858703613281250e-01
4.786731004714965820e-01
4.251874089241027832e-01
9.201578497886657715e-01
4.588378369808197021e-01
3.535220623016357422e-01
3.135365843772888184e-01
4.149077236652374268e-01
4.330375492572784424e-01
4.328757822513580322e-01
5.169683694839477539e-01
4.042096138000488281e-01
2.605781257152557373e-01
5.136550068855285645e-01
3.510448336601257324e-01
2.965899705886840820e-01
3.632363975048065186e-01
2.670738995075225830e-01
4.295724928379058838e-01
3.216306269168853760e-01
3.062518537044525146e-01
5.128986835479736328e-01
2.953914701938629150e-01
5.459097027778625488e-01
4.151270687580108643e-01
2.469330728054046631e-01
4.046229124069213867e-01
2.330588251352310181e-01
4.119791090488433838e-01
2.911182045936584473e-01
2.546873986721038818e-01
3.233601748943328857e-01
3.435275554656982422e-01
2.270596623420715332e-01
1.619221270084381104e-01
3.975969552993774414e-01
1.421341598033905029e-01
3.189800679683685303e-01
1.599658727645874023e-01
4.675856828689575195e-01
2.942624390125274658e-01
2.952656745910644531e-01
3.049871623516082764e-01
2.679434716701507568e-01
6.680157780647277832e-01
3.677646517753601074e-01
3.313887715339660645e-01
1.879913657903671265e-01
4.744845628738403320e-01
3.351388573646545410e-01
4.319002926349639893e-01
2.271727621555328369e-01
4.088834524154663086e-01
3.231275975704193115e-01
3.448516428470611572e-01
2.535189092159271240e-01
2.899861037731170654e-01
1.720423996448516846e-01
2.697608172893524170e-01
2.814364433288574219e-01
5.771529674530029297e-01
2.949326336383819580e-01
2.343702763319015503e-01
6.094915270805358887e-01
3.827758729457855225e-01
2.214881330728530884e-01
4.007864892482757568e-01
5.305431485176086426e-01
2.912605106830596924e-01
1.942324489355087280e-01
2.096186727285385132e-01
2.142813652753829956e-01
4.177123904228210449e-01
3.976145684719085693e-01
2.959266006946563721e-01
3.351548910140991211e-01
3.046560585498809814e-01
4.480662047863006592e-01
3.835134506225585938e-01
2.674174308776855469e-01
2.112530767917633057e-01
2.557649612426757812e-01
2.945348620414733887e-01
2.816807925701141357e-01
3.647237122058868408e-01
2.008750438690185547e-01
3.150545954704284668e-01
2.270809859037399292e-01
3.299747109413146973e-01
3.897444605827331543e-01
3.321808576583862305e-01
3.102986216545104980e-01
5.495727062225341797e-01
2.334227710962295532e-01
5.324233770370483398e-01
2.060430049896240234e-01
4.140959084033966064e-01
5.648209452629089355e-01
3.423475623130798340e-01
4.125570952892303467e-01
3.322470784187316895e-01
3.062157928943634033e-01
3.013832569122314453e-01
4.869499504566192627e-01
5.634273290634155273e-01
4.797878563404083252e-01
5.338635444641113281e-01
3.826771974563598633e-01
2.777666151523590088e-01
4.059249460697174072e-01
4.204996824264526367e-01
2.062455415725708008e-01
4.621461331844329834e-01
7.591178417205810547e-01
5.044237971305847168e-01
2.742890715599060059e-01
1.958478838205337524e-01
2.624461948871612549e-01
3.018008172512054443e-01
5.256840586662292480e-01
2.561643719673156738e-01
2.931306660175323486e-01
3.813139498233795166e-01
3.332347571849822998e-01
1.695376187562942505e-01
1.883969157934188843e-01
2.218738496303558350e-01
4.989642500877380371e-01
5.390081405639648438e-01
2.727935910224914551e-01
5.333701968193054199e-01
2.941587865352630615e-01
4.632303118705749512e-01
2.213633656501770020e-01
4.439776539802551270e-01
4.579393863677978516e-01
4.557664096355438232e-01
2.892941832542419434e-01
3.790574967861175537e-01
4.173282086849212646e-01
4.494303166866302490e-01
7.301664948463439941e-01
6.322615146636962891e-01
4.165843129158020020e-01
2.244278192520141602e-01
3.525466024875640869e-01
3.591690063476562500e-01
3.033569753170013428e-01
2.988568246364593506e-01
4.240913689136505127e-01
3.136373758316040039e-01
2.334024161100387573e-01
2.404811829328536987e-01
4.030154347419738770e-01
2.530886530876159668e-01
4.122372567653656006e-01
1.839986443519592285e-01
4.402776956558227539e-01
1.702639162540435791e-01
3.718230426311492920e-01
5.453812479972839355e-01
3.067019581794738770e-01
3.392715156078338623e-01
4.527999460697174072e-01
5.237399935722351074e-01
3.638710677623748779e-01
4.562390744686126709e-01
3.961354196071624756e-01
2.845620810985565186e-01
4.294078648090362549e-01
3.943395018577575684e-01
3.535768985748291016e-01
4.063763618469238281e-01
3.539048731327056885e-01
5.059990882873535156e-01
3.608070909976959229e-01
3.763231933116912842e-01
4.266481697559356689e-01
2.612393796443939209e-01
3.519533872604370117e-01
3.287590444087982178e-01
3.644592761993408203e-01
5.877186059951782227e-01
2.106215506792068481e-01
3.317164182662963867e-01
3.877422511577606201e-01
3.025548160076141357e-01
3.719424605369567871e-01
2.101209312677383423e-01
5.302796363830566406e-01
3.747690916061401367e-01
3.916989862918853760e-01
4.319272339344024658e-01
2.620263099670410156e-01
2.756187915802001953e-01
3.109917342662811279e-01
4.032533168792724609e-01
4.303605854511260986e-01
2.219677716493606567e-01
2.788091301918029785e-01
1.547115892171859741e-01
4.154373705387115479e-01
3.911838233470916748e-01
3.831351399421691895e-01
3.623641133308410645e-01
1.377235800027847290e-01
4.251371324062347412e-01
3.316007256507873535e-01
3.900683522224426270e-01
4.463284015655517578e-01
1.758268922567367554e-01
2.588798105716705322e-01
2.247679382562637329e-01
2.294120341539382935e-01
3.345186710357666016e-01
1.922379583120346069e-01
5.417010784149169922e-01
6.040601134300231934e-01
3.553056716918945312e-01
2.046925425529479980e-01
3.391026556491851807e-01
3.728695213794708252e-01
3.791039884090423584e-01
2.921639680862426758e-01
3.433771431446075439e-01
2.793396115303039551e-01
3.738890588283538818e-01
3.315532207489013672e-01
3.645126223564147949e-01
3.539789915084838867e-01
4.681679904460906982e-01
3.385919630527496338e-01
2.861761152744293213e-01
2.767700552940368652e-01
3.244544863700866699e-01
3.421511054039001465e-01
2.817709743976593018e-01
2.233269512653350830e-01
3.711340725421905518e-01
3.874958455562591553e-01
2.402013689279556274e-01
5.920351743698120117e-01
2.294985055923461914e-01
2.357229441404342651e-01
4.255794286727905273e-01
4.188209474086761475e-01
4.318809509277343750e-01
4.860858619213104248e-01
3.131043910980224609e-01
2.871847152709960938e-01
3.756936490535736084e-01
4.612305164337158203e-01
3.645159304141998291e-01
3.153987228870391846e-01
3.751478791236877441e-01
3.314150273799896240e-01
5.529150366783142090e-01
2.554542124271392822e-01
2.667813897132873535e-01
2.821120321750640869e-01
3.578775227069854736e-01
3.992979228496551514e-01
5.075551867485046387e-01
2.735363245010375977e-01
4.243163466453552246e-01
2.431499212980270386e-01
4.931254088878631592e-01
2.863682508468627930e-01
3.461073935031890869e-01
3.017125129699707031e-01
4.605020880699157715e-01
4.223268926143646240e-01
3.586003482341766357e-01
3.782474100589752197e-01
2.799008190631866455e-01
2.042799890041351318e-01
5.324845314025878906e-01
4.133642315864562988e-01
4.586672186851501465e-01
4.392093122005462646e-01
2.724372446537017822e-01
5.840244889259338379e-01
2.609888911247253418e-01
2.975414693355560303e-01
2.865057289600372314e-01
2.847029566764831543e-01
3.319552242755889893e-01
3.840243816375732422e-01
2.919772863388061523e-01
3.264854252338409424e-01
6.611121296882629395e-01
4.442429840564727783e-01
2.938489019870758057e-01
3.666793107986450195e-01
2.997148633003234863e-01
2.720609307289123535e-01
4.480971992015838623e-01
2.529496848583221436e-01
3.839641511440277100e-01
2.009915709495544434e-01
3.139667809009552002e-01
6.026424169540405273e-01
2.846191823482513428e-01
3.385246098041534424e-01
4.552657902240753174e-01
3.654324114322662354e-01
3.348119556903839111e-01
4.575667083263397217e-01
3.190353214740753174e-01
2.989683151245117188e-01
4.554811716079711914e-01
4.678732454776763916e-01
2.686877846717834473e-01
3.152673542499542236e-01
2.753254473209381104e-01
3.600467741489410400e-01
5.019146800041198730e-01
4.166819155216217041e-01
5.228481292724609375e-01
5.207924842834472656e-01
4.408953487873077393e-01
4.523621499538421631e-01
5.096591711044311523e-01
4.038537442684173584e-01
2.783655822277069092e-01
3.911015987396240234e-01
4.859530925750732422e-01
4.078933000564575195e-01
4.509096145629882812e-01
4.611293077468872070e-01
4.390184879302978516e-01
5.578341484069824219e-01
5.900373458862304688e-01
4.148977398872375488e-01
4.448544681072235107e-01
2.582681477069854736e-01
2.750639915466308594e-01
3.699800074100494385e-01
4.078849554061889648e-01
4.841380417346954346e-01
4.956563711166381836e-01
3.655947148799896240e-01
3.905612528324127197e-01
2.583665549755096436e-01
3.449058532714843750e-01
2.866341769695281982e-01
2.585593461990356445e-01
2.402473837137222290e-01
4.625996649265289307e-01
4.425912201404571533e-01
3.222163617610931396e-01
4.194935560226440430e-01
3.668511211872100830e-01
2.370143234729766846e-01
2.831667065620422363e-01
2.742159366607666016e-01
3.641667962074279785e-01
6.073923110961914062e-01
3.001939356327056885e-01
3.446871638298034668e-01
3.274611234664916992e-01
1.781059056520462036e-01
3.786839842796325684e-01
4.145461320877075195e-01
3.172566592693328857e-01
2.740716636180877686e-01
2.310592830181121826e-01
3.065239787101745605e-01
3.530600368976593018e-01
4.132483899593353271e-01
4.116415083408355713e-01
2.507807314395904541e-01
3.104768395423889160e-01
3.592819869518280029e-01
3.181563019752502441e-01
3.550230264663696289e-01
2.451243400573730469e-01
2.761443853378295898e-01
3.534206748008728027e-01
3.273313641548156738e-01
3.004298508167266846e-01
2.028239816427230835e-01
4.108088314533233643e-01
3.699173331260681152e-01
2.401849925518035889e-01
1.806954443454742432e-01
3.709222078323364258e-01
2.065440565347671509e-01
2.648572921752929688e-01
3.965974450111389160e-01
1.908741146326065063e-01
2.050230205059051514e-01
2.988019883632659912e-01
2.866616249084472656e-01
5.448760390281677246e-01
3.398795127868652344e-01
4.557016193866729736e-01
2.808345556259155273e-01
2.593927085399627686e-01
2.667234838008880615e-01
2.994163930416107178e-01
3.259025216102600098e-01
3.354883193969726562e-01
2.324802279472351074e-01
2.528918385505676270e-01
3.498350679874420166e-01
3.484765291213989258e-01
4.131867289543151855e-01
3.033643960952758789e-01
4.857383072376251221e-01
2.912079393863677979e-01
4.005029499530792236e-01
4.535350799560546875e-01
4.676564633846282959e-01
2.546157538890838623e-01
1.871302574872970581e-01
5.267229080200195312e-01
5.380027890205383301e-01
3.684731721878051758e-01
4.675653576850891113e-01
4.772273302078247070e-01
2.725317180156707764e-01
3.285679221153259277e-01
3.706830143928527832e-01
4.095290899276733398e-01
3.541708886623382568e-01
2.210463434457778931e-01
3.373737037181854248e-01
2.792569994926452637e-01
2.320921719074249268e-01
4.485889673233032227e-01
2.698380053043365479e-01
2.486566603183746338e-01
2.459629476070404053e-01
4.430322349071502686e-01
4.509755671024322510e-01
4.120833873748779297e-01
4.863077700138092041e-01
1.978889554738998413e-01
3.647274971008300781e-01
3.405418097972869873e-01
6.545582413673400879e-01
4.456059932708740234e-01
6.296776533126831055e-01
4.301386177539825439e-01
3.588070571422576904e-01
4.647946357727050781e-01
1.429123878479003906e-01
4.493141472339630127e-01
3.562234044075012207e-01
4.622011780738830566e-01
4.909781813621520996e-01
3.759781420230865479e-01
3.685356676578521729e-01
4.049394130706787109e-01
5.638406276702880859e-01
3.922371864318847656e-01
2.873169183731079102e-01
4.697499573230743408e-01
2.718159258365631104e-01
2.753117382526397705e-01
3.700542747974395752e-01
3.137347996234893799e-01
5.143004655838012695e-01
4.014872610569000244e-01
4.475544095039367676e-01
4.367413818836212158e-01
5.981646776199340820e-01
3.871231377124786377e-01
3.678348660469055176e-01
3.419345915317535400e-01
4.512863755226135254e-01
4.230100810527801514e-01
4.026010036468505859e-01
4.735470116138458252e-01
3.774053454399108887e-01
3.559778630733489990e-01
3.940685093402862549e-01
4.883022904396057129e-01
4.137372076511383057e-01
2.354915142059326172e-01
7.069776058197021484e-01
5.976608991622924805e-01
3.218952715396881104e-01
5.511804223060607910e-01
3.773089051246643066e-01
3.287591934204101562e-01
2.603309154510498047e-01
3.819620609283447266e-01
4.467479884624481201e-01
5.248277783393859863e-01
2.751600146293640137e-01
2.870307564735412598e-01
2.391833364963531494e-01
2.409943342208862305e-01
2.553423047065734863e-01
5.202253460884094238e-01
3.201810717582702637e-01
1.509519070386886597e-01
2.328483462333679199e-01
7.077928185462951660e-01
2.362948358058929443e-01
4.964275062084197998e-01
2.732757031917572021e-01
1.866797804832458496e-01
5.304906964302062988e-01
1.842542141675949097e-01
1.261679679155349731e-01
3.714526891708374023e-01
4.875106215476989746e-01
3.533615767955780029e-01
4.851833283901214600e-01
3.328920304775238037e-01
4.156889021396636963e-01
2.636538445949554443e-01
3.839593827724456787e-01
3.380300104618072510e-01
2.720206677913665771e-01
2.239895015954971313e-01
4.616286158561706543e-01
2.568752467632293701e-01
4.483171701431274414e-01
5.363821983337402344e-01
4.498559832572937012e-01
3.642147779464721680e-01
4.841265976428985596e-01
6.882184743881225586e-01
5.336160063743591309e-01
4.670314490795135498e-01
4.166821539402008057e-01
4.369634687900543213e-01
3.537041544914245605e-01
3.419895768165588379e-01
3.192067742347717285e-01
3.379910886287689209e-01
4.371076226234436035e-01
3.918543159961700439e-01
3.627279102802276611e-01
3.066595792770385742e-01
5.871669054031372070e-01
4.068398177623748779e-01
2.543074190616607666e-01
2.552442252635955811e-01
3.549963235855102539e-01
3.406554460525512695e-01
4.249773919582366943e-01
4.708681404590606689e-01
4.609180092811584473e-01
3.721299469470977783e-01
5.217512249946594238e-01
3.865819573402404785e-01
4.116935431957244873e-01
2.454150468111038208e-01
1.745140999555587769e-01
3.058683574199676514e-01
5.813077092170715332e-01
3.488788306713104248e-01
3.143204450607299805e-01
5.041694045066833496e-01
4.020948708057403564e-01
4.000314176082611084e-01
4.211502373218536377e-01
5.122681856155395508e-01
3.975721597671508789e-01
2.555795013904571533e-01
3.316637873649597168e-01
2.265967726707458496e-01
5.073091387748718262e-01
4.876142442226409912e-01
4.029239118099212646e-01
3.955290913581848145e-01
3.036956489086151123e-01
4.227871894836425781e-01
3.807104825973510742e-01
2.942396700382232666e-01
2.531388103961944580e-01
4.789519309997558594e-01
3.422347605228424072e-01
3.764201998710632324e-01
3.810155391693115234e-01
4.532677829265594482e-01
3.684353530406951904e-01
3.792467713356018066e-01
2.645192742347717285e-01
4.467566609382629395e-01
3.751418888568878174e-01
4.407093524932861328e-01
3.212102353572845459e-01
2.958664000034332275e-01
4.409625232219696045e-01
2.699500024318695068e-01
3.451776802539825439e-01
2.452936470508575439e-01
5.484969615936279297e-01
4.137998521327972412e-01
3.740477561950683594e-01
2.405502349138259888e-01
3.564704358577728271e-01
5.794069766998291016e-01
5.382388234138488770e-01
2.267913073301315308e-01
4.199758172035217285e-01
1.977373957633972168e-01
5.857949256896972656e-01
4.335676729679107666e-01
2.050316184759140015e-01
3.638862669467926025e-01
2.813844382762908936e-01
3.726963102817535400e-01
4.666079878807067871e-01
3.505063652992248535e-01
3.329590559005737305e-01
5.661609172821044922e-01
2.962070703506469727e-01
4.745225012302398682e-01
2.882607579231262207e-01
4.462892115116119385e-01
4.882261753082275391e-01
2.093993276357650757e-01
3.933978676795959473e-01
6.192375421524047852e-01
3.148110806941986084e-01
2.848381102085113525e-01
1.857922971248626709e-01
4.218095242977142334e-01
6.444112658500671387e-01
3.624937236309051514e-01
4.807687699794769287e-01
3.971171081066131592e-01
3.290271162986755371e-01
2.954448461532592773e-01
4.720261096954345703e-01
4.115297198295593262e-01
3.200884759426116943e-01
3.265478014945983887e-01
3.343908786773681641e-01
4.045566916465759277e-01
3.373539745807647705e-01
4.415277838706970215e-01
3.725129663944244385e-01
4.947455227375030518e-01
4.255394935607910156e-01
5.203171968460083008e-01
3.509974181652069092e-01
2.802942097187042236e-01
3.844134211540222168e-01
6.627831459045410156e-01
4.526816606521606445e-01
3.059127330780029297e-01
3.066190481185913086e-01
3.947732150554656982e-01
4.678315222263336182e-01
3.211372792720794678e-01
2.665807008743286133e-01
2.265526056289672852e-01
3.927748501300811768e-01
4.713587164878845215e-01
4.301639497280120850e-01
2.395399510860443115e-01
2.759604156017303467e-01
2.691000998020172119e-01
4.066653251647949219e-01
4.353288412094116211e-01
3.762853443622589111e-01
3.169457912445068359e-01
2.543302178382873535e-01
3.858015537261962891e-01
3.603679835796356201e-01
6.710796952247619629e-01
3.139110803604125977e-01
3.909698128700256348e-01
3.378784060478210449e-01
3.388089239597320557e-01
2.018719166517257690e-01
2.316496670246124268e-01
4.672529101371765137e-01
2.406978011131286621e-01
5.359404683113098145e-01
4.053665101528167725e-01
4.069941043853759766e-01
6.212212443351745605e-01
3.751774430274963379e-01
3.561539649963378906e-01
4.926609694957733154e-01
3.132218718528747559e-01
4.765322506427764893e-01
4.710521996021270752e-01
2.846968472003936768e-01
5.455598831176757812e-01
2.382185757160186768e-01
4.157585203647613525e-01
3.914464116096496582e-01
2.982807755470275879e-01
5.364348888397216797e-01
3.141266405582427979e-01
2.069964706897735596e-01
2.990189194679260254e-01
2.005620449781417847e-01
4.291605055332183838e-01
3.313027620315551758e-01
4.440900087356567383e-01
3.521549701690673828e-01
5.304928421974182129e-01
4.630597531795501709e-01
3.720081150531768799e-01
2.981784045696258545e-01
3.512205481529235840e-01
1.461664438247680664e-01
4.530858099460601807e-01
4.069169163703918457e-01
2.021810710430145264e-01
3.068892955780029297e-01
5.303485393524169922e-01
3.255332112312316895e-01
4.379965662956237793e-01
3.589035868644714355e-01
2.257392406463623047e-01
2.019627839326858521e-01
3.185140788555145264e-01
3.034853339195251465e-01
6.081122159957885742e-01
2.135759890079498291e-01
2.191221266984939575e-01
4.325287342071533203e-01
4.889678359031677246e-01
2.776848375797271729e-01
4.003199636936187744e-01
3.917929530143737793e-01
3.895225822925567627e-01
2.364086955785751343e-01
3.603319823741912842e-01
1.790772527456283569e-01
3.349699378013610840e-01
4.329825043678283691e-01
3.576773405075073242e-01
2.378387600183486938e-01
4.207938611507415771e-01
4.034208655357360840e-01
4.616356790065765381e-01
4.423501193523406982e-01
4.054965078830718994e-01
2.526921927928924561e-01
4.504070878028869629e-01
4.860907793045043945e-01
1.749362796545028687e-01
3.845101296901702881e-01
3.782177865505218506e-01
2.786340117454528809e-01
3.087020218372344971e-01
4.438490271568298340e-01
3.162435293197631836e-01
3.915536403656005859e-01
4.370949268341064453e-01
5.804104804992675781e-01
2.647947967052459717e-01
4.164944291114807129e-01
6.598358154296875000e-01
4.473051428794860840e-01
3.715527057647705078e-01
2.488178461790084839e-01
2.525615692138671875e-01
5.035372376441955566e-01
2.017004042863845825e-01
2.450500428676605225e-01
5.725976228713989258e-01
4.897233843803405762e-01
2.327524125576019287e-01
4.015679061412811279e-01
2.368413805961608887e-01
4.841519296169281006e-01
3.863190114498138428e-01
4.814504683017730713e-01
3.222478926181793213e-01
4.452115595340728760e-01
1.663127392530441284e-01
4.629824161529541016e-01
4.057963192462921143e-01
4.818013310432434082e-01
3.150566518306732178e-01
3.106034100055694580e-01
1.772014498710632324e-01
2.992493212223052979e-01
3.843156695365905762e-01
4.030878841876983643e-01
4.932246506214141846e-01
1.048523485660552979e-01
3.796463608741760254e-01
3.650654852390289307e-01
2.700874209403991699e-01
2.518258988857269287e-01
3.800413310527801514e-01
1.933382004499435425e-01
1.332182586193084717e-01
3.634728789329528809e-01
5.068188309669494629e-01
3.668198883533477783e-01
3.344474136829376221e-01
3.071967959403991699e-01
2.232900559902191162e-01
3.780596256256103516e-01
2.153171747922897339e-01
3.441255986690521240e-01
2.723824083805084229e-01
8.950376510620117188e-02
2.692749798297882080e-01
1.893197745084762573e-01
1.962662637233734131e-01
2.638315260410308838e-01
1.328541636466979980e-01
2.812459468841552734e-01
1.480260044336318970e-01
2.096066772937774658e-01
3.162646889686584473e-01
1.914107650518417358e-01
1.671878993511199951e-01
2.560738921165466309e-01
1.159685701131820679e-01
1.883923560380935669e-01
2.150890529155731201e-01
1.122497171163558960e-01
2.452929317951202393e-01
2.668340802192687988e-01
1.399055123329162598e-01
9.022764861583709717e-02
3.961960375308990479e-01
3.643814027309417725e-01
2.328374981880187988e-01
5.133518204092979431e-02
1.904953122138977051e-01
1.128681004047393799e-01
4.565006792545318604e-01
1.392310112714767456e-01
2.169028222560882568e-01
2.121994495391845703e-01
1.545805633068084717e-01
1.533896178007125854e-01
1.205805465579032898e-01
9.690988063812255859e-02
2.748641371726989746e-01
2.645026147365570068e-01
2.063024789094924927e-01
2.759993970394134521e-01
3.109319806098937988e-01
2.332104593515396118e-01
3.423893451690673828e-01
1.820885837078094482e-01
3.236539959907531738e-01
2.288661450147628784e-01
2.240059524774551392e-01
3.900347054004669189e-01
3.349442780017852783e-01
2.744383513927459717e-01
2.678458094596862793e-01
3.306770026683807373e-01
1.236354336142539978e-01
1.659427285194396973e-01
2.806751728057861328e-01
2.067492455244064331e-01
2.457538992166519165e-01
1.239648833870887756e-01
1.932452917098999023e-01
2.791041433811187744e-01
1.849300265312194824e-01
4.390882253646850586e-01
1.640820056200027466e-01
2.326005399227142334e-01
3.182694315910339355e-01
2.184183150529861450e-01
2.290614843368530273e-01
1.882154345512390137e-01
1.827077716588973999e-01
1.595067679882049561e-01
3.292141556739807129e-01
8.162435889244079590e-02
1.849425733089447021e-01
8.079665899276733398e-02
2.614020407199859619e-01
4.221009016036987305e-01
1.949381232261657715e-01
2.081480175256729126e-01
1.739601492881774902e-01
1.896150112152099609e-01
2.547326683998107910e-01
3.237215280532836914e-01
6.527623534202575684e-01
2.644616961479187012e-01
1.991654932498931885e-01
3.656031787395477295e-01
2.679897248744964600e-01
1.403252482414245605e-01
3.763745129108428955e-01
4.255380630493164062e-01
2.715645730495452881e-01
2.080096006393432617e-01
3.328845798969268799e-01
3.297527134418487549e-01
2.603704631328582764e-01
2.838213145732879639e-01
3.033727109432220459e-01
1.404198706150054932e-01
4.110498130321502686e-01
2.720586955547332764e-01
2.758453786373138428e-01
2.823581993579864502e-01
1.482619494199752808e-01
1.662499457597732544e-01
2.251507490873336792e-01
2.487683445215225220e-01
2.747086584568023682e-01
1.903007775545120239e-01
2.145884037017822266e-01
2.129824757575988770e-01
2.382704168558120728e-01
3.062569499015808105e-01
2.743117511272430420e-01
2.564408481121063232e-01
3.599570989608764648e-01
1.790849566459655762e-01
2.010442614555358887e-01
2.146607041358947754e-01
3.973495066165924072e-01
3.308149874210357666e-01
1.624348461627960205e-01
2.488709837198257446e-01
1.398855298757553101e-01
2.062273323535919189e-01
4.063845574855804443e-01
1.809910088777542114e-01
9.347797930240631104e-02
1.896785944700241089e-01
4.050950407981872559e-01
1.283063143491744995e-01
2.183286100625991821e-01
3.038076162338256836e-01
2.439296245574951172e-01
2.675297260284423828e-01
3.433419764041900635e-01
1.748219132423400879e-01
2.128678262233734131e-01
1.331174224615097046e-01
3.563178181648254395e-01
2.193838208913803101e-01
4.804419279098510742e-01
1.907712221145629883e-01
3.639746010303497314e-01
2.227230668067932129e-01
1.361177116632461548e-01
2.496150285005569458e-01
4.524153470993041992e-01
3.007780611515045166e-01
3.058951497077941895e-01
2.516141533851623535e-01
4.542806148529052734e-01
4.147476255893707275e-01
3.022989928722381592e-01
2.062671482563018799e-01
5.150621533393859863e-01
3.952791988849639893e-01
1.892594844102859497e-01
2.931329309940338135e-01
2.513301372528076172e-01
1.319297999143600464e-01
2.679381370544433594e-01
2.396002560853958130e-01
1.097841858863830566e-01
2.127111256122589111e-01
1.844744384288787842e-01
2.207189500331878662e-01
1.804938614368438721e-01
1.299263685941696167e-01
3.794064521789550781e-01
2.833182215690612793e-01
2.988586425781250000e-01
2.650056183338165283e-01
1.470609605312347412e-01
2.444158941507339478e-01
3.909454345703125000e-01
1.951064020395278931e-01
3.373792469501495361e-01
2.553358376026153564e-01
1.223137229681015015e-01
2.223088294267654419e-01
4.902205467224121094e-01
2.652003765106201172e-01
2.225236594676971436e-01
2.339521497488021851e-01
2.468770593404769897e-01
2.752907574176788330e-01
4.558337330818176270e-01
4.083746969699859619e-01
3.063379824161529541e-01
2.003070414066314697e-01
1.478838324546813965e-01
1.790761947631835938e-01
1.168919578194618225e-01
2.577162683010101318e-01
2.691857516765594482e-01
2.944438159465789795e-01
2.786765694618225098e-01
1.692739278078079224e-01
4.407723248004913330e-01
3.501865267753601074e-01
1.376604586839675903e-01
1.978663355112075806e-01
1.444918215274810791e-01
1.804865747690200806e-01
3.423278033733367920e-01
3.487966954708099365e-01
3.592363595962524414e-01
1.951174437999725342e-01
3.308160305023193359e-01
3.192688524723052979e-01
4.175966382026672363e-01
2.826171219348907471e-01
1.601326167583465576e-01
2.613131999969482422e-01
2.985160350799560547e-01
2.926716506481170654e-01
1.375257223844528198e-01
2.972592711448669434e-01
1.932440996170043945e-01
2.833484411239624023e-01
3.279756903648376465e-01
3.736516833305358887e-01
4.498568177223205566e-01
2.580888569355010986e-01
1.084149777889251709e-01
2.687946557998657227e-01
1.376886069774627686e-01
2.016932517290115356e-01
1.989334821701049805e-01
2.340281456708908081e-01
3.126129806041717529e-01
2.546785473823547363e-01
1.306094378232955933e-01
3.156130909919738770e-01
3.148193657398223877e-01
2.310694009065628052e-01
1.490415185689926147e-01
2.432857602834701538e-01
1.490451991558074951e-01
4.782335758209228516e-01
2.233841270208358765e-01
2.577511966228485107e-01
1.378241032361984253e-01
2.256273925304412842e-01
1.968452483415603638e-01
2.921800613403320312e-01
1.853723526000976562e-01
2.621247768402099609e-01
2.682708799839019775e-01
2.888920307159423828e-01
4.343931376934051514e-01
8.189845085144042969e-02
2.683154940605163574e-01
3.710641860961914062e-01
1.776329427957534790e-01
3.031805753707885742e-01
2.255885899066925049e-01
2.879286110401153564e-01
6.034752130508422852e-01
1.989214122295379639e-01
1.361816078424453735e-01
4.625582993030548096e-01
1.981454789638519287e-01
3.590846359729766846e-01
2.600610554218292236e-01
1.386456936597824097e-01
2.956517934799194336e-01
2.223726660013198853e-01
2.293365597724914551e-01
2.418170124292373657e-01
4.367621839046478271e-01
3.642468154430389404e-01
3.057508766651153564e-01
2.791829407215118408e-01
2.439937144517898560e-01
4.921422898769378662e-01
2.391154021024703979e-01
3.948712646961212158e-01
5.489319562911987305e-01
1.912007182836532593e-01
4.053094387054443359e-01
2.778191268444061279e-01
1.177262961864471436e-01
3.520568609237670898e-01
4.164603352546691895e-01
2.542456686496734619e-01
1.999271661043167114e-01
3.130207359790802002e-01
1.868886351585388184e-01
3.126994371414184570e-01
2.756744325160980225e-01
4.964534044265747070e-01
1.925163865089416504e-01
1.258603185415267944e-01
2.550405561923980713e-01
4.417137503623962402e-01
2.752751410007476807e-01
2.208829373121261597e-01
3.170714676380157471e-01
1.108988597989082336e-01
1.379148960113525391e-01
2.707774043083190918e-01
4.744984805583953857e-01
4.703973829746246338e-01
1.262477934360504150e-01
3.009759187698364258e-01
1.570594608783721924e-01
4.643382728099822998e-01
1.778776049613952637e-01
3.112983405590057373e-01
3.008729517459869385e-01
9.724199026823043823e-02
1.126776933670043945e-01
3.537560999393463135e-01
1.444363445043563843e-01
2.460845261812210083e-01
3.284094929695129395e-01
1.342823058366775513e-01
3.842505216598510742e-01
3.389696776866912842e-01
9.054815769195556641e-02
2.520370483398437500e-01
3.240297436714172363e-01
3.136107027530670166e-01
3.895841538906097412e-01
2.126710414886474609e-01
2.597559094429016113e-01
2.802577912807464600e-01
3.503812253475189209e-01
3.439372181892395020e-01
2.986312508583068848e-01
1.946353465318679810e-01
2.436270415782928467e-01
1.515341848134994507e-01
1.546997576951980591e-01
4.210775792598724365e-01
2.126298695802688599e-01
2.227182388305664062e-01
3.203995525836944580e-01
2.026122510433197021e-01
3.431450128555297852e-01
2.841108441352844238e-01
3.264681100845336914e-01
1.518937200307846069e-01
4.084983170032501221e-01
2.453803420066833496e-01
8.638053387403488159e-02
2.084744870662689209e-01
1.531173288822174072e-01
4.274731278419494629e-01
1.916212886571884155e-01
2.874551415443420410e-01
1.198353692889213562e-01
4.050318896770477295e-01
2.486514002084732056e-01
3.275486826896667480e-01
2.541364133358001709e-01
2.144830524921417236e-01
3.919113278388977051e-01
1.852785944938659668e-01
2.671540379524230957e-01
1.113565787672996521e-01
9.056586772203445435e-02
3.170142173767089844e-01
2.575566172599792480e-01
1.925391703844070435e-01
3.844054639339447021e-01
4.058701694011688232e-01
2.270549088716506958e-01
2.638268768787384033e-01
3.234148025512695312e-01
1.647861748933792114e-01
1.394239664077758789e-01
1.886728852987289429e-01
1.591859310865402222e-01
3.787888586521148682e-01
2.023178189992904663e-01
1.763862371444702148e-01
2.952051758766174316e-01
1.528481841087341309e-01
1.737855523824691772e-01
2.575963735580444336e-01
3.003716170787811279e-01
3.056862056255340576e-01
2.929660081863403320e-01
3.368543088436126709e-01
3.392228782176971436e-01
3.980188369750976562e-01
4.198215901851654053e-01
2.991883456707000732e-01
4.517365097999572754e-01
3.468520343303680420e-01
3.068439662456512451e-01
1.912779659032821655e-01
3.329584300518035889e-01
2.103788554668426514e-01
2.859087586402893066e-01
4.443300962448120117e-01
4.191657304763793945e-01
3.194213509559631348e-01
2.781175374984741211e-01
3.672155737876892090e-01
1.364395320415496826e-01
1.241474896669387817e-01
6.527442932128906250e-01
2.360688000917434692e-01
3.178590834140777588e-01
1.083409637212753296e-01
3.231678903102874756e-01
2.268393784761428833e-01
2.892307341098785400e-01
4.453637301921844482e-01
1.320369988679885864e-01
4.086366295814514160e-01
2.793081998825073242e-01
2.792280018329620361e-01
6.461203098297119141e-02
3.665016591548919678e-01
4.347281157970428467e-01
3.409164547920227051e-01
3.117474019527435303e-01
3.778378069400787354e-01
2.048530131578445435e-01
4.616347551345825195e-01
2.299921214580535889e-01
2.900512218475341797e-01
3.520419597625732422e-01
4.032412171363830566e-01
1.405287533998489380e-01
2.648991644382476807e-01
2.482231706380844116e-01
4.872355461120605469e-01
1.813215911388397217e-01
2.597876489162445068e-01
2.182661443948745728e-01
2.307868152856826782e-01
1.572211086750030518e-01
2.485078126192092896e-01
4.219455718994140625e-01
2.844256460666656494e-01
2.583618462085723877e-01
2.027384936809539795e-01
4.015699625015258789e-01
3.520013391971588135e-01
1.530769318342208862e-01
2.932459414005279541e-01
3.079533874988555908e-01
3.338604867458343506e-01
4.727295637130737305e-01
2.292503118515014648e-01
3.328027725219726562e-01
2.481749057769775391e-01
1.803220212459564209e-01
4.184058904647827148e-01
3.284363150596618652e-01
2.461416274309158325e-01
1.525473743677139282e-01
8.494916558265686035e-02
3.770215511322021484e-01
3.600050806999206543e-01
1.710499674081802368e-01
2.357123941183090210e-01
2.834675908088684082e-01
3.681631088256835938e-01
1.536655724048614502e-01
2.249179780483245850e-01
2.557301819324493408e-01
2.955524623394012451e-01
1.751950234174728394e-01
3.747813105583190918e-01
3.015211522579193115e-01
3.299339115619659424e-01
2.124565243721008301e-01
1.721941232681274414e-01
3.246341347694396973e-01
1.523272991180419922e-01
3.011835515499114990e-01
1.889310777187347412e-01
1.677198261022567749e-01
3.388596773147583008e-01
1.503447741270065308e-01
1.736903637647628784e-01
4.370687305927276611e-01
2.061571478843688965e-01
1.309738457202911377e-01
2.118512243032455444e-01
3.853994309902191162e-01
3.545422255992889404e-01
3.993214368820190430e-01
3.041202127933502197e-01
2.647436261177062988e-01
2.650812566280364990e-01
1.332071721553802490e-01
3.402148783206939697e-01
2.728110849857330322e-01
2.906395792961120605e-01
3.213315606117248535e-01
1.648226082324981689e-01
3.598935902118682861e-01
3.973961174488067627e-01
3.434712588787078857e-01
2.050217688083648682e-01
2.656811475753784180e-01
3.273462653160095215e-01
2.804369330406188965e-01
1.638979464769363403e-01
2.794141471385955811e-01
3.863208293914794922e-01
3.012610375881195068e-01
3.095420002937316895e-01
2.195958942174911499e-01
3.196253478527069092e-01
4.551207721233367920e-01
3.216907978057861328e-01
4.445372819900512695e-01
3.503558337688446045e-01
2.060827165842056274e-01
3.069774508476257324e-01
1.077079474925994873e-01
2.669907212257385254e-01
3.644758760929107666e-01
3.160924017429351807e-01
3.109188377857208252e-01
2.854004800319671631e-01
2.612692117691040039e-01
1.932796090841293335e-01
1.549181044101715088e-01
3.657757043838500977e-01
2.618202865123748779e-01
4.290189445018768311e-01
2.583873569965362549e-01
4.816149771213531494e-01
1.952898651361465454e-01
2.071437835693359375e-01
3.767831027507781982e-01
2.213919907808303833e-01
3.827176690101623535e-01
3.432696461677551270e-01
3.573659360408782959e-01
2.003715038299560547e-01
2.023995518684387207e-01
2.125042080879211426e-01
2.592653036117553711e-01
2.992236018180847168e-01
3.319458365440368652e-01
3.461152017116546631e-01
2.045840024948120117e-01
3.584439754486083984e-01
1.984797716140747070e-01
3.595457971096038818e-01
3.341351151466369629e-01
1.912156492471694946e-01
2.459215670824050903e-01
2.218485623598098755e-01
2.387737929821014404e-01
3.275117278099060059e-01
3.639137148857116699e-01
2.839897871017456055e-01
2.207180708646774292e-01
1.778272986412048340e-01
2.760696411132812500e-01
3.006924092769622803e-01
3.418644368648529053e-01
2.256015241146087646e-01
4.551616013050079346e-01
2.521421909332275391e-01
3.958292901515960693e-01
2.011559605598449707e-01
2.752412855625152588e-01
3.684661686420440674e-01
1.611563414335250854e-01
1.967336237430572510e-01
3.145245313644409180e-01
1.689946055412292480e-01
3.087503612041473389e-01
3.632564544677734375e-01
2.029138058423995972e-01
3.727472722530364990e-01
2.961862683296203613e-01
4.670432507991790771e-01
2.068009525537490845e-01
4.441563785076141357e-01
3.473240733146667480e-01
3.458520770072937012e-01
4.087364375591278076e-01
3.270384073257446289e-01
1.904629021883010864e-01
2.908145487308502197e-01
1.886429339647293091e-01
2.649932503700256348e-01
3.294157087802886963e-01
1.632707118988037109e-01
3.386131525039672852e-01
3.216774463653564453e-01
2.402393221855163574e-01
2.864003181457519531e-01
1.182414144277572632e-01
2.579916417598724365e-01
3.011321723461151123e-01
4.738950133323669434e-01
2.176550328731536865e-01
3.983792662620544434e-01
2.653380930423736572e-01
2.557679712772369385e-01
3.350001871585845947e-01
2.918836772441864014e-01
4.055287241935729980e-01
4.370898604393005371e-01
2.877456843852996826e-01
2.593918442726135254e-01
1.814096421003341675e-01
2.127940058708190918e-01
1.960664987564086914e-01
2.362010926008224487e-01
1.988907903432846069e-01
3.924217820167541504e-01
2.224453836679458618e-01
3.141919374465942383e-01
2.276866286993026733e-01
3.385796248912811279e-01
1.564989537000656128e-01
1.728096753358840942e-01
3.281284868717193604e-01
1.545516252517700195e-01
2.200250476598739624e-01
2.942391932010650635e-01
1.607631146907806396e-01
1.788959503173828125e-01
1.680354028940200806e-01
3.123653829097747803e-01
1.134488508105278015e-01
2.259875982999801636e-01
4.489844143390655518e-01
4.000055491924285889e-01
2.996345758438110352e-01
2.794891893863677979e-01
3.053214550018310547e-01
3.066834509372711182e-01
9.726121276617050171e-02
1.705533713102340698e-01
2.819246947765350342e-01
4.892893731594085693e-01
3.212555646896362305e-01
1.972667425870895386e-01
2.843014597892761230e-01
2.205727547407150269e-01
2.485880255699157715e-01
6.584208011627197266e-01
3.620393872261047363e-01
1.682302951812744141e-01
2.738874256610870361e-01
2.931656241416931152e-01
1.939416527748107910e-01
3.119153976440429688e-01
4.608539640903472900e-01
3.382486104965209961e-01
3.019804060459136963e-01
3.309565484523773193e-01
2.172462642192840576e-01
4.838808774948120117e-01
5.045362114906311035e-01
4.085110425949096680e-01
2.002682685852050781e-01
1.983804255723953247e-01
2.377272695302963257e-01
2.577708661556243896e-01
2.251050472259521484e-01
3.848361074924468994e-01
3.096945881843566895e-01
4.734254181385040283e-01
4.321826100349426270e-01
4.692135155200958252e-01
3.016096651554107666e-01
2.855215072631835938e-01
2.861956954002380371e-01
3.238487243652343750e-01
3.475015461444854736e-01
3.794333934783935547e-01
4.194068312644958496e-01
2.249909490346908569e-01
1.918532401323318481e-01
3.431203067302703857e-01
4.877942800521850586e-01
3.128547370433807373e-01
1.127356588840484619e-01
1.547384113073348999e-01
3.029894232749938965e-01
1.795298755168914795e-01
2.249013781547546387e-01
4.152353703975677490e-01
4.953753352165222168e-01
4.261216223239898682e-01
2.064775228500366211e-01
1.341871172189712524e-01
3.007336258888244629e-01
2.275364398956298828e-01
1.522943675518035889e-01
4.176404774188995361e-01
3.959397673606872559e-01
2.604464590549468994e-01
1.995752751827239990e-01
3.957561552524566650e-01
3.505615890026092529e-01
2.450064718723297119e-01
2.123295068740844727e-01
4.772883355617523193e-01
3.434020280838012695e-01
3.865566551685333252e-01
2.997861504554748535e-01
6.094625592231750488e-01
3.692384660243988037e-01
3.986755907535552979e-01
3.165534436702728271e-01
1.551101356744766235e-01
3.155496418476104736e-01
3.806461989879608154e-01
6.347129344940185547e-01
4.965133070945739746e-01
2.970128357410430908e-01
3.977557122707366943e-01
2.930693924427032471e-01
2.415145486593246460e-01
1.833565682172775269e-01
1.915976107120513916e-01
2.158135175704956055e-01
4.284006357192993164e-01
1.225099489092826843e-01
5.096104741096496582e-01
3.089202046394348145e-01
2.932398021221160889e-01
1.148367598652839661e-01
2.917633056640625000e-01
1.496277451515197754e-01
3.138056397438049316e-01
3.063488006591796875e-01
2.319530248641967773e-01
2.614344656467437744e-01
1.280282139778137207e-01
2.539800703525543213e-01
4.362646341323852539e-01
3.906047940254211426e-01
2.639840245246887207e-01
3.242807984352111816e-01
1.620309352874755859e-01
2.416586875915527344e-01
1.232120543718338013e-01
3.330914378166198730e-01
1.847329288721084595e-01
2.146320044994354248e-01
3.900875151157379150e-01
3.042059540748596191e-01
2.150963395833969116e-01
1.643049269914627075e-01
4.928885698318481445e-01
1.835008412599563599e-01
1.930043399333953857e-01
1.876865029335021973e-01
4.375044703483581543e-01
2.669447362422943115e-01
6.421638727188110352e-01
3.337129354476928711e-01
4.103648066520690918e-01
2.427818179130554199e-01
3.363167643547058105e-01
2.719808518886566162e-01
3.732492327690124512e-01
2.017919719219207764e-01
1.091935858130455017e-01
1.942868679761886597e-01
2.673425972461700439e-01
2.041973620653152466e-01
2.391995191574096680e-01
8.856874704360961914e-02
4.163296818733215332e-01
1.581350117921829224e-01
8.169413357973098755e-02
2.120050936937332153e-01
2.262738943099975586e-01
1.264400333166122437e-01
1.470329463481903076e-01
8.319705724716186523e-02
3.740926682949066162e-01
1.640792638063430786e-01
3.465926349163055420e-01
1.304636597633361816e-01
2.032154649496078491e-01
1.561055779457092285e-01
1.865600794553756714e-01
1.225856989622116089e-01
1.363854706287384033e-01
6.165388971567153931e-02
2.087918221950531006e-01
1.401618123054504395e-01
2.460491061210632324e-01
1.573204398155212402e-01
1.602500230073928833e-01
7.266677170991897583e-02
1.151860281825065613e-01
2.879687249660491943e-01
1.629555523395538330e-01
2.766526341438293457e-01
2.375075221061706543e-01
1.708652824163436890e-01
2.541685402393341064e-01
1.390502750873565674e-01
1.299427747726440430e-01
2.361883521080017090e-01
1.273072659969329834e-01
1.489755064249038696e-01
9.876348078250885010e-02
1.502520889043807983e-01
5.410800129175186157e-02
2.313521504402160645e-01
1.457345336675643921e-01
2.548403739929199219e-01
2.773376703262329102e-01
2.620075643062591553e-01
1.705521494150161743e-01
1.965189427137374878e-01
2.456183880567550659e-01
9.924808889627456665e-02
2.132148593664169312e-01
2.205369323492050171e-01
1.692727953195571899e-01
2.646677196025848389e-01
2.327170521020889282e-01
1.220073178410530090e-01
2.268870621919631958e-01
1.395640671253204346e-01
1.528033614158630371e-01
1.841206252574920654e-01
1.633846014738082886e-01
8.291344344615936279e-02
1.646634787321090698e-01
2.327621728181838989e-01
3.318495750427246094e-01
1.277882456779479980e-01
6.694272160530090332e-02
1.478056311607360840e-01
1.257019191980361938e-01
1.638764292001724243e-01
1.887662112712860107e-01
9.846155345439910889e-02
1.392389833927154541e-01
1.600012034177780151e-01
1.586161404848098755e-01
1.958331614732742310e-01
8.332081139087677002e-02
1.911293715238571167e-01
1.562671214342117310e-01
1.679880619049072266e-01
9.694536030292510986e-02
6.258003413677215576e-02
2.548424005508422852e-01
2.994485199451446533e-01
1.938523650169372559e-01
2.229816615581512451e-01
1.346163004636764526e-01
1.280011981725692749e-01
4.406481087207794189e-01
2.070434391498565674e-01
2.784174382686614990e-01
9.541220217943191528e-02
1.130772754549980164e-01
6.948815286159515381e-02
1.955667287111282349e-01
2.687902748584747314e-01
2.405308336019515991e-01
1.725850701332092285e-01
1.788183003664016724e-01
7.750076055526733398e-02
3.168835043907165527e-01
1.066955327987670898e-01
3.275061398744583130e-02
1.401388645172119141e-01
1.956878006458282471e-01
1.490082442760467529e-01
3.890607953071594238e-01
4.777306020259857178e-01
1.454505473375320435e-01
1.792891621589660645e-01
7.319120317697525024e-02
1.719232797622680664e-01
1.056785061955451965e-01
2.379278093576431274e-01
1.552655696868896484e-01
2.078478038311004639e-01
1.320126950740814209e-01
1.297751814126968384e-01
4.185765981674194336e-01
2.623921632766723633e-01
1.019916385412216187e-01
6.273413449525833130e-02
2.266426831483840942e-01
5.808491259813308716e-02
1.752302646636962891e-01
1.305426508188247681e-01
7.053639739751815796e-02
1.920836269855499268e-01
2.658245265483856201e-01
1.323633491992950439e-01
8.400854468345642090e-02
2.619615793228149414e-01
8.073009550571441650e-02
2.689160704612731934e-01
9.712047874927520752e-02
1.101798638701438904e-01
1.041219085454940796e-01
1.544580906629562378e-01
1.046819910407066345e-01
1.044108942151069641e-01
2.142243683338165283e-01
2.621310055255889893e-01
1.887921541929244995e-01
7.520800828933715820e-02
1.543975621461868286e-01
9.721539914608001709e-02
9.937115013599395752e-02
5.781786516308784485e-02
1.909427791833877563e-01
5.230040848255157471e-02
8.880156278610229492e-02
9.655176848173141479e-02
1.737186759710311890e-01
4.999496042728424072e-02
1.208901107311248779e-01
6.868686527013778687e-02
1.151553317904472351e-01
1.040757372975349426e-01
2.735883891582489014e-01
1.988235116004943848e-01
2.712399065494537354e-01
6.032974645495414734e-02
1.541106551885604858e-01
2.021979391574859619e-01
1.354532241821289062e-01
2.715252935886383057e-01
3.986025750637054443e-01
1.673114746809005737e-01
1.808140873908996582e-01
8.117092400789260864e-02
1.263857781887054443e-01
6.194141879677772522e-02
3.492933511734008789e-01
7.251621037721633911e-02
1.864782720804214478e-01
8.401154726743698120e-02
1.176747158169746399e-01
3.009002208709716797e-01
2.619180083274841309e-01
1.412142366170883179e-01
1.807618439197540283e-01
1.785992234945297241e-01
2.514888644218444824e-01
2.196170687675476074e-01
1.892191469669342041e-01
3.178812265396118164e-01
3.062660694122314453e-01
1.735613048076629639e-01
3.647854328155517578e-01
1.958234906196594238e-01
2.225787937641143799e-01
1.008117645978927612e-01
1.441953182220458984e-01
9.995952248573303223e-02
1.334315687417984009e-01
1.263260543346405029e-01
1.080964952707290649e-01
1.273715943098068237e-01
4.246648550033569336e-01
3.246204555034637451e-02
1.717505753040313721e-01
2.091508060693740845e-01
2.169228196144104004e-01
1.401400417089462280e-01
4.163771569728851318e-01
2.994581460952758789e-01
1.951971352100372314e-01
6.671085953712463379e-02
3.980191349983215332e-01
1.731778830289840698e-01
1.971756964921951294e-01
1.549774110317230225e-01
2.489605993032455444e-01
1.691074967384338379e-01
1.643081754446029663e-01
1.825128048658370972e-01
4.114157557487487793e-01
2.435464262962341309e-01
1.696568578481674194e-01
2.113701999187469482e-01
2.731820940971374512e-01
1.769848465919494629e-01
1.080525666475296021e-01
2.555162906646728516e-01
1.699797511100769043e-01
3.308521509170532227e-01
3.056467175483703613e-01
2.845054864883422852e-01
1.561836004257202148e-01
2.440076470375061035e-01
2.675307989120483398e-01
3.495432734489440918e-01
1.943702846765518188e-01
2.326163500547409058e-01
2.309819906949996948e-01
3.303597271442413330e-01
3.536020219326019287e-01
2.070455998182296753e-01
3.339742720127105713e-01
1.642340421676635742e-01
1.752068102359771729e-01
2.959382534027099609e-01
1.301681101322174072e-01
4.504348039627075195e-01
1.037332937121391296e-01
2.537402510643005371e-01
2.304179221391677856e-01
2.416269928216934204e-01
1.378751844167709351e-01
3.754106462001800537e-01
2.040913999080657959e-01
1.289259940385818481e-01
1.322893500328063965e-01
2.531971335411071777e-01
9.336115419864654541e-02
2.337905615568161011e-01
1.919386684894561768e-01
1.250647008419036865e-01
3.750845789909362793e-01
1.414796561002731323e-01
5.957027524709701538e-02
1.171718239784240723e-01
1.247593015432357788e-01
1.998022645711898804e-01
1.755837798118591309e-01
1.115418821573257446e-01
1.282985955476760864e-01
2.288269102573394775e-01
1.631580740213394165e-01
2.493071556091308594e-01
3.151496350765228271e-01
3.117365837097167969e-01
1.735309660434722900e-01
2.065630257129669189e-01
1.407014429569244385e-01
1.384689956903457642e-01
2.255330085754394531e-01
9.318497776985168457e-02
1.496337205171585083e-01
7.964508235454559326e-02
2.942996621131896973e-01
1.323238015174865723e-01
3.707250952720642090e-01
1.381803154945373535e-01
1.919395625591278076e-01
2.520551383495330811e-01
2.195433527231216431e-01
1.775466948747634888e-01
3.781885802745819092e-01
2.932307422161102295e-01
3.495932221412658691e-01
1.464392691850662231e-01
2.583134174346923828e-01
1.792240291833877563e-01
1.760703027248382568e-01
1.249067857861518860e-01
2.581172585487365723e-01
1.301888525485992432e-01
2.483552843332290649e-01
3.421713113784790039e-01
1.255676448345184326e-01
1.205141916871070862e-01
1.538042724132537842e-01
3.331438004970550537e-01
2.339536845684051514e-01
2.179422080516815186e-01
1.352126151323318481e-01
1.794618517160415649e-01
1.611262261867523193e-01
1.540495902299880981e-01
1.747103482484817505e-01
2.132472097873687744e-01
2.470293492078781128e-01
3.418564498424530029e-01
2.597775459289550781e-01
3.453808128833770752e-01
1.813514679670333862e-01
3.793469667434692383e-01
1.284678280353546143e-01
8.320908993482589722e-02
5.552988126873970032e-02
1.142376363277435303e-01
1.514799296855926514e-01
2.623553276062011719e-01
1.485612243413925171e-01
1.275013387203216553e-01
3.594667911529541016e-01
1.677906662225723267e-01
9.201754629611968994e-02
1.051013916730880737e-01
2.272105962038040161e-01
1.095743700861930847e-01
2.005777657032012939e-01
1.332108080387115479e-01
1.982961744070053101e-01
2.091958373785018921e-01
2.215537279844284058e-01
2.125797271728515625e-01
1.871969401836395264e-01
2.062080949544906616e-01
2.177474349737167358e-01
6.626579910516738892e-02
2.189889103174209595e-01
2.112075090408325195e-01
2.138345986604690552e-01
1.378024816513061523e-01
1.461364924907684326e-01
2.242805361747741699e-01
2.837979793548583984e-01
2.676376402378082275e-01
3.619628846645355225e-01
6.664071232080459595e-02
1.103171333670616150e-01
2.346675246953964233e-01
1.293192803859710693e-01
3.111310601234436035e-01
2.481176853179931641e-01
2.811303734779357910e-01
1.159420236945152283e-01
1.771168112754821777e-01
2.662261426448822021e-01
3.501169085502624512e-01
1.601274311542510986e-01
1.689645200967788696e-01
1.237975060939788818e-01
3.450349569320678711e-01
2.177433520555496216e-01
2.131653577089309692e-01
1.965365409851074219e-01
1.172398850321769714e-01
1.489207446575164795e-01
2.888298034667968750e-01
2.385676503181457520e-01
6.942246109247207642e-02
3.244833350181579590e-01
1.479703336954116821e-01
1.324913054704666138e-01
2.108921259641647339e-01
1.976240128278732300e-01
2.037376463413238525e-01
1.066671237349510193e-01
3.226803243160247803e-01
9.450711309909820557e-02
1.805783957242965698e-01
8.905643969774246216e-02
1.584935635328292847e-01
2.339969724416732788e-01
1.675998866558074951e-01
1.163123100996017456e-01
1.162681132555007935e-01
3.199600279331207275e-01
1.470724046230316162e-01
1.445993334054946899e-01
5.252854898571968079e-02
1.763598471879959106e-01
2.557022869586944580e-01
2.476433813571929932e-01
1.033169627189636230e-01
3.283290565013885498e-01
1.338630169630050659e-01
1.023233532905578613e-01
2.365256249904632568e-01
2.734741270542144775e-01
8.014488220214843750e-02
1.273040622472763062e-01
7.779659330844879150e-02
2.549360096454620361e-01
3.686342239379882812e-01
2.018139958381652832e-01
2.841444909572601318e-01
4.151408076286315918e-01
9.275425970554351807e-02
1.364189833402633667e-01
3.173761963844299316e-01
2.291996926069259644e-01
1.105120331048965454e-01
3.322834670543670654e-01
2.232409268617630005e-01
1.632800400257110596e-01
3.775279521942138672e-01
2.391048669815063477e-01
1.387621611356735229e-01
1.010756492614746094e-01
1.435538232326507568e-01
1.375627368688583374e-01
1.263538450002670288e-01
2.006749808788299561e-01
1.200722157955169678e-01
1.705868095159530640e-01
2.016662657260894775e-01
2.390901595354080200e-01
9.994529187679290771e-02
2.573389410972595215e-01
1.123192533850669861e-01
2.810365855693817139e-01
3.417776525020599365e-01
9.413510560989379883e-02
5.012699365615844727e-01
3.776250779628753662e-01
1.175507754087448120e-01
3.807213604450225830e-01
1.562967598438262939e-01
7.052916288375854492e-02
1.651615798473358154e-01
2.812073528766632080e-01
1.961593925952911377e-01
1.456563770771026611e-01
3.442407548427581787e-01
3.152753710746765137e-01
2.934173643589019775e-01
1.669671386480331421e-01
1.659747064113616943e-01
2.332055419683456421e-01
3.052911758422851562e-01
1.563801765441894531e-01
3.303042948246002197e-01
2.393669486045837402e-01
3.005969226360321045e-01
3.129487335681915283e-01
3.160981237888336182e-01
2.502418160438537598e-01
1.688115298748016357e-01
2.765777111053466797e-01
1.338222324848175049e-01
3.076431453227996826e-01
3.249701261520385742e-01
1.539426445960998535e-01
3.098941147327423096e-01
1.180131137371063232e-01
1.753486990928649902e-01
2.993663847446441650e-01
2.190408408641815186e-01
2.726547718048095703e-01
2.488242536783218384e-01
1.301358342170715332e-01
2.284043729305267334e-01
1.826594322919845581e-01
2.595527768135070801e-01
1.949280500411987305e-01
2.025062739849090576e-01
2.343108505010604858e-01
8.145532011985778809e-02
2.822735905647277832e-01
1.869376152753829956e-01
3.100241422653198242e-01
1.599789261817932129e-01
2.131258994340896606e-01
1.451467573642730713e-01
2.424413412809371948e-01
2.177934646606445312e-01
1.675280928611755371e-01
3.762893378734588623e-01
2.381979525089263916e-01
2.011956870555877686e-01
1.678317040205001831e-01
2.118559032678604126e-01
2.942209243774414062e-01
1.229037269949913025e-01
2.381770312786102295e-01
1.613235920667648315e-01
2.577744424343109131e-01
1.323867738246917725e-01
1.965005397796630859e-01
3.874726593494415283e-01
3.444347679615020752e-01
2.717140913009643555e-01
2.470656484365463257e-01
1.753102838993072510e-01
3.689334094524383545e-01
2.296844124794006348e-01
2.103141546249389648e-01
1.161028966307640076e-01
2.205673903226852417e-01
2.987802326679229736e-01
1.923560947179794312e-01
9.903182089328765869e-02
1.474588215351104736e-01
1.162439808249473572e-01
2.542928457260131836e-01
1.071227639913558960e-01
2.018942236900329590e-01
2.632015347480773926e-01
1.588973701000213623e-01
2.319926768541336060e-01
1.355290561914443970e-01
1.881783604621887207e-01
1.959477216005325317e-01
2.207807302474975586e-01
1.582315713167190552e-01
2.117403745651245117e-01
5.363232269883155823e-02
1.610145866870880127e-01
3.643015921115875244e-01
1.261983811855316162e-01
2.433997541666030884e-01
1.900117397308349609e-01
1.904378682374954224e-01
2.402289956808090210e-01
2.572449743747711182e-01
4.229784011840820312e-01
3.349959254264831543e-01
1.735604852437973022e-01
1.940388381481170654e-01
2.793985903263092041e-01
4.122002422809600830e-01
2.771502137184143066e-01
1.646375060081481934e-01
4.037596583366394043e-01
2.910582125186920166e-01
2.237457782030105591e-01
3.124228119850158691e-01
2.370578795671463013e-01
3.138140141963958740e-01
1.621273308992385864e-01
2.184708416461944580e-01
1.467354297637939453e-01
3.972293436527252197e-01
3.796817958354949951e-01
1.485389471054077148e-01
2.187126129865646362e-01
2.636497616767883301e-01
2.124992161989212036e-01
2.137638777494430542e-01
2.018565535545349121e-01
3.204360008239746094e-01
1.505876183509826660e-01
1.568666547536849976e-01
1.676399260759353638e-01
1.529646217823028564e-01
3.864882290363311768e-01
1.770011931657791138e-01
1.070509403944015503e-01
1.853188574314117432e-01
3.151671588420867920e-01
1.348068714141845703e-01
3.751646876335144043e-01
2.032784372568130493e-01
1.510888338088989258e-01
2.819933891296386719e-01
2.911792695522308350e-01
1.732989996671676636e-01
1.713396161794662476e-01
1.798167973756790161e-01
3.189439475536346436e-01
2.144052237272262573e-01
3.121529519557952881e-01
2.089001983404159546e-01
5.223886370658874512e-01
1.724627166986465454e-01
2.528296113014221191e-01
1.470293700695037842e-01
3.466528952121734619e-01
1.395670324563980103e-01
2.125808149576187134e-01
1.416673064231872559e-01
2.508284151554107666e-01
2.255651056766510010e-01
3.074084222316741943e-01
3.690227568149566650e-01
3.663666546344757080e-01
2.367704212665557861e-01
2.248280346393585205e-01
2.375259697437286377e-01
2.307283431291580200e-01
2.107377350330352783e-01
1.423209905624389648e-01
3.836242854595184326e-01
3.115788400173187256e-01
2.412584275007247925e-01
3.268829882144927979e-01
1.785976290702819824e-01
2.093286812305450439e-01
1.927141100168228149e-01
2.642444670200347900e-01
3.679081201553344727e-01
2.363155633211135864e-01
2.566539645195007324e-01
2.643707394599914551e-01
6.688071042299270630e-02
3.173370659351348877e-01
2.729468047618865967e-01
1.707157045602798462e-01
1.779295057058334351e-01
2.294229865074157715e-01
2.673104703426361084e-01
2.348352968692779541e-01
1.831719875335693359e-01
2.810592353343963623e-01
8.618033677339553833e-02
2.462360411882400513e-01
1.523541659116744995e-01
3.322631120681762695e-01
1.742796301841735840e-01
2.943181395530700684e-01
9.621533006429672241e-02
1.736355721950531006e-01
1.785081773996353149e-01
1.799320429563522339e-01
1.964687705039978027e-01
8.026958256959915161e-02
2.183496505022048950e-01
2.954767048358917236e-01
1.452944576740264893e-01
1.256774514913558960e-01
2.057822048664093018e-01
3.732773959636688232e-01
1.471993327140808105e-01
1.625266522169113159e-01
1.868893355131149292e-01
2.995668947696685791e-01
2.418518662452697754e-01
2.646301090717315674e-01
4.535331428050994873e-01
1.969332247972488403e-01
1.904247552156448364e-01
3.051339685916900635e-01
2.875656187534332275e-01
2.925464510917663574e-01
2.124731987714767456e-01
2.144614160060882568e-01
2.914310991764068604e-01
1.302033662796020508e-01
3.819810450077056885e-01
1.877851337194442749e-01
1.319868564605712891e-01
2.156516462564468384e-01
2.999865710735321045e-01
1.854528039693832397e-01
1.245528832077980042e-01
3.464786708354949951e-01
1.271689534187316895e-01
3.053917884826660156e-01
2.620266079902648926e-01
1.730068773031234741e-01
2.872735261917114258e-01
2.423640489578247070e-01
3.205248415470123291e-01
2.585399746894836426e-01
1.714696735143661499e-01
1.275383383035659790e-01
1.377252936363220215e-01
1.720100939273834229e-01
1.173557713627815247e-01
1.773680895566940308e-01
1.826938837766647339e-01
1.708725392818450928e-01
3.090275526046752930e-01
2.538606226444244385e-01
3.372194170951843262e-01
1.714676469564437866e-01
3.198787868022918701e-01
1.633949279785156250e-01
1.136992871761322021e-01
2.643476426601409912e-01
1.367434263229370117e-01
3.243527710437774658e-01
1.969282180070877075e-01
2.863286137580871582e-01
4.310439527034759521e-02
3.976441919803619385e-01
3.608241975307464600e-01
3.404841125011444092e-01
3.306957185268402100e-01
2.215123772621154785e-01
3.446229100227355957e-01
1.652885079383850098e-01
1.755776256322860718e-01
5.058004260063171387e-01
2.997262775897979736e-01
3.003421723842620850e-01
2.092589437961578369e-01
2.569555044174194336e-01
2.237141430377960205e-01
7.885926961898803711e-02
1.311069428920745850e-01
2.002121508121490479e-01
1.873265653848648071e-01
1.824652105569839478e-01
1.771429181098937988e-01
2.567824125289916992e-01
1.047617197036743164e-01
2.321077585220336914e-01
2.861310243606567383e-01
1.435372531414031982e-01
2.098645716905593872e-01
2.740248143672943115e-01
2.230092585086822510e-01
3.576680421829223633e-01
2.609879970550537109e-01
1.868798881769180298e-01
2.765477299690246582e-01
2.545305490493774414e-01
2.683861851692199707e-01
3.362314999103546143e-01
1.759226322174072266e-01
8.838172256946563721e-02
3.605267405509948730e-01
2.072926610708236694e-01
1.712554991245269775e-01
8.586304634809494019e-02
2.958528995513916016e-01
3.433175981044769287e-01
1.410646438598632812e-01
1.887403875589370728e-01
1.472867280244827271e-01
1.187095865607261658e-01
1.711219549179077148e-01
2.718986570835113525e-01
2.412348687648773193e-01
2.018830627202987671e-01
2.534608244895935059e-01
5.694578886032104492e-01
2.029831409454345703e-01
2.388159483671188354e-01
2.911303639411926270e-01
2.529367506504058838e-01
2.134018987417221069e-01
2.302385419607162476e-01
1.593084782361984253e-01
3.002818226814270020e-01
4.048562943935394287e-01
3.096816539764404297e-01
2.107269614934921265e-01
2.247644513845443726e-01
3.185518682003021240e-01
3.218450248241424561e-01
2.321611344814300537e-01
1.141876429319381714e-01
3.094280064105987549e-01
3.679082989692687988e-01
3.031635284423828125e-01
2.083440274000167847e-01
2.281786948442459106e-01
1.754602044820785522e-01
2.599341273307800293e-01
7.377634197473526001e-02
3.755244314670562744e-01
9.740242362022399902e-02
8.334836363792419434e-02
1.839090138673782349e-01
2.251416593790054321e-01
4.672068059444427490e-01
1.740251928567886353e-01
1.480367481708526611e-01
1.795324236154556274e-01
1.624803841114044189e-01
2.037860751152038574e-01
1.897345334291458130e-01
1.175310239195823669e-01
1.947008520364761353e-01
1.368383616209030151e-01
1.294825971126556396e-01
1.621013581752777100e-01
1.333119571208953857e-01
2.336903512477874756e-01
2.124670743942260742e-01
1.677235960960388184e-01
1.019591093063354492e-01
1.518639326095581055e-01
1.038698777556419373e-01
1.802097707986831665e-01
1.027098223567008972e-01
1.259715259075164795e-01
2.049166560173034668e-01
2.072411775588989258e-01
8.898919075727462769e-02
1.495290398597717285e-01
6.391046941280364990e-02
1.653408557176589966e-01
1.298606544733047485e-01
3.761491179466247559e-02
3.917156457901000977e-01
1.189896389842033386e-01
1.491494625806808472e-01
9.637751430273056030e-02
1.761007159948348999e-01
8.890589326620101929e-02
1.695849448442459106e-01
1.581050157546997070e-01
1.449579298496246338e-01
1.154985204339027405e-01
1.818120181560516357e-01
1.156746745109558105e-01
1.642356961965560913e-01
5.323293805122375488e-02
8.792547881603240967e-02
7.935038954019546509e-02
1.552553623914718628e-01
9.935719519853591919e-02
6.745703518390655518e-02
1.601309329271316528e-01
1.164550334215164185e-01
4.941963776946067810e-02
1.023511141538619995e-01
1.180037185549736023e-01
1.002371832728385925e-01
3.068109601736068726e-02
1.117644757032394409e-01
3.134078383445739746e-01
7.029444724321365356e-02
4.995435848832130432e-02
7.416364550590515137e-02
1.541864573955535889e-01
9.157767146825790405e-02
1.388991773128509521e-01
4.592898115515708923e-02
1.392702013254165649e-01
2.588647790253162384e-02
1.754504889249801636e-01
1.344849020242691040e-01
3.251403570175170898e-02
1.285110116004943848e-01
7.856670022010803223e-02
1.503677219152450562e-01
2.014407329261302948e-02
9.646013379096984863e-02
3.004876896739006042e-02
1.165030375123023987e-01
1.375380158424377441e-01
1.159738525748252869e-01
9.929736703634262085e-02
6.599473208189010620e-02
6.664844602346420288e-02
1.744598448276519775e-01
1.841349750757217407e-01
1.043342202901840210e-01
2.084300071001052856e-01
1.228508800268173218e-01
7.391888648271560669e-02
1.181237623095512390e-01
2.580705285072326660e-01
1.764574497938156128e-01
4.189746454358100891e-02
2.739597856998443604e-01
6.203123554587364197e-02
1.004929617047309875e-01
1.549564301967620850e-01
1.990887373685836792e-01
2.053783535957336426e-01
6.855225563049316406e-02
1.313868016004562378e-01
2.376579493284225464e-02
1.240021660923957825e-01
1.700933426618576050e-01
2.489490360021591187e-01
1.786374747753143311e-01
1.055195257067680359e-01
3.233911395072937012e-01
3.598404824733734131e-01
2.298083603382110596e-01
1.014602407813072205e-01
1.724671125411987305e-01
1.535278409719467163e-01
1.617573201656341553e-01
1.004130467772483826e-01
3.559053242206573486e-01
9.399671852588653564e-02
1.394275873899459839e-01
1.648751944303512573e-01
1.001277863979339600e-01
2.076248973608016968e-01
2.056413292884826660e-01
1.824674755334854126e-01
5.705132335424423218e-02
1.518195718526840210e-01
1.618149876594543457e-01
2.348910123109817505e-01
2.109246850013732910e-01
9.661078453063964844e-02
9.561113268136978149e-02
2.412617951631546021e-01
2.119942605495452881e-01
1.310741305351257324e-01
1.337875723838806152e-01
3.468447327613830566e-01
6.206214427947998047e-02
2.814416289329528809e-01
9.020722657442092896e-02
6.286171078681945801e-02
1.683005690574645996e-01
6.665643304586410522e-02
1.428298950195312500e-01
9.159110486507415771e-02
1.107294857501983643e-01
5.703042075037956238e-02
1.725558042526245117e-01
1.306484788656234741e-01
1.720303893089294434e-01
1.056448593735694885e-01
2.086170911788940430e-01
9.592281281948089600e-02
3.812506049871444702e-02
1.204945817589759827e-01
1.717603057622909546e-01
1.672957837581634521e-01
6.418263167142868042e-02
1.231941729784011841e-01
9.366331249475479126e-02
7.586085051298141479e-02
1.127938553690910339e-01
9.213247895240783691e-02
1.106383129954338074e-01
8.750926703214645386e-02
1.759937852621078491e-01
1.183722540736198425e-01
8.371796458959579468e-02
2.186012566089630127e-01
2.573302686214447021e-01
6.410205364227294922e-02
2.244477421045303345e-01
1.474604159593582153e-01
2.142340987920761108e-01
6.236308440566062927e-02
1.641963124275207520e-01
2.677314281463623047e-01
2.241569161415100098e-01
7.505715638399124146e-02
2.699057161808013916e-01
2.063367813825607300e-01
1.043159216642379761e-01
1.553572863340377808e-01
1.205339059233665466e-01
7.107020914554595947e-02
3.561519980430603027e-01
2.423669099807739258e-01
2.011418640613555908e-01
1.375988721847534180e-01
1.991659253835678101e-01
1.834780275821685791e-01
1.437370032072067261e-01
1.841430664062500000e-01
3.490707576274871826e-01
4.038691818714141846e-01
1.044372171163558960e-01
5.133541300892829895e-02
1.745436489582061768e-01
1.168819591403007507e-01
2.413066327571868896e-01
3.484308421611785889e-01
1.725098192691802979e-01
1.580214649438858032e-01
1.910170465707778931e-01
1.403982043266296387e-01
1.438090652227401733e-01
1.429217308759689331e-01
4.764743149280548096e-02
1.176147013902664185e-01
1.734121888875961304e-01
2.038880437612533569e-01
1.172077059745788574e-01
4.582288116216659546e-02
1.189712882041931152e-01
1.573690772056579590e-01
2.418950200080871582e-01
1.930062770843505859e-01
3.940794244408607483e-02
1.069817692041397095e-01
1.366855800151824951e-01
1.017994210124015808e-01
8.286727219820022583e-02
1.554861664772033691e-01
1.990165412425994873e-01
1.048067659139633179e-01
2.840242385864257812e-01
2.400885224342346191e-01
1.976194977760314941e-01
6.190227344632148743e-02
1.532518118619918823e-01
1.914274990558624268e-01
1.005902960896492004e-01
2.079989761114120483e-01
1.331153959035873413e-01
5.588730424642562866e-02
1.425011456012725830e-01
2.977600395679473877e-01
9.844867140054702759e-02
9.974011033773422241e-02
9.532307088375091553e-02
1.697017401456832886e-01
1.634823679924011230e-01
1.221006438136100769e-01
1.023908630013465881e-01
9.765187650918960571e-02
5.037682875990867615e-02
9.205757826566696167e-02
7.255245745182037354e-02
1.461371630430221558e-01
7.037311047315597534e-02
4.131243750452995300e-02
1.331502050161361694e-01
1.047377362847328186e-01
1.396286040544509888e-01
1.060824990272521973e-01
2.140178978443145752e-01
1.037306860089302063e-01
1.482539176940917969e-01
1.335622519254684448e-01
1.145854145288467407e-01
3.028004802763462067e-02
1.486505419015884399e-01
2.351821511983871460e-01
7.918307930231094360e-02
8.984451740980148315e-02
1.291375011205673218e-01
1.825836747884750366e-01
2.007034718990325928e-01
3.316764906048774719e-02
7.300474494695663452e-02
1.475267559289932251e-01
2.089775800704956055e-01
9.497267752885818481e-02
1.693309694528579712e-01
1.157619357109069824e-01
7.553393393754959106e-02
2.128997594118118286e-01
1.335105448961257935e-01
1.332092434167861938e-01
1.236108466982841492e-01
1.692798137664794922e-01
1.395691633224487305e-01
2.014687061309814453e-01
1.932251453399658203e-01
1.672429591417312622e-01
9.433446824550628662e-02
2.600873708724975586e-01
2.709464728832244873e-01
1.530739367008209229e-01
7.312752306461334229e-02
3.799041509628295898e-01
2.137951254844665527e-01
5.291561782360076904e-02
2.088509798049926758e-01
1.646241843700408936e-01
1.662866771221160889e-01
1.582649350166320801e-01
3.370142579078674316e-01
6.187880039215087891e-02
2.306764870882034302e-01
1.349215358495712280e-01
3.676101565361022949e-01
9.079660475254058838e-02
1.154666170477867126e-01
1.490332037210464478e-01
8.588476479053497314e-02
2.245051264762878418e-01
1.357936859130859375e-01
1.367195546627044678e-01
9.808028489351272583e-02
1.243582516908645630e-01
2.668004631996154785e-01
3.196197152137756348e-01
1.941838413476943970e-01
1.783947944641113281e-01
2.417013347148895264e-01
1.831399649381637573e-01
1.315938532352447510e-01
3.001826107501983643e-01
1.587044894695281982e-01
2.070427536964416504e-01
2.262046784162521362e-01
1.661200076341629028e-01
1.206651180982589722e-01
1.299519389867782593e-01
9.349226951599121094e-02
8.475126326084136963e-02
2.157423198223114014e-01
1.170607507228851318e-01
1.339529454708099365e-01
3.181387782096862793e-01
1.245632991194725037e-01
1.860705465078353882e-01
1.054877638816833496e-01
2.105775028467178345e-01
1.175880581140518188e-01
1.976459771394729614e-01
2.001877278089523315e-01
2.243021130561828613e-01
6.208141893148422241e-02
1.759677827358245850e-01
1.642253249883651733e-01
1.787306964397430420e-01
5.254950001835823059e-02
1.076634302735328674e-01
8.809970319271087646e-02
1.686902940273284912e-01
1.874895989894866943e-01
1.004231646656990051e-01
2.298495918512344360e-01
2.339479774236679077e-01
1.210241243243217468e-01
8.633121848106384277e-02
1.854186952114105225e-01
2.402317970991134644e-01
1.162701547145843506e-01
1.380924284458160400e-01
1.346468925476074219e-01
1.430158317089080811e-01
2.515947818756103516e-01
1.853526383638381958e-01
1.936561465263366699e-01
2.013092339038848877e-01
3.455567359924316406e-01
1.187002956867218018e-01
5.573416873812675476e-02
8.481936156749725342e-02
7.008360326290130615e-02
1.464152634143829346e-01
2.012960910797119141e-01
1.286593824625015259e-01
1.600360125303268433e-01
1.764350831508636475e-01
2.326238155364990234e-01
1.970306932926177979e-01
1.241120472550392151e-01
2.160780131816864014e-01
2.265382111072540283e-01
2.615754902362823486e-01
1.323829442262649536e-01
7.938035577535629272e-02
9.661191701889038086e-02
9.748093783855438232e-02
1.674452126026153564e-01
5.108163878321647644e-02
1.085889413952827454e-01
1.189985647797584534e-01
1.509747952222824097e-01
1.401852816343307495e-01
1.775739789009094238e-01
1.345507204532623291e-01
2.194681465625762939e-01
1.218437850475311279e-01
9.965958446264266968e-02
9.827001392841339111e-02
1.756922155618667603e-01
1.631397604942321777e-01
5.637000128626823425e-02
1.703284084796905518e-01
1.161360740661621094e-01
2.751007676124572754e-01
1.347884088754653931e-01
1.646350473165512085e-01
1.953288018703460693e-01
1.768862009048461914e-01
1.151674762368202209e-01
1.385522633790969849e-01
1.889751702547073364e-01
1.414572298526763916e-01
1.708627939224243164e-01
2.184828966856002808e-01
1.459138989448547363e-01
1.162633821368217468e-01
8.656038343906402588e-02
9.704625606536865234e-02
1.817183196544647217e-01
2.045388519763946533e-01
8.904111385345458984e-02
7.088969647884368896e-02
1.076632663607597351e-01
1.170441955327987671e-01
1.476249098777770996e-01
7.890466600656509399e-02
2.548808455467224121e-01
1.307679563760757446e-01
7.811178267002105713e-02
2.086028009653091431e-01
7.905758172273635864e-02
1.539113074541091919e-01
7.267921417951583862e-02
1.786613762378692627e-01
2.985192090272903442e-02
9.004908800125122070e-02
5.766994878649711609e-02
1.328297406435012817e-01
2.067033201456069946e-01
1.736259311437606812e-01
8.723989874124526978e-02
3.891940042376518250e-02
2.277458757162094116e-01
1.375277936458587646e-01
1.958144307136535645e-01
2.057538181543350220e-01
2.218081653118133545e-01
6.728652119636535645e-02
6.035142391920089722e-02
1.734542399644851685e-01
2.912733852863311768e-01
1.587045192718505859e-01
2.980182468891143799e-01
1.349900215864181519e-01
8.175694197416305542e-02
1.244798600673675537e-01
1.500397771596908569e-01
1.329353004693984985e-01
3.204332292079925537e-02
1.286093592643737793e-01
2.271440774202346802e-01
2.253021448850631714e-01
1.876968890428543091e-01
1.170756220817565918e-01
2.068858891725540161e-01
2.072530686855316162e-01
1.114418432116508484e-01
9.736246615648269653e-02
1.923092454671859741e-01
4.995172098278999329e-02
1.904322803020477295e-01
1.574810594320297241e-01
1.886983066797256470e-01
1.547906994819641113e-01
1.041353717446327209e-01
7.878485321998596191e-02
1.617392301559448242e-01
1.677989363670349121e-01
1.412461698055267334e-01
7.989039272069931030e-02
2.087347507476806641e-01
1.422853469848632812e-01
5.534270778298377991e-02
2.772260010242462158e-01
1.847025603055953979e-01
1.504701673984527588e-01
1.625660806894302368e-01
8.349744230508804321e-02
2.444359213113784790e-01
1.568444669246673584e-01
1.311030387878417969e-01
2.540611028671264648e-01
2.851188182830810547e-01
5.653997510671615601e-02
2.402068525552749634e-01
1.176481470465660095e-01
1.300348192453384399e-01
1.652353405952453613e-01
1.487020552158355713e-01
6.233630329370498657e-02
7.192225754261016846e-02
1.320874392986297607e-01
1.539597660303115845e-01
2.654547393321990967e-01
3.069958984851837158e-01
2.100758254528045654e-01
9.590137749910354614e-02
2.454553395509719849e-01
8.558806777000427246e-02
2.101726680994033813e-01
2.977043688297271729e-01
3.544989824295043945e-01
3.490312397480010986e-02
1.488750576972961426e-01
1.290633678436279297e-01
1.543709635734558105e-01
1.317176669836044312e-01
2.834123075008392334e-01
2.119900137186050415e-01
1.783644109964370728e-01
3.142238855361938477e-01
4.909750074148178101e-02
1.173373386263847351e-01
3.381671011447906494e-01
2.071079313755035400e-01
2.321143597364425659e-01
9.736035764217376709e-02
1.429583579301834106e-01
2.130160033702850342e-01
1.146425753831863403e-01
3.133813440799713135e-01
2.021056115627288818e-01
2.437435984611511230e-01
1.613683998584747314e-01
2.115209549665451050e-01
9.188329428434371948e-02
1.308229863643646240e-01
2.151994407176971436e-01
3.077319264411926270e-01
1.503000259399414062e-01
3.055259585380554199e-01
2.326291054487228394e-01
1.104804202914237976e-01
1.225006803870201111e-01
1.471456289291381836e-01
1.672247797250747681e-01
1.157109066843986511e-01
8.248014748096466064e-02
3.497561216354370117e-01
1.799018830060958862e-01
2.120090276002883911e-01
2.719945609569549561e-01
2.383452057838439941e-01
1.338533312082290649e-01
5.418726429343223572e-02
1.017083898186683655e-01
1.386503726243972778e-01
3.174051642417907715e-01
9.991791844367980957e-02
6.440781056880950928e-02
1.819519549608230591e-01
8.004997670650482178e-02
1.736665666103363037e-01
1.953887194395065308e-01
1.658957898616790771e-01
2.540908455848693848e-01
2.524080574512481689e-01
1.247916519641876221e-01
1.115933284163475037e-01
1.369251459836959839e-01
6.427363306283950806e-02
6.703914701938629150e-02
1.310305893421173096e-01
1.435661017894744873e-01
2.905128002166748047e-01
1.063117608428001404e-01
1.335278898477554321e-01
1.627643108367919922e-01
1.808529943227767944e-01
2.254331111907958984e-01
4.056821167469024658e-01
5.955457687377929688e-02
1.450640112161636353e-01
3.332583606243133545e-02
1.209136322140693665e-01
1.192358583211898804e-01
4.239248484373092651e-02
1.158914938569068909e-01
9.206809848546981812e-02
1.160128414630889893e-01
1.271465569734573364e-01
6.583870947360992432e-02
1.574247181415557861e-01
1.007444411516189575e-01
1.729322969913482666e-01
1.260251402854919434e-01
1.886777728796005249e-01
2.063049226999282837e-01
2.329579740762710571e-01
4.878569766879081726e-02
1.814862191677093506e-01
2.271982580423355103e-01
2.285342961549758911e-01
1.766948103904724121e-01
8.557554334402084351e-02
4.586641490459442139e-01
1.345622539520263672e-01
6.891110539436340332e-02
3.670088648796081543e-01
2.578055262565612793e-01
2.566030323505401611e-01
4.133131802082061768e-01
4.714656174182891846e-01
3.349395096302032471e-01
2.397253960371017456e-01
3.138123154640197754e-01
3.874723315238952637e-01
2.815604507923126221e-01
3.202572464942932129e-01
1.295251250267028809e-01
1.128964424133300781e-01
1.265048384666442871e-01
3.770372867584228516e-01
1.601224094629287720e-01
2.319647818803787231e-01
3.114611506462097168e-01
3.759300112724304199e-01
8.492053300142288208e-02
1.039178073406219482e-01
1.600183099508285522e-01
1.969094872474670410e-01
1.584883332252502441e-01
3.057214319705963135e-01
3.020209372043609619e-01
3.065739870071411133e-01
1.841269284486770630e-01
2.287306487560272217e-01
1.242596730589866638e-01
1.499840468168258667e-01
5.355279892683029175e-02
2.254832684993743896e-01
1.626294851303100586e-01
2.814381718635559082e-01
2.537881135940551758e-01
2.510571181774139404e-01
1.476475000381469727e-01
1.301493942737579346e-01
4.812258780002593994e-01
1.672314107418060303e-01
1.412636339664459229e-01
1.504536718130111694e-01
1.595889031887054443e-01
2.043219357728958130e-01
1.990272998809814453e-01
1.001181751489639282e-01
1.822115927934646606e-01
8.263672143220901489e-02
2.078779935836791992e-01
1.556429415941238403e-01
1.691182106733322144e-01
1.995441466569900513e-01
9.259763360023498535e-02
2.788280844688415527e-01
1.251351386308670044e-01
1.970108002424240112e-01
2.268192768096923828e-01
1.493205279111862183e-01
7.547503709793090820e-02
1.240933164954185486e-01
2.729687988758087158e-01
2.213119119405746460e-01
1.029155328869819641e-01
1.076382249593734741e-01
1.351336687803268433e-01
1.936849802732467651e-01
1.800759136676788330e-01
1.795515418052673340e-01
1.138563379645347595e-01
3.364186882972717285e-01
4.920725524425506592e-02
3.221997320652008057e-01
1.853705644607543945e-01
2.345096021890640259e-01
8.707994967699050903e-02
1.598833799362182617e-01
6.323812156915664673e-02
7.753394544124603271e-02
1.948862522840499878e-01
2.621757686138153076e-01
2.217813879251480103e-01
3.101040124893188477e-01
1.757259219884872437e-01
9.106762707233428955e-02
1.274249255657196045e-01
3.117951154708862305e-01
3.396711349487304688e-01
1.630389690399169922e-01
3.294058144092559814e-01
3.917974233627319336e-01
1.831250488758087158e-01
3.123012185096740723e-01
1.241939216852188110e-01
9.488105773925781250e-02
9.157126396894454956e-02
1.634666472673416138e-01
5.010105669498443604e-02
1.633055657148361206e-01
1.869991123676300049e-01
1.687907576560974121e-01
2.989200055599212646e-01
2.827938795089721680e-01
2.848015129566192627e-01
1.063038632273674011e-01
1.178195327520370483e-01
1.878530979156494141e-01
1.448380947113037109e-01
2.168311327695846558e-01
1.671015918254852295e-01
2.292734384536743164e-01
1.085807979106903076e-01
1.185231879353523254e-01
2.036501467227935791e-01
1.484730690717697144e-01
1.346851438283920288e-01
8.418007940053939819e-02
9.576167166233062744e-02
1.004720702767372131e-01
1.601258069276809692e-01
2.266229391098022461e-01
1.373247355222702026e-01
3.339530825614929199e-01
2.034160643815994263e-01
1.349511444568634033e-01
1.427075415849685669e-01
1.646868139505386353e-01
3.645734190940856934e-01
1.310740262269973755e-01
2.356830984354019165e-01
2.913957536220550537e-01
8.847103267908096313e-02
2.112818062305450439e-01
3.339486718177795410e-01
2.692405879497528076e-01
1.151879355311393738e-01
1.045948266983032227e-01
2.360751926898956299e-01
3.399713039398193359e-01
1.343673318624496460e-01
1.134460940957069397e-01
1.360294073820114136e-01
7.609544694423675537e-02
1.736445277929306030e-01
7.685673981904983521e-02
2.078202664852142334e-01
1.707531213760375977e-01
2.132746577262878418e-01
2.153572589159011841e-01
1.175656765699386597e-01
2.936752140522003174e-01
2.257004976272583008e-01
1.653549522161483765e-01
1.720318645238876343e-01
1.522258073091506958e-01
2.402182370424270630e-01
2.802172005176544189e-01
2.538948655128479004e-01
1.686616986989974976e-01
1.101261004805564880e-01
1.801920533180236816e-01
8.519583940505981445e-02
1.350693106651306152e-01
2.634065747261047363e-01
2.477723211050033569e-01
1.382642686367034912e-01
1.548018157482147217e-01
1.612870246171951294e-01
1.956777572631835938e-01
1.981616467237472534e-01
8.112385869026184082e-02
9.332568943500518799e-02
1.039706394076347351e-01
2.264693379402160645e-01
1.972090303897857666e-01
2.079571336507797241e-01
1.404986679553985596e-01
1.792792826890945435e-01
8.767995983362197876e-02
1.719446927309036255e-01
1.522294878959655762e-01
1.371970772743225098e-01
1.285883784294128418e-01
1.134774014353752136e-01
7.511284947395324707e-02
1.614798009395599365e-01
1.673275977373123169e-01
6.673832237720489502e-02
2.282036989927291870e-01
1.039645671844482422e-01
1.081195622682571411e-01
1.376299560070037842e-01
7.343748956918716431e-02
1.392960399389266968e-01
1.531303524971008301e-01
1.234143674373626709e-01
6.815744191408157349e-02
1.439405679702758789e-01
1.457098573446273804e-01
4.136729612946510315e-02
1.230826452374458313e-01
4.535296931862831116e-02
1.204550191760063171e-01
1.130277290940284729e-01
1.051923632621765137e-01
7.135950028896331787e-02
9.662614017724990845e-02
1.310094296932220459e-01
5.031480640172958374e-02
1.478810794651508331e-02
3.793437778949737549e-02
1.295371800661087036e-01
1.344383209943771362e-01
8.901839703321456909e-02
2.422198206186294556e-01
1.029484644532203674e-01
6.792850792407989502e-02
6.893372535705566406e-02
9.784619510173797607e-02
1.532319486141204834e-01
7.570006698369979858e-02
1.418916601687669754e-02
6.011204421520233154e-02
1.574372053146362305e-01
3.514882922172546387e-02
2.467579841613769531e-01
1.308897882699966431e-01
6.853312999010086060e-02
6.186891347169876099e-02
5.763399600982666016e-02
3.318218886852264404e-01
1.969618722796440125e-02
8.279070258140563965e-02
1.217764690518379211e-01
4.547198116779327393e-02
2.273492068052291870e-01
3.091029822826385498e-01
2.591585218906402588e-01
1.478766798973083496e-01
1.008924171328544617e-01
2.131958454847335815e-01
2.362449280917644501e-02
4.642560705542564392e-02
1.099248081445693970e-01
3.419622033834457397e-02
1.330208182334899902e-01
1.022912263870239258e-01
1.273393034934997559e-01
2.345004528760910034e-01
6.471805740147829056e-03
2.122482061386108398e-01
1.448448300361633301e-01
4.636446386575698853e-02
1.117793470621109009e-01
1.235684528946876526e-01
1.315242797136306763e-01
4.825849086046218872e-02
1.625540852546691895e-01
6.412681937217712402e-02
1.489251554012298584e-01
7.355313748121261597e-02
1.768382638692855835e-01
7.691293954849243164e-02
7.133945822715759277e-02
1.553755104541778564e-01
9.921795874834060669e-02
3.086175322532653809e-01
3.504595160484313965e-02
6.340979039669036865e-02
1.731641441583633423e-01
9.309000521898269653e-02
1.529552638530731201e-01
9.414293617010116577e-02
8.696103841066360474e-02
1.027569398283958435e-01
9.075136482715606689e-02
3.893909975886344910e-02
1.092979013919830322e-01
1.050038114190101624e-01
5.958544835448265076e-02
2.752958536148071289e-01
1.431034207344055176e-01
9.544811397790908813e-02
1.247960478067398071e-01
5.468171089887619019e-02
5.553567782044410706e-02
8.920861035585403442e-02
2.704852446913719177e-02
9.427960216999053955e-02
1.858215332031250000e-01
1.839345097541809082e-01
8.412721008062362671e-02
1.021155044436454773e-01
3.530824184417724609e-02
5.860844627022743225e-02
1.957783401012420654e-01
1.624831855297088623e-01
1.808550953865051270e-02
3.464616835117340088e-02
1.334922462701797485e-01
4.178906232118606567e-02
4.682861268520355225e-02
2.183137275278568268e-02
1.931376755237579346e-01
5.941519141197204590e-02
1.044933050870895386e-01
1.172954589128494263e-01
2.233494967222213745e-01
5.268676206469535828e-02
1.366612762212753296e-01
1.431027203798294067e-01
8.368081599473953247e-02
1.443683058023452759e-01
1.461217254400253296e-01
1.010300889611244202e-01
3.703216612339019775e-01
2.050777226686477661e-01
4.037591069936752319e-02
1.219360157847404480e-01
2.290167212486267090e-01
1.252379827201366425e-02
6.564117968082427979e-02
8.757014572620391846e-02
5.773918330669403076e-02
4.084066674113273621e-02
8.712702989578247070e-02
3.869714960455894470e-02
2.763027250766754150e-01
1.008999496698379517e-01
2.274534553289413452e-01
1.450744718313217163e-01
1.609029620885848999e-01
8.990976214408874512e-02
1.151319593191146851e-01
1.829761564731597900e-01
7.873449474573135376e-02
1.441809535026550293e-01
1.058489307761192322e-01
1.590928435325622559e-01
8.483529090881347656e-02
5.888107791543006897e-02
2.842742502689361572e-01
3.114540874958038330e-01
8.389070630073547363e-02
3.002879023551940918e-01
1.244607716798782349e-01
2.619413733482360840e-01
5.329733341932296753e-02
1.388621628284454346e-01
1.773345619440078735e-01
1.568098366260528564e-01
1.241760998964309692e-01
7.997096329927444458e-02
1.059993281960487366e-01
2.176125049591064453e-01
1.039227247238159180e-01
3.923305869102478027e-02
6.512705236673355103e-02
7.612992823123931885e-02
1.250678002834320068e-01
1.684743911027908325e-01
4.601228237152099609e-02
9.335763752460479736e-02
1.180264428257942200e-01
2.338555455207824707e-01
1.167961806058883667e-01
1.356020420789718628e-01
7.252537459135055542e-02
6.425023078918457031e-02
5.212666839361190796e-02
4.836457967758178711e-02
7.072012871503829956e-02
5.708298832178115845e-02
1.131211370229721069e-01
1.280409544706344604e-01
5.881388112902641296e-02
1.370775550603866577e-01
1.091854348778724670e-01
1.531169284135103226e-02
1.855943650007247925e-01
2.607449889183044434e-02
3.709265217185020447e-02
5.757668986916542053e-02
2.058130651712417603e-01
1.432620733976364136e-01
2.724670469760894775e-01
1.127371266484260559e-01
1.080042123794555664e-01
2.057574689388275146e-01
3.925465792417526245e-02
1.217747628688812256e-01
9.497667104005813599e-02
8.008245378732681274e-02
4.824715852737426758e-02
2.714755833148956299e-01
1.172748506069183350e-01
1.492575109004974365e-01
2.606537938117980957e-01
3.360047563910484314e-02
1.604625731706619263e-01
1.320192366838455200e-01
9.448368102312088013e-02
2.034530192613601685e-01
1.192187145352363586e-01
1.004273891448974609e-01
6.404386460781097412e-02
2.304424904286861420e-02
1.004022657871246338e-01
1.073389127850532532e-01
7.658229768276214600e-02
3.100335299968719482e-01
1.526015251874923706e-01
5.796142667531967163e-02
2.419404834508895874e-01
6.267195194959640503e-02
1.383500546216964722e-01
9.626531600952148438e-02
2.007063478231430054e-01
3.929471597075462341e-02
1.228175759315490723e-01
1.386217623949050903e-01
1.248093545436859131e-01
3.548967838287353516e-02
2.140729427337646484e-01
1.128845214843750000e-01
8.717775344848632812e-02
1.653702557086944580e-01
3.631672635674476624e-02
1.664266884326934814e-01
2.066680938005447388e-01
1.347049921751022339e-01
1.534510403871536255e-01
7.451688498258590698e-02
5.385983735322952271e-02
2.614578604698181152e-01
2.171254903078079224e-01
2.849736809730529785e-01
2.221056073904037476e-01
1.779433637857437134e-01
2.457511723041534424e-01
1.400904506444931030e-01
6.127730011940002441e-02
1.328349411487579346e-01
1.507366895675659180e-01
2.357382625341415405e-01
2.355201691389083862e-01
1.981038302183151245e-01
1.329303234815597534e-01
8.931016921997070312e-02
1.812398433685302734e-01
8.537691831588745117e-02
8.315039426088333130e-02
1.217456236481666565e-01
9.242065250873565674e-02
1.262363493442535400e-01
1.641144603490829468e-01
8.873832970857620239e-02
1.051698923110961914e-01
2.460860610008239746e-01
9.354054182767868042e-02
7.047332078218460083e-02
6.609905511140823364e-02
1.139291599392890930e-01
9.393226355314254761e-02
5.684478580951690674e-02
1.913769692182540894e-01
3.429853171110153198e-02
2.229085415601730347e-01
9.925168007612228394e-02
5.496339499950408936e-02
1.281390339136123657e-01
1.406657397747039795e-01
2.025627791881561279e-01
6.152569130063056946e-02
7.462440431118011475e-02
1.971231997013092041e-01
3.392124176025390625e-02
1.446410119533538818e-01
3.238728642463684082e-02
7.513821125030517578e-02
1.973074972629547119e-01
9.071340411901473999e-02
2.149801105260848999e-01
7.131578028202056885e-02
1.229686141014099121e-01
1.892586797475814819e-01
1.256476938724517822e-01
2.981577627360820770e-02
1.015512347221374512e-01
8.449325710535049438e-02
1.475547254085540771e-01
5.371877551078796387e-02
1.007464006543159485e-01
1.742119640111923218e-01
6.112612411379814148e-02
1.316760778427124023e-01
1.930955499410629272e-01
8.956281095743179321e-02
6.002219393849372864e-02
1.763404607772827148e-01
6.922142207622528076e-02
1.269551366567611694e-01
2.030415534973144531e-01
8.673355728387832642e-02
1.159889101982116699e-01
1.985826641321182251e-01
1.634744256734848022e-01
1.050208956003189087e-01
2.767162322998046875e-01
8.293787389993667603e-02
1.199158430099487305e-01
1.303748935461044312e-01
1.943491101264953613e-01
2.014383375644683838e-01
2.001107931137084961e-01
6.292671710252761841e-02
2.318338453769683838e-01
5.409915745258331299e-02
1.748499572277069092e-01
9.534252434968948364e-02
9.126456826925277710e-02
7.558733969926834106e-02
2.658487558364868164e-01
2.647135257720947266e-01
1.681104302406311035e-01
2.262487858533859253e-01
9.267757833003997803e-02
1.384055316448211670e-01
1.820823401212692261e-01
1.295125633478164673e-01
8.610533177852630615e-02
9.835533797740936279e-02
1.575594693422317505e-01
1.661513149738311768e-01
8.841491490602493286e-02
1.555669456720352173e-01
3.424029648303985596e-01
6.811305135488510132e-02
1.755991578102111816e-01
6.860979646444320679e-02
8.272063732147216797e-02
8.071210235357284546e-02
4.143835976719856262e-02
2.660497464239597321e-02
4.699688032269477844e-02
1.256219744682312012e-01
4.965153336524963379e-02
1.731049120426177979e-01
2.841157317161560059e-01
1.238318681716918945e-01
2.023899257183074951e-01
1.929978877305984497e-01
1.032418534159660339e-01
1.710623651742935181e-01
1.559581309556961060e-01
2.523474395275115967e-01
2.393923141062259674e-02
2.577061951160430908e-01
2.883176133036613464e-02
1.148852035403251648e-01
3.991059064865112305e-01
1.286611258983612061e-01
2.301085889339447021e-01
1.970681846141815186e-01
2.301986515522003174e-01
1.090038847178220749e-02
2.372559309005737305e-01
1.781990081071853638e-01
9.979684650897979736e-02
2.535497844219207764e-01
2.001708596944808960e-01
3.271255195140838623e-01
1.773473918437957764e-01
1.478744447231292725e-01
2.092315107583999634e-01
1.225824877619743347e-01
1.160387545824050903e-01
2.030217200517654419e-01
1.919940561056137085e-01
1.085320785641670227e-01
1.291951239109039307e-01
8.184148371219635010e-02
6.242919340729713440e-02
1.372580975294113159e-01
2.134383022785186768e-01
2.106169611215591431e-02
7.905724644660949707e-02
1.330132186412811279e-01
1.238831132650375366e-01
1.268986761569976807e-01
1.434281468391418457e-01
1.393109112977981567e-01
2.099813073873519897e-01
1.576926112174987793e-01
8.121243119239807129e-02
1.695975661277770996e-01
1.951809823513031006e-01
6.442303955554962158e-02
1.543088555335998535e-01
5.277568474411964417e-02
1.046520397067070007e-01
1.554298698902130127e-01
4.407794773578643799e-01
8.915481716394424438e-02
1.555369794368743896e-01
2.242802530527114868e-01
1.974037587642669678e-01
1.132976710796356201e-01
1.046741828322410583e-01
2.269996106624603271e-01
1.948159039020538330e-01
7.999046146869659424e-02
1.410568505525588989e-01
4.198656380176544189e-01
2.084373086690902710e-01
1.760309040546417236e-01
1.264673024415969849e-01
1.197168380022048950e-01
9.328760951757431030e-02
1.392327100038528442e-01
8.475974202156066895e-02
8.125122636556625366e-02
2.487817853689193726e-01
1.042217686772346497e-01
1.857488453388214111e-01
2.234980165958404541e-01
8.429361879825592041e-02
2.678791880607604980e-01
9.303238242864608765e-02
7.127191126346588135e-02
1.052775457501411438e-01
1.448641419410705566e-01
2.156009972095489502e-01
7.253380119800567627e-02
9.956106543540954590e-02
9.143949300050735474e-02
1.262176930904388428e-01
6.170326471328735352e-02
1.036410406231880188e-01
1.344931274652481079e-01
1.399307399988174438e-01
8.191727846860885620e-02
2.335295230150222778e-01
1.070346459746360779e-01
1.648311465978622437e-01
6.552518159151077271e-02
1.489028930664062500e-01
1.667681634426116943e-01
1.560788899660110474e-01
1.730927675962448120e-01
2.025821059942245483e-01
9.444456547498703003e-02
9.479075670242309570e-02
2.277369201183319092e-01
6.796910613775253296e-02
1.683590710163116455e-01
1.695886105298995972e-01
2.450188249349594116e-01
6.522974371910095215e-02
1.910267621278762817e-01
1.570865213871002197e-01
1.961033493280410767e-01
2.084820903837680817e-02
8.602257817983627319e-02
1.031861230731010437e-01
5.537296086549758911e-02
1.176982671022415161e-01
1.563824713230133057e-01
7.047163695096969604e-02
5.538988485932350159e-02
1.598930209875106812e-01
2.963900007307529449e-02
1.845279484987258911e-01
1.715490520000457764e-01
1.514935046434402466e-01
1.393431127071380615e-01
1.071112230420112610e-01
1.204952523112297058e-01
1.262645572423934937e-01
1.419702917337417603e-01
8.309129625558853149e-02
1.177412718534469604e-01
5.432551354169845581e-02
1.042952984571456909e-01
2.533284127712249756e-01
1.652190685272216797e-01
1.634200364351272583e-01
1.398915499448776245e-01
1.622203737497329712e-01
6.969726085662841797e-02
9.016682207584381104e-02
7.544184476137161255e-02
1.402554214000701904e-01
1.700917333364486694e-01
4.448818415403366089e-02
1.787081658840179443e-01
8.810157328844070435e-02
1.188024654984474182e-01
2.621747851371765137e-01
1.162856817245483398e-01
1.639221012592315674e-01
1.943354904651641846e-01
1.313184946775436401e-01
4.310473799705505371e-02
1.751536130905151367e-01
1.077508255839347839e-01
6.637080013751983643e-02
1.031284779310226440e-01
1.654761135578155518e-01
1.399388313293457031e-01
1.905854940414428711e-01
1.502198576927185059e-01
1.123700961470603943e-01
3.398428559303283691e-01
1.901242583990097046e-01
7.454534620046615601e-02
1.069028005003929138e-01
7.405968010425567627e-02
8.839696645736694336e-02
6.992965191602706909e-02
2.386531531810760498e-01
1.984646618366241455e-01
1.845971494913101196e-01
5.208795890212059021e-02
1.691427528858184814e-01
9.574247151613235474e-02
7.345473766326904297e-02
3.461842238903045654e-01
5.079758912324905396e-02
1.303674578666687012e-01
1.558219939470291138e-01
2.304051965475082397e-01
1.746697574853897095e-01
5.288327857851982117e-02
1.080073565244674683e-01
1.475994288921356201e-01
1.317425072193145752e-01
4.745079576969146729e-02
1.444219201803207397e-01
1.438850611448287964e-01
1.247821375727653503e-02
1.978207975625991821e-01
2.385514229536056519e-01
1.497094035148620605e-01
1.931676268577575684e-01
2.170462608337402344e-01
2.189414799213409424e-01
1.347266882658004761e-01
6.142843887209892273e-02
1.006143763661384583e-01
6.014683842658996582e-02
3.093139231204986572e-01
3.525146096944808960e-02
3.398079425096511841e-02
4.094656184315681458e-02
1.679890900850296021e-01
4.297178983688354492e-02
1.232080832123756409e-01
2.611842751502990723e-01
1.182040646672248840e-01
1.139771416783332825e-01
7.088956981897354126e-02
7.593170553445816040e-02
1.841921359300613403e-01
5.786133930087089539e-02
8.312863856554031372e-02
1.007957383990287781e-01
1.198232769966125488e-01
1.056081429123878479e-01
1.074769496917724609e-01
1.737920641899108887e-01
3.547720611095428467e-02
6.714594364166259766e-02
2.206538766622543335e-01
1.196557059884071350e-01
1.121013611555099487e-01
2.645059227943420410e-01
1.301722377538681030e-01
5.465688183903694153e-02
5.973389372229576111e-02
1.875015646219253540e-01
8.509808778762817383e-02
2.726665735244750977e-01
2.639554738998413086e-01
1.487341523170471191e-01
1.177248209714889526e-01
1.186861619353294373e-01
1.831152290105819702e-01
1.451200246810913086e-01
6.109331920742988586e-02
6.774830818176269531e-02
8.995951712131500244e-02
1.529825776815414429e-01
2.823452465236186981e-02
1.233369410037994385e-01
3.080097138881683350e-01
7.549629360437393188e-02
1.643560677766799927e-01
1.022129654884338379e-01
8.773118257522583008e-02
6.826936453580856323e-02
5.117733031511306763e-02
6.256066262722015381e-02
1.697338521480560303e-01
1.935908198356628418e-01
1.220099925994873047e-01
1.699313670396804810e-01
4.775771871209144592e-02
2.685171552002429962e-02
1.353220641613006592e-01
4.189438372850418091e-02
1.109429225325584412e-01
2.378843873739242554e-01
2.788205444812774658e-01
1.802810430526733398e-01
7.687631994485855103e-02
2.855268716812133789e-01
1.355923116207122803e-01
1.448886692523956299e-01
1.694836020469665527e-01
7.650692015886306763e-02
1.409126967191696167e-01
1.490985751152038574e-01
1.278606206178665161e-01
2.632717192173004150e-01
1.530383229255676270e-01
3.018624484539031982e-01
1.658651083707809448e-01
1.746449470520019531e-01
1.569338589906692505e-01
6.938003748655319214e-02
4.698917642235755920e-02
6.664223968982696533e-02
3.990878462791442871e-01
1.962457597255706787e-01
6.352660059928894043e-02
3.877025470137596130e-02
1.788029670715332031e-01
2.073856294155120850e-01
1.023715361952781677e-01
2.023282200098037720e-01
4.338607937097549438e-02
1.657794713973999023e-01
1.115451604127883911e-01
2.057558745145797729e-01
1.756021231412887573e-01
1.029441356658935547e-01
1.063319742679595947e-01
9.808488190174102783e-02
5.480677261948585510e-02
6.670501828193664551e-02
2.808092534542083740e-01
8.973725140094757080e-02
1.480078846216201782e-01
1.425623744726181030e-01
1.198776438832283020e-01
1.136002466082572937e-01
1.228229403495788574e-01
7.646869122982025146e-02
1.850906461477279663e-01
2.219684422016143799e-01
1.034043431282043457e-01
1.581594049930572510e-01
1.907237768173217773e-01
8.931281417608261108e-02
7.165167480707168579e-02
5.997120961546897888e-02
1.341394782066345215e-01
9.877216070890426636e-02
1.484628766775131226e-01
1.228203028440475464e-01
2.684679627418518066e-01
9.388953447341918945e-02
2.787374556064605713e-01
3.818070143461227417e-02
1.445211917161941528e-01
7.342550158500671387e-02
1.275318413972854614e-01
4.377445951104164124e-02
1.628120541572570801e-01
2.235371321439743042e-01
8.395136892795562744e-02
1.992438584566116333e-01
6.636755913496017456e-02
2.091674804687500000e-01
1.510113477706909180e-01
6.775635480880737305e-02
1.059598997235298157e-01
1.839398741722106934e-01
1.682999581098556519e-01
1.382876485586166382e-01
2.907853126525878906e-01
1.582826822996139526e-01
1.689853668212890625e-01
1.615431606769561768e-01
2.419723272323608398e-01
2.198704481124877930e-01
1.032733917236328125e-01
1.860120445489883423e-01
5.473122000694274902e-02
7.544106990098953247e-02
2.165484726428985596e-01
3.685362040996551514e-01
1.892824321985244751e-01
1.722386628389358521e-01
1.869983673095703125e-01
1.064394935965538025e-01
1.773388981819152832e-01
1.672562658786773682e-01
3.128025233745574951e-01
2.826619446277618408e-01
1.110770478844642639e-01
1.336964517831802368e-01
1.447418332099914551e-01
1.650208830833435059e-01
3.396953642368316650e-01
2.977434396743774414e-01
1.829467713832855225e-01
1.545798927545547485e-01
2.423694133758544922e-01
4.829780384898185730e-02
1.430597752332687378e-01
2.284037470817565918e-01
2.054849565029144287e-01
1.467747539281845093e-01
1.860874593257904053e-01
1.575365811586380005e-01
1.920684427022933960e-01
5.193568766117095947e-02
1.427989006042480469e-01
1.698500663042068481e-01
1.968498229980468750e-01
3.762938380241394043e-01
1.883040070533752441e-01
1.382848322391510010e-01
1.641376763582229614e-01
6.054392084479331970e-02
3.068265616893768311e-01
7.684458792209625244e-02
1.313771456480026245e-01
1.536783874034881592e-01
7.717393338680267334e-02
1.891988366842269897e-01
7.497910410165786743e-02
2.033061236143112183e-01
1.234282404184341431e-01
8.472532778978347778e-02
1.202384680509567261e-01
6.359184533357620239e-02
1.338864862918853760e-01
8.755240589380264282e-02
2.822585999965667725e-01
2.414648979902267456e-01
1.977580338716506958e-01
1.043422147631645203e-01
1.315266937017440796e-01
2.936483621597290039e-01
6.862284988164901733e-02
