2.788343191146850586e+00
2.591403245925903320e+00
2.568420886993408203e+00
2.568107604980468750e+00
2.207870721817016602e+00
2.434845209121704102e+00
2.058199882507324219e+00
2.340241909027099609e+00
2.109004735946655273e+00
2.130902290344238281e+00
2.203226566314697266e+00
2.330600976943969727e+00
2.082162141799926758e+00
2.044902086257934570e+00
1.997818112373352051e+00
2.105885505676269531e+00
2.054925680160522461e+00
1.997078776359558105e+00
2.107975244522094727e+00
1.993712544441223145e+00
2.000366687774658203e+00
1.994686365127563477e+00
1.964012145996093750e+00
2.084079742431640625e+00
1.970242857933044434e+00
1.918476581573486328e+00
1.752748250961303711e+00
1.786515593528747559e+00
1.939850807189941406e+00
1.987396359443664551e+00
2.037871122360229492e+00
1.913777470588684082e+00
1.827961564064025879e+00
1.860457897186279297e+00
2.003193140029907227e+00
1.967219710350036621e+00
1.761543393135070801e+00
1.762640953063964844e+00
1.888066887855529785e+00
1.688502430915832520e+00
1.618797063827514648e+00
1.803856611251831055e+00
1.906052112579345703e+00
1.794104576110839844e+00
1.878182768821716309e+00
1.894980669021606445e+00
1.612533211708068848e+00
1.724127531051635742e+00
1.697395086288452148e+00
1.819492220878601074e+00
1.727476477622985840e+00
1.825216770172119141e+00
1.676600337028503418e+00
1.697293639183044434e+00
1.949185490608215332e+00
1.854745984077453613e+00
1.706215620040893555e+00
1.829944849014282227e+00
2.089912414550781250e+00
1.623342394828796387e+00
1.863965749740600586e+00
1.627052307128906250e+00
1.740661859512329102e+00
1.768913269042968750e+00
1.683878302574157715e+00
1.966653347015380859e+00
1.710129976272583008e+00
1.778926372528076172e+00
1.699246525764465332e+00
1.670510411262512207e+00
1.757695317268371582e+00
1.752928495407104492e+00
1.824825048446655273e+00
1.825199842453002930e+00
1.647965550422668457e+00
1.833438754081726074e+00
1.798106670379638672e+00
1.735320687294006348e+00
1.688524484634399414e+00
1.629549622535705566e+00
1.689792513847351074e+00
1.752022624015808105e+00
1.755987405776977539e+00
2.047456741333007812e+00
1.798992514610290527e+00
1.881274580955505371e+00
1.512998461723327637e+00
1.530770063400268555e+00
1.741763472557067871e+00
1.871304035186767578e+00
1.736050605773925781e+00
1.914083600044250488e+00
1.663369774818420410e+00
1.681107759475708008e+00
1.477199792861938477e+00
1.787884712219238281e+00
1.750523447990417480e+00
1.741861820220947266e+00
1.912024021148681641e+00
1.570654153823852539e+00
1.454553127288818359e+00
1.885340213775634766e+00
1.597742438316345215e+00
1.789674520492553711e+00
1.666283249855041504e+00
1.474878191947937012e+00
1.759873390197753906e+00
1.687475085258483887e+00
1.708316922187805176e+00
1.742933511734008789e+00
1.523680090904235840e+00
1.704617619514465332e+00
1.477835536003112793e+00
1.647422552108764648e+00
1.745075464248657227e+00
1.603640794754028320e+00
1.598346233367919922e+00
1.814996361732482910e+00
1.584636449813842773e+00
1.416123867034912109e+00
1.506628632545471191e+00
1.615247488021850586e+00
1.556191325187683105e+00
1.321928620338439941e+00
1.634165525436401367e+00
1.825536966323852539e+00
1.718386173248291016e+00
1.823176980018615723e+00
1.672947287559509277e+00
1.654142856597900391e+00
1.541336297988891602e+00
1.604639410972595215e+00
1.557182550430297852e+00
1.513756990432739258e+00
1.602380752563476562e+00
1.466105699539184570e+00
1.571180462837219238e+00
1.797207951545715332e+00
1.666017174720764160e+00
1.772912502288818359e+00
1.421611428260803223e+00
1.718515396118164062e+00
1.573197960853576660e+00
1.596479654312133789e+00
1.662835717201232910e+00
1.384776234626770020e+00
1.651670694351196289e+00
1.452538967132568359e+00
1.495796442031860352e+00
1.630773425102233887e+00
1.749680280685424805e+00
1.627619504928588867e+00
1.544836997985839844e+00
1.490466237068176270e+00
1.606442332267761230e+00
1.603023171424865723e+00
1.723556876182556152e+00
1.388288378715515137e+00
1.549514055252075195e+00
1.721352934837341309e+00
1.538560271263122559e+00
1.520937919616699219e+00
1.587293028831481934e+00
1.771984219551086426e+00
1.620862603187561035e+00
1.479762792587280273e+00
1.490269660949707031e+00
1.706958651542663574e+00
1.440387010574340820e+00
1.525922060012817383e+00
1.605299234390258789e+00
1.360323667526245117e+00
1.468573689460754395e+00
1.453221321105957031e+00
1.479864835739135742e+00
1.532693028450012207e+00
1.738698124885559082e+00
1.804859876632690430e+00
1.668414473533630371e+00
1.588101983070373535e+00
1.217783212661743164e+00
1.519229769706726074e+00
1.593529820442199707e+00
1.515028476715087891e+00
1.548306584358215332e+00
1.585798621177673340e+00
1.428151965141296387e+00
1.737656831741333008e+00
1.520638704299926758e+00
1.683511018753051758e+00
1.402835845947265625e+00
1.609048962593078613e+00
1.691852211952209473e+00
1.517761826515197754e+00
1.797109961509704590e+00
1.471625804901123047e+00
1.519744515419006348e+00
1.489349246025085449e+00
1.522368192672729492e+00
1.505712628364562988e+00
1.537014007568359375e+00
1.356497645378112793e+00
1.451564788818359375e+00
1.403826117515563965e+00
1.813787341117858887e+00
1.483946919441223145e+00
1.857610583305358887e+00
1.284030079841613770e+00
1.581514835357666016e+00
1.295672893524169922e+00
1.466357707977294922e+00
1.664466381072998047e+00
1.481777191162109375e+00
1.432439684867858887e+00
1.357600092887878418e+00
1.658503651618957520e+00
1.712394118309020996e+00
1.500530600547790527e+00
1.458989977836608887e+00
1.466336131095886230e+00
1.434903025627136230e+00
1.411404490470886230e+00
1.478814482688903809e+00
1.415808200836181641e+00
1.380396127700805664e+00
1.662580132484436035e+00
1.409732460975646973e+00
1.418561577796936035e+00
1.390921711921691895e+00
1.654417753219604492e+00
1.390048503875732422e+00
1.593359947204589844e+00
1.515652060508728027e+00
1.495307803153991699e+00
1.382417678833007812e+00
1.360913038253784180e+00
1.755589365959167480e+00
1.460468888282775879e+00
1.413819909095764160e+00
1.461250185966491699e+00
1.622230172157287598e+00
1.714496850967407227e+00
1.540849924087524414e+00
1.428566575050354004e+00
1.302412748336791992e+00
1.342351198196411133e+00
1.528728365898132324e+00
1.377141356468200684e+00
1.166428327560424805e+00
1.314960360527038574e+00
1.464821100234985352e+00
1.592047333717346191e+00
1.533622503280639648e+00
1.440356612205505371e+00
1.479558348655700684e+00
1.493421435356140137e+00
1.428757786750793457e+00
1.232559204101562500e+00
1.299492359161376953e+00
1.454182267189025879e+00
1.512555241584777832e+00
1.175397872924804688e+00
1.473958253860473633e+00
1.448841810226440430e+00
1.548630118370056152e+00
1.303592324256896973e+00
1.331009387969970703e+00
1.403826117515563965e+00
1.284434795379638672e+00
1.432099461555480957e+00
1.595374107360839844e+00
1.565019607543945312e+00
1.672462940216064453e+00
1.417856693267822266e+00
1.600512623786926270e+00
1.179064631462097168e+00
1.538556218147277832e+00
1.328364729881286621e+00
1.447672963142395020e+00
1.764821410179138184e+00
1.889583826065063477e+00
1.432497978210449219e+00
1.461592674255371094e+00
1.492433190345764160e+00
1.501044988632202148e+00
1.580407142639160156e+00
1.364743828773498535e+00
1.372666478157043457e+00
1.516824364662170410e+00
1.438164830207824707e+00
1.481020927429199219e+00
1.438807845115661621e+00
1.299607157707214355e+00
1.508046746253967285e+00
1.282443642616271973e+00
1.609393835067749023e+00
1.504098415374755859e+00
1.687397599220275879e+00
1.392397165298461914e+00
1.440275073051452637e+00
1.362431168556213379e+00
1.212321877479553223e+00
1.314346551895141602e+00
1.375075936317443848e+00
1.255496263504028320e+00
1.426100373268127441e+00
1.516707539558410645e+00
1.587909221649169922e+00
1.223709702491760254e+00
1.348904848098754883e+00
1.253621101379394531e+00
1.561695814132690430e+00
1.266201734542846680e+00
1.402716755867004395e+00
1.494771003723144531e+00
1.605880260467529297e+00
1.396626830101013184e+00
1.353379249572753906e+00
1.183196663856506348e+00
1.487787485122680664e+00
1.356517434120178223e+00
1.398893117904663086e+00
1.331139564514160156e+00
1.450185775756835938e+00
1.253461122512817383e+00
1.291199207305908203e+00
1.270892858505249023e+00
1.280081510543823242e+00
1.246937990188598633e+00
1.275163292884826660e+00
1.557246804237365723e+00
1.403434157371520996e+00
1.340635061264038086e+00
1.336092591285705566e+00
1.462236762046813965e+00
1.206417083740234375e+00
1.353583216667175293e+00
1.290760278701782227e+00
1.314111471176147461e+00
1.290658235549926758e+00
1.348068475723266602e+00
1.280560612678527832e+00
1.146185040473937988e+00
1.282276511192321777e+00
1.508604764938354492e+00
1.148062467575073242e+00
1.308007240295410156e+00
1.140466690063476562e+00
1.306229352951049805e+00
1.273611903190612793e+00
1.454354286193847656e+00
1.290772676467895508e+00
1.237356543540954590e+00
1.397769331932067871e+00
1.287601232528686523e+00
1.339138031005859375e+00
1.437633752822875977e+00
1.365689635276794434e+00
1.478672623634338379e+00
1.476369619369506836e+00
1.302335500717163086e+00
1.031779050827026367e+00
1.037661790847778320e+00
1.335047721862792969e+00
1.173602819442749023e+00
1.139365315437316895e+00
1.469232320785522461e+00
1.207074642181396484e+00
1.364035844802856445e+00
1.280791401863098145e+00
1.160088419914245605e+00
1.176678299903869629e+00
1.329861760139465332e+00
1.402385592460632324e+00
1.193076014518737793e+00
1.413851141929626465e+00
1.036584377288818359e+00
1.116165995597839355e+00
1.325428843498229980e+00
1.341752052307128906e+00
1.413588643074035645e+00
1.188539743423461914e+00
1.527991175651550293e+00
1.051029682159423828e+00
1.108258485794067383e+00
1.344328641891479492e+00
1.252431154251098633e+00
1.284151673316955566e+00
1.483385801315307617e+00
1.337359547615051270e+00
1.354889392852783203e+00
1.229659795761108398e+00
1.203550577163696289e+00
1.325764536857604980e+00
1.188410520553588867e+00
1.054038763046264648e+00
1.384496927261352539e+00
1.132549643516540527e+00
1.410280823707580566e+00
1.325608730316162109e+00
1.346774458885192871e+00
1.420378208160400391e+00
1.393788933753967285e+00
1.310016512870788574e+00
1.047186493873596191e+00
1.214855432510375977e+00
1.168489575386047363e+00
1.259414434432983398e+00
1.035610437393188477e+00
1.109925270080566406e+00
1.461656689643859863e+00
1.248529076576232910e+00
1.055445432662963867e+00
1.264531135559082031e+00
1.259974360466003418e+00
1.270758748054504395e+00
1.328187227249145508e+00
8.325800895690917969e-01
1.468570351600646973e+00
1.200765132904052734e+00
1.236546039581298828e+00
1.406104207038879395e+00
1.207123517990112305e+00
1.591477274894714355e+00
1.049895286560058594e+00
1.137753367424011230e+00
1.417477846145629883e+00
1.257669329643249512e+00
1.225998044013977051e+00
1.206696510314941406e+00
1.193424582481384277e+00
1.280129194259643555e+00
1.421533823013305664e+00
1.341773867607116699e+00
1.317734003067016602e+00
1.093380928039550781e+00
1.124376893043518066e+00
1.344320654869079590e+00
1.223191738128662109e+00
1.166654109954833984e+00
1.180814623832702637e+00
9.437780380249023438e-01
1.283388733863830566e+00
1.098545670509338379e+00
1.353443503379821777e+00
1.119799613952636719e+00
1.229244947433471680e+00
1.386946439743041992e+00
1.245925068855285645e+00
1.172959208488464355e+00
1.306559801101684570e+00
1.150486111640930176e+00
1.411122798919677734e+00
1.237299680709838867e+00
9.779477715492248535e-01
1.740609169006347656e+00
1.254687786102294922e+00
1.132873892784118652e+00
1.343185544013977051e+00
1.333335399627685547e+00
1.380975484848022461e+00
9.298172593116760254e-01
1.258302569389343262e+00
1.216069579124450684e+00
1.275506258010864258e+00
1.444592237472534180e+00
1.404895782470703125e+00
1.254689216613769531e+00
1.395031571388244629e+00
1.336048960685729980e+00
1.010244488716125488e+00
1.351105451583862305e+00
1.206904053688049316e+00
9.184203147888183594e-01
1.110719799995422363e+00
1.183316349983215332e+00
1.253437519073486328e+00
1.128355026245117188e+00
1.246243953704833984e+00
1.344418168067932129e+00
1.124111533164978027e+00
1.145282745361328125e+00
1.284399032592773438e+00
1.326657176017761230e+00
1.496276021003723145e+00
1.208294630050659180e+00
9.467257261276245117e-01
1.262472867965698242e+00
1.369243025779724121e+00
9.805898070335388184e-01
1.262731075286865234e+00
1.209122180938720703e+00
9.505408406257629395e-01
1.097542166709899902e+00
9.866778254508972168e-01
9.534685015678405762e-01
1.256456255912780762e+00
1.270908117294311523e+00
1.249575257301330566e+00
1.369720220565795898e+00
1.052681684494018555e+00
1.242900848388671875e+00
1.317111015319824219e+00
1.052049756050109863e+00
1.201766371726989746e+00
1.120531916618347168e+00
1.256339430809020996e+00
1.338503479957580566e+00
8.772562146186828613e-01
1.245564699172973633e+00
1.042834281921386719e+00
1.200490236282348633e+00
1.394703030586242676e+00
1.258517026901245117e+00
1.054082989692687988e+00
9.461123943328857422e-01
1.220386981964111328e+00
1.194934844970703125e+00
1.158507108688354492e+00
1.443541765213012695e+00
1.283475160598754883e+00
9.091091752052307129e-01
1.348231911659240723e+00
9.307062029838562012e-01
1.085388422012329102e+00
1.352861404418945312e+00
1.102475643157958984e+00
1.365208029747009277e+00
1.400273680686950684e+00
1.207229733467102051e+00
9.879261255264282227e-01
1.120279788970947266e+00
1.069006562232971191e+00
1.167037248611450195e+00
1.201478958129882812e+00
1.072523593902587891e+00
1.228447914123535156e+00
1.343601465225219727e+00
9.153501987457275391e-01
9.897573590278625488e-01
1.003129839897155762e+00
1.334458112716674805e+00
1.017345666885375977e+00
1.055902242660522461e+00
1.189270019531250000e+00
1.044624209403991699e+00
1.142808914184570312e+00
1.494191408157348633e+00
1.287892937660217285e+00
9.446993470191955566e-01
9.695169925689697266e-01
1.088796257972717285e+00
1.025915980339050293e+00
9.919777512550354004e-01
1.222338438034057617e+00
1.170227766036987305e+00
1.153250098228454590e+00
1.291481137275695801e+00
1.485545039176940918e+00
1.091442942619323730e+00
1.394681811332702637e+00
1.279680371284484863e+00
1.349550843238830566e+00
1.450336456298828125e+00
1.074053406715393066e+00
1.126555800437927246e+00
1.125397324562072754e+00
9.334365725517272949e-01
1.271034002304077148e+00
1.128309965133666992e+00
1.061496138572692871e+00
1.158137440681457520e+00
1.106806874275207520e+00
1.022337555885314941e+00
1.071954011917114258e+00
1.213749289512634277e+00
1.179357767105102539e+00
1.022374868392944336e+00
1.249667525291442871e+00
1.193874716758728027e+00
7.841644883155822754e-01
1.084879040718078613e+00
1.269911289215087891e+00
1.154772043228149414e+00
1.058470249176025391e+00
1.031660556793212891e+00
1.124624371528625488e+00
1.051759123802185059e+00
1.061825513839721680e+00
1.010810017585754395e+00
9.942026138305664062e-01
1.334194660186767578e+00
8.142722249031066895e-01
1.326026439666748047e+00
9.727217555046081543e-01
1.116629958152770996e+00
1.001707553863525391e+00
1.131417274475097656e+00
1.019547462463378906e+00
1.055537939071655273e+00
1.228596687316894531e+00
9.991430044174194336e-01
8.841879367828369141e-01
1.186861515045166016e+00
9.701285958290100098e-01
1.244817733764648438e+00
9.225983023643493652e-01
8.970758914947509766e-01
1.138047099113464355e+00
1.076321959495544434e+00
1.216356396675109863e+00
1.176829934120178223e+00
9.986745119094848633e-01
1.098247170448303223e+00
1.217521905899047852e+00
1.035374522209167480e+00
1.137012839317321777e+00
1.066074013710021973e+00
9.233506917953491211e-01
1.146088838577270508e+00
1.171647191047668457e+00
1.105895996093750000e+00
1.189094066619873047e+00
1.067224383354187012e+00
1.185964107513427734e+00
1.330280780792236328e+00
1.075013041496276855e+00
9.948590397834777832e-01
1.095592379570007324e+00
1.170268774032592773e+00
1.150933027267456055e+00
1.159481048583984375e+00
1.070183157920837402e+00
9.215883016586303711e-01
1.118752598762512207e+00
1.306084275245666504e+00
1.209991335868835449e+00
1.175494670867919922e+00
1.071214199066162109e+00
1.046422719955444336e+00
9.046922922134399414e-01
1.004976272583007812e+00
9.631887674331665039e-01
9.102354645729064941e-01
1.116393089294433594e+00
9.218057990074157715e-01
1.008880019187927246e+00
1.182207465171813965e+00
1.310195207595825195e+00
8.959776163101196289e-01
1.301806211471557617e+00
1.231951832771301270e+00
1.068819642066955566e+00
1.014044523239135742e+00
1.239367604255676270e+00
7.586184144020080566e-01
1.116221070289611816e+00
9.229462742805480957e-01
1.035053014755249023e+00
1.282773971557617188e+00
1.064439654350280762e+00
1.383255600929260254e+00
1.148717403411865234e+00
1.339417457580566406e+00
1.253445029258728027e+00
1.062702894210815430e+00
1.084495306015014648e+00
9.746695756912231445e-01
9.100124239921569824e-01
9.763736128807067871e-01
1.097317934036254883e+00
1.200053095817565918e+00
1.312116742134094238e+00
1.216106653213500977e+00
9.810117483139038086e-01
9.864249229431152344e-01
1.103673934936523438e+00
1.128175497055053711e+00
1.217879414558410645e+00
1.203762769699096680e+00
1.044417977333068848e+00
9.937644600868225098e-01
1.246653795242309570e+00
9.151171445846557617e-01
9.124447703361511230e-01
8.878898620605468750e-01
1.281884908676147461e+00
9.404382109642028809e-01
1.038126945495605469e+00
9.281474351882934570e-01
1.163324832916259766e+00
9.616494178771972656e-01
8.763180971145629883e-01
1.088665246963500977e+00
1.231869101524353027e+00
1.143314003944396973e+00
1.351149201393127441e+00
1.205941319465637207e+00
9.559388160705566406e-01
1.083968400955200195e+00
1.048316121101379395e+00
1.463338494300842285e+00
8.725401163101196289e-01
9.319770932197570801e-01
9.309756755828857422e-01
1.098463058471679688e+00
1.068634271621704102e+00
1.104002833366394043e+00
1.008735895156860352e+00
1.225103855133056641e+00
1.102535009384155273e+00
1.024268150329589844e+00
9.566496610641479492e-01
9.830001592636108398e-01
9.366235136985778809e-01
8.659868240356445312e-01
1.056360125541687012e+00
9.919326305389404297e-01
9.070822000503540039e-01
9.522086977958679199e-01
1.079890251159667969e+00
1.080148458480834961e+00
1.170254945755004883e+00
1.091051220893859863e+00
1.012855410575866699e+00
1.176062822341918945e+00
1.185379266738891602e+00
1.210827350616455078e+00
1.013202428817749023e+00
1.137883067131042480e+00
1.102826833724975586e+00
9.002702236175537109e-01
1.167748451232910156e+00
1.225189924240112305e+00
1.038259625434875488e+00
1.051553368568420410e+00
9.697633385658264160e-01
9.831588268280029297e-01
1.028255105018615723e+00
8.864386677742004395e-01
1.170238137245178223e+00
1.237251281738281250e+00
1.293729186058044434e+00
1.035236001014709473e+00
1.058003783226013184e+00
1.146403908729553223e+00
1.156861782073974609e+00
1.103967547416687012e+00
1.096324086189270020e+00
1.003422498703002930e+00
8.866289854049682617e-01
1.090638875961303711e+00
8.578855991363525391e-01
1.187228202819824219e+00
1.371079206466674805e+00
1.052972912788391113e+00
1.079764246940612793e+00
1.126106381416320801e+00
1.382110357284545898e+00
1.028507828712463379e+00
1.106554150581359863e+00
9.613634943962097168e-01
7.663149833679199219e-01
9.738390445709228516e-01
9.875622391700744629e-01
8.624367713928222656e-01
9.228586554527282715e-01
1.249939560890197754e+00
1.210543394088745117e+00
1.327138423919677734e+00
9.407452940940856934e-01
1.041255712509155273e+00
7.851353883743286133e-01
1.050023674964904785e+00
1.046820998191833496e+00
8.570231199264526367e-01
7.559030652046203613e-01
9.083788990974426270e-01
1.158395171165466309e+00
9.306839704513549805e-01
9.264156818389892578e-01
1.356757164001464844e+00
1.024441599845886230e+00
8.389745354652404785e-01
1.078950047492980957e+00
9.543365836143493652e-01
9.931726455688476562e-01
9.642137885093688965e-01
1.027123332023620605e+00
1.178287506103515625e+00
9.549391865730285645e-01
1.004050731658935547e+00
9.521807432174682617e-01
9.180376529693603516e-01
9.517413973808288574e-01
9.592928290367126465e-01
1.027188539505004883e+00
9.801961183547973633e-01
1.014906406402587891e+00
1.303540706634521484e+00
1.224026322364807129e+00
8.207569718360900879e-01
1.107216477394104004e+00
9.070963263511657715e-01
9.151934385299682617e-01
8.423575758934020996e-01
7.384939193725585938e-01
9.273135066032409668e-01
7.598195672035217285e-01
1.252132892608642578e+00
1.324697256088256836e+00
1.032000660896301270e+00
9.397823810577392578e-01
8.284453749656677246e-01
1.089311003684997559e+00
8.639535307884216309e-01
1.128871679306030273e+00
1.019121050834655762e+00
1.091394782066345215e+00
1.128844618797302246e+00
9.781941175460815430e-01
7.089912891387939453e-01
9.046502113342285156e-01
8.727222084999084473e-01
1.190314650535583496e+00
8.024998307228088379e-01
1.068275809288024902e+00
1.166041016578674316e+00
9.972897171974182129e-01
1.229764223098754883e+00
9.525078535079956055e-01
1.093828320503234863e+00
1.367879390716552734e+00
9.782193899154663086e-01
1.152507066726684570e+00
8.654661178588867188e-01
1.228662252426147461e+00
1.361569762229919434e+00
9.117395877838134766e-01
1.094315886497497559e+00
8.531765937805175781e-01
1.040727138519287109e+00
8.578959107398986816e-01
1.026359081268310547e+00
1.059096693992614746e+00
7.505648136138916016e-01
1.082223415374755859e+00
8.643372058868408203e-01
1.061486959457397461e+00
1.076411247253417969e+00
9.207792878150939941e-01
7.530602216720581055e-01
8.992507457733154297e-01
1.013413906097412109e+00
8.373404145240783691e-01
8.185981512069702148e-01
9.922837615013122559e-01
9.287665486335754395e-01
1.074255704879760742e+00
9.922661781311035156e-01
1.003891706466674805e+00
1.279563426971435547e+00
1.039577484130859375e+00
1.056919455528259277e+00
9.542015194892883301e-01
6.209185123443603516e-01
1.254257440567016602e+00
1.103008270263671875e+00
1.046726226806640625e+00
9.044486284255981445e-01
1.079977154731750488e+00
8.358129262924194336e-01
7.210180163383483887e-01
9.040849804878234863e-01
1.412316679954528809e+00
8.976885080337524414e-01
1.179439783096313477e+00
1.264502167701721191e+00
9.916595220565795898e-01
9.595854878425598145e-01
1.036762952804565430e+00
8.261791467666625977e-01
1.077051758766174316e+00
1.222643375396728516e+00
1.132087588310241699e+00
9.773606061935424805e-01
9.250469803810119629e-01
1.102862715721130371e+00
1.048983693122863770e+00
1.098041892051696777e+00
8.440979123115539551e-01
1.100538492202758789e+00
9.478695392608642578e-01
1.027581214904785156e+00
9.343115687370300293e-01
1.088910102844238281e+00
1.154536247253417969e+00
1.482288956642150879e+00
9.950925707817077637e-01
9.581982493400573730e-01
9.389244318008422852e-01
1.025361418724060059e+00
7.780381441116333008e-01
8.951049447059631348e-01
9.080312252044677734e-01
8.887284994125366211e-01
1.056795716285705566e+00
1.057177424430847168e+00
8.561643362045288086e-01
7.292332649230957031e-01
9.653400182723999023e-01
1.037668466567993164e+00
1.267714023590087891e+00
8.940894603729248047e-01
6.883698701858520508e-01
9.122935533523559570e-01
9.998558163642883301e-01
8.069323897361755371e-01
1.053259849548339844e+00
7.137274742126464844e-01
9.240958690643310547e-01
1.213024377822875977e+00
6.381965279579162598e-01
8.586236834526062012e-01
1.021345853805541992e+00
1.400445222854614258e+00
1.112978100776672363e+00
9.679706096649169922e-01
7.671491503715515137e-01
1.213066577911376953e+00
7.362103462219238281e-01
1.122002243995666504e+00
9.363894462585449219e-01
1.153138041496276855e+00
8.908926844596862793e-01
8.372130990028381348e-01
7.855201959609985352e-01
6.532319188117980957e-01
1.241623640060424805e+00
9.325889348983764648e-01
9.553895592689514160e-01
7.789196372032165527e-01
9.847711920738220215e-01
1.044920563697814941e+00
1.014937281608581543e+00
9.736318588256835938e-01
6.845048069953918457e-01
1.019888162612915039e+00
1.198921680450439453e+00
7.927985787391662598e-01
1.001214861869812012e+00
8.716885447502136230e-01
9.335252642631530762e-01
8.997585773468017578e-01
8.589169383049011230e-01
8.252893686294555664e-01
8.642827868461608887e-01
1.164578795433044434e+00
6.663142442703247070e-01
1.152321577072143555e+00
1.165687799453735352e+00
1.281533479690551758e+00
8.144694566726684570e-01
1.034642577171325684e+00
1.019307613372802734e+00
8.840640783309936523e-01
9.106012582778930664e-01
9.577514529228210449e-01
9.062521457672119141e-01
1.024709463119506836e+00
1.153254151344299316e+00
7.289311885833740234e-01
9.330932497978210449e-01
1.003403663635253906e+00
9.289865493774414062e-01
9.815675020217895508e-01
1.042407393455505371e+00
1.069999217987060547e+00
1.068209767341613770e+00
1.018294930458068848e+00
1.239097237586975098e+00
7.422997951507568359e-01
1.088322162628173828e+00
1.020106315612792969e+00
8.408969640731811523e-01
1.092413425445556641e+00
8.602880239486694336e-01
9.066257476806640625e-01
8.139717578887939453e-01
7.440090775489807129e-01
9.631148576736450195e-01
9.505573511123657227e-01
1.200496435165405273e+00
9.948652386665344238e-01
8.139534592628479004e-01
9.544391036033630371e-01
8.941980600357055664e-01
1.095747470855712891e+00
1.003150343894958496e+00
1.189297199249267578e+00
1.315090298652648926e+00
1.168916344642639160e+00
8.446717858314514160e-01
7.064574956893920898e-01
1.046403408050537109e+00
7.516218423843383789e-01
1.249774575233459473e+00
8.758797049522399902e-01
8.802757263183593750e-01
1.003928661346435547e+00
9.699406623840332031e-01
8.625911474227905273e-01
1.148425579071044922e+00
6.576429605484008789e-01
1.107101082801818848e+00
1.037597298622131348e+00
9.512467980384826660e-01
1.029366016387939453e+00
9.047735333442687988e-01
7.841163873672485352e-01
9.195777773857116699e-01
1.067545890808105469e+00
9.578798413276672363e-01
6.070727109909057617e-01
9.482932686805725098e-01
9.884988069534301758e-01
8.391720652580261230e-01
1.042701959609985352e+00
1.027852416038513184e+00
9.933068156242370605e-01
8.751248717308044434e-01
9.572122097015380859e-01
8.250506520271301270e-01
8.694594502449035645e-01
9.049056172370910645e-01
8.637519478797912598e-01
1.032998323440551758e+00
8.527542352676391602e-01
1.098594069480895996e+00
1.252162814140319824e+00
6.264948844909667969e-01
1.150458335876464844e+00
8.426245450973510742e-01
8.379845619201660156e-01
9.357910752296447754e-01
1.015049934387207031e+00
9.978188872337341309e-01
1.105088829994201660e+00
1.056745648384094238e+00
6.898317933082580566e-01
1.027318716049194336e+00
9.887853860855102539e-01
9.615827798843383789e-01
1.206402897834777832e+00
1.024764060974121094e+00
7.819600105285644531e-01
9.184002280235290527e-01
1.124394416809082031e+00
8.459329605102539062e-01
1.132049679756164551e+00
8.331923484802246094e-01
9.636345505714416504e-01
7.063065171241760254e-01
9.757955670356750488e-01
9.814619421958923340e-01
8.008233308792114258e-01
7.261763215065002441e-01
7.609284520149230957e-01
9.005584716796875000e-01
8.705042004585266113e-01
7.710585594177246094e-01
7.360975742340087891e-01
9.199741482734680176e-01
8.873012661933898926e-01
9.691658616065979004e-01
1.085370779037475586e+00
7.654457092285156250e-01
9.311981797218322754e-01
8.682178854942321777e-01
1.022728800773620605e+00
7.422122955322265625e-01
9.286199212074279785e-01
9.528742432594299316e-01
9.973630905151367188e-01
1.010025143623352051e+00
9.972965717315673828e-01
9.344626069068908691e-01
8.325123190879821777e-01
1.060473084449768066e+00
7.845697999000549316e-01
1.124684214591979980e+00
1.041324138641357422e+00
9.905824065208435059e-01
8.653492927551269531e-01
1.009006142616271973e+00
1.143024325370788574e+00
9.646312594413757324e-01
8.131644725799560547e-01
7.968396544456481934e-01
8.904921412467956543e-01
7.143604159355163574e-01
9.819316267967224121e-01
1.011901617050170898e+00
9.831571578979492188e-01
6.959453821182250977e-01
9.117552042007446289e-01
8.644714951515197754e-01
9.788169264793395996e-01
7.328142523765563965e-01
8.581978678703308105e-01
7.897474765777587891e-01
9.469689726829528809e-01
7.967343926429748535e-01
1.012645602226257324e+00
8.690834641456604004e-01
8.422141671180725098e-01
6.864304542541503906e-01
8.406943678855895996e-01
7.587417960166931152e-01
1.255792140960693359e+00
6.640508174896240234e-01
8.335819244384765625e-01
9.902442097663879395e-01
8.336450457572937012e-01
7.606234550476074219e-01
9.441791772842407227e-01
7.623023986816406250e-01
1.259961485862731934e+00
6.852136850357055664e-01
1.079315304756164551e+00
7.442497611045837402e-01
8.773987889289855957e-01
1.050979733467102051e+00
8.214088678359985352e-01
9.990649223327636719e-01
1.147973537445068359e+00
7.609108686447143555e-01
1.036033749580383301e+00
8.500894904136657715e-01
7.105152606964111328e-01
7.886216640472412109e-01
1.007795572280883789e+00
1.045286893844604492e+00
1.005438327789306641e+00
9.585421681404113770e-01
9.607405066490173340e-01
9.055931568145751953e-01
1.119041800498962402e+00
9.922687411308288574e-01
1.088183641433715820e+00
8.018357157707214355e-01
1.278478145599365234e+00
1.003529429435729980e+00
9.471650123596191406e-01
9.532142281532287598e-01
1.274145483970642090e+00
9.023997783660888672e-01
7.486336827278137207e-01
1.002095222473144531e+00
1.102717995643615723e+00
7.151774168014526367e-01
6.693728566169738770e-01
8.020859360694885254e-01
1.096991896629333496e+00
7.998567223548889160e-01
8.115422129631042480e-01
7.920350432395935059e-01
9.777716994285583496e-01
9.721551537513732910e-01
7.315335273742675781e-01
7.733389735221862793e-01
7.603788971900939941e-01
7.121820449829101562e-01
8.358822464942932129e-01
7.062165737152099609e-01
9.260666966438293457e-01
1.111507415771484375e+00
9.506571292877197266e-01
8.021666407585144043e-01
9.874876737594604492e-01
8.107727169990539551e-01
8.541910052299499512e-01
4.949118494987487793e-01
9.964696168899536133e-01
1.068643450736999512e+00
8.170277476310729980e-01
8.180152177810668945e-01
9.218480587005615234e-01
8.843145370483398438e-01
8.357878923416137695e-01
9.028207063674926758e-01
7.112451791763305664e-01
7.673899531364440918e-01
1.092747092247009277e+00
1.098694443702697754e+00
1.063132643699645996e+00
1.196447610855102539e+00
8.233310580253601074e-01
8.956264257431030273e-01
6.576787829399108887e-01
8.906473517417907715e-01
1.120260834693908691e+00
1.220432162284851074e+00
7.311982512474060059e-01
9.120684266090393066e-01
8.260259628295898438e-01
1.144070148468017578e+00
7.590650916099548340e-01
7.706145644187927246e-01
1.112800598144531250e+00
8.904072046279907227e-01
6.663928627967834473e-01
1.098463177680969238e+00
8.240681290626525879e-01
1.007223129272460938e+00
8.765882253646850586e-01
9.404811263084411621e-01
7.044610381126403809e-01
8.762641549110412598e-01
1.177912354469299316e+00
7.588150501251220703e-01
1.046580433845520020e+00
8.868262767791748047e-01
9.350147247314453125e-01
1.059585809707641602e+00
1.268245577812194824e+00
1.191567063331604004e+00
9.127556681632995605e-01
9.612725377082824707e-01
9.100665450096130371e-01
9.328847527503967285e-01
7.798449397087097168e-01
7.332871556282043457e-01
8.254674673080444336e-01
8.360975980758666992e-01
8.918955326080322266e-01
8.555842041969299316e-01
9.119095802307128906e-01
1.014763832092285156e+00
9.177578091621398926e-01
6.877782344818115234e-01
1.018614530563354492e+00
8.889540433883666992e-01
8.892486095428466797e-01
7.586160898208618164e-01
7.712758183479309082e-01
9.597627520561218262e-01
1.026655077934265137e+00
1.014404296875000000e+00
9.124780297279357910e-01
8.931393623352050781e-01
8.684353828430175781e-01
9.119625687599182129e-01
1.051468849182128906e+00
8.196319937705993652e-01
5.846976637840270996e-01
8.471398353576660156e-01
9.217993617057800293e-01
8.145239353179931641e-01
1.045032739639282227e+00
6.924568414688110352e-01
6.757329106330871582e-01
8.296157717704772949e-01
9.278102517127990723e-01
8.498283028602600098e-01
8.166196346282958984e-01
7.154498100280761719e-01
9.550682902336120605e-01
9.496219158172607422e-01
8.680670857429504395e-01
7.663767337799072266e-01
9.556064605712890625e-01
9.434681534767150879e-01
9.231956005096435547e-01
8.267294168472290039e-01
6.488205194473266602e-01
9.663096666336059570e-01
7.341470718383789062e-01
1.009230017662048340e+00
7.599736452102661133e-01
1.152761220932006836e+00
4.632645547389984131e-01
8.382166624069213867e-01
6.833026409149169922e-01
8.953927755355834961e-01
9.166763424873352051e-01
7.003409862518310547e-01
7.895472645759582520e-01
9.076539278030395508e-01
6.703227162361145020e-01
8.270215392112731934e-01
9.654127359390258789e-01
7.401169538497924805e-01
8.562423586845397949e-01
8.420877456665039062e-01
8.744435906410217285e-01
1.193674087524414062e+00
7.909934520721435547e-01
7.632139325141906738e-01
9.742562174797058105e-01
1.210569858551025391e+00
9.556910991668701172e-01
9.513878226280212402e-01
9.967785477638244629e-01
6.668280363082885742e-01
9.430910944938659668e-01
8.571895360946655273e-01
9.654362201690673828e-01
6.658772230148315430e-01
1.111108303070068359e+00
8.529313802719116211e-01
8.077890872955322266e-01
7.607254981994628906e-01
7.876945734024047852e-01
8.065536022186279297e-01
7.235217690467834473e-01
9.409737586975097656e-01
1.172542095184326172e+00
9.180170297622680664e-01
8.315827846527099609e-01
7.680011391639709473e-01
7.037047743797302246e-01
7.767140269279479980e-01
9.210945963859558105e-01
8.289129734039306641e-01
8.051856756210327148e-01
6.514818668365478516e-01
7.208972573280334473e-01
8.511677980422973633e-01
5.899579524993896484e-01
8.770755529403686523e-01
8.369902968406677246e-01
8.758754730224609375e-01
8.707089424133300781e-01
7.350521087646484375e-01
8.784174919128417969e-01
8.944227099418640137e-01
9.529740810394287109e-01
8.306494951248168945e-01
9.170896410942077637e-01
8.103156089782714844e-01
8.206579089164733887e-01
9.131955504417419434e-01
1.139980912208557129e+00
8.949344754219055176e-01
7.647477388381958008e-01
8.190782666206359863e-01
9.611225724220275879e-01
9.547097682952880859e-01
8.313136696815490723e-01
7.630073428153991699e-01
6.582603454589843750e-01
1.042052745819091797e+00
1.136310696601867676e+00
7.622058987617492676e-01
7.872014641761779785e-01
9.091245532035827637e-01
7.946020364761352539e-01
9.597858786582946777e-01
9.798267483711242676e-01
1.102654457092285156e+00
8.068844676017761230e-01
8.920068144798278809e-01
7.545096874237060547e-01
8.131147623062133789e-01
8.558234572410583496e-01
9.872822761535644531e-01
7.667919397354125977e-01
8.069586157798767090e-01
1.335782527923583984e+00
9.610508680343627930e-01
8.779297471046447754e-01
8.564984202384948730e-01
7.319549918174743652e-01
1.236014008522033691e+00
1.069799423217773438e+00
8.119907379150390625e-01
9.701015949249267578e-01
8.845646381378173828e-01
7.363254427909851074e-01
8.302114605903625488e-01
1.057691454887390137e+00
5.791039466857910156e-01
8.908737301826477051e-01
7.002834081649780273e-01
1.005138039588928223e+00
7.450774908065795898e-01
8.923445940017700195e-01
7.497420310974121094e-01
7.572755217552185059e-01
7.531417608261108398e-01
8.732856512069702148e-01
8.418458104133605957e-01
7.280956506729125977e-01
1.169237852096557617e+00
7.955533862113952637e-01
8.983616828918457031e-01
6.737998723983764648e-01
6.538211703300476074e-01
8.643144965171813965e-01
9.412480592727661133e-01
8.295965790748596191e-01
6.195158362388610840e-01
8.366633057594299316e-01
9.905872941017150879e-01
9.729449152946472168e-01
6.648641824722290039e-01
1.019605398178100586e+00
9.383350014686584473e-01
9.491069912910461426e-01
8.098648190498352051e-01
9.547467827796936035e-01
8.814389705657958984e-01
8.197318315505981445e-01
9.286606907844543457e-01
6.736852526664733887e-01
5.571268796920776367e-01
8.127364516258239746e-01
8.206106424331665039e-01
9.959560632705688477e-01
7.016602158546447754e-01
1.012534379959106445e+00
9.655472040176391602e-01
9.096914529800415039e-01
8.756357431411743164e-01
6.086127161979675293e-01
7.688687443733215332e-01
8.718940019607543945e-01
8.657729625701904297e-01
7.062413096427917480e-01
7.819844484329223633e-01
7.290765047073364258e-01
1.049312472343444824e+00
1.062549710273742676e+00
8.791729211807250977e-01
8.744453191757202148e-01
8.149977922439575195e-01
7.390352487564086914e-01
9.014155864715576172e-01
9.561236500740051270e-01
7.521681189537048340e-01
5.966029763221740723e-01
7.430233955383300781e-01
7.525929212570190430e-01
6.899829506874084473e-01
7.623521089553833008e-01
8.518609404563903809e-01
6.980695724487304688e-01
9.167096018791198730e-01
8.359240293502807617e-01
1.191014289855957031e+00
9.618387818336486816e-01
7.158277034759521484e-01
7.852321267127990723e-01
8.812808394432067871e-01
1.031669497489929199e+00
7.850241661071777344e-01
9.176093339920043945e-01
8.266764879226684570e-01
7.698072791099548340e-01
7.696730494499206543e-01
7.542349100112915039e-01
8.636026382446289062e-01
8.732596039772033691e-01
6.673408746719360352e-01
7.361942529678344727e-01
8.744280934333801270e-01
9.340154528617858887e-01
1.011112093925476074e+00
1.014524579048156738e+00
8.584999442100524902e-01
8.331071138381958008e-01
9.362686276435852051e-01
7.652943134307861328e-01
8.536633849143981934e-01
1.021179556846618652e+00
7.060375213623046875e-01
8.060615658760070801e-01
8.548849821090698242e-01
6.370607018470764160e-01
7.120310068130493164e-01
7.585231661796569824e-01
6.677801609039306641e-01
6.479425430297851562e-01
8.240466117858886719e-01
6.003520488739013672e-01
7.622547745704650879e-01
7.069845795631408691e-01
7.523813247680664062e-01
1.298643112182617188e+00
9.527100324630737305e-01
8.272423744201660156e-01
7.640858888626098633e-01
7.066707611083984375e-01
6.828563213348388672e-01
8.295632004737854004e-01
8.971198201179504395e-01
6.710729598999023438e-01
8.137988448143005371e-01
7.925838828086853027e-01
7.849856019020080566e-01
7.747017741203308105e-01
6.789143085479736328e-01
1.060732126235961914e+00
1.157904148101806641e+00
7.359849810600280762e-01
7.974867224693298340e-01
6.696229577064514160e-01
9.299697875976562500e-01
9.489943385124206543e-01
7.816731333732604980e-01
8.104971051216125488e-01
7.678465843200683594e-01
9.246042966842651367e-01
7.647878527641296387e-01
7.415896058082580566e-01
9.307031631469726562e-01
7.138085961341857910e-01
5.982918143272399902e-01
9.054968357086181641e-01
6.454719901084899902e-01
7.796517014503479004e-01
7.252638936042785645e-01
9.117072820663452148e-01
6.873390674591064453e-01
9.737621545791625977e-01
6.876131296157836914e-01
8.673262000083923340e-01
6.521635651588439941e-01
9.947977066040039062e-01
9.286456704139709473e-01
7.197452187538146973e-01
7.018833160400390625e-01
7.020326256752014160e-01
9.609715342521667480e-01
9.017964601516723633e-01
8.950221538543701172e-01
5.876294374465942383e-01
8.824779987335205078e-01
1.058505415916442871e+00
8.411661386489868164e-01
8.814457058906555176e-01
8.824240565299987793e-01
8.998891115188598633e-01
8.246746063232421875e-01
1.060974597930908203e+00
7.123373150825500488e-01
8.277135491371154785e-01
1.039246320724487305e+00
8.509839773178100586e-01
9.277471303939819336e-01
7.004742622375488281e-01
6.834292411804199219e-01
1.048788666725158691e+00
8.943178653717041016e-01
8.816294074058532715e-01
7.702648639678955078e-01
1.047961473464965820e+00
5.348682999610900879e-01
6.472612619400024414e-01
7.442718148231506348e-01
7.356618642807006836e-01
8.513383865356445312e-01
1.587817072868347168e+00
7.696334719657897949e-01
6.490030288696289062e-01
5.739273428916931152e-01
8.314698338508605957e-01
8.970423936843872070e-01
7.614986896514892578e-01
8.209969997406005859e-01
7.022660970687866211e-01
8.417921066284179688e-01
7.370419502258300781e-01
7.585740089416503906e-01
6.035652160644531250e-01
7.749790549278259277e-01
8.077487349510192871e-01
7.688325643539428711e-01
6.722238659858703613e-01
5.817580223083496094e-01
6.912681460380554199e-01
8.772198557853698730e-01
7.676104903221130371e-01
9.453716874122619629e-01
6.759827733039855957e-01
6.970077157020568848e-01
8.923376798629760742e-01
9.414963126182556152e-01
7.256452441215515137e-01
7.935873866081237793e-01
9.354440569877624512e-01
8.546310663223266602e-01
5.307387709617614746e-01
6.575553417205810547e-01
9.725691676139831543e-01
5.784762501716613770e-01
5.037242770195007324e-01
7.796742916107177734e-01
8.235444426536560059e-01
6.549902558326721191e-01
8.704352974891662598e-01
8.996218442916870117e-01
8.539313077926635742e-01
7.351105809211730957e-01
9.751113057136535645e-01
1.082539796829223633e+00
7.561848759651184082e-01
8.778348565101623535e-01
6.572017669677734375e-01
5.964919328689575195e-01
8.778316974639892578e-01
6.277911663055419922e-01
6.362946033477783203e-01
8.087992668151855469e-01
7.351070642471313477e-01
7.733517289161682129e-01
6.676306724548339844e-01
8.275638818740844727e-01
7.194749116897583008e-01
7.318401336669921875e-01
9.109408855438232422e-01
8.693385720252990723e-01
7.903427481651306152e-01
7.368648648262023926e-01
7.263050079345703125e-01
9.396058917045593262e-01
5.525706410408020020e-01
7.076137065887451172e-01
5.061659216880798340e-01
5.425646305084228516e-01
8.108865022659301758e-01
7.669349312782287598e-01
5.556448698043823242e-01
4.366104304790496826e-01
5.617879629135131836e-01
8.148930072784423828e-01
7.148768901824951172e-01
6.600215435028076172e-01
5.818513631820678711e-01
5.978060960769653320e-01
6.821914911270141602e-01
5.465356111526489258e-01
5.904530882835388184e-01
8.538447022438049316e-01
6.210879683494567871e-01
8.908488154411315918e-01
6.859778761863708496e-01
7.663266658782958984e-01
9.292166233062744141e-01
6.331434249877929688e-01
5.950708389282226562e-01
4.818463623523712158e-01
6.843180656433105469e-01
8.110522031784057617e-01
1.125511646270751953e+00
8.629676699638366699e-01
6.491380333900451660e-01
5.366259813308715820e-01
1.365341186523437500e+00
8.245281577110290527e-01
7.051246762275695801e-01
7.457183599472045898e-01
8.555425405502319336e-01
7.995004653930664062e-01
6.591245532035827637e-01
8.359901309013366699e-01
7.814298868179321289e-01
6.985938549041748047e-01
8.561970591545104980e-01
4.772503376007080078e-01
7.219653129577636719e-01
8.426492810249328613e-01
9.249964356422424316e-01
9.480190873146057129e-01
7.345186471939086914e-01
6.794923543930053711e-01
5.840515494346618652e-01
7.547726631164550781e-01
6.879832744598388672e-01
6.496595144271850586e-01
8.700677156448364258e-01
7.284219264984130859e-01
6.603990793228149414e-01
9.237561225891113281e-01
8.556153774261474609e-01
9.593906402587890625e-01
8.592171669006347656e-01
7.003463506698608398e-01
5.511119961738586426e-01
7.175761461257934570e-01
8.264725804328918457e-01
7.360809445381164551e-01
5.528168082237243652e-01
9.085791110992431641e-01
9.260333180427551270e-01
7.113932967185974121e-01
6.298267841339111328e-01
6.406323313713073730e-01
9.047099947929382324e-01
6.389988660812377930e-01
9.536920189857482910e-01
4.541378617286682129e-01
7.096863985061645508e-01
6.683914065361022949e-01
9.395647048950195312e-01
7.738409042358398438e-01
6.973834633827209473e-01
7.598762512207031250e-01
8.237081766128540039e-01
8.811732530593872070e-01
5.267079472541809082e-01
7.841732501983642578e-01
9.438732266426086426e-01
6.861934661865234375e-01
5.562119483947753906e-01
6.095508933067321777e-01
8.861922025680541992e-01
4.450255334377288818e-01
7.143006324768066406e-01
5.959050059318542480e-01
8.439347147941589355e-01
7.546564340591430664e-01
8.065921664237976074e-01
8.798635005950927734e-01
6.950540542602539062e-01
7.528893351554870605e-01
6.984972357749938965e-01
8.460322618484497070e-01
9.011906981468200684e-01
5.795533657073974609e-01
7.736937403678894043e-01
5.520406365394592285e-01
8.078795671463012695e-01
7.171454429626464844e-01
4.824876785278320312e-01
8.118855357170104980e-01
8.152592182159423828e-01
8.344553709030151367e-01
6.704574227333068848e-01
7.996907234191894531e-01
1.412802338600158691e+00
8.534590601921081543e-01
7.866982817649841309e-01
8.146710395812988281e-01
7.882823348045349121e-01
7.273813486099243164e-01
7.853504419326782227e-01
4.418001770973205566e-01
6.487202644348144531e-01
6.479800343513488770e-01
8.060702681541442871e-01
8.034653067588806152e-01
8.923943638801574707e-01
6.295365691184997559e-01
6.113728284835815430e-01
8.352845907211303711e-01
7.187092304229736328e-01
4.833595454692840576e-01
8.302647471427917480e-01
7.897589802742004395e-01
8.817988038063049316e-01
6.860524415969848633e-01
6.022336483001708984e-01
6.661033630371093750e-01
6.393218636512756348e-01
1.037949681282043457e+00
8.743634819984436035e-01
7.688750624656677246e-01
5.402053594589233398e-01
8.133496642112731934e-01
5.932667851448059082e-01
8.718242645263671875e-01
6.252875924110412598e-01
8.542377948760986328e-01
6.878601908683776855e-01
8.150964975357055664e-01
8.338960409164428711e-01
7.851092219352722168e-01
8.523246645927429199e-01
8.751813173294067383e-01
8.632482290267944336e-01
9.748972058296203613e-01
6.583383083343505859e-01
6.676776409149169922e-01
5.288139581680297852e-01
6.596990227699279785e-01
7.031279206275939941e-01
5.768761634826660156e-01
9.078198075294494629e-01
1.122628808021545410e+00
7.351781129837036133e-01
7.218951582908630371e-01
6.192677617073059082e-01
5.791335105895996094e-01
8.910741209983825684e-01
7.481774091720581055e-01
6.465566158294677734e-01
1.019001483917236328e+00
5.365242958068847656e-01
9.054902791976928711e-01
7.433804869651794434e-01
6.850862503051757812e-01
8.466122746467590332e-01
8.483448028564453125e-01
7.517817616462707520e-01
6.401493549346923828e-01
6.576477289199829102e-01
6.724798083305358887e-01
9.470345377922058105e-01
7.753703594207763672e-01
7.987827062606811523e-01
8.555513024330139160e-01
6.531068682670593262e-01
6.964943408966064453e-01
7.980363965034484863e-01
8.502681255340576172e-01
1.134938240051269531e+00
7.170675992965698242e-01
6.189717054367065430e-01
7.711915373802185059e-01
7.248980402946472168e-01
5.008717179298400879e-01
6.891921162605285645e-01
5.986008644104003906e-01
5.642291903495788574e-01
6.952958106994628906e-01
7.795854210853576660e-01
9.037411212921142578e-01
6.916357278823852539e-01
7.910929322242736816e-01
8.169855475425720215e-01
6.695907115936279297e-01
8.781989812850952148e-01
6.676920056343078613e-01
9.417450428009033203e-01
7.858169078826904297e-01
9.065280556678771973e-01
4.899998307228088379e-01
5.796546936035156250e-01
7.380844950675964355e-01
8.088995218276977539e-01
8.783102631568908691e-01
5.966740846633911133e-01
6.879794001579284668e-01
6.572952270507812500e-01
8.318587541580200195e-01
8.402084708213806152e-01
7.093151807785034180e-01
1.169502854347229004e+00
6.681444644927978516e-01
5.921355485916137695e-01
5.358417630195617676e-01
6.182014942169189453e-01
7.663955688476562500e-01
5.611314177513122559e-01
9.442697763442993164e-01
6.582359671592712402e-01
4.994075298309326172e-01
8.380610346794128418e-01
6.302646994590759277e-01
7.352778315544128418e-01
7.879646420478820801e-01
7.582699060440063477e-01
7.611743807792663574e-01
6.968005895614624023e-01
1.044627547264099121e+00
7.377620339393615723e-01
6.128322482109069824e-01
6.430678367614746094e-01
9.562095403671264648e-01
9.549976587295532227e-01
1.114609599113464355e+00
7.203997373580932617e-01
7.081801295280456543e-01
5.111771821975708008e-01
6.289781332015991211e-01
6.582763791084289551e-01
6.459328532218933105e-01
5.276879072189331055e-01
7.022533416748046875e-01
7.421354055404663086e-01
6.952022314071655273e-01
1.027463197708129883e+00
7.563647627830505371e-01
9.107913374900817871e-01
7.149171829223632812e-01
8.134222626686096191e-01
7.803171873092651367e-01
8.109493851661682129e-01
7.515092492103576660e-01
6.838017106056213379e-01
5.940153598785400391e-01
8.111314773559570312e-01
5.246321558952331543e-01
8.519333600997924805e-01
8.159294724464416504e-01
8.516621589660644531e-01
6.523920893669128418e-01
5.922871232032775879e-01
7.709048390388488770e-01
1.037854552268981934e+00
7.598125934600830078e-01
6.957298517227172852e-01
8.149506449699401855e-01
6.417112350463867188e-01
6.867797970771789551e-01
5.823327302932739258e-01
5.257852077484130859e-01
8.290195465087890625e-01
8.635060787200927734e-01
4.598151147365570068e-01
5.794249176979064941e-01
7.507823109626770020e-01
4.188179969787597656e-01
7.947607040405273438e-01
1.124155402183532715e+00
7.848225831985473633e-01
7.113224267959594727e-01
7.466884255409240723e-01
4.295575916767120361e-01
7.411453723907470703e-01
9.194630384445190430e-01
6.532292962074279785e-01
5.304205417633056641e-01
9.134407043457031250e-01
7.672901153564453125e-01
7.801729440689086914e-01
5.172763466835021973e-01
8.522778749465942383e-01
4.339924454689025879e-01
8.825917243957519531e-01
8.412961959838867188e-01
6.714424490928649902e-01
9.937503933906555176e-01
6.909584999084472656e-01
5.011400580406188965e-01
7.128051519393920898e-01
8.731102943420410156e-01
5.991117954254150391e-01
8.853164315223693848e-01
1.049235820770263672e+00
9.869444370269775391e-01
6.687837243080139160e-01
6.340839862823486328e-01
7.999600768089294434e-01
1.111352562904357910e+00
8.085467815399169922e-01
7.078108191490173340e-01
6.503823399543762207e-01
7.112733125686645508e-01
7.353333830833435059e-01
1.006274342536926270e+00
8.141713738441467285e-01
8.337264657020568848e-01
1.015578508377075195e+00
7.369953989982604980e-01
7.835148572921752930e-01
6.535115838050842285e-01
7.107317447662353516e-01
7.587963938713073730e-01
9.792106747627258301e-01
1.098980188369750977e+00
7.434008121490478516e-01
5.168191194534301758e-01
4.860008955001831055e-01
6.660143733024597168e-01
6.846874952316284180e-01
6.575699448585510254e-01
6.712173819541931152e-01
6.305937170982360840e-01
9.041203260421752930e-01
7.520813941955566406e-01
6.859487295150756836e-01
6.947574615478515625e-01
7.087807059288024902e-01
9.953423142433166504e-01
7.953056097030639648e-01
5.694522261619567871e-01
7.075199484825134277e-01
8.778375983238220215e-01
9.229176640510559082e-01
6.647506356239318848e-01
5.410497188568115234e-01
7.325134277343750000e-01
7.949208617210388184e-01
9.065420627593994141e-01
5.371335744857788086e-01
6.073486208915710449e-01
8.760027885437011719e-01
6.912016272544860840e-01
6.202998161315917969e-01
7.931844592094421387e-01
7.878879904747009277e-01
8.027185797691345215e-01
6.958976984024047852e-01
5.525802373886108398e-01
5.678416490554809570e-01
6.806668043136596680e-01
8.205145597457885742e-01
5.981521010398864746e-01
5.848380923271179199e-01
6.126542091369628906e-01
7.882467508316040039e-01
9.970874190330505371e-01
5.927998423576354980e-01
4.792499244213104248e-01
6.930298209190368652e-01
9.584606885910034180e-01
6.022422909736633301e-01
7.487776279449462891e-01
5.928710699081420898e-01
7.386406660079956055e-01
6.110920906066894531e-01
7.280537486076354980e-01
7.570605278015136719e-01
7.283914089202880859e-01
7.592112421989440918e-01
8.434360623359680176e-01
7.484614849090576172e-01
5.742819905281066895e-01
8.294953703880310059e-01
8.766573071479797363e-01
6.873263716697692871e-01
5.026817321777343750e-01
6.128959059715270996e-01
6.266014575958251953e-01
7.596564292907714844e-01
7.536749243736267090e-01
8.601381182670593262e-01
5.374510884284973145e-01
7.693147659301757812e-01
6.059353351593017578e-01
8.762530684471130371e-01
7.288778424263000488e-01
7.620376348495483398e-01
7.056301832199096680e-01
5.231652855873107910e-01
8.009359836578369141e-01
5.985197424888610840e-01
6.477660536766052246e-01
6.468432545661926270e-01
6.205117106437683105e-01
6.868823766708374023e-01
8.413830399513244629e-01
6.316564679145812988e-01
6.571914553642272949e-01
7.691676020622253418e-01
7.559382319450378418e-01
7.959403395652770996e-01
6.324710249900817871e-01
7.093415260314941406e-01
5.710378885269165039e-01
9.394600987434387207e-01
8.265380859375000000e-01
7.142928838729858398e-01
7.282088994979858398e-01
5.116839408874511719e-01
5.002486705780029297e-01
6.385617256164550781e-01
7.729535698890686035e-01
7.344782352447509766e-01
6.066888570785522461e-01
8.570598959922790527e-01
7.383536696434020996e-01
8.385309576988220215e-01
7.233873009681701660e-01
8.134633898735046387e-01
7.090201973915100098e-01
6.484855413436889648e-01
5.523217320442199707e-01
7.386396527290344238e-01
7.529165148735046387e-01
6.015160679817199707e-01
6.125620007514953613e-01
6.991571784019470215e-01
7.938791513442993164e-01
6.336041688919067383e-01
6.088707447052001953e-01
6.887146234512329102e-01
8.121001124382019043e-01
7.470191121101379395e-01
7.329076528549194336e-01
8.203315734863281250e-01
7.441954612731933594e-01
5.365724563598632812e-01
6.968629956245422363e-01
6.997512578964233398e-01
9.143238067626953125e-01
6.207678914070129395e-01
5.910432338714599609e-01
6.480709910392761230e-01
7.764289379119873047e-01
5.347818136215209961e-01
6.703125834465026855e-01
6.609275937080383301e-01
6.383846998214721680e-01
7.040731310844421387e-01
8.063481450080871582e-01
6.866871714591979980e-01
7.035567164421081543e-01
5.111440420150756836e-01
7.015730142593383789e-01
8.581779003143310547e-01
6.526016592979431152e-01
5.868902802467346191e-01
8.663101792335510254e-01
5.480633974075317383e-01
6.089699864387512207e-01
4.926256835460662842e-01
9.479607343673706055e-01
6.899392604827880859e-01
6.269841194152832031e-01
5.043009519577026367e-01
8.057313561439514160e-01
6.793917417526245117e-01
8.068169355392456055e-01
9.538607597351074219e-01
6.623387932777404785e-01
7.332598567008972168e-01
7.039860486984252930e-01
9.448548555374145508e-01
6.367523670196533203e-01
8.064225316047668457e-01
7.272509336471557617e-01
5.868815779685974121e-01
6.359296441078186035e-01
5.498137474060058594e-01
5.657067298889160156e-01
8.158808350563049316e-01
9.112570881843566895e-01
7.253928184509277344e-01
8.315696716308593750e-01
5.842056870460510254e-01
6.352756619453430176e-01
6.487830281257629395e-01
6.731792688369750977e-01
7.007067203521728516e-01
7.509297728538513184e-01
4.879759550094604492e-01
5.514225959777832031e-01
6.179223060607910156e-01
7.573096752166748047e-01
8.157992362976074219e-01
5.646867156028747559e-01
6.053748726844787598e-01
6.983399391174316406e-01
8.037438988685607910e-01
7.294228672981262207e-01
6.525429487228393555e-01
8.778937458992004395e-01
6.117973327636718750e-01
5.255310535430908203e-01
4.916056096553802490e-01
4.733780622482299805e-01
7.569430470466613770e-01
7.208147644996643066e-01
6.383522748947143555e-01
7.360631227493286133e-01
6.095693111419677734e-01
6.984122991561889648e-01
5.792704820632934570e-01
5.963168144226074219e-01
8.841637969017028809e-01
8.457934856414794922e-01
6.099156737327575684e-01
5.841258764266967773e-01
4.920786917209625244e-01
5.634947419166564941e-01
7.216972112655639648e-01
7.810100317001342773e-01
5.898081064224243164e-01
1.090205073356628418e+00
9.445225596427917480e-01
7.441331148147583008e-01
5.057630538940429688e-01
7.448183298110961914e-01
7.254931330680847168e-01
6.434850692749023438e-01
5.625089406967163086e-01
7.778371572494506836e-01
7.406629323959350586e-01
8.598627448081970215e-01
6.749081015586853027e-01
6.765829324722290039e-01
5.486112833023071289e-01
6.516029238700866699e-01
8.699681758880615234e-01
7.700704932212829590e-01
5.316932797431945801e-01
6.135576367378234863e-01
8.136029839515686035e-01
9.860469698905944824e-01
9.854933619499206543e-01
7.201041579246520996e-01
7.444574236869812012e-01
6.570083498954772949e-01
9.073456525802612305e-01
4.033447802066802979e-01
6.869214773178100586e-01
4.857678115367889404e-01
5.014976263046264648e-01
7.179573774337768555e-01
6.330913305282592773e-01
7.826380133628845215e-01
6.275435090065002441e-01
7.296110391616821289e-01
5.333724617958068848e-01
4.836777150630950928e-01
5.881879925727844238e-01
7.202664017677307129e-01
6.924637556076049805e-01
5.260630249977111816e-01
7.600401639938354492e-01
7.515117526054382324e-01
6.491710543632507324e-01
7.187120914459228516e-01
5.068867206573486328e-01
7.025939226150512695e-01
5.656449794769287109e-01
9.039947390556335449e-01
6.025393605232238770e-01
6.664911508560180664e-01
4.800678789615631104e-01
6.575921773910522461e-01
8.215935826301574707e-01
7.218472957611083984e-01
8.833941221237182617e-01
6.803554296493530273e-01
9.628725647926330566e-01
5.421383380889892578e-01
6.227429509162902832e-01
5.465372204780578613e-01
8.599134683609008789e-01
5.896605849266052246e-01
6.784781813621520996e-01
7.578399181365966797e-01
7.274252176284790039e-01
7.010055184364318848e-01
7.558506131172180176e-01
6.015328764915466309e-01
6.299443244934082031e-01
4.895705878734588623e-01
6.194002628326416016e-01
5.629143714904785156e-01
6.454765200614929199e-01
7.537521719932556152e-01
8.792815804481506348e-01
5.819839239120483398e-01
6.543570160865783691e-01
5.890735387802124023e-01
6.770992875099182129e-01
4.788778722286224365e-01
8.038204908370971680e-01
8.008563518524169922e-01
3.797047734260559082e-01
8.393908143043518066e-01
6.581040620803833008e-01
7.981030941009521484e-01
6.543488502502441406e-01
4.884678125381469727e-01
7.126764655113220215e-01
5.481425523757934570e-01
6.537124514579772949e-01
5.824221372604370117e-01
5.887593030929565430e-01
4.522834718227386475e-01
7.483955025672912598e-01
7.669509053230285645e-01
7.536665201187133789e-01
7.286461591720581055e-01
5.199797749519348145e-01
7.196474671363830566e-01
5.110746622085571289e-01
6.600212454795837402e-01
7.378738522529602051e-01
9.619254469871520996e-01
8.881385326385498047e-01
5.630133152008056641e-01
7.165870666503906250e-01
6.123105287551879883e-01
7.340725064277648926e-01
5.663172006607055664e-01
7.548716068267822266e-01
7.662187218666076660e-01
9.036395549774169922e-01
7.944397330284118652e-01
6.468357443809509277e-01
5.664421916007995605e-01
6.952829360961914062e-01
6.414532661437988281e-01
6.242352724075317383e-01
5.630605220794677734e-01
5.683055520057678223e-01
7.069725394248962402e-01
7.274814248085021973e-01
6.225969791412353516e-01
7.692103981971740723e-01
7.921617627143859863e-01
8.980989456176757812e-01
8.054073452949523926e-01
7.454217672348022461e-01
8.390963673591613770e-01
4.990438520908355713e-01
6.774218082427978516e-01
7.981452941894531250e-01
4.259378314018249512e-01
8.640299439430236816e-01
5.793545246124267578e-01
5.660356879234313965e-01
7.604205012321472168e-01
7.082853913307189941e-01
5.119184851646423340e-01
9.255545735359191895e-01
5.831934809684753418e-01
8.153073191642761230e-01
6.278061270713806152e-01
7.816650271415710449e-01
6.037161946296691895e-01
6.422522664070129395e-01
9.493161439895629883e-01
7.371729016304016113e-01
7.232472896575927734e-01
5.728573799133300781e-01
6.498225927352905273e-01
7.651398777961730957e-01
7.183133363723754883e-01
6.387187242507934570e-01
7.216958999633789062e-01
6.796401143074035645e-01
6.714048385620117188e-01
7.993136644363403320e-01
6.048324108123779297e-01
4.817536473274230957e-01
6.180090308189392090e-01
8.585929870605468750e-01
7.670373916625976562e-01
8.905627131462097168e-01
4.822777509689331055e-01
9.403265118598937988e-01
6.889275312423706055e-01
5.072212815284729004e-01
6.787774562835693359e-01
6.875498890876770020e-01
8.841227889060974121e-01
9.750832319259643555e-01
5.110443830490112305e-01
5.210208892822265625e-01
5.456252694129943848e-01
7.224212884902954102e-01
7.352984547615051270e-01
5.808711051940917969e-01
4.700916409492492676e-01
5.245365500450134277e-01
5.775077342987060547e-01
5.432999134063720703e-01
7.525447607040405273e-01
6.272627115249633789e-01
8.903079628944396973e-01
7.076290249824523926e-01
7.433729171752929688e-01
7.049512267112731934e-01
6.095511913299560547e-01
5.428028106689453125e-01
4.833054542541503906e-01
6.501265764236450195e-01
6.724529266357421875e-01
5.810144543647766113e-01
7.136285305023193359e-01
4.097926914691925049e-01
5.881490111351013184e-01
6.679177284240722656e-01
5.833232402801513672e-01
5.651396512985229492e-01
4.486196041107177734e-01
4.405986666679382324e-01
4.964183270931243896e-01
6.691930890083312988e-01
4.920289218425750732e-01
6.111302971839904785e-01
4.008447825908660889e-01
4.358920753002166748e-01
4.380255937576293945e-01
6.088207364082336426e-01
3.929681777954101562e-01
5.244937539100646973e-01
6.551437377929687500e-01
3.826511204242706299e-01
5.177727937698364258e-01
4.547601938247680664e-01
3.933681845664978027e-01
5.391633510589599609e-01
4.217152297496795654e-01
5.190397500991821289e-01
6.841577291488647461e-01
6.667630672454833984e-01
9.083208441734313965e-01
3.207277655601501465e-01
7.098172903060913086e-01
5.524638295173645020e-01
4.496714174747467041e-01
7.365422844886779785e-01
6.945564746856689453e-01
7.364838719367980957e-01
4.630963206291198730e-01
6.588317751884460449e-01
5.015955567359924316e-01
4.804521799087524414e-01
4.534209668636322021e-01
5.619971156120300293e-01
6.558296680450439453e-01
5.477952361106872559e-01
4.736309051513671875e-01
4.951534867286682129e-01
4.345414936542510986e-01
8.430644869804382324e-01
7.061725258827209473e-01
6.834899783134460449e-01
5.085768103599548340e-01
4.313319325447082520e-01
4.737390875816345215e-01
5.120907425880432129e-01
4.885162115097045898e-01
5.785759687423706055e-01
6.425223350524902344e-01
6.243106722831726074e-01
4.658151865005493164e-01
6.650233864784240723e-01
4.942000508308410645e-01
5.972395539283752441e-01
6.779642701148986816e-01
6.340514421463012695e-01
4.874390959739685059e-01
7.394189238548278809e-01
8.317452669143676758e-01
6.366866827011108398e-01
4.012201726436614990e-01
7.135797739028930664e-01
2.546967267990112305e-01
5.348186492919921875e-01
6.310788989067077637e-01
6.423886418342590332e-01
6.092535853385925293e-01
5.931540131568908691e-01
4.773502349853515625e-01
7.112727761268615723e-01
5.046671628952026367e-01
8.157743215560913086e-01
5.159029960632324219e-01
3.912355601787567139e-01
6.059871912002563477e-01
1.011989235877990723e+00
5.245740413665771484e-01
6.416590213775634766e-01
6.811232566833496094e-01
5.806609392166137695e-01
5.341941118240356445e-01
6.813877224922180176e-01
6.478650569915771484e-01
5.979271531105041504e-01
5.992284417152404785e-01
5.959933400154113770e-01
4.702811539173126221e-01
5.036069154739379883e-01
5.047545433044433594e-01
6.258044838905334473e-01
9.078959226608276367e-01
5.632851719856262207e-01
8.742318153381347656e-01
5.222488641738891602e-01
6.404812335968017578e-01
6.465271711349487305e-01
6.610236167907714844e-01
6.808061599731445312e-01
7.668198943138122559e-01
6.158776283264160156e-01
9.123025536537170410e-01
9.297502636909484863e-01
7.975850701332092285e-01
4.888658523559570312e-01
4.854278266429901123e-01
6.658130884170532227e-01
6.967586874961853027e-01
4.099978506565093994e-01
5.607507824897766113e-01
6.354323029518127441e-01
6.622645258903503418e-01
5.281471610069274902e-01
5.733395218849182129e-01
6.260700821876525879e-01
4.833421111106872559e-01
8.365910649299621582e-01
4.192600846290588379e-01
4.838873147964477539e-01
5.296006798744201660e-01
5.479560494422912598e-01
7.630388736724853516e-01
4.461382627487182617e-01
4.544425606727600098e-01
6.093184947967529297e-01
4.936865568161010742e-01
6.699936985969543457e-01
6.256500482559204102e-01
6.288625597953796387e-01
6.114071607589721680e-01
4.797996878623962402e-01
7.258485555648803711e-01
6.798794269561767578e-01
6.013330817222595215e-01
5.765301585197448730e-01
6.641697287559509277e-01
8.021644353866577148e-01
6.264868974685668945e-01
6.595172286033630371e-01
8.630675077438354492e-01
9.092132449150085449e-01
3.880511224269866943e-01
5.502692461013793945e-01
7.629300355911254883e-01
4.674204587936401367e-01
5.112833976745605469e-01
7.382628321647644043e-01
5.942098498344421387e-01
3.855062127113342285e-01
4.479781389236450195e-01
4.025798141956329346e-01
7.711371779441833496e-01
6.588192582130432129e-01
5.854696035385131836e-01
7.455390095710754395e-01
6.507174968719482422e-01
5.007305741310119629e-01
5.536933541297912598e-01
5.450041294097900391e-01
7.440518736839294434e-01
6.635710000991821289e-01
6.374406814575195312e-01
7.168300747871398926e-01
5.612154603004455566e-01
4.580673575401306152e-01
6.048467755317687988e-01
4.378289580345153809e-01
6.395499110221862793e-01
7.552179098129272461e-01
7.779903411865234375e-01
6.007509827613830566e-01
6.341248750686645508e-01
6.588777303695678711e-01
6.920907497406005859e-01
5.805703997611999512e-01
5.729240179061889648e-01
7.139146924018859863e-01
6.536961793899536133e-01
7.027906179428100586e-01
5.335522294044494629e-01
3.227371573448181152e-01
4.707308113574981689e-01
5.921381115913391113e-01
7.385331392288208008e-01
6.075990796089172363e-01
5.949583649635314941e-01
6.891692876815795898e-01
3.925039768218994141e-01
4.307067990303039551e-01
5.117342472076416016e-01
6.683176755905151367e-01
5.841650366783142090e-01
3.778497278690338135e-01
7.681128978729248047e-01
6.858415007591247559e-01
9.762754440307617188e-01
5.169230103492736816e-01
6.773802638053894043e-01
6.536161899566650391e-01
6.397873759269714355e-01
7.270618081092834473e-01
4.932080209255218506e-01
6.893665790557861328e-01
6.092602610588073730e-01
5.726530551910400391e-01
6.180192232131958008e-01
3.577202856540679932e-01
4.255636930465698242e-01
5.601620674133300781e-01
6.555476784706115723e-01
4.647950828075408936e-01
5.550770163536071777e-01
6.413624882698059082e-01
6.262709498405456543e-01
5.931367278099060059e-01
5.480875968933105469e-01
5.064101219177246094e-01
5.576360821723937988e-01
7.514192461967468262e-01
7.550461292266845703e-01
5.315130949020385742e-01
4.185951948165893555e-01
5.202649831771850586e-01
5.148457288742065430e-01
4.524318277835845947e-01
6.742804050445556641e-01
7.186797261238098145e-01
5.634270906448364258e-01
6.607680916786193848e-01
6.529870033264160156e-01
4.801206588745117188e-01
4.256071746349334717e-01
6.120738387107849121e-01
7.263046503067016602e-01
6.155938506126403809e-01
4.759004116058349609e-01
6.043227910995483398e-01
5.860602259635925293e-01
5.232818722724914551e-01
4.329180717468261719e-01
5.081223249435424805e-01
5.368444323539733887e-01
5.729253888130187988e-01
6.389635205268859863e-01
4.447512626647949219e-01
5.584596991539001465e-01
6.089848875999450684e-01
6.031455397605895996e-01
7.498294115066528320e-01
4.288642108440399170e-01
6.977080106735229492e-01
7.872026562690734863e-01
6.356485486030578613e-01
5.598397254943847656e-01
4.741663336753845215e-01
5.158963203430175781e-01
5.197228789329528809e-01
4.977400898933410645e-01
6.665178537368774414e-01
4.930218160152435303e-01
5.042794942855834961e-01
7.029509544372558594e-01
6.215048432350158691e-01
6.927339434623718262e-01
7.112539410591125488e-01
5.975319147109985352e-01
5.864743590354919434e-01
4.286380708217620850e-01
3.754362761974334717e-01
4.579526782035827637e-01
5.390539765357971191e-01
5.277274250984191895e-01
4.167301952838897705e-01
4.893976449966430664e-01
7.025894522666931152e-01
4.510773718357086182e-01
6.554452776908874512e-01
7.117038369178771973e-01
5.350270867347717285e-01
7.291904687881469727e-01
8.055056333541870117e-01
6.895699501037597656e-01
4.495674371719360352e-01
8.205009698867797852e-01
3.970203101634979248e-01
6.383764743804931641e-01
4.507116675376892090e-01
7.202936410903930664e-01
4.159050285816192627e-01
6.623874902725219727e-01
6.054477095603942871e-01
8.432235121726989746e-01
6.492837071418762207e-01
5.592947602272033691e-01
4.772283136844635010e-01
4.725915193557739258e-01
5.799141526222229004e-01
5.990676879882812500e-01
7.540446519851684570e-01
4.700711667537689209e-01
4.278683960437774658e-01
5.373204946517944336e-01
3.949357569217681885e-01
7.332279086112976074e-01
5.052139163017272949e-01
3.875735700130462646e-01
6.152386069297790527e-01
7.175626754760742188e-01
6.336723566055297852e-01
6.582641601562500000e-01
5.088915824890136719e-01
7.565935254096984863e-01
5.514075160026550293e-01
5.210115909576416016e-01
4.622872173786163330e-01
5.667718052864074707e-01
5.804522633552551270e-01
1.003229498863220215e+00
5.030264258384704590e-01
6.417480111122131348e-01
5.202901363372802734e-01
7.193201780319213867e-01
5.814812183380126953e-01
5.744280219078063965e-01
4.128167629241943359e-01
9.582617878913879395e-01
3.553670346736907959e-01
5.947375893592834473e-01
4.225803911685943604e-01
7.415158152580261230e-01
6.045809984207153320e-01
4.134161174297332764e-01
6.102872490882873535e-01
3.833593726158142090e-01
6.366357207298278809e-01
6.523073911666870117e-01
9.070200920104980469e-01
6.465991735458374023e-01
7.110890746116638184e-01
4.633623063564300537e-01
6.182040572166442871e-01
4.607511758804321289e-01
7.264115214347839355e-01
5.107859373092651367e-01
6.401271224021911621e-01
5.033313632011413574e-01
5.612305402755737305e-01
7.661892771720886230e-01
5.729289650917053223e-01
4.201363027095794678e-01
5.486984848976135254e-01
5.943019390106201172e-01
7.822418808937072754e-01
6.850180625915527344e-01
4.561504721641540527e-01
7.171963453292846680e-01
8.281579613685607910e-01
4.894571304321289062e-01
3.847381174564361572e-01
3.939610123634338379e-01
6.266686916351318359e-01
5.440099835395812988e-01
4.657568037509918213e-01
4.698178470134735107e-01
7.001890540122985840e-01
8.013636469841003418e-01
5.244874358177185059e-01
4.552466869354248047e-01
4.612618982791900635e-01
6.544886231422424316e-01
4.769192636013031006e-01
6.174570322036743164e-01
6.989734768867492676e-01
4.053216278553009033e-01
2.298102527856826782e-01
5.924690961837768555e-01
6.532507538795471191e-01
4.408982992172241211e-01
4.132110178470611572e-01
6.935084462165832520e-01
5.396044254302978516e-01
8.618538379669189453e-01
3.976803421974182129e-01
4.445975422859191895e-01
7.674450874328613281e-01
5.937395095825195312e-01
6.608808040618896484e-01
6.196410655975341797e-01
4.959789514541625977e-01
5.991957783699035645e-01
7.126441597938537598e-01
3.898602128028869629e-01
5.483597517013549805e-01
4.414032697677612305e-01
7.507694959640502930e-01
4.619258344173431396e-01
4.747781753540039062e-01
5.406420230865478516e-01
5.224696397781372070e-01
6.059080362319946289e-01
4.619512856006622314e-01
3.826546669006347656e-01
5.215743780136108398e-01
5.150098800659179688e-01
6.170567274093627930e-01
6.693043112754821777e-01
3.786214292049407959e-01
8.221018910408020020e-01
7.594749927520751953e-01
4.992290735244750977e-01
4.182746112346649170e-01
5.975670814514160156e-01
5.728223323822021484e-01
5.315385460853576660e-01
5.055840611457824707e-01
3.343171775341033936e-01
6.259244680404663086e-01
5.983324050903320312e-01
5.589815974235534668e-01
6.207768321037292480e-01
8.445759415626525879e-01
8.437640666961669922e-01
4.401310980319976807e-01
6.175799965858459473e-01
5.090075731277465820e-01
7.119155526161193848e-01
5.562267899513244629e-01
5.885797739028930664e-01
7.553550601005554199e-01
7.417809963226318359e-01
7.991534471511840820e-01
5.538520216941833496e-01
6.476991176605224609e-01
6.373347640037536621e-01
5.610045194625854492e-01
5.569133758544921875e-01
5.258375406265258789e-01
5.935871005058288574e-01
6.072353124618530273e-01
5.186920166015625000e-01
5.265420079231262207e-01
3.479544222354888916e-01
8.737838268280029297e-01
5.819160342216491699e-01
6.170380115509033203e-01
6.107923388481140137e-01
7.743667364120483398e-01
4.972318410873413086e-01
5.731519460678100586e-01
4.686389863491058350e-01
5.124360918998718262e-01
5.092018246650695801e-01
6.048081517219543457e-01
4.779506623744964600e-01
4.691551327705383301e-01
4.058314263820648193e-01
7.177342176437377930e-01
6.474567055702209473e-01
4.551190435886383057e-01
6.070533990859985352e-01
3.877616822719573975e-01
6.032289862632751465e-01
5.461701750755310059e-01
4.830657243728637695e-01
5.501590967178344727e-01
5.855868458747863770e-01
4.935391247272491455e-01
5.397661328315734863e-01
8.187505602836608887e-01
6.295716762542724609e-01
5.008329153060913086e-01
5.819470286369323730e-01
4.534032940864562988e-01
5.684393048286437988e-01
5.795020461082458496e-01
6.437550187110900879e-01
6.436751484870910645e-01
4.146692156791687012e-01
4.108602404594421387e-01
5.164278149604797363e-01
4.359061419963836670e-01
5.277908444404602051e-01
6.556831598281860352e-01
4.754143655300140381e-01
6.445235013961791992e-01
5.819593071937561035e-01
5.327734351158142090e-01
7.082456350326538086e-01
4.352175295352935791e-01
6.202079057693481445e-01
6.925445795059204102e-01
6.244474649429321289e-01
6.756839752197265625e-01
7.003339529037475586e-01
6.894887685775756836e-01
8.005077242851257324e-01
6.797186136245727539e-01
4.187476933002471924e-01
5.838573575019836426e-01
4.176395535469055176e-01
6.377834677696228027e-01
6.045763492584228516e-01
6.100602149963378906e-01
5.404661297798156738e-01
5.339604616165161133e-01
4.904811978340148926e-01
9.363285899162292480e-01
6.275538206100463867e-01
4.765863716602325439e-01
4.860242009162902832e-01
5.940250754356384277e-01
4.389926791191101074e-01
7.550760507583618164e-01
4.472119510173797607e-01
7.252407073974609375e-01
5.994905233383178711e-01
4.348931312561035156e-01
6.709769368171691895e-01
4.880028963088989258e-01
6.772916316986083984e-01
5.200132727622985840e-01
4.476967155933380127e-01
7.050040960311889648e-01
3.178528249263763428e-01
6.648476719856262207e-01
5.572922825813293457e-01
7.752518057823181152e-01
5.408698320388793945e-01
4.305735826492309570e-01
5.302294492721557617e-01
7.872329354286193848e-01
6.850421428680419922e-01
9.178587794303894043e-01
5.103167891502380371e-01
4.816502034664154053e-01
7.339133024215698242e-01
6.372302174568176270e-01
3.823522329330444336e-01
9.428607821464538574e-01
5.330497622489929199e-01
4.086216092109680176e-01
7.203482389450073242e-01
5.583169460296630859e-01
6.036725044250488281e-01
5.608394742012023926e-01
8.271666765213012695e-01
3.571601510047912598e-01
6.995529532432556152e-01
5.719828605651855469e-01
5.313437581062316895e-01
6.173351407051086426e-01
3.079051375389099121e-01
5.315188765525817871e-01
4.584394693374633789e-01
5.750911235809326172e-01
7.017816305160522461e-01
5.513889193534851074e-01
6.500977873802185059e-01
5.855932235717773438e-01
5.079980492591857910e-01
4.587293565273284912e-01
3.791030645370483398e-01
5.281022787094116211e-01
5.711785554885864258e-01
6.644384860992431641e-01
4.323285222053527832e-01
5.946840047836303711e-01
4.537673294544219971e-01
3.530972599983215332e-01
3.866505026817321777e-01
6.048181653022766113e-01
7.601364850997924805e-01
5.118841528892517090e-01
5.813279151916503906e-01
5.712555646896362305e-01
7.040076255798339844e-01
6.066636443138122559e-01
3.994764685630798340e-01
5.670995116233825684e-01
6.535273790359497070e-01
4.496638178825378418e-01
7.535462379455566406e-01
8.021630048751831055e-01
4.746900200843811035e-01
6.291925907135009766e-01
4.326309859752655029e-01
5.690937042236328125e-01
4.082683920860290527e-01
7.147665023803710938e-01
6.227106451988220215e-01
7.548804283142089844e-01
4.375236332416534424e-01
6.115344762802124023e-01
7.214174866676330566e-01
6.402124166488647461e-01
4.711369872093200684e-01
5.061743855476379395e-01
6.189661622047424316e-01
4.833174347877502441e-01
5.417693257331848145e-01
5.086294412612915039e-01
5.303292870521545410e-01
7.674797177314758301e-01
5.843428969383239746e-01
4.569707512855529785e-01
5.801463723182678223e-01
3.490465879440307617e-01
6.169770359992980957e-01
7.071635127067565918e-01
4.530804753303527832e-01
2.724128663539886475e-01
5.233039259910583496e-01
4.381723999977111816e-01
6.433426141738891602e-01
4.786576628684997559e-01
3.707176446914672852e-01
4.905863404273986816e-01
6.022466421127319336e-01
7.041063904762268066e-01
3.378652930259704590e-01
9.751569628715515137e-01
4.631602168083190918e-01
3.865190446376800537e-01
5.541716814041137695e-01
7.304374575614929199e-01
4.564204812049865723e-01
8.664619922637939453e-01
5.705108046531677246e-01
5.151932239532470703e-01
4.551471471786499023e-01
3.853221535682678223e-01
5.315263271331787109e-01
8.347749114036560059e-01
6.169422864913940430e-01
5.480361580848693848e-01
1.017654776573181152e+00
6.312442421913146973e-01
5.423111319541931152e-01
4.757676720619201660e-01
4.207791388034820557e-01
7.370852231979370117e-01
6.554605960845947266e-01
9.054361581802368164e-01
7.233582735061645508e-01
5.248993039131164551e-01
4.984666109085083008e-01
6.710935235023498535e-01
6.601067781448364258e-01
5.322086811065673828e-01
8.817880153656005859e-01
8.277893662452697754e-01
6.743776202201843262e-01
4.457637667655944824e-01
7.983521819114685059e-01
4.650065600872039795e-01
4.570096731185913086e-01
5.867266654968261719e-01
4.918478727340698242e-01
4.659951031208038330e-01
5.436827540397644043e-01
6.278088092803955078e-01
6.242165565490722656e-01
7.301889657974243164e-01
6.192641258239746094e-01
4.919507205486297607e-01
6.896446943283081055e-01
6.207455992698669434e-01
5.539523959159851074e-01
4.622398316860198975e-01
4.828521609306335449e-01
6.487984061241149902e-01
7.118121385574340820e-01
3.805647790431976318e-01
8.166801929473876953e-01
5.714362859725952148e-01
5.998376607894897461e-01
4.842326641082763672e-01
7.068111896514892578e-01
6.712450385093688965e-01
5.487152338027954102e-01
5.018466711044311523e-01
7.239450812339782715e-01
5.971808433532714844e-01
7.939928770065307617e-01
6.032481789588928223e-01
4.982177317142486572e-01
5.507631301879882812e-01
4.997702538967132568e-01
6.534405946731567383e-01
5.324007272720336914e-01
4.916567206382751465e-01
5.194625854492187500e-01
7.104521989822387695e-01
5.829644799232482910e-01
7.373561859130859375e-01
1.046344876289367676e+00
4.510460197925567627e-01
5.086420774459838867e-01
3.626992106437683105e-01
7.351810932159423828e-01
5.446531176567077637e-01
6.009739041328430176e-01
7.156121134757995605e-01
4.360830783843994141e-01
7.799605727195739746e-01
4.743149876594543457e-01
6.345466971397399902e-01
3.305567204952239990e-01
6.687369346618652344e-01
4.823180437088012695e-01
3.892654478549957275e-01
6.546644568443298340e-01
5.878968834877014160e-01
6.111282706260681152e-01
6.794595718383789062e-01
4.459983110427856445e-01
6.847066283226013184e-01
6.109344959259033203e-01
8.416609168052673340e-01
6.380313634872436523e-01
5.501046180725097656e-01
5.816445946693420410e-01
4.821926653385162354e-01
5.209036469459533691e-01
5.449369549751281738e-01
3.206599354743957520e-01
7.169542312622070312e-01
5.331564545631408691e-01
7.646101117134094238e-01
6.646413803100585938e-01
6.160272359848022461e-01
5.620621442794799805e-01
5.504177212715148926e-01
4.981693923473358154e-01
4.984331429004669189e-01
5.924651026725769043e-01
5.676153302192687988e-01
4.693517684936523438e-01
7.035821676254272461e-01
5.248903036117553711e-01
7.186689972877502441e-01
6.058291196823120117e-01
8.276611566543579102e-01
6.364732384681701660e-01
7.327236533164978027e-01
6.216429471969604492e-01
5.793291926383972168e-01
6.082412004470825195e-01
6.074200868606567383e-01
6.455755829811096191e-01
6.425192356109619141e-01
6.212736964225769043e-01
8.800270557403564453e-01
3.302556276321411133e-01
3.197284936904907227e-01
5.138592123985290527e-01
2.967434823513031006e-01
4.353691935539245605e-01
5.731633305549621582e-01
4.873751997947692871e-01
3.507108390331268311e-01
6.102693676948547363e-01
3.562941253185272217e-01
4.117304682731628418e-01
4.065621495246887207e-01
6.943392753601074219e-01
4.559971094131469727e-01
5.367696285247802734e-01
4.622391760349273682e-01
4.050563871860504150e-01
4.065625071525573730e-01
4.100991189479827881e-01
4.933740198612213135e-01
4.551057815551757812e-01
4.858183264732360840e-01
3.670028150081634521e-01
4.691752493381500244e-01
6.066458821296691895e-01
3.376286029815673828e-01
4.635755717754364014e-01
6.267499923706054688e-01
7.574840784072875977e-01
5.107742547988891602e-01
4.235358536243438721e-01
4.112683236598968506e-01
3.209016323089599609e-01
3.221712112426757812e-01
4.803463220596313477e-01
3.998725712299346924e-01
4.834421575069427490e-01
4.033700525760650635e-01
6.246780157089233398e-01
6.471734642982482910e-01
5.769349932670593262e-01
5.800498127937316895e-01
1.825063377618789673e-01
3.369156718254089355e-01
5.426108241081237793e-01
5.238903760910034180e-01
4.383288919925689697e-01
4.476935863494873047e-01
4.778956174850463867e-01
4.944766461849212646e-01
5.165795087814331055e-01
5.154674053192138672e-01
2.491576969623565674e-01
4.691594541072845459e-01
3.409817814826965332e-01
4.117348790168762207e-01
3.388620913028717041e-01
4.908850789070129395e-01
3.993057012557983398e-01
5.706635713577270508e-01
3.797304928302764893e-01
4.481960833072662354e-01
4.198123216629028320e-01
4.366542994976043701e-01
5.721619129180908203e-01
4.726711213588714600e-01
5.043095946311950684e-01
4.543814957141876221e-01
5.725469589233398438e-01
5.154351592063903809e-01
5.123211145401000977e-01
6.131772994995117188e-01
4.885196983814239502e-01
7.315322160720825195e-01
4.138988554477691650e-01
4.448755383491516113e-01
2.415829300880432129e-01
2.569981515407562256e-01
5.519067049026489258e-01
5.629053711891174316e-01
4.375261962413787842e-01
3.985890448093414307e-01
6.746757626533508301e-01
3.721973001956939697e-01
4.231874644756317139e-01
6.670319437980651855e-01
3.086211383342742920e-01
3.712060153484344482e-01
3.349899351596832275e-01
3.064164519309997559e-01
5.400311350822448730e-01
4.777164459228515625e-01
3.372585177421569824e-01
2.263583838939666748e-01
3.223591744899749756e-01
4.053712785243988037e-01
4.325410723686218262e-01
6.928310990333557129e-01
4.459945559501647949e-01
4.248034060001373291e-01
4.568449854850769043e-01
3.709325492382049561e-01
4.747349023818969727e-01
4.649189412593841553e-01
5.184427499771118164e-01
4.582227468490600586e-01
2.050899565219879150e-01
2.931556105613708496e-01
2.948620319366455078e-01
5.257404446601867676e-01
2.395931333303451538e-01
5.723201632499694824e-01
4.922270476818084717e-01
4.403683841228485107e-01
4.966365694999694824e-01
5.769860744476318359e-01
5.918208360671997070e-01
6.461973190307617188e-01
4.791848659515380859e-01
4.869168996810913086e-01
5.216313004493713379e-01
6.363229155540466309e-01
4.315305948257446289e-01
5.921600461006164551e-01
4.378777146339416504e-01
4.883413314819335938e-01
6.607055664062500000e-01
2.803241610527038574e-01
4.911858737468719482e-01
4.213400483131408691e-01
3.250449895858764648e-01
4.682711660861968994e-01
4.311757087707519531e-01
4.803139269351959229e-01
5.631865262985229492e-01
4.423710703849792480e-01
6.375102400779724121e-01
3.168559372425079346e-01
5.026865601539611816e-01
7.369715571403503418e-01
3.436357378959655762e-01
5.053024888038635254e-01
4.687099754810333252e-01
3.610514104366302490e-01
4.947760999202728271e-01
4.484661817550659180e-01
5.150854587554931641e-01
3.055496811866760254e-01
4.117517173290252686e-01
6.628848314285278320e-01
2.159993648529052734e-01
4.633530676364898682e-01
5.568326115608215332e-01
3.486550152301788330e-01
4.237474501132965088e-01
3.167878091335296631e-01
3.445911407470703125e-01
3.653207421302795410e-01
4.164027869701385498e-01
3.283068537712097168e-01
3.670476078987121582e-01
3.994965553283691406e-01
5.204469561576843262e-01
4.617492258548736572e-01
5.589210391044616699e-01
3.925787508487701416e-01
3.831521570682525635e-01
3.953197598457336426e-01
4.059602618217468262e-01
3.517368435859680176e-01
2.615961730480194092e-01
4.428965449333190918e-01
3.699291050434112549e-01
3.986312150955200195e-01
4.211266934871673584e-01
6.733202934265136719e-01
5.536881685256958008e-01
9.260088801383972168e-01
3.439966142177581787e-01
3.604449331760406494e-01
4.204655289649963379e-01
4.394533932209014893e-01
3.985385298728942871e-01
6.032014489173889160e-01
6.562229394912719727e-01
4.118754267692565918e-01
3.673648834228515625e-01
5.963602066040039062e-01
4.522229731082916260e-01
3.373631536960601807e-01
4.283001422882080078e-01
4.492070078849792480e-01
4.975258111953735352e-01
5.603961348533630371e-01
4.521302878856658936e-01
4.146544635295867920e-01
3.289154469966888428e-01
2.975811064243316650e-01
4.836616218090057373e-01
4.383876323699951172e-01
4.219518601894378662e-01
6.530014872550964355e-01
4.465894699096679688e-01
2.711467444896697998e-01
7.393081188201904297e-01
4.036343395709991455e-01
2.883402407169342041e-01
4.306560754776000977e-01
4.776774942874908447e-01
8.133952617645263672e-01
4.875777959823608398e-01
5.090380311012268066e-01
3.839325010776519775e-01
6.163935661315917969e-01
4.394393265247344971e-01
2.583657801151275635e-01
6.989768743515014648e-01
5.509085655212402344e-01
2.532703578472137451e-01
3.641038835048675537e-01
4.776428937911987305e-01
5.643699765205383301e-01
4.658095538616180420e-01
4.618066847324371338e-01
4.600389301776885986e-01
3.908951878547668457e-01
6.844466924667358398e-01
5.593423843383789062e-01
5.087121129035949707e-01
4.572090804576873779e-01
6.463507413864135742e-01
4.705850183963775635e-01
2.978837490081787109e-01
3.730433583259582520e-01
4.142362475395202637e-01
5.213113427162170410e-01
4.396340847015380859e-01
3.506242930889129639e-01
6.514479517936706543e-01
3.885858952999114990e-01
3.090595304965972900e-01
5.826549530029296875e-01
6.079276204109191895e-01
4.912486374378204346e-01
6.040681004524230957e-01
5.711203217506408691e-01
4.605002105236053467e-01
6.038707494735717773e-01
2.529659271240234375e-01
4.700166583061218262e-01
5.546543002128601074e-01
3.895238339900970459e-01
3.370088934898376465e-01
3.795714378356933594e-01
4.194623231887817383e-01
4.369810223579406738e-01
3.497084379196166992e-01
4.428453743457794189e-01
2.993522584438323975e-01
4.414028227329254150e-01
4.666847288608551025e-01
6.383974552154541016e-01
4.922100901603698730e-01
4.560932517051696777e-01
4.699096679687500000e-01
6.412798166275024414e-01
4.569580256938934326e-01
3.837367296218872070e-01
5.338148474693298340e-01
5.491425991058349609e-01
4.854336678981781006e-01
5.848252773284912109e-01
6.708502173423767090e-01
6.779571771621704102e-01
5.842812061309814453e-01
2.731183171272277832e-01
8.732126951217651367e-01
4.649116098880767822e-01
4.893789291381835938e-01
5.359457135200500488e-01
5.162006020545959473e-01
5.073541402816772461e-01
4.566590785980224609e-01
4.783962368965148926e-01
4.546799659729003906e-01
8.812962174415588379e-01
6.546255946159362793e-01
6.854832172393798828e-01
4.422262310981750488e-01
5.981003046035766602e-01
4.091594517230987549e-01
2.815499603748321533e-01
3.826953172683715820e-01
4.874351918697357178e-01
3.188944756984710693e-01
3.249907195568084717e-01
4.630957245826721191e-01
5.246406197547912598e-01
3.606245219707489014e-01
4.297419488430023193e-01
5.750677585601806641e-01
7.272517085075378418e-01
5.617152452468872070e-01
4.876999855041503906e-01
3.364879488945007324e-01
5.939013957977294922e-01
7.466658949851989746e-01
3.645783066749572754e-01
3.994200229644775391e-01
5.958988666534423828e-01
4.580776393413543701e-01
5.595207214355468750e-01
3.723815381526947021e-01
6.832869052886962891e-01
6.018525958061218262e-01
4.211269617080688477e-01
4.112424850463867188e-01
6.462638378143310547e-01
5.974013805389404297e-01
3.851479291915893555e-01
6.490812897682189941e-01
4.041833579540252686e-01
5.903524756431579590e-01
5.259184241294860840e-01
3.614619076251983643e-01
5.237104892730712891e-01
4.572570621967315674e-01
4.039118885993957520e-01
6.564330458641052246e-01
3.087606728076934814e-01
4.033989906311035156e-01
3.882932662963867188e-01
5.083901286125183105e-01
5.056337118148803711e-01
6.287469267845153809e-01
7.029206156730651855e-01
4.638401567935943604e-01
4.742425382137298584e-01
6.156657338142395020e-01
3.878085315227508545e-01
4.027986824512481689e-01
4.802009165287017822e-01
4.279257357120513916e-01
4.361392259597778320e-01
5.505533814430236816e-01
6.617147922515869141e-01
2.819887101650238037e-01
4.305657744407653809e-01
4.256977140903472900e-01
5.639680027961730957e-01
4.562693536281585693e-01
5.163194537162780762e-01
3.991414904594421387e-01
3.072398900985717773e-01
4.312344491481781006e-01
9.379433989524841309e-01
4.855196774005889893e-01
3.818146884441375732e-01
4.374486804008483887e-01
5.175738334655761719e-01
4.237193465232849121e-01
5.370722413063049316e-01
6.682671904563903809e-01
8.292042613029479980e-01
5.479290485382080078e-01
6.078546643257141113e-01
7.395914793014526367e-01
3.477834761142730713e-01
3.671911954879760742e-01
3.819789588451385498e-01
5.868174433708190918e-01
5.767536759376525879e-01
4.016768932342529297e-01
5.473957657814025879e-01
5.782639980316162109e-01
3.129204511642456055e-01
5.333377122879028320e-01
3.648515641689300537e-01
4.676242768764495850e-01
2.990418374538421631e-01
7.089517712593078613e-01
4.053389728069305420e-01
5.082179903984069824e-01
7.632926702499389648e-01
5.129703879356384277e-01
5.435832142829895020e-01
5.146278142929077148e-01
4.570551812648773193e-01
5.295538306236267090e-01
5.505065321922302246e-01
5.415732860565185547e-01
5.752252936363220215e-01
3.844394385814666748e-01
4.270032644271850586e-01
4.937495887279510498e-01
5.258723497390747070e-01
5.995281338691711426e-01
4.392314553260803223e-01
5.848637223243713379e-01
4.115081429481506348e-01
4.227394759654998779e-01
3.827426135540008545e-01
5.791675448417663574e-01
3.519785404205322266e-01
2.383606433868408203e-01
3.718685209751129150e-01
5.512003302574157715e-01
5.267385840415954590e-01
4.617873132228851318e-01
5.619390606880187988e-01
4.768323600292205811e-01
4.926084876060485840e-01
4.759292006492614746e-01
4.603503048419952393e-01
4.535738825798034668e-01
4.031098186969757080e-01
4.624036848545074463e-01
6.798989176750183105e-01
5.695629715919494629e-01
3.554661571979522705e-01
2.856574356555938721e-01
4.757602810859680176e-01
3.827477097511291504e-01
2.892839610576629639e-01
5.814332365989685059e-01
3.979332149028778076e-01
5.303459167480468750e-01
4.962787032127380371e-01
4.469460844993591309e-01
4.707213640213012695e-01
2.990212142467498779e-01
3.899859786033630371e-01
5.740830302238464355e-01
4.408096075057983398e-01
2.533549666404724121e-01
3.820180594921112061e-01
5.518048405647277832e-01
5.222495198249816895e-01
3.358166217803955078e-01
3.196306526660919189e-01
3.959582746028900146e-01
5.043703317642211914e-01
2.411221414804458618e-01
5.449486374855041504e-01
5.780178904533386230e-01
5.312333106994628906e-01
3.612610101699829102e-01
4.221423268318176270e-01
5.237635970115661621e-01
6.475493907928466797e-01
3.719274401664733887e-01
4.099175930023193359e-01
3.781239986419677734e-01
5.526524186134338379e-01
4.787378907203674316e-01
4.919773042201995850e-01
3.799239099025726318e-01
3.372040987014770508e-01
6.093133687973022461e-01
5.846560597419738770e-01
5.001953840255737305e-01
4.897873401641845703e-01
3.576138317584991455e-01
5.909751057624816895e-01
4.252789020538330078e-01
6.274357438087463379e-01
3.583905994892120361e-01
6.992560029029846191e-01
7.333834171295166016e-01
2.459392696619033813e-01
4.555867016315460205e-01
4.547202587127685547e-01
6.628326773643493652e-01
6.003602147102355957e-01
4.372370839118957520e-01
6.387643814086914062e-01
3.989896476268768311e-01
2.981422543525695801e-01
7.213310599327087402e-01
3.755824863910675049e-01
5.153795480728149414e-01
3.841927051544189453e-01
5.787600278854370117e-01
4.131136238574981689e-01
4.494905471801757812e-01
3.794218897819519043e-01
4.458206295967102051e-01
4.902495741844177246e-01
3.781913816928863525e-01
4.566294252872467041e-01
6.779407262802124023e-01
4.277784526348114014e-01
4.719990193843841553e-01
5.819523930549621582e-01
2.550143897533416748e-01
2.404821813106536865e-01
7.501095533370971680e-01
3.575403094291687012e-01
3.834882974624633789e-01
4.757048785686492920e-01
5.669634342193603516e-01
8.267199397087097168e-01
4.846960008144378662e-01
3.332442343235015869e-01
3.407179713249206543e-01
4.491966962814331055e-01
6.495788693428039551e-01
4.643985033035278320e-01
5.428118109703063965e-01
3.567228317260742188e-01
5.457528829574584961e-01
4.729503393173217773e-01
4.411283135414123535e-01
5.055562853813171387e-01
4.869672358036041260e-01
4.824821650981903076e-01
4.239763915538787842e-01
5.070357322692871094e-01
5.902177691459655762e-01
5.344003438949584961e-01
4.601052105426788330e-01
5.078119039535522461e-01
4.993247687816619873e-01
3.000024259090423584e-01
4.411886334419250488e-01
5.101923346519470215e-01
5.899975299835205078e-01
5.856542587280273438e-01
6.747562885284423828e-01
3.322392404079437256e-01
5.019474029541015625e-01
5.693223476409912109e-01
5.117878317832946777e-01
6.121861338615417480e-01
4.047449827194213867e-01
3.711662888526916504e-01
5.229338407516479492e-01
3.772397637367248535e-01
7.667137384414672852e-01
5.591890811920166016e-01
4.303327798843383789e-01
6.202000379562377930e-01
6.689880490303039551e-01
5.690418481826782227e-01
3.604910373687744141e-01
4.599365293979644775e-01
2.190213501453399658e-01
3.854980170726776123e-01
5.043683648109436035e-01
5.299520492553710938e-01
5.903444886207580566e-01
5.320809483528137207e-01
4.570756554603576660e-01
4.912091493606567383e-01
4.679155349731445312e-01
4.652100205421447754e-01
3.534333109855651855e-01
4.576661884784698486e-01
5.188984274864196777e-01
3.908694982528686523e-01
6.902579665184020996e-01
6.006385684013366699e-01
3.744027912616729736e-01
5.396409630775451660e-01
4.238811731338500977e-01
7.352939844131469727e-01
2.691240906715393066e-01
5.940124392509460449e-01
3.827022612094879150e-01
3.476088643074035645e-01
5.068314075469970703e-01
3.378113806247711182e-01
3.883874416351318359e-01
4.289859831333160400e-01
6.926242113113403320e-01
4.054505825042724609e-01
4.004800915718078613e-01
4.750977158546447754e-01
4.264671802520751953e-01
4.918310642242431641e-01
3.263362050056457520e-01
6.748914122581481934e-01
5.391014218330383301e-01
3.002012372016906738e-01
3.846548199653625488e-01
4.871901571750640869e-01
5.513234734535217285e-01
4.791517555713653564e-01
3.968712687492370605e-01
4.618644118309020996e-01
3.508325815200805664e-01
3.105252981185913086e-01
3.699842691421508789e-01
3.695529699325561523e-01
7.361117601394653320e-01
5.753298997879028320e-01
3.882873356342315674e-01
6.334301829338073730e-01
6.235575675964355469e-01
5.203548669815063477e-01
3.645136952400207520e-01
7.058870196342468262e-01
4.550392329692840576e-01
5.730645060539245605e-01
5.510402321815490723e-01
5.170464515686035156e-01
6.668656468391418457e-01
4.800577163696289062e-01
5.677842497825622559e-01
2.979738414287567139e-01
4.736641645431518555e-01
3.085593581199645996e-01
5.298908352851867676e-01
6.448696851730346680e-01
5.253643989562988281e-01
6.902088522911071777e-01
4.535148739814758301e-01
6.986155509948730469e-01
5.297322869300842285e-01
5.431137681007385254e-01
8.912374973297119141e-01
6.648507714271545410e-01
5.771377682685852051e-01
4.779109954833984375e-01
5.293328166007995605e-01
5.029316544532775879e-01
7.085557579994201660e-01
3.770134449005126953e-01
6.749317049980163574e-01
2.892463803291320801e-01
2.751250863075256348e-01
4.465663731098175049e-01
5.321438312530517578e-01
4.182568788528442383e-01
6.343892216682434082e-01
4.503729939460754395e-01
3.538259565830230713e-01
3.160940706729888916e-01
4.515925347805023193e-01
3.888152837753295898e-01
4.458865821361541748e-01
6.256970763206481934e-01
3.066880106925964355e-01
4.452975392341613770e-01
8.195570111274719238e-01
3.164023160934448242e-01
3.065883517265319824e-01
3.124170303344726562e-01
2.741512060165405273e-01
5.593082904815673828e-01
4.940499067306518555e-01
5.281310677528381348e-01
5.991401672363281250e-01
5.384348034858703613e-01
4.685759544372558594e-01
3.540908098220825195e-01
6.042023301124572754e-01
4.545437395572662354e-01
4.020451903343200684e-01
4.994399249553680420e-01
4.470919966697692871e-01
4.418250024318695068e-01
8.343420028686523438e-01
2.457287758588790894e-01
2.879097461700439453e-01
5.173624753952026367e-01
5.285417437553405762e-01
5.561717152595520020e-01
4.928159117698669434e-01
5.996733903884887695e-01
3.435684144496917725e-01
2.916025221347808838e-01
6.539833545684814453e-01
3.978677988052368164e-01
4.918270707130432129e-01
3.135800063610076904e-01
4.355128407478332520e-01
5.917613506317138672e-01
4.693641662597656250e-01
5.582245588302612305e-01
2.888794243335723877e-01
3.355692923069000244e-01
3.192437291145324707e-01
6.642920374870300293e-01
5.305014252662658691e-01
5.160476565361022949e-01
3.284190893173217773e-01
5.195246338844299316e-01
4.036772847175598145e-01
3.516984581947326660e-01
3.865055739879608154e-01
5.418621897697448730e-01
3.999347090721130371e-01
5.221698880195617676e-01
3.269240856170654297e-01
5.059798955917358398e-01
3.229536712169647217e-01
3.781051635742187500e-01
5.931730270385742188e-01
7.234085202217102051e-01
5.402129888534545898e-01
5.348924994468688965e-01
4.804959595203399658e-01
6.276323795318603516e-01
5.641112923622131348e-01
3.955173492431640625e-01
6.675097942352294922e-01
3.026727437973022461e-01
3.996812999248504639e-01
3.906939923763275146e-01
5.927467346191406250e-01
3.996544778347015381e-01
4.027199149131774902e-01
4.409022927284240723e-01
2.504722476005554199e-01
4.545841217041015625e-01
8.740715980529785156e-01
6.780759692192077637e-01
5.008254051208496094e-01
4.704796075820922852e-01
3.934472799301147461e-01
3.659792244434356689e-01
3.357864916324615479e-01
4.511270821094512939e-01
4.638580977916717529e-01
4.279221594333648682e-01
6.830582022666931152e-01
4.883996844291687012e-01
4.173246026039123535e-01
3.331318199634552002e-01
4.017564654350280762e-01
4.887321293354034424e-01
4.840052723884582520e-01
3.585583567619323730e-01
7.059024572372436523e-01
3.770864605903625488e-01
2.390669435262680054e-01
2.559745013713836670e-01
6.907678246498107910e-01
3.551472425460815430e-01
3.125379681587219238e-01
4.762091934680938721e-01
2.532114386558532715e-01
5.112824440002441406e-01
4.523399174213409424e-01
4.344378709793090820e-01
4.459330141544342041e-01
5.856189131736755371e-01
2.461237013339996338e-01
5.596907138824462891e-01
4.007859826087951660e-01
7.454954385757446289e-01
2.168379575014114380e-01
4.803374707698822021e-01
4.798904359340667725e-01
4.311014413833618164e-01
5.044948458671569824e-01
4.481952488422393799e-01
2.209741920232772827e-01
5.707980990409851074e-01
4.673894345760345459e-01
4.275682568550109863e-01
3.129775524139404297e-01
3.512904942035675049e-01
5.776880979537963867e-01
6.063421964645385742e-01
4.102411568164825439e-01
4.832030832767486572e-01
4.515004456043243408e-01
6.738226413726806641e-01
7.082314491271972656e-01
4.677786529064178467e-01
7.823426723480224609e-01
6.691468358039855957e-01
3.137492239475250244e-01
4.012221097946166992e-01
4.604620635509490967e-01
5.169232487678527832e-01
3.975074887275695801e-01
5.795940756797790527e-01
3.987794518470764160e-01
4.875958561897277832e-01
2.066709399223327637e-01
3.624775111675262451e-01
2.309413254261016846e-01
4.916338622570037842e-01
2.868720293045043945e-01
4.161213636398315430e-01
4.400930106639862061e-01
3.843979239463806152e-01
3.270988464355468750e-01
4.602855443954467773e-01
3.262077569961547852e-01
4.347101449966430664e-01
5.370330214500427246e-01
3.249137401580810547e-01
2.566345930099487305e-01
1.774539351463317871e-01
3.084767460823059082e-01
4.311870932579040527e-01
4.159730374813079834e-01
2.765946388244628906e-01
3.457482755184173584e-01
3.771644830703735352e-01
2.852712273597717285e-01
3.819509446620941162e-01
4.332265853881835938e-01
3.574925661087036133e-01
1.875297129154205322e-01
2.547224462032318115e-01
3.851109743118286133e-01
3.082033991813659668e-01
3.902878761291503906e-01
3.501806259155273438e-01
4.332324266433715820e-01
3.852421641349792480e-01
2.668347954750061035e-01
2.598631381988525391e-01
3.289408385753631592e-01
3.558664023876190186e-01
2.990236282348632812e-01
2.831468582153320312e-01
3.728642165660858154e-01
3.723449409008026123e-01
2.731050848960876465e-01
2.416945695877075195e-01
3.156054019927978516e-01
3.173447847366333008e-01
3.956666290760040283e-01
3.137897551059722900e-01
2.902174890041351318e-01
2.405575513839721680e-01
2.628622651100158691e-01
2.821606099605560303e-01
5.345638990402221680e-01
4.514006376266479492e-01
4.697973430156707764e-01
4.441838562488555908e-01
3.339776396751403809e-01
3.522552549839019775e-01
6.245832443237304688e-01
3.720430135726928711e-01
2.649898827075958252e-01
1.768535375595092773e-01
4.145364761352539062e-01
2.096200883388519287e-01
2.413621395826339722e-01
3.862461745738983154e-01
4.881206750869750977e-01
2.313856333494186401e-01
4.074315726757049561e-01
2.929517328739166260e-01
3.318451046943664551e-01
2.756850123405456543e-01
3.853498697280883789e-01
2.844889461994171143e-01
3.568046987056732178e-01
1.870691627264022827e-01
4.721856117248535156e-01
4.341923296451568604e-01
3.401739299297332764e-01
3.510133326053619385e-01
4.857079684734344482e-01
3.917023241519927979e-01
4.052845537662506104e-01
2.420081198215484619e-01
4.066497683525085449e-01
4.502785801887512207e-01
3.121616840362548828e-01
4.552589356899261475e-01
2.904205024242401123e-01
3.818723261356353760e-01
2.441048473119735718e-01
4.527421891689300537e-01
2.467681765556335449e-01
3.305569589138031006e-01
2.215550392866134644e-01
5.017531514167785645e-01
2.402101308107376099e-01
3.106947243213653564e-01
4.526062607765197754e-01
6.558290123939514160e-01
3.150178790092468262e-01
4.297623634338378906e-01
2.625980973243713379e-01
2.868314683437347412e-01
4.360034167766571045e-01
1.545538902282714844e-01
5.338979363441467285e-01
1.856895238161087036e-01
2.331978827714920044e-01
4.633044302463531494e-01
6.583107113838195801e-01
3.426182568073272705e-01
2.713473737239837646e-01
3.069103360176086426e-01
2.819143235683441162e-01
2.852059900760650635e-01
4.690340161323547363e-01
2.564329802989959717e-01
5.305448770523071289e-01
2.737295031547546387e-01
3.099372386932373047e-01
2.909376323223114014e-01
4.558324515819549561e-01
2.972776889801025391e-01
4.057221710681915283e-01
3.362418711185455322e-01
3.382924795150756836e-01
5.288780331611633301e-01
4.987039268016815186e-01
1.424188613891601562e-01
3.610495030879974365e-01
3.197673857212066650e-01
4.070381820201873779e-01
3.787106275558471680e-01
3.231609165668487549e-01
4.721537828445434570e-01
4.177812635898590088e-01
5.139812827110290527e-01
2.982955574989318848e-01
3.433547914028167725e-01
6.270366311073303223e-01
3.109449744224548340e-01
4.286721050739288330e-01
3.555666804313659668e-01
3.690614998340606689e-01
5.652683377265930176e-01
2.640521824359893799e-01
2.953673303127288818e-01
5.247592329978942871e-01
3.562723100185394287e-01
4.151611924171447754e-01
4.254105389118194580e-01
3.535838425159454346e-01
4.936861693859100342e-01
3.234097063541412354e-01
3.857997655868530273e-01
3.802941143512725830e-01
4.029442667961120605e-01
2.848115861415863037e-01
3.039656579494476318e-01
7.041037082672119141e-01
3.006269037723541260e-01
4.254349172115325928e-01
4.585680067539215088e-01
3.269870579242706299e-01
3.385397195816040039e-01
3.750730156898498535e-01
4.325457513332366943e-01
1.966238319873809814e-01
3.787515163421630859e-01
4.084824919700622559e-01
3.381767272949218750e-01
3.799303472042083740e-01
2.749372124671936035e-01
3.335967361927032471e-01
2.488343417644500732e-01
3.608515262603759766e-01
5.595079064369201660e-01
4.360376298427581787e-01
2.651242911815643311e-01
4.079922437667846680e-01
3.694693446159362793e-01
6.370397806167602539e-01
2.989937961101531982e-01
1.784966737031936646e-01
4.701962471008300781e-01
4.741606712341308594e-01
3.047899305820465088e-01
9.896153956651687622e-02
6.109343171119689941e-01
5.002325177192687988e-01
3.158173561096191406e-01
4.731290936470031738e-01
2.431843876838684082e-01
4.445241391658782959e-01
2.847795784473419189e-01
1.999807357788085938e-01
2.653493285179138184e-01
2.424119114875793457e-01
4.449368119239807129e-01
5.947437882423400879e-01
2.715485990047454834e-01
4.876480996608734131e-01
6.614193916320800781e-01
4.075673520565032959e-01
3.203176259994506836e-01
3.613208532333374023e-01
3.846196830272674561e-01
4.036457538604736328e-01
3.194472491741180420e-01
3.043499886989593506e-01
2.757225036621093750e-01
3.781399130821228027e-01
3.847412765026092529e-01
1.732145696878433228e-01
4.701834022998809814e-01
5.849760770797729492e-01
3.032518625259399414e-01
4.237557351589202881e-01
2.656593620777130127e-01
3.777653574943542480e-01
3.938297033309936523e-01
4.966274201869964600e-01
1.895020306110382080e-01
3.494961857795715332e-01
5.744715332984924316e-01
2.989859879016876221e-01
3.349979221820831299e-01
3.697066903114318848e-01
4.076725542545318604e-01
3.405838310718536377e-01
2.800396084785461426e-01
5.097948312759399414e-01
3.583514392375946045e-01
4.076402187347412109e-01
3.015749454498291016e-01
3.402387797832489014e-01
1.976391524076461792e-01
4.508396685123443604e-01
1.573514193296432495e-01
2.191522568464279175e-01
3.396130800247192383e-01
4.574326574802398682e-01
3.355647921562194824e-01
3.618385791778564453e-01
3.114064931869506836e-01
2.061557471752166748e-01
1.860288828611373901e-01
4.330973923206329346e-01
4.178437888622283936e-01
3.906171321868896484e-01
4.875653982162475586e-01
4.299914836883544922e-01
1.855099648237228394e-01
2.932181060314178467e-01
2.707325518131256104e-01
3.684297204017639160e-01
2.964534163475036621e-01
4.644241631031036377e-01
4.519707560539245605e-01
6.299680471420288086e-01
4.658707976341247559e-01
5.160754323005676270e-01
3.131401240825653076e-01
2.061297595500946045e-01
4.520200788974761963e-01
6.000427603721618652e-01
3.710501492023468018e-01
3.716532289981842041e-01
3.309932947158813477e-01
2.958749532699584961e-01
3.904161155223846436e-01
3.264436125755310059e-01
4.027515053749084473e-01
3.437903225421905518e-01
4.321805834770202637e-01
3.655910491943359375e-01
2.524994909763336182e-01
5.820227265357971191e-01
3.020611107349395752e-01
2.896311879158020020e-01
5.677725672721862793e-01
5.507972240447998047e-01
2.218304127454757690e-01
4.587450027465820312e-01
2.574717998504638672e-01
4.235921502113342285e-01
4.160558581352233887e-01
4.334745109081268311e-01
3.612953424453735352e-01
1.822776049375534058e-01
2.904125750064849854e-01
3.816458880901336670e-01
4.104959070682525635e-01
3.073793649673461914e-01
2.924765944480895996e-01
4.043653011322021484e-01
2.627009451389312744e-01
6.028258800506591797e-01
4.327441155910491943e-01
3.848623037338256836e-01
4.772412776947021484e-01
3.543100357055664062e-01
3.555323779582977295e-01
3.258994221687316895e-01
4.301845133304595947e-01
4.000998139381408691e-01
4.087671637535095215e-01
4.239801466464996338e-01
3.937267661094665527e-01
6.184443235397338867e-01
3.597957491874694824e-01
4.279723167419433594e-01
3.094472289085388184e-01
3.858224153518676758e-01
3.222758471965789795e-01
4.733209311962127686e-01
4.573867619037628174e-01
5.117629170417785645e-01
4.062148332595825195e-01
2.393398433923721313e-01
3.586624264717102051e-01
4.729736149311065674e-01
4.412521719932556152e-01
4.676743447780609131e-01
2.909686267375946045e-01
2.589490115642547607e-01
3.171751201152801514e-01
4.229712486267089844e-01
2.533375024795532227e-01
3.069007694721221924e-01
5.183537602424621582e-01
2.647230923175811768e-01
2.924734354019165039e-01
2.771479189395904541e-01
6.811079978942871094e-01
2.957408428192138672e-01
4.278006255626678467e-01
3.859632015228271484e-01
5.391586422920227051e-01
4.199494421482086182e-01
5.207625031471252441e-01
3.650232851505279541e-01
1.912834644317626953e-01
2.908803820610046387e-01
3.827842772006988525e-01
4.547821283340454102e-01
1.635667234659194946e-01
4.932705760002136230e-01
4.608834087848663330e-01
2.594090700149536133e-01
4.216256141662597656e-01
3.094861507415771484e-01
2.692486345767974854e-01
1.410171389579772949e-01
4.594704508781433105e-01
4.021519720554351807e-01
3.003665208816528320e-01
2.798577547073364258e-01
2.904554307460784912e-01
4.519200325012207031e-01
3.220872282981872559e-01
2.610016167163848877e-01
2.074118852615356445e-01
2.471399158239364624e-01
4.789871275424957275e-01
4.752812683582305908e-01
4.562815427780151367e-01
3.163391649723052979e-01
3.350187242031097412e-01
4.744762480258941650e-01
4.516572058200836182e-01
7.255108952522277832e-01
3.975416421890258789e-01
7.017967700958251953e-01
2.693281173706054688e-01
2.454250901937484741e-01
4.934839606285095215e-01
5.575037002563476562e-01
3.652433156967163086e-01
4.676908254623413086e-01
4.190538525581359863e-01
3.723740577697753906e-01
2.982279062271118164e-01
3.994770944118499756e-01
4.396640062332153320e-01
2.446545809507369995e-01
4.524182379245758057e-01
6.102153062820434570e-01
2.738845944404602051e-01
3.514743745326995850e-01
4.979787170886993408e-01
4.288383424282073975e-01
4.774217903614044189e-01
4.177485406398773193e-01
5.140678286552429199e-01
4.069481194019317627e-01
4.422711431980133057e-01
5.984081625938415527e-01
5.132739543914794922e-01
2.517177760601043701e-01
3.358249962329864502e-01
5.115762352943420410e-01
3.576313853263854980e-01
2.018236517906188965e-01
4.269409179687500000e-01
3.135262131690979004e-01
3.465774357318878174e-01
5.478338003158569336e-01
4.151580631732940674e-01
2.308020591735839844e-01
3.598774969577789307e-01
4.012543559074401855e-01
4.931827187538146973e-01
3.918106555938720703e-01
2.630539536476135254e-01
5.902220606803894043e-01
4.478017985820770264e-01
5.697443485260009766e-01
3.219700157642364502e-01
3.109249472618103027e-01
3.347764313220977783e-01
9.208472371101379395e-01
2.779374718666076660e-01
3.308331072330474854e-01
3.591138422489166260e-01
3.900149762630462646e-01
2.480344474315643311e-01
3.764558434486389160e-01
3.685852885246276855e-01
3.371378183364868164e-01
2.755388021469116211e-01
2.080953717231750488e-01
5.519407987594604492e-01
2.186107933521270752e-01
2.194430381059646606e-01
2.819155752658843994e-01
2.134734094142913818e-01
2.497784942388534546e-01
3.134372234344482422e-01
4.339426755905151367e-01
6.939420700073242188e-01
4.300611019134521484e-01
5.547278523445129395e-01
4.377774000167846680e-01
3.938296437263488770e-01
3.230564594268798828e-01
3.211298584938049316e-01
2.461761683225631714e-01
3.606988489627838135e-01
3.399480879306793213e-01
3.350163400173187256e-01
3.621154725551605225e-01
4.731410741806030273e-01
4.890251755714416504e-01
4.230636060237884521e-01
4.621759355068206787e-01
2.738163173198699951e-01
3.895913064479827881e-01
3.308916389942169189e-01
4.581271111965179443e-01
2.568648457527160645e-01
2.491227835416793823e-01
2.696988880634307861e-01
4.737659394741058350e-01
4.683130979537963867e-01
2.764327824115753174e-01
3.411636650562286377e-01
3.294456303119659424e-01
3.908175528049468994e-01
3.349001705646514893e-01
4.376405477523803711e-01
3.557289838790893555e-01
5.175673365592956543e-01
3.065131306648254395e-01
1.919436901807785034e-01
2.992882132530212402e-01
3.791141510009765625e-01
4.514146149158477783e-01
2.442186474800109863e-01
4.749524295330047607e-01
3.527123630046844482e-01
5.756809115409851074e-01
3.647772669792175293e-01
3.980483412742614746e-01
4.596913456916809082e-01
2.512241899967193604e-01
4.392388761043548584e-01
1.967849284410476685e-01
3.327913284301757812e-01
3.776798844337463379e-01
5.178934335708618164e-01
1.846314817667007446e-01
5.081437230110168457e-01
3.046226799488067627e-01
2.745726406574249268e-01
6.049000620841979980e-01
3.596045076847076416e-01
2.063668370246887207e-01
6.077551841735839844e-01
5.079684853553771973e-01
4.254273176193237305e-01
1.753607094287872314e-01
2.766939401626586914e-01
3.726241886615753174e-01
3.509564399719238281e-01
4.452063739299774170e-01
4.593414366245269775e-01
5.667529106140136719e-01
4.446401298046112061e-01
3.630498945713043213e-01
3.462798893451690674e-01
5.359588861465454102e-01
7.171115875244140625e-01
2.738703787326812744e-01
4.707256555557250977e-01
4.854146242141723633e-01
4.335103631019592285e-01
4.128701984882354736e-01
3.605152666568756104e-01
5.850024819374084473e-01
3.596117198467254639e-01
4.105811417102813721e-01
4.857008457183837891e-01
5.411164760589599609e-01
5.118376016616821289e-01
3.434428274631500244e-01
3.421302437782287598e-01
2.978579998016357422e-01
2.375322878360748291e-01
3.214308917522430420e-01
4.554471075534820557e-01
4.371304214000701904e-01
4.473015367984771729e-01
2.866697609424591064e-01
3.401460945606231689e-01
3.897745609283447266e-01
4.355252981185913086e-01
4.949428141117095947e-01
3.826035559177398682e-01
2.864210903644561768e-01
2.902222573757171631e-01
5.316163897514343262e-01
5.476901531219482422e-01
2.709016799926757812e-01
2.943159043788909912e-01
4.882117509841918945e-01
5.760763287544250488e-01
4.456897675991058350e-01
3.088627755641937256e-01
3.516338765621185303e-01
1.472133100032806396e-01
3.990540504455566406e-01
3.984790742397308350e-01
4.223137199878692627e-01
2.738376855850219727e-01
4.984975755214691162e-01
2.938398420810699463e-01
3.064705431461334229e-01
4.950214624404907227e-01
3.301438987255096436e-01
6.097031235694885254e-01
2.028031200170516968e-01
2.642042040824890137e-01
2.563771903514862061e-01
4.229062795639038086e-01
2.546849250793457031e-01
5.142677426338195801e-01
3.780418038368225098e-01
4.872870445251464844e-01
4.418369531631469727e-01
4.095036089420318604e-01
2.758723795413970947e-01
4.420898258686065674e-01
4.040676951408386230e-01
3.830233216285705566e-01
4.248901605606079102e-01
1.484014838933944702e-01
3.051783144474029541e-01
4.143251478672027588e-01
1.633922159671783447e-01
3.053171932697296143e-01
2.868182063102722168e-01
5.875334739685058594e-01
1.753045469522476196e-01
3.464013338088989258e-01
5.081389546394348145e-01
5.187886357307434082e-01
2.900936603546142578e-01
4.628230333328247070e-01
3.018707633018493652e-01
5.024653077125549316e-01
6.888042688369750977e-01
3.518626093864440918e-01
2.710037827491760254e-01
2.594539821147918701e-01
3.348894715309143066e-01
6.025536656379699707e-01
4.478003978729248047e-01
2.949454784393310547e-01
2.076432257890701294e-01
4.406800866127014160e-01
5.865962505340576172e-01
2.866266667842864990e-01
3.523680567741394043e-01
4.457674920558929443e-01
3.223215341567993164e-01
4.035709202289581299e-01
5.161548256874084473e-01
3.033613860607147217e-01
4.719588458538055420e-01
4.490894377231597900e-01
3.138002157211303711e-01
4.425062239170074463e-01
5.186699032783508301e-01
5.723977684974670410e-01
3.794320225715637207e-01
5.012408494949340820e-01
1.396695077419281006e-01
4.085367918014526367e-01
4.289770722389221191e-01
4.193305969238281250e-01
3.612910509109497070e-01
5.111528635025024414e-01
4.191881418228149414e-01
3.377095758914947510e-01
3.771911859512329102e-01
2.222584784030914307e-01
2.945322692394256592e-01
4.177371263504028320e-01
4.466313719749450684e-01
3.580284714698791504e-01
3.196706175804138184e-01
3.901220858097076416e-01
4.313461184501647949e-01
3.021203279495239258e-01
4.390705525875091553e-01
3.975111842155456543e-01
4.093431234359741211e-01
3.378870189189910889e-01
2.607779800891876221e-01
4.211987853050231934e-01
4.116099774837493896e-01
4.250828623771667480e-01
3.964022099971771240e-01
4.190842509269714355e-01
4.169455468654632568e-01
2.994128167629241943e-01
3.519491255283355713e-01
4.229960441589355469e-01
3.290572166442871094e-01
5.085766315460205078e-01
5.375249981880187988e-01
5.093567371368408203e-01
5.353947281837463379e-01
3.891643583774566650e-01
5.817421674728393555e-01
2.733956873416900635e-01
4.225898683071136475e-01
6.653305888175964355e-01
4.658169448375701904e-01
5.093717575073242188e-01
4.036684334278106689e-01
3.048499822616577148e-01
4.133563935756683350e-01
2.857985794544219971e-01
4.211713969707489014e-01
4.431692063808441162e-01
4.711928665637969971e-01
4.683846235275268555e-01
4.234906435012817383e-01
3.227046430110931396e-01
3.475827872753143311e-01
3.450362682342529297e-01
3.409157991409301758e-01
4.453745782375335693e-01
2.924825549125671387e-01
2.338978052139282227e-01
4.544032514095306396e-01
4.900394976139068604e-01
4.323552846908569336e-01
4.879287183284759521e-01
2.800726890563964844e-01
5.373210906982421875e-01
2.680856883525848389e-01
4.207416772842407227e-01
3.906987905502319336e-01
4.907832145690917969e-01
3.832067549228668213e-01
4.608537256717681885e-01
3.306616842746734619e-01
4.099145531654357910e-01
4.028376638889312744e-01
5.275654196739196777e-01
4.183229804039001465e-01
6.229510903358459473e-01
5.023343563079833984e-01
4.133200347423553467e-01
1.211597248911857605e-01
4.096671342849731445e-01
2.898168563842773438e-01
3.981688916683197021e-01
2.135356813669204712e-01
4.997389614582061768e-01
4.987623691558837891e-01
3.563046455383300781e-01
4.332328438758850098e-01
4.974227249622344971e-01
3.192497491836547852e-01
3.562460839748382568e-01
2.507594525814056396e-01
3.017807006835937500e-01
1.807656139135360718e-01
1.329768747091293335e-01
3.306676149368286133e-01
4.945307970046997070e-01
3.661251664161682129e-01
4.675367176532745361e-01
3.069765269756317139e-01
4.274098277091979980e-01
3.082727193832397461e-01
2.143949270248413086e-01
2.134211659431457520e-01
4.313000142574310303e-01
4.168001711368560791e-01
3.829723000526428223e-01
3.914965093135833740e-01
3.510388731956481934e-01
4.143726229667663574e-01
6.753300428390502930e-01
2.735780179500579834e-01
5.044574141502380371e-01
2.849513888359069824e-01
3.030056655406951904e-01
3.441662192344665527e-01
3.758511543273925781e-01
4.477770924568176270e-01
5.782157778739929199e-01
4.931841492652893066e-01
3.472631275653839111e-01
1.848205029964447021e-01
2.235868126153945923e-01
3.908847272396087646e-01
4.357743859291076660e-01
2.239380478858947754e-01
2.719166576862335205e-01
2.472185045480728149e-01
6.302890181541442871e-01
5.023601651191711426e-01
2.959753572940826416e-01
2.142599076032638550e-01
5.175150036811828613e-01
3.617202937602996826e-01
4.259324371814727783e-01
5.899026989936828613e-01
5.164716243743896484e-01
4.819005727767944336e-01
4.848884344100952148e-01
3.027505874633789062e-01
4.644298553466796875e-01
6.708549857139587402e-01
3.453033864498138428e-01
3.791878223419189453e-01
5.785652995109558105e-01
5.215198397636413574e-01
3.883391022682189941e-01
2.893456518650054932e-01
4.927270710468292236e-01
4.370724856853485107e-01
4.969012141227722168e-01
4.163008630275726318e-01
4.801713526248931885e-01
3.325933516025543213e-01
3.894286453723907471e-01
1.374875754117965698e-01
6.288086175918579102e-01
4.152929186820983887e-01
4.425174593925476074e-01
3.662481009960174561e-01
4.011981785297393799e-01
3.582581281661987305e-01
9.591553211212158203e-01
1.695815771818161011e-01
2.886023521423339844e-01
2.666568160057067871e-01
3.352663815021514893e-01
2.679735720157623291e-01
3.279436528682708740e-01
2.276070713996887207e-01
3.840289413928985596e-01
5.115001201629638672e-01
5.255762934684753418e-01
3.041680455207824707e-01
4.510985612869262695e-01
2.047907114028930664e-01
2.704536020755767822e-01
2.346893250942230225e-01
3.577435910701751709e-01
4.113588631153106689e-01
3.172487914562225342e-01
2.522265613079071045e-01
2.147839665412902832e-01
1.705195754766464233e-01
2.377377450466156006e-01
2.965415716171264648e-01
1.796090751886367798e-01
3.293697535991668701e-01
2.371821403503417969e-01
1.955409198999404907e-01
3.404380381107330322e-01
1.706666052341461182e-01
2.029995322227478027e-01
2.758012115955352783e-01
3.102782368659973145e-01
3.138572275638580322e-01
3.025883734226226807e-01
4.099309742450714111e-01
1.263066083192825317e-01
1.313720792531967163e-01
2.023042738437652588e-01
2.702680230140686035e-01
3.401332199573516846e-01
2.540470659732818604e-01
2.686239778995513916e-01
3.609552979469299316e-01
3.108820021152496338e-01
2.389054745435714722e-01
3.377776741981506348e-01
1.174742653965950012e-01
2.377669066190719604e-01
2.070449441671371460e-01
1.464242786169052124e-01
2.738743126392364502e-01
1.191270276904106140e-01
2.709623873233795166e-01
3.198913037776947021e-01
2.805551290512084961e-01
2.628913819789886475e-01
3.935770690441131592e-01
2.390115708112716675e-01
2.075081765651702881e-01
2.301012575626373291e-01
4.407203197479248047e-01
1.648284345865249634e-01
1.931774318218231201e-01
4.432116746902465820e-01
2.420389950275421143e-01
2.966810464859008789e-01
1.250539869070053101e-01
1.754539459943771362e-01
3.590031266212463379e-01
2.070755809545516968e-01
3.468827903270721436e-01
2.110585868358612061e-01
3.896829187870025635e-01
1.505768001079559326e-01
3.095817863941192627e-01
2.809652984142303467e-01
4.136249125003814697e-01
2.143502235412597656e-01
2.115512788295745850e-01
1.749115586280822754e-01
3.408295810222625732e-01
2.990175485610961914e-01
2.116549462080001831e-01
2.330265790224075317e-01
2.438047081232070923e-01
3.291655778884887695e-01
2.358841449022293091e-01
2.641932070255279541e-01
2.090448141098022461e-01
2.058253437280654907e-01
1.993515491485595703e-01
2.318256795406341553e-01
2.096617519855499268e-01
2.092308849096298218e-01
1.528098136186599731e-01
4.164130091667175293e-01
3.418478071689605713e-01
3.179501295089721680e-01
3.461753427982330322e-01
2.752446234226226807e-01
2.333093136548995972e-01
2.459705919027328491e-01
1.628547757863998413e-01
2.538404762744903564e-01
2.828061878681182861e-01
2.070603966712951660e-01
3.203784525394439697e-01
2.720968127250671387e-01
3.098334372043609619e-01
2.865287959575653076e-01
2.617937326431274414e-01
3.148013949394226074e-01
4.417999386787414551e-01
3.079502880573272705e-01
2.585302889347076416e-01
1.733325123786926270e-01
2.832965254783630371e-01
2.543730735778808594e-01
3.843528032302856445e-01
2.831288576126098633e-01
2.794873118400573730e-01
1.417753249406814575e-01
2.864879667758941650e-01
4.004250466823577881e-01
2.526426315307617188e-01
2.505044937133789062e-01
2.271869778633117676e-01
3.094609677791595459e-01
4.012504220008850098e-01
2.120326757431030273e-01
2.452244758605957031e-01
2.634835243225097656e-01
3.217667341232299805e-01
3.847555816173553467e-01
2.109699398279190063e-01
2.836711704730987549e-01
3.310673534870147705e-01
4.577636122703552246e-01
4.440932571887969971e-01
2.548296153545379639e-01
3.928873836994171143e-01
1.940581351518630981e-01
3.042893409729003906e-01
1.825524866580963135e-01
2.402295768260955811e-01
2.471176981925964355e-01
2.921821177005767822e-01
4.513691067695617676e-01
2.440958023071289062e-01
2.408321797847747803e-01
3.088420629501342773e-01
1.612476855516433716e-01
2.599220871925354004e-01
2.923088669776916504e-01
3.690086603164672852e-01
3.414149582386016846e-01
3.655534088611602783e-01
2.820112705230712891e-01
1.893101036548614502e-01
2.479083389043807983e-01
3.358324468135833740e-01
2.523340582847595215e-01
2.715911567211151123e-01
3.018291294574737549e-01
2.340587377548217773e-01
2.757813334465026855e-01
3.755664527416229248e-01
1.539821773767471313e-01
3.904618918895721436e-01
2.095565795898437500e-01
4.023011922836303711e-01
3.673255741596221924e-01
1.934555470943450928e-01
1.689559668302536011e-01
3.259598612785339355e-01
2.857272922992706299e-01
2.726485431194305420e-01
3.432281613349914551e-01
2.276802510023117065e-01
3.033741414546966553e-01
3.040173947811126709e-01
2.644228637218475342e-01
3.560761213302612305e-01
2.882549464702606201e-01
1.997852623462677002e-01
1.662167161703109741e-01
6.315615177154541016e-01
3.026374280452728271e-01
5.342105627059936523e-01
3.357201814651489258e-01
3.762581050395965576e-01
3.145188689231872559e-01
2.354279905557632446e-01
2.433466613292694092e-01
1.299751251935958862e-01
1.953395307064056396e-01
2.772068083286285400e-01
1.776509284973144531e-01
3.061626553535461426e-01
2.338700592517852783e-01
2.711147367954254150e-01
1.489795446395874023e-01
2.838157713413238525e-01
3.385590910911560059e-01
2.539331912994384766e-01
1.475048810243606567e-01
2.070646882057189941e-01
1.579422354698181152e-01
1.437502056360244751e-01
2.312527000904083252e-01
3.878752291202545166e-01
3.635776340961456299e-01
1.922966688871383667e-01
2.221762686967849731e-01
2.500586509704589844e-01
1.328392028808593750e-01
3.998390138149261475e-01
2.989895045757293701e-01
1.699755191802978516e-01
3.052029907703399658e-01
1.775916218757629395e-01
2.262449860572814941e-01
2.571218013763427734e-01
2.275906056165695190e-01
3.043262660503387451e-01
2.757137119770050049e-01
1.692066639661788940e-01
2.750752270221710205e-01
2.672870457172393799e-01
4.739354550838470459e-01
3.412449657917022705e-01
2.217430621385574341e-01
3.774219155311584473e-01
4.211325943470001221e-01
2.180702388286590576e-01
2.177413403987884521e-01
2.705914080142974854e-01
2.364715933799743652e-01
4.659189879894256592e-01
1.929581463336944580e-01
5.175479650497436523e-01
1.600587368011474609e-01
6.949424743652343750e-02
1.969662308692932129e-01
1.800813525915145874e-01
4.407715797424316406e-01
1.599620282649993896e-01
5.128701925277709961e-01
2.207880765199661255e-01
3.545232415199279785e-01
1.537865251302719116e-01
1.220333799719810486e-01
1.886573731899261475e-01
1.612395942211151123e-01
1.648394614458084106e-01
2.118010967969894409e-01
2.524212896823883057e-01
3.442522585391998291e-01
4.412189126014709473e-01
2.299176901578903198e-01
4.279330670833587646e-01
1.963400542736053467e-01
2.828855812549591064e-01
3.090451061725616455e-01
1.777751147747039795e-01
2.157596945762634277e-01
4.182828664779663086e-01
2.538825869560241699e-01
2.121722251176834106e-01
2.559281885623931885e-01
2.694672048091888428e-01
3.572734892368316650e-01
2.998740077018737793e-01
1.789493411779403687e-01
2.403346896171569824e-01
3.703693449497222900e-01
3.128788173198699951e-01
3.293120265007019043e-01
1.750773489475250244e-01
2.544953525066375732e-01
2.270271331071853638e-01
2.404352128505706787e-01
1.822033971548080444e-01
2.791067957878112793e-01
2.356072813272476196e-01
3.803917765617370605e-01
7.148189097642898560e-02
1.877036988735198975e-01
4.161252081394195557e-01
1.855406761169433594e-01
2.037260532379150391e-01
2.894580662250518799e-01
1.077606081962585449e-01
1.858664155006408691e-01
2.214751839637756348e-01
1.840871274471282959e-01
2.355786114931106567e-01
2.534745633602142334e-01
5.516804456710815430e-01
3.267169296741485596e-01
3.559226393699645996e-01
1.922193318605422974e-01
8.927803486585617065e-02
3.414103388786315918e-01
4.279513359069824219e-01
2.842306494712829590e-01
3.674076497554779053e-01
2.838036417961120605e-01
2.664262056350708008e-01
2.853283584117889404e-01
1.160089969635009766e-01
3.083312213420867920e-01
3.042070865631103516e-01
4.357510209083557129e-01
3.170596659183502197e-01
2.213375568389892578e-01
1.776509582996368408e-01
2.044300436973571777e-01
3.083087801933288574e-01
3.182739913463592529e-01
3.159436583518981934e-01
2.303417921066284180e-01
2.685929238796234131e-01
3.964108228683471680e-01
2.132577747106552124e-01
2.914647459983825684e-01
4.781698584556579590e-01
1.462344825267791748e-01
2.237378358840942383e-01
1.821302175521850586e-01
3.364573419094085693e-01
3.104396164417266846e-01
4.332896769046783447e-01
1.574194431304931641e-01
3.387910723686218262e-01
1.924640089273452759e-01
3.629289865493774414e-01
2.280108034610748291e-01
2.239802330732345581e-01
3.759218156337738037e-01
2.131106704473495483e-01
2.260969430208206177e-01
2.347286939620971680e-01
3.761611282825469971e-01
3.911351263523101807e-01
3.874259293079376221e-01
2.658714354038238525e-01
3.005263209342956543e-01
1.901512891054153442e-01
6.121913194656372070e-01
5.082167983055114746e-01
2.263183295726776123e-01
1.507506519556045532e-01
1.825827062129974365e-01
2.473120987415313721e-01
2.319372594356536865e-01
3.646430969238281250e-01
2.523399293422698975e-01
2.399103194475173950e-01
2.241294682025909424e-01
2.592261135578155518e-01
1.623065024614334106e-01
2.537623047828674316e-01
3.935533165931701660e-01
4.100888073444366455e-01
3.769181370735168457e-01
2.299038171768188477e-01
2.696934938430786133e-01
4.528964459896087646e-01
2.120596915483474731e-01
2.261347770690917969e-01
3.882143497467041016e-01
4.174541234970092773e-01
5.091847181320190430e-01
3.210457563400268555e-01
3.004225194454193115e-01
4.152452945709228516e-01
4.114268124103546143e-01
2.767368257045745850e-01
2.290903925895690918e-01
4.027597606182098389e-01
2.066505998373031616e-01
2.703031301498413086e-01
3.464989066123962402e-01
2.977539896965026855e-01
2.871853113174438477e-01
2.802418470382690430e-01
1.879540979862213135e-01
3.372518420219421387e-01
2.265513390302658081e-01
2.616668045520782471e-01
3.717756867408752441e-01
2.753209173679351807e-01
5.509513020515441895e-01
3.772493600845336914e-01
4.181945621967315674e-01
1.731832027435302734e-01
4.189426600933074951e-01
2.508805096149444580e-01
3.120527267456054688e-01
4.085240960121154785e-01
2.398351579904556274e-01
4.207223355770111084e-01
3.229152858257293701e-01
1.585737019777297974e-01
1.798565983772277832e-01
2.573313713073730469e-01
2.521923184394836426e-01
2.914938330650329590e-01
1.877501755952835083e-01
3.107413649559020996e-01
2.803441286087036133e-01
2.483783811330795288e-01
2.198433429002761841e-01
3.889700472354888916e-01
2.005953043699264526e-01
3.434384763240814209e-01
2.720761895179748535e-01
1.965751498937606812e-01
3.241552412509918213e-01
2.550327479839324951e-01
2.329950481653213501e-01
2.515572905540466309e-01
3.415067493915557861e-01
3.061903417110443115e-01
2.760267257690429688e-01
4.458402395248413086e-01
2.280584573745727539e-01
4.446364939212799072e-01
4.030780196189880371e-01
4.263260066509246826e-01
2.040522247552871704e-01
3.418568670749664307e-01
1.891463547945022583e-01
2.325177937746047974e-01
4.663263857364654541e-01
1.199268922209739685e-01
3.956059515476226807e-01
2.763594090938568115e-01
2.604605257511138916e-01
1.989040523767471313e-01
2.458623796701431274e-01
3.639917075634002686e-01
3.149507939815521240e-01
3.388257324695587158e-01
2.411665022373199463e-01
5.682091712951660156e-01
3.165441155433654785e-01
4.879240989685058594e-01
3.730284869670867920e-01
4.251527786254882812e-01
3.357111513614654541e-01
2.802440226078033447e-01
3.116648495197296143e-01
2.118673026561737061e-01
3.349307775497436523e-01
1.831860393285751343e-01
1.189404502511024475e-01
3.728082776069641113e-01
3.610180020332336426e-01
2.929528653621673584e-01
7.006384730339050293e-01
4.635768532752990723e-01
2.513130307197570801e-01
3.239642977714538574e-01
2.763496637344360352e-01
3.698442876338958740e-01
3.752542734146118164e-01
2.409088015556335449e-01
2.916206717491149902e-01
4.300869107246398926e-01
3.422897756099700928e-01
1.917733103036880493e-01
2.991186678409576416e-01
2.010831087827682495e-01
1.629529893398284912e-01
2.181111723184585571e-01
4.983250498771667480e-01
4.217594861984252930e-01
3.341084718704223633e-01
1.565381586551666260e-01
3.807227611541748047e-01
5.045690536499023438e-01
2.379969954490661621e-01
3.433906733989715576e-01
3.448869585990905762e-01
5.052748322486877441e-01
3.083306550979614258e-01
2.738594412803649902e-01
3.907908201217651367e-01
2.871976196765899658e-01
2.823582589626312256e-01
2.785536944866180420e-01
4.203238189220428467e-01
4.292594790458679199e-01
2.637565433979034424e-01
2.707464993000030518e-01
1.865094900131225586e-01
3.805508911609649658e-01
3.120809495449066162e-01
3.256494104862213135e-01
4.607597291469573975e-01
2.493709176778793335e-01
3.783669173717498779e-01
1.444238126277923584e-01
2.187287509441375732e-01
3.590994477272033691e-01
2.281140387058258057e-01
2.661592960357666016e-01
3.355195224285125732e-01
2.260349094867706299e-01
4.328303635120391846e-01
9.751249104738235474e-02
3.655619621276855469e-01
4.897787272930145264e-01
2.210756242275238037e-01
2.456836104393005371e-01
2.191289663314819336e-01
3.106431066989898682e-01
2.074236571788787842e-01
9.598427265882492065e-02
3.585613369941711426e-01
2.746076285839080811e-01
4.525863230228424072e-01
2.832038998603820801e-01
3.637588322162628174e-01
2.299082428216934204e-01
3.679735362529754639e-01
1.693875342607498169e-01
1.997345685958862305e-01
3.325268626213073730e-01
2.746544480323791504e-01
2.772198617458343506e-01
3.166883289813995361e-01
1.909604668617248535e-01
1.654329597949981689e-01
2.453542351722717285e-01
2.566407620906829834e-01
3.245172500610351562e-01
2.737306058406829834e-01
1.530781984329223633e-01
1.848429590463638306e-01
4.418938755989074707e-01
1.896848678588867188e-01
2.434260547161102295e-01
2.473320811986923218e-01
3.364219963550567627e-01
4.301663637161254883e-01
2.725184261798858643e-01
4.256871044635772705e-01
1.366290301084518433e-01
3.417882919311523438e-01
3.181425034999847412e-01
1.463547945022583008e-01
3.570277690887451172e-01
1.988530457019805908e-01
4.910823106765747070e-01
2.258051931858062744e-01
3.177397847175598145e-01
2.111697196960449219e-01
3.400901257991790771e-01
3.165574371814727783e-01
1.664664745330810547e-01
3.133346140384674072e-01
1.588735580444335938e-01
7.450618743896484375e-01
2.625386118888854980e-01
3.466512262821197510e-01
2.866384387016296387e-01
4.116861522197723389e-01
2.704668343067169189e-01
1.900754421949386597e-01
2.513958811759948730e-01
1.867017000913619995e-01
1.347148567438125610e-01
1.107233688235282898e-01
1.912255138158798218e-01
3.238810598850250244e-01
3.639014959335327148e-01
3.038542866706848145e-01
4.103390276432037354e-01
1.649143993854522705e-01
2.858344912528991699e-01
1.657412350177764893e-01
2.443811446428298950e-01
3.821245133876800537e-01
2.621755003929138184e-01
2.938424348831176758e-01
1.797538548707962036e-01
3.057139813899993896e-01
2.779472768306732178e-01
3.192398250102996826e-01
1.921040564775466919e-01
3.607009351253509521e-01
4.439597725868225098e-01
2.791628539562225342e-01
2.598299086093902588e-01
5.100302696228027344e-01
1.823685467243194580e-01
3.453563749790191650e-01
2.020601481199264526e-01
2.950093746185302734e-01
2.376446723937988281e-01
3.979622423648834229e-01
3.873920142650604248e-01
5.488986372947692871e-01
5.430389046669006348e-01
1.367611587047576904e-01
1.561769098043441772e-01
4.172303974628448486e-01
2.900572717189788818e-01
2.634557783603668213e-01
2.213949114084243774e-01
2.448766529560089111e-01
4.745931923389434814e-01
3.911686837673187256e-01
4.521274566650390625e-01
3.518135547637939453e-01
2.849367856979370117e-01
2.739836573600769043e-01
3.493344485759735107e-01
2.248492985963821411e-01
1.435694992542266846e-01
2.628099322319030762e-01
4.000762999057769775e-01
4.991429746150970459e-01
2.755113244056701660e-01
5.315508246421813965e-01
4.416559338569641113e-01
1.538354605436325073e-01
4.027332067489624023e-01
1.748182326555252075e-01
4.302972257137298584e-01
3.900036811828613281e-01
3.305920958518981934e-01
3.387643992900848389e-01
1.700292080640792847e-01
4.033410549163818359e-01
3.346708714962005615e-01
2.675997018814086914e-01
1.796461939811706543e-01
2.093388587236404419e-01
4.504500925540924072e-01
2.431611269712448120e-01
1.976281553506851196e-01
4.504950344562530518e-01
2.912412285804748535e-01
1.391655802726745605e-01
3.457397520542144775e-01
2.366147339344024658e-01
2.581670880317687988e-01
3.480690419673919678e-01
2.643129229545593262e-01
2.532613575458526611e-01
3.237895369529724121e-01
2.435784339904785156e-01
3.921586275100708008e-01
2.597057819366455078e-01
3.310663104057312012e-01
2.009619623422622681e-01
1.302447468042373657e-01
5.076293349266052246e-01
2.397442162036895752e-01
3.781034648418426514e-01
2.131897062063217163e-01
4.731979966163635254e-01
4.594750702381134033e-01
5.385909676551818848e-01
4.607512652873992920e-01
3.026193976402282715e-01
2.173638790845870972e-01
3.521209061145782471e-01
4.197914302349090576e-01
4.084960222244262695e-01
2.628910839557647705e-01
3.179313838481903076e-01
3.620142936706542969e-01
2.855242788791656494e-01
3.041969537734985352e-01
2.629775404930114746e-01
2.470152080059051514e-01
3.699761629104614258e-01
4.866738319396972656e-01
2.266349345445632935e-01
3.088866472244262695e-01
2.927356064319610596e-01
4.667710363864898682e-01
3.728742599487304688e-01
3.063314855098724365e-01
3.182688951492309570e-01
3.462797403335571289e-01
2.494347095489501953e-01
1.096438765525817871e-01
4.396459162235260010e-01
2.300372868776321411e-01
3.373188674449920654e-01
3.498902320861816406e-01
3.746572732925415039e-01
2.072071433067321777e-01
2.204999327659606934e-01
3.100389838218688965e-01
3.502035140991210938e-01
1.736965775489807129e-01
3.299308419227600098e-01
2.662556767463684082e-01
3.645016849040985107e-01
4.338282346725463867e-01
5.983634591102600098e-01
3.742624223232269287e-01
3.639226257801055908e-01
5.296873450279235840e-01
1.194130182266235352e-01
3.446688950061798096e-01
2.417255491018295288e-01
1.669837832450866699e-01
3.187749981880187988e-01
2.775650024414062500e-01
2.282446920871734619e-01
2.630185484886169434e-01
3.691644966602325439e-01
2.662163376808166504e-01
2.818493545055389404e-01
3.089987635612487793e-01
1.858582049608230591e-01
3.440393805503845215e-01
1.608725041151046753e-01
2.034033536911010742e-01
4.574496150016784668e-01
3.395696580410003662e-01
3.025949895381927490e-01
2.662913203239440918e-01
2.787629067897796631e-01
2.871010303497314453e-01
2.483041137456893921e-01
2.805566787719726562e-01
4.559370875358581543e-01
2.755649983882904053e-01
4.380361735820770264e-01
2.264152020215988159e-01
1.657849699258804321e-01
2.328584641218185425e-01
2.501434385776519775e-01
4.073144793510437012e-01
5.289185047149658203e-01
1.547764390707015991e-01
2.424826025962829590e-01
3.174682557582855225e-01
2.123477607965469360e-01
3.778438568115234375e-01
1.246410757303237915e-01
3.928167223930358887e-01
2.476548105478286743e-01
4.338409304618835449e-01
3.955081701278686523e-01
3.384740054607391357e-01
2.317651063203811646e-01
5.205519795417785645e-01
1.934445947408676147e-01
3.747463822364807129e-01
3.714978992938995361e-01
2.420473843812942505e-01
2.277976274490356445e-01
3.987628817558288574e-01
4.114878773689270020e-01
3.382645249366760254e-01
2.771270573139190674e-01
2.653872668743133545e-01
1.666801124811172485e-01
2.064879238605499268e-01
3.382598757743835449e-01
2.727260291576385498e-01
2.324405163526535034e-01
2.446164488792419434e-01
3.307285010814666748e-01
3.523102998733520508e-01
2.320234179496765137e-01
4.125351011753082275e-01
9.987074136734008789e-02
2.452533245086669922e-01
4.169071912765502930e-01
1.931932866573333740e-01
5.447238683700561523e-01
2.247556298971176147e-01
3.025997877120971680e-01
1.434501558542251587e-01
2.912216186523437500e-01
1.232503801584243774e-01
8.483239263296127319e-02
2.521272897720336914e-01
3.378415703773498535e-01
1.649099439382553101e-01
1.862910538911819458e-01
1.239272281527519226e-01
1.269143372774124146e-01
4.080635905265808105e-01
1.692170649766921997e-01
1.502100378274917603e-01
2.203400284051895142e-01
1.976156532764434814e-01
2.340346872806549072e-01
1.130450144410133362e-01
2.817965149879455566e-01
1.634166538715362549e-01
1.592484265565872192e-01
2.001031488180160522e-01
2.718184590339660645e-01
1.691278219223022461e-01
2.036458402872085571e-01
2.329625785350799561e-01
2.229510992765426636e-01
1.772789061069488525e-01
1.786729693412780762e-01
2.185476124286651611e-01
5.225445628166198730e-01
1.363348662853240967e-01
6.529521942138671875e-02
1.246814131736755371e-01
1.932854354381561279e-01
2.291087061166763306e-01
2.162869721651077271e-01
1.407435834407806396e-01
1.597615480422973633e-01
3.660686910152435303e-01
2.887547314167022705e-01
1.772841960191726685e-01
2.601445019245147705e-01
1.266068220138549805e-01
3.257223069667816162e-01
3.844684362411499023e-01
1.564493030309677124e-01
9.769917279481887817e-02
1.679315268993377686e-01
2.073496431112289429e-01
2.190959602594375610e-01
1.212690621614456177e-01
1.740427315235137939e-01
1.006251350045204163e-01
5.875635743141174316e-01
1.090176999568939209e-01
9.142380952835083008e-02
5.424979329109191895e-02
1.802868694067001343e-01
1.690607964992523193e-01
1.369165033102035522e-01
7.872314006090164185e-02
2.424746006727218628e-01
1.521772444248199463e-01
2.518453001976013184e-01
1.941284984350204468e-01
1.268332302570343018e-01
2.795116603374481201e-01
1.306370347738265991e-01
1.314648091793060303e-01
1.485346257686614990e-01
2.012251019477844238e-01
9.209031611680984497e-02
2.022295296192169189e-01
1.361199319362640381e-01
1.793903708457946777e-01
1.168330535292625427e-01
1.407768875360488892e-01
8.172108978033065796e-02
9.889186173677444458e-02
2.089547514915466309e-01
8.205869048833847046e-02
1.474892944097518921e-01
2.180062532424926758e-01
1.505409628152847290e-01
2.159911692142486572e-01
2.317788898944854736e-01
1.429400891065597534e-01
1.578721255064010620e-01
1.280329078435897827e-01
2.024681121110916138e-01
2.237525135278701782e-01
7.808981835842132568e-02
1.708263903856277466e-01
2.049586623907089233e-01
2.158983051776885986e-01
2.506158947944641113e-01
5.113700032234191895e-01
1.350884139537811279e-01
7.753514498472213745e-02
1.050126105546951294e-01
1.309704184532165527e-01
1.179595813155174255e-01
1.722305715084075928e-01
2.039406150579452515e-01
3.417565226554870605e-01
1.625407189130783081e-01
1.994811296463012695e-01
1.143008843064308167e-01
2.315290272235870361e-01
1.203987672924995422e-01
2.477973252534866333e-01
2.560129463672637939e-01
4.825780987739562988e-01
2.316102534532546997e-01
2.592723965644836426e-01
2.954460084438323975e-01
1.965054124593734741e-01
1.396892517805099487e-01
1.641521900892257690e-01
1.405583918094635010e-01
3.484595715999603271e-01
9.392478317022323608e-02
1.642294824123382568e-01
1.662353128194808960e-01
2.427078336477279663e-01
1.820413172245025635e-01
1.886402815580368042e-01
7.740217447280883789e-02
1.794971078634262085e-01
3.188582360744476318e-01
1.045899912714958191e-01
3.393894135951995850e-01
2.442385256290435791e-01
2.572569251060485840e-01
2.433201670646667480e-01
2.201241105794906616e-01
1.968888491392135620e-01
2.348425835371017456e-01
3.023415207862854004e-01
2.618457376956939697e-01
1.362647861242294312e-01
2.533951103687286377e-01
2.661753594875335693e-01
1.781715899705886841e-01
2.442810833454132080e-01
1.676717847585678101e-01
3.411669135093688965e-01
3.476477861404418945e-01
1.533395051956176758e-01
3.829222619533538818e-01
2.894445955753326416e-01
3.053134679794311523e-01
2.126262038946151733e-01
2.338284701108932495e-01
3.949787020683288574e-01
3.736297190189361572e-01
5.306331515312194824e-01
2.864827215671539307e-01
2.341487705707550049e-01
1.056769490242004395e-01
1.718441843986511230e-01
1.789270043373107910e-01
1.723706722259521484e-01
3.114105463027954102e-01
3.417882025241851807e-01
3.686629831790924072e-01
9.974119067192077637e-02
2.166972458362579346e-01
2.432008832693099976e-01
2.901231348514556885e-01
3.238958418369293213e-01
4.257308840751647949e-01
2.277161031961441040e-01
2.408571839332580566e-01
2.697924375534057617e-01
3.285617828369140625e-01
1.277003586292266846e-01
2.247713953256607056e-01
1.616046577692031860e-01
3.125123083591461182e-01
3.726519644260406494e-01
5.261819958686828613e-01
2.156416028738021851e-01
2.713285982608795166e-01
2.485024780035018921e-01
2.526828944683074951e-01
2.688320279121398926e-01
2.812618315219879150e-01
2.028260529041290283e-01
1.737589985132217407e-01
1.477144807577133179e-01
2.757892310619354248e-01
1.938204169273376465e-01
1.833882927894592285e-01
1.769291311502456665e-01
3.283468782901763916e-01
1.831310838460922241e-01
1.116008311510086060e-01
2.514003515243530273e-01
1.431961059570312500e-01
2.555907666683197021e-01
1.779203116893768311e-01
1.530490070581436157e-01
2.673064768314361572e-01
1.270695328712463379e-01
2.606915831565856934e-01
1.708146929740905762e-01
1.482167541980743408e-01
1.982727497816085815e-01
1.629061400890350342e-01
2.045858651399612427e-01
2.296967208385467529e-01
3.035120964050292969e-01
9.299258887767791748e-02
1.492858082056045532e-01
1.458887010812759399e-01
1.725321114063262939e-01
4.328145459294319153e-02
8.890485018491744995e-02
3.620492219924926758e-01
8.615746349096298218e-02
1.631045341491699219e-01
1.358261406421661377e-01
1.919831782579421997e-01
2.159360349178314209e-01
1.789301931858062744e-01
1.541828662157058716e-01
2.114107310771942139e-01
1.801755577325820923e-01
1.458669453859329224e-01
1.651692688465118408e-01
7.194723188877105713e-02
2.121351063251495361e-01
8.519494533538818359e-02
2.770869135856628418e-01
2.157976776361465454e-01
1.626887321472167969e-01
3.038930594921112061e-01
2.259994149208068848e-01
9.954880177974700928e-02
3.008496463298797607e-01
3.409469723701477051e-01
3.236179053783416748e-01
2.314602732658386230e-01
1.115456521511077881e-01
3.188691735267639160e-01
1.536499559879302979e-01
1.065279245376586914e-01
2.173049449920654297e-01
2.267273515462875366e-01
1.899899393320083618e-01
2.155276834964752197e-01
4.238891005516052246e-01
2.292414605617523193e-01
9.342393279075622559e-02
2.461052387952804565e-01
3.998828530311584473e-01
1.587068289518356323e-01
1.264350265264511108e-01
1.184720396995544434e-01
1.308625638484954834e-01
1.589593887329101562e-01
1.065857261419296265e-01
1.797428578138351440e-01
2.121995985507965088e-01
1.849147975444793701e-01
1.859185844659805298e-01
2.632656991481781006e-01
1.881720870733261108e-01
8.517598360776901245e-02
2.869469821453094482e-01
2.329895943403244019e-01
1.822386234998703003e-01
1.224633827805519104e-01
1.298490315675735474e-01
2.109083384275436401e-01
3.994318842887878418e-01
6.333179771900177002e-02
1.085773706436157227e-01
2.644673287868499756e-01
3.850602731108665466e-02
1.212268918752670288e-01
2.967090606689453125e-01
2.301157265901565552e-01
2.820017337799072266e-01
2.379895187914371490e-02
1.786580830812454224e-01
1.163339167833328247e-01
2.371710389852523804e-01
2.309627234935760498e-01
1.279627829790115356e-01
1.856965124607086182e-01
1.346306502819061279e-01
2.418955415487289429e-01
3.444060385227203369e-01
1.261236965656280518e-01
9.489978104829788208e-02
2.868066728115081787e-01
3.618778660893440247e-02
1.105341464281082153e-01
3.168012499809265137e-01
1.623860597610473633e-01
3.091826140880584717e-01
1.228321492671966553e-01
2.858009636402130127e-01
2.885132431983947754e-01
1.753498911857604980e-01
1.211303994059562683e-01
3.198875188827514648e-01
1.847901046276092529e-01
5.354271084070205688e-02
2.043555825948715210e-01
2.136804163455963135e-01
3.450685143470764160e-01
2.851633429527282715e-01
3.517080843448638916e-01
3.058996796607971191e-01
2.483875602483749390e-01
1.901269257068634033e-01
2.485696375370025635e-01
1.657939106225967407e-01
1.923575699329376221e-01
2.098169624805450439e-01
1.933727413415908813e-01
1.131261736154556274e-01
1.360480040311813354e-01
2.487678229808807373e-01
3.660638630390167236e-01
2.248224020004272461e-01
1.672502458095550537e-01
1.780614256858825684e-01
2.915216982364654541e-01
1.334073394536972046e-01
1.521091610193252563e-01
1.790343523025512695e-01
6.169605851173400879e-01
7.309272885322570801e-02
1.778537780046463013e-01
1.714915335178375244e-01
2.540223896503448486e-01
2.714399099349975586e-01
1.971932053565979004e-01
2.662197351455688477e-01
3.126873075962066650e-01
1.753165423870086670e-01
2.827667593955993652e-01
7.230167835950851440e-02
2.884073555469512939e-01
3.668110668659210205e-01
3.093173205852508545e-01
2.763607203960418701e-01
7.582733035087585449e-02
2.209945023059844971e-01
1.962243616580963135e-01
8.567317575216293335e-02
1.934326142072677612e-01
3.799073696136474609e-01
2.995139062404632568e-01
1.921529620885848999e-01
2.921757698059082031e-01
2.242442220449447632e-01
2.180050164461135864e-01
1.314534246921539307e-01
7.953382283449172974e-02
1.377699971199035645e-01
1.237350776791572571e-01
2.009069919586181641e-01
2.212587594985961914e-01
3.298053443431854248e-01
2.232774198055267334e-01
1.080628409981727600e-01
2.020227313041687012e-01
2.740223407745361328e-01
1.137438639998435974e-01
3.228282332420349121e-01
2.660782039165496826e-01
3.416635990142822266e-01
4.769839942455291748e-01
1.858007609844207764e-01
6.957881152629852295e-02
1.952344477176666260e-01
1.137921810150146484e-01
2.216388583183288574e-01
5.121575593948364258e-01
3.424544334411621094e-01
1.775554418563842773e-01
4.779454469680786133e-01
1.093082726001739502e-01
1.465160399675369263e-01
2.270383089780807495e-01
1.823764145374298096e-01
4.550870954990386963e-01
3.301962912082672119e-01
1.619191765785217285e-01
2.693333625793457031e-01
3.092375099658966064e-01
1.611781120300292969e-01
2.444649934768676758e-01
2.802826166152954102e-01
1.739745289087295532e-01
1.991484612226486206e-01
4.295396804809570312e-01
2.520772814750671387e-01
1.449860334396362305e-01
2.583979070186614990e-01
8.237414807081222534e-02
2.267657071352005005e-01
1.657482981681823730e-01
1.754473596811294556e-01
2.033572793006896973e-01
1.768853813409805298e-01
1.348273307085037231e-01
3.805979788303375244e-01
2.750372588634490967e-01
3.686366379261016846e-01
1.119319796562194824e-01
2.790270745754241943e-01
1.409903168678283691e-01
2.078025937080383301e-01
1.175959035754203796e-01
2.503027915954589844e-01
1.789498329162597656e-01
3.169590830802917480e-01
1.164778470993041992e-01
2.155589014291763306e-01
2.059483677148818970e-01
2.531719207763671875e-01
3.573279082775115967e-01
2.140034139156341553e-01
1.260029673576354980e-01
2.187368422746658325e-01
3.151884973049163818e-01
1.931377053260803223e-01
1.654504239559173584e-01
1.989913135766983032e-01
2.171877175569534302e-01
8.669120073318481445e-02
3.198989033699035645e-01
2.636734247207641602e-01
2.304017990827560425e-01
2.453601360321044922e-01
1.766672730445861816e-01
1.558615267276763916e-01
1.607537120580673218e-01
2.779633998870849609e-01
1.780785024166107178e-01
2.365942448377609253e-01
1.101705133914947510e-01
1.707386821508407593e-01
2.944841682910919189e-01
2.367791384458541870e-01
2.579765915870666504e-01
1.644517928361892700e-01
2.899069488048553467e-01
1.346219778060913086e-01
2.945168316364288330e-01
1.661821305751800537e-01
2.095263898372650146e-01
1.763584315776824951e-01
1.417569220066070557e-01
1.473037153482437134e-01
3.427623510360717773e-01
3.322267532348632812e-01
2.543559074401855469e-01
1.795354485511779785e-01
1.253505647182464600e-01
4.818546772003173828e-01
3.358169198036193848e-01
3.273885846138000488e-01
2.520639300346374512e-01
2.018442600965499878e-01
1.678681075572967529e-01
2.417714297771453857e-01
3.729931414127349854e-01
2.390672266483306885e-01
2.618115842342376709e-01
2.421381175518035889e-01
2.091380357742309570e-01
1.742500662803649902e-01
1.217970028519630432e-01
1.522027701139450073e-01
2.068901658058166504e-01
1.231745406985282898e-01
2.801094055175781250e-01
2.262805700302124023e-01
2.100179344415664673e-01
1.795322597026824951e-01
8.074360340833663940e-02
2.474161386489868164e-01
2.619130313396453857e-01
1.783102303743362427e-01
1.315346062183380127e-01
2.070083469152450562e-01
8.800629526376724243e-02
1.822668910026550293e-01
2.800285518169403076e-01
2.161404341459274292e-01
1.293582916259765625e-01
4.023141264915466309e-01
1.092172637581825256e-01
1.443050354719161987e-01
1.685457676649093628e-01
2.903353869915008545e-01
2.461142987012863159e-01
1.296890527009963989e-01
4.909262359142303467e-01
1.034567579627037048e-01
2.811823785305023193e-01
2.956784963607788086e-01
2.060925960540771484e-01
2.381319403648376465e-01
2.319281399250030518e-01
2.153682261705398560e-01
2.090009897947311401e-01
2.003069519996643066e-01
1.668202728033065796e-01
3.120527863502502441e-01
1.755770891904830933e-01
1.504755765199661255e-01
2.437649667263031006e-01
2.022083699703216553e-01
2.067671269178390503e-01
1.568627655506134033e-01
3.241332173347473145e-01
2.624551951885223389e-01
2.666678428649902344e-01
2.650335133075714111e-01
2.103668451309204102e-01
1.292222887277603149e-01
1.266886144876480103e-01
1.669051647186279297e-01
1.264183968305587769e-01
1.585871279239654541e-01
2.791896760463714600e-01
3.459152281284332275e-01
3.101357221603393555e-01
1.671255826950073242e-01
3.437630832195281982e-01
1.613392233848571777e-01
4.920228198170661926e-02
8.767008036375045776e-02
2.133946120738983154e-01
3.179225623607635498e-01
1.012089028954505920e-01
6.600805371999740601e-02
3.442375659942626953e-01
3.191700577735900879e-01
1.461776793003082275e-01
2.896066606044769287e-01
1.959243863821029663e-01
2.631617486476898193e-01
1.964817345142364502e-01
1.851262301206588745e-01
2.195370197296142578e-01
1.538072079420089722e-01
1.601989865303039551e-01
8.344736695289611816e-02
2.441459745168685913e-01
1.226327568292617798e-01
2.083466798067092896e-01
2.494922429323196411e-01
1.998427361249923706e-01
2.023025751113891602e-01
2.024871706962585449e-01
3.670165538787841797e-01
3.048106133937835693e-01
1.797058582305908203e-01
1.134311631321907043e-01
1.924759149551391602e-01
2.675579786300659180e-01
2.652245163917541504e-01
2.760846614837646484e-01
1.126846224069595337e-01
2.763657867908477783e-01
9.104400873184204102e-02
1.255984604358673096e-01
3.344513177871704102e-01
7.396592944860458374e-02
1.228541731834411621e-01
2.945736348628997803e-01
1.264862418174743652e-01
1.486042737960815430e-01
1.710962057113647461e-01
3.542749285697937012e-01
2.327722311019897461e-01
3.051259219646453857e-01
2.562287151813507080e-01
2.324356138706207275e-01
1.967641115188598633e-01
3.267929553985595703e-01
2.841008305549621582e-01
3.575937151908874512e-01
2.393798083066940308e-01
9.844198077917098999e-02
1.412436813116073608e-01
1.530199348926544189e-01
2.056213617324829102e-01
2.210907489061355591e-01
2.271598875522613525e-01
1.723007559776306152e-01
1.481367945671081543e-01
2.602582275867462158e-01
1.633707284927368164e-01
1.243997886776924133e-01
2.149127721786499023e-01
3.959714174270629883e-01
1.547636538743972778e-01
1.497735530138015747e-01
2.571703791618347168e-01
4.195126593112945557e-01
2.175368070602416992e-01
2.093408405780792236e-01
2.942942678928375244e-01
3.587058484554290771e-01
2.184109985828399658e-01
1.956305652856826782e-01
1.779720932245254517e-01
1.000401526689529419e-01
3.247809708118438721e-01
3.646129369735717773e-01
1.623210906982421875e-01
1.154984235763549805e-01
1.741473078727722168e-01
7.861274480819702148e-02
2.999311983585357666e-01
1.542230248451232910e-01
3.042249083518981934e-01
2.960700988769531250e-01
2.811318635940551758e-01
1.703031063079833984e-01
2.194424718618392944e-01
1.784393787384033203e-01
1.897413730621337891e-01
1.469731032848358154e-01
2.651299834251403809e-01
2.136353105306625366e-01
1.452123224735260010e-01
2.302496433258056641e-01
3.990474939346313477e-01
2.358695268630981445e-01
7.276542484760284424e-02
1.821277588605880737e-01
3.931609094142913818e-01
3.639599978923797607e-01
2.214885503053665161e-01
2.909937798976898193e-01
3.576937317848205566e-01
4.560731053352355957e-01
2.940848171710968018e-01
2.860214412212371826e-01
2.156796455383300781e-01
1.625983417034149170e-01
2.413045614957809448e-01
2.161412835121154785e-01
3.390367031097412109e-01
1.996121108531951904e-01
2.851688265800476074e-01
1.944698095321655273e-01
4.401809275150299072e-01
2.563999593257904053e-01
3.188655078411102295e-01
3.579878211021423340e-01
1.668811738491058350e-01
2.012525051832199097e-01
2.714159190654754639e-01
2.371839731931686401e-01
2.633284628391265869e-01
4.268576800823211670e-01
3.093828558921813965e-01
5.669773221015930176e-01
2.479040771722793579e-01
3.160676062107086182e-01
2.689287662506103516e-01
2.345982342958450317e-01
1.888043284416198730e-01
3.147512674331665039e-01
2.048499435186386108e-01
2.006581723690032959e-01
1.643876582384109497e-01
8.913454413414001465e-02
2.072826027870178223e-01
2.123069167137145996e-01
4.574354887008666992e-01
2.684214711189270020e-01
1.534450352191925049e-01
2.416798174381256104e-01
2.770397663116455078e-01
1.583948582410812378e-01
3.005301952362060547e-01
2.940692603588104248e-01
1.060142219066619873e-01
2.764712572097778320e-01
3.008554577827453613e-01
3.801065683364868164e-01
2.613016664981842041e-01
2.114069908857345581e-01
2.363547533750534058e-01
2.234835475683212280e-01
1.550950706005096436e-01
8.913876861333847046e-02
1.598367989063262939e-01
1.731280684471130371e-01
3.592931926250457764e-01
3.383873403072357178e-01
1.538072526454925537e-01
8.816657215356826782e-02
2.711116969585418701e-01
4.525243341922760010e-01
1.097567006945610046e-01
3.476284444332122803e-01
4.328825473785400391e-01
1.863043457269668579e-01
2.359413504600524902e-01
1.470846384763717651e-01
9.896998852491378784e-02
9.041437506675720215e-02
2.185206413269042969e-01
3.753224909305572510e-01
3.030095994472503662e-01
1.660987734794616699e-01
4.700612127780914307e-01
9.132160991430282593e-02
4.773339331150054932e-01
8.614936470985412598e-02
2.178600132465362549e-01
1.107089966535568237e-01
1.839998662471771240e-01
2.237714678049087524e-01
2.027455121278762817e-01
3.792255520820617676e-01
1.791296452283859253e-01
1.314025372266769409e-01
1.777605265378952026e-01
2.070650309324264526e-01
2.888002395629882812e-01
3.730206489562988281e-01
1.212658807635307312e-01
2.520335912704467773e-01
1.226760521531105042e-01
8.128836750984191895e-02
2.546825408935546875e-01
3.139851987361907959e-01
1.532004475593566895e-01
2.081218212842941284e-01
2.930207848548889160e-01
3.135082721710205078e-01
3.036787807941436768e-01
1.289240270853042603e-01
1.195246279239654541e-01
1.445923149585723877e-01
1.793570816516876221e-01
3.871863186359405518e-01
1.478553712368011475e-01
2.380372285842895508e-01
3.457541167736053467e-01
2.367640733718872070e-01
9.968873858451843262e-02
3.303579688072204590e-01
4.375614523887634277e-01
1.854470223188400269e-01
3.376577496528625488e-01
2.235814481973648071e-01
2.961273193359375000e-01
2.216795831918716431e-01
2.259667068719863892e-01
2.558762133121490479e-01
1.777649521827697754e-01
2.207180559635162354e-01
3.138295710086822510e-01
1.853139102458953857e-01
3.094319403171539307e-01
1.690976768732070923e-01
4.254767894744873047e-01
2.652322053909301758e-01
3.476113379001617432e-01
3.894559442996978760e-01
2.391907572746276855e-01
1.506184637546539307e-01
2.325363755226135254e-01
1.268021017313003540e-01
1.617382913827896118e-01
1.531837135553359985e-01
1.434469521045684814e-01
1.369748860597610474e-01
1.951292008161544800e-01
7.790844887495040894e-02
1.338289678096771240e-01
2.525579333305358887e-01
5.122781172394752502e-02
7.372239232063293457e-02
1.816145777702331543e-01
1.160567179322242737e-01
9.506698697805404663e-02
1.375130563974380493e-01
1.307038515806198120e-01
2.095972746610641479e-01
8.855845779180526733e-02
1.149210929870605469e-01
1.701479405164718628e-01
6.651069223880767822e-02
1.582025885581970215e-01
9.580360352993011475e-02
1.470964252948760986e-01
8.028528094291687012e-02
1.136919558048248291e-01
1.642343997955322266e-01
3.622554615139961243e-02
1.073981821537017822e-01
8.450480550527572632e-02
1.008709594607353210e-01
1.331140547990798950e-01
2.224843502044677734e-01
1.065164580941200256e-01
2.044645398855209351e-01
1.744250059127807617e-01
1.208883002400398254e-01
1.654251664876937866e-01
1.286531835794448853e-01
8.804229646921157837e-02
2.873117923736572266e-01
1.242345795035362244e-01
3.901958465576171875e-02
1.894735395908355713e-01
1.007936745882034302e-01
8.378862589597702026e-02
1.736370474100112915e-01
8.114112913608551025e-02
1.811559647321701050e-01
1.303372234106063843e-01
7.176551222801208496e-02
6.471108645200729370e-02
6.717064976692199707e-02
2.187185436487197876e-01
7.149466872215270996e-02
1.032687798142433167e-01
1.656721979379653931e-01
2.082854062318801880e-01
1.594578921794891357e-01
4.538704454898834229e-02
2.504247725009918213e-01
1.134923845529556274e-01
6.296153366565704346e-02
1.771167367696762085e-01
1.822575032711029053e-01
1.376847624778747559e-01
7.594799250364303589e-02
1.843823641538619995e-01
7.349057495594024658e-02
1.545013487339019775e-01
1.644803732633590698e-01
5.135903507471084595e-02
2.080365717411041260e-01
1.557230949401855469e-01
1.697644144296646118e-01
2.376040071249008179e-01
8.371778577566146851e-02
1.411305218935012817e-01
1.019717380404472351e-01
5.154052376747131348e-02
1.103545725345611572e-01
1.046226993203163147e-01
4.805077612400054932e-02
1.243622675538063049e-01
1.558116078376770020e-01
1.795369535684585571e-01
1.083502024412155151e-01
1.349066495895385742e-01
2.111682146787643433e-01
1.978220939636230469e-01
1.962504982948303223e-01
2.891781926155090332e-01
1.955045908689498901e-01
3.621943593025207520e-01
8.483598381280899048e-02
3.602539747953414917e-02
4.332507848739624023e-01
1.952739357948303223e-01
6.981533765792846680e-02
2.069048583507537842e-01
2.868890948593616486e-02
9.417976438999176025e-02
2.255868762731552124e-01
1.035214364528656006e-01
4.286692738533020020e-01
1.092261821031570435e-01
9.728139638900756836e-02
8.854375034570693970e-02
3.221696317195892334e-01
3.201908245682716370e-02
1.132456436753273010e-01
2.434156686067581177e-01
1.414596736431121826e-01
3.079976886510848999e-02
1.972459256649017334e-01
1.457416266202926636e-01
1.581311821937561035e-01
1.647536605596542358e-01
2.035212963819503784e-01
2.512019276618957520e-01
1.604741662740707397e-01
8.166874945163726807e-02
7.776334136724472046e-02
1.684510409832000732e-01
1.740501672029495239e-01
9.863851964473724365e-02
2.264457643032073975e-01
2.167058587074279785e-01
7.038959860801696777e-02
2.828822135925292969e-01
1.561421900987625122e-01
1.374049931764602661e-01
2.952606379985809326e-01
5.265404656529426575e-02
1.020244210958480835e-01
1.053788289427757263e-01
1.592558622360229492e-01
5.675677955150604248e-02
2.066231220960617065e-01
1.067600473761558533e-01
1.517838239669799805e-01
5.958118289709091187e-02
6.436587125062942505e-02
1.399042010307312012e-01
1.537910848855972290e-01
2.492963522672653198e-01
1.549603044986724854e-01
1.661410331726074219e-01
1.601154208183288574e-01
1.150840744376182556e-01
1.471515744924545288e-01
1.588514596223831177e-01
2.283630818128585815e-01
6.915318220853805542e-02
2.628000266849994659e-02
8.875446766614913940e-02
1.634458005428314209e-01
1.219805181026458740e-01
1.105588972568511963e-01
5.568005144596099854e-02
1.034135818481445312e-01
2.072786539793014526e-01
2.190331220626831055e-01
2.817674279212951660e-01
1.003183871507644653e-01
1.183039098978042603e-01
4.367517679929733276e-02
2.110133320093154907e-01
1.162841916084289551e-01
1.302496045827865601e-01
1.016081124544143677e-01
1.684441715478897095e-01
7.424297183752059937e-02
7.111370563507080078e-02
1.796080768108367920e-01
7.739846408367156982e-02
1.025085672736167908e-01
1.501462459564208984e-01
1.240452826023101807e-01
1.932991296052932739e-01
1.669962555170059204e-01
2.372929304838180542e-01
1.038512885570526123e-01
2.639549970626831055e-01
1.098241657018661499e-01
1.570717394351959229e-01
1.652677953243255615e-01
1.047032848000526428e-01
7.700785994529724121e-02
1.456948518753051758e-01
8.956772089004516602e-02
7.486087083816528320e-02
1.470670849084854126e-01
7.157094776630401611e-02
1.587540656328201294e-01
1.912890076637268066e-01
6.291749328374862671e-02
1.265163868665695190e-01
1.126163601875305176e-01
4.805020391941070557e-01
6.759907305240631104e-02
4.845061153173446655e-02
8.533095568418502808e-02
4.669606313109397888e-02
9.223529696464538574e-02
1.909652054309844971e-01
1.324891299009323120e-01
8.071380853652954102e-02
9.757809340953826904e-02
1.765689253807067871e-01
8.783248811960220337e-02
1.067445874214172363e-01
3.467034697532653809e-01
1.023542732000350952e-01
1.626438945531845093e-01
1.968424320220947266e-01
6.115020811557769775e-02
8.921946585178375244e-02
7.977908104658126831e-02
2.317686229944229126e-01
1.526719033718109131e-01
1.681388318538665771e-01
1.101590692996978760e-01
1.053772345185279846e-01
3.329141438007354736e-01
2.854851186275482178e-01
1.005497574806213379e-01
1.741410344839096069e-01
9.804482758045196533e-02
6.659640371799468994e-02
3.066573143005371094e-01
1.626153886318206787e-01
1.543810218572616577e-01
7.213906943798065186e-02
3.632811829447746277e-02
3.187598288059234619e-01
1.494234204292297363e-01
3.411832749843597412e-01
2.796560823917388916e-01
7.029613852500915527e-02
1.305562853813171387e-01
1.801926493644714355e-01
7.843564450740814209e-02
1.486423462629318237e-01
1.699948310852050781e-01
8.373059332370758057e-02
1.247255802154541016e-01
2.224094867706298828e-01
1.329988837242126465e-01
1.044310554862022400e-01
1.923395544290542603e-01
2.702921628952026367e-01
1.445881277322769165e-01
1.584839373826980591e-01
7.856824994087219238e-02
8.894113451242446899e-02
1.601758003234863281e-01
2.033277899026870728e-01
1.215663179755210876e-01
1.306856721639633179e-01
9.726195782423019409e-02
2.470452040433883667e-01
2.451506108045578003e-01
1.250730305910110474e-01
2.242960184812545776e-01
1.625023633241653442e-01
3.648264110088348389e-01
1.216202974319458008e-01
2.718167603015899658e-01
1.215330511331558228e-01
1.489415168762207031e-01
1.143513321876525879e-01
9.801681339740753174e-02
1.743136644363403320e-01
2.575203776359558105e-01
1.072062999010086060e-01
8.194646239280700684e-02
9.325907379388809204e-02
1.821354478597640991e-01
2.778204083442687988e-01
1.968543827533721924e-01
8.924391120672225952e-02
2.284872233867645264e-01
2.080233097076416016e-01
3.347468972206115723e-01
1.355047076940536499e-01
2.142447829246520996e-01
1.697764843702316284e-01
1.684276312589645386e-01
2.090540528297424316e-01
2.090981900691986084e-01
1.416188329458236694e-01
1.397931724786758423e-01
1.242265403270721436e-01
8.871371299028396606e-02
2.500972151756286621e-01
3.637306988239288330e-01
2.649180293083190918e-01
1.394737511873245239e-01
7.930928468704223633e-02
1.798136830329895020e-01
5.867277458310127258e-02
7.743290066719055176e-02
2.854028940200805664e-01
7.447279989719390869e-02
1.088753640651702881e-01
1.542712152004241943e-01
2.116026729345321655e-01
1.488683968782424927e-01
1.240984350442886353e-01
2.497185915708541870e-01
1.053233072161674500e-01
2.830436229705810547e-01
1.553727388381958008e-01
1.704515069723129272e-01
1.621707677841186523e-01
4.524729028344154358e-02
1.717034429311752319e-01
2.144188582897186279e-01
9.557314962148666382e-02
9.081160277128219604e-02
1.993519067764282227e-01
2.852235138416290283e-01
9.432262182235717773e-02
1.551068723201751709e-01
1.257948279380798340e-01
1.812820881605148315e-01
3.291923105716705322e-01
1.174256056547164917e-01
3.459490835666656494e-01
1.141999959945678711e-01
1.280841976404190063e-01
1.560175865888595581e-01
6.099921837449073792e-02
1.696768254041671753e-01
9.870474785566329956e-02
2.228398770093917847e-01
4.217774271965026855e-01
1.179170757532119751e-01
2.600057125091552734e-01
1.821295768022537231e-01
1.392344683408737183e-01
1.108194887638092041e-01
1.577802598476409912e-01
1.601870954036712646e-01
2.937160432338714600e-01
6.660056114196777344e-02
1.976078003644943237e-01
2.025627642869949341e-01
1.599753946065902710e-01
1.076005771756172180e-01
1.993443518877029419e-01
1.995125114917755127e-01
1.526256799697875977e-01
1.742545813322067261e-01
1.816443800926208496e-01
9.955614805221557617e-02
1.684765368700027466e-01
2.128663659095764160e-01
6.998198479413986206e-02
2.733871340751647949e-01
1.719941645860671997e-01
2.879173159599304199e-01
2.800112962722778320e-01
9.492620080709457397e-02
2.813863456249237061e-01
2.342550456523895264e-01
1.023780256509780884e-01
1.097549647092819214e-01
1.192833185195922852e-01
3.124137520790100098e-01
2.539011240005493164e-01
1.807977855205535889e-01
1.393781900405883789e-01
2.222595065832138062e-01
5.654204636812210083e-02
1.030091047286987305e-01
2.743988633155822754e-01
1.953461021184921265e-01
3.175232112407684326e-01
1.412341147661209106e-01
2.197953313589096069e-01
2.059369236230850220e-01
1.496546566486358643e-01
1.523605734109878540e-01
2.099700123071670532e-01
1.580906212329864502e-01
1.589360535144805908e-01
2.405932396650314331e-01
1.943444311618804932e-01
1.874049752950668335e-01
1.522250324487686157e-01
1.933252066373825073e-01
4.062792286276817322e-02
1.935236006975173950e-01
1.699170768260955811e-01
1.066823974251747131e-01
3.641741573810577393e-01
2.235501557588577271e-01
3.203099966049194336e-01
5.141398310661315918e-01
1.694281250238418579e-01
2.998754680156707764e-01
2.441758662462234497e-01
1.518390923738479614e-01
1.009050905704498291e-01
1.697414070367813110e-01
1.200678721070289612e-01
1.980797201395034790e-01
2.295527905225753784e-01
8.154737204313278198e-02
1.246959120035171509e-01
2.187859117984771729e-01
2.947039604187011719e-01
9.554660320281982422e-02
2.579436302185058594e-01
2.866684496402740479e-01
1.396225988864898682e-01
1.673105657100677490e-01
2.140868157148361206e-01
2.678657770156860352e-01
2.462864816188812256e-01
6.467707455158233643e-02
1.601004898548126221e-01
1.614404916763305664e-01
1.144481152296066284e-01
9.855510294437408447e-02
2.092585563659667969e-01
6.924863904714584351e-02
1.845118403434753418e-01
2.028220891952514648e-01
2.193102687597274780e-01
1.193029507994651794e-01
7.922678440809249878e-02
9.479893743991851807e-02
2.655461728572845459e-01
5.148677527904510498e-02
1.325565278530120850e-01
1.423127651214599609e-01
1.119232326745986938e-01
4.306948781013488770e-01
1.160281077027320862e-01
1.561730206012725830e-01
9.976024925708770752e-02
1.869747191667556763e-01
1.523025035858154297e-01
8.502829819917678833e-02
2.338157743215560913e-01
1.228958144783973694e-01
3.434919416904449463e-01
1.832945644855499268e-01
4.499705880880355835e-02
1.203072518110275269e-01
1.438779681921005249e-01
1.709161847829818726e-01
1.952051371335983276e-01
2.821314334869384766e-01
1.530467271804809570e-01
2.456623166799545288e-01
2.886201739311218262e-01
2.897030413150787354e-01
2.752934992313385010e-01
8.771692961454391479e-02
1.636580228805541992e-01
1.663247048854827881e-01
7.862114161252975464e-02
1.786221712827682495e-01
2.025871127843856812e-01
1.215696185827255249e-01
1.833446025848388672e-01
2.992050051689147949e-01
2.452696114778518677e-01
1.164223924279212952e-01
1.894997358322143555e-01
1.536270380020141602e-01
1.285133808851242065e-01
6.199007108807563782e-02
2.892746925354003906e-01
3.426044881343841553e-01
6.381985545158386230e-02
2.186220288276672363e-01
1.603122949600219727e-01
5.953374505043029785e-02
2.793335318565368652e-01
8.906881511211395264e-02
8.912707865238189697e-02
2.503624260425567627e-01
2.685923874378204346e-01
2.606372833251953125e-01
1.447052359580993652e-01
3.768706917762756348e-01
2.458643317222595215e-01
2.970055341720581055e-01
1.726126223802566528e-01
1.650761514902114868e-01
1.917808204889297485e-01
1.808312386274337769e-01
8.858072012662887573e-02
5.010404437780380249e-02
1.858732700347900391e-01
1.265026926994323730e-01
1.811785697937011719e-01
1.180067434906959534e-01
2.246138900518417358e-01
1.126560643315315247e-01
1.015692427754402161e-01
1.304649561643600464e-01
2.143001258373260498e-01
9.005028009414672852e-02
3.332751691341400146e-01
2.888099253177642822e-01
1.230379939079284668e-01
1.111257821321487427e-01
1.405414342880249023e-01
1.975942552089691162e-01
2.308178693056106567e-01
2.885291576385498047e-01
1.072878539562225342e-01
1.570112407207489014e-01
6.984501332044601440e-02
3.201143443584442139e-02
1.266608536243438721e-01
2.251390069723129272e-01
1.903302967548370361e-01
4.057430028915405273e-01
1.364269107580184937e-01
1.115343570709228516e-01
1.664081811904907227e-01
1.658879220485687256e-01
1.930490136146545410e-01
2.416722625494003296e-01
1.807594597339630127e-01
1.522782146930694580e-01
1.730614900588989258e-01
1.170788258314132690e-01
8.866085857152938843e-02
4.313455894589424133e-02
1.217504441738128662e-01
3.130313456058502197e-01
1.009855270385742188e-01
2.269744724035263062e-01
3.263293504714965820e-01
5.855195969343185425e-02
6.298185884952545166e-02
1.075408086180686951e-01
2.099980860948562622e-01
1.243484988808631897e-01
2.731441855430603027e-01
1.406188607215881348e-01
2.891978621482849121e-01
2.486178725957870483e-01
2.703079283237457275e-01
2.107826620340347290e-01
9.722546488046646118e-02
2.771623134613037109e-01
1.807391494512557983e-01
1.502431482076644897e-01
1.976059526205062866e-01
1.295947134494781494e-01
2.026305794715881348e-01
2.646165490150451660e-01
2.518291771411895752e-01
4.034631848335266113e-01
1.516660898923873901e-01
1.600623726844787598e-01
1.483323127031326294e-01
1.425202339887619019e-01
1.207781657576560974e-01
6.942018121480941772e-02
1.479645222425460815e-01
5.925399065017700195e-02
1.356379538774490356e-01
1.789913922548294067e-01
1.141447573900222778e-01
2.401425391435623169e-01
2.387921959161758423e-01
9.269536286592483521e-02
1.749532967805862427e-01
2.092212885618209839e-01
2.575332522392272949e-01
2.167518287897109985e-01
9.549158811569213867e-02
1.855956614017486572e-01
1.408327966928482056e-01
2.226622253656387329e-01
5.898597091436386108e-02
1.129802539944648743e-01
9.033527970314025879e-02
1.983990073204040527e-01
1.739163100719451904e-01
1.742147654294967651e-01
3.789051175117492676e-01
1.315708011388778687e-01
2.610098123550415039e-01
9.103920310735702515e-02
2.320954352617263794e-01
2.198323160409927368e-01
2.139051556587219238e-01
2.134992033243179321e-01
3.808629140257835388e-02
6.658048927783966064e-02
1.783486455678939819e-01
2.397011816501617432e-01
2.058967053890228271e-01
2.973147034645080566e-01
2.660327553749084473e-01
8.175519853830337524e-02
1.440644711256027222e-01
1.040885001420974731e-01
2.953746318817138672e-01
2.904567122459411621e-01
1.455460786819458008e-01
8.804649114608764648e-02
7.122687995433807373e-02
1.348225027322769165e-01
1.558763235807418823e-01
1.298694759607315063e-01
1.320129334926605225e-01
8.918429166078567505e-02
1.266305744647979736e-01
3.486972153186798096e-01
3.293139040470123291e-01
1.607708781957626343e-01
1.891533434391021729e-01
1.006204783916473389e-01
1.992357373237609863e-01
9.104572236537933350e-02
1.880043894052505493e-01
2.801460623741149902e-01
1.560220420360565186e-01
1.459988951683044434e-01
1.380779892206192017e-01
3.120192885398864746e-01
8.781316876411437988e-02
1.170328631997108459e-01
2.054718285799026489e-01
1.743886172771453857e-01
2.701313793659210205e-01
9.663052856922149658e-02
9.319543838500976562e-02
1.042888686060905457e-01
1.985300779342651367e-01
1.051921993494033813e-01
9.261531382799148560e-02
7.391107827425003052e-02
6.996354460716247559e-02
1.625335961580276489e-01
2.066618949174880981e-01
1.156607568264007568e-01
1.330387294292449951e-01
8.767741173505783081e-02
2.163387387990951538e-01
2.288475185632705688e-01
2.150617688894271851e-01
8.794649690389633179e-02
2.528235912322998047e-01
1.524974554777145386e-01
1.283195614814758301e-01
1.537597179412841797e-01
1.485706269741058350e-01
1.818396598100662231e-01
1.933078914880752563e-01
7.875648140907287598e-02
1.205670982599258423e-01
1.070444285869598389e-01
2.086584419012069702e-01
1.548450142145156860e-01
9.942381083965301514e-02
2.570914626121520996e-01
9.348380565643310547e-02
2.038580328226089478e-01
2.752397358417510986e-01
2.517251074314117432e-01
1.879459619522094727e-01
9.529621154069900513e-02
2.551937699317932129e-01
3.965497016906738281e-01
1.834557950496673584e-01
1.488231271505355835e-01
1.996655166149139404e-01
2.263134270906448364e-01
1.621212810277938843e-01
9.967019408941268921e-02
1.732223629951477051e-01
6.242349371314048767e-02
2.970169782638549805e-01
1.851540207862854004e-01
2.603749930858612061e-01
1.449739784002304077e-01
9.919504076242446899e-02
2.631291449069976807e-01
7.441872358322143555e-02
1.757047623395919800e-01
2.105312049388885498e-01
1.613743603229522705e-01
1.777602434158325195e-01
2.727339267730712891e-01
1.633868664503097534e-01
3.397004306316375732e-01
2.028100490570068359e-01
3.873143196105957031e-01
8.215282112360000610e-02
1.379346549510955811e-01
2.495558112859725952e-01
1.652406305074691772e-01
2.816575765609741211e-01
1.467345505952835083e-01
1.314485222101211548e-01
9.333414584398269653e-02
2.935687303543090820e-01
1.570456922054290771e-01
1.323840022087097168e-01
5.229368433356285095e-02
7.862620800733566284e-02
2.526512145996093750e-01
2.438118308782577515e-01
2.862544655799865723e-01
1.632555127143859863e-01
2.567461729049682617e-01
2.155357301235198975e-01
1.902279853820800781e-01
1.055026352405548096e-01
1.459453552961349487e-01
7.138059288263320923e-02
1.761897206306457520e-01
1.520186513662338257e-01
6.598505377769470215e-02
1.435399651527404785e-01
1.632512062788009644e-01
1.671948730945587158e-01
1.845390945672988892e-01
2.306416630744934082e-01
2.940300107002258301e-01
1.223148629069328308e-01
2.490897029638290405e-01
2.173354327678680420e-01
1.917283833026885986e-01
2.084992080926895142e-01
1.858626008033752441e-01
2.071112841367721558e-01
1.449483186006546021e-01
4.017742276191711426e-01
1.317389756441116333e-01
2.170631438493728638e-01
9.102991968393325806e-02
3.044239878654479980e-01
2.996311485767364502e-01
1.233407109975814819e-01
1.384688019752502441e-01
3.238762915134429932e-01
1.802230775356292725e-01
2.227493673563003540e-01
1.500897258520126343e-01
2.299840003252029419e-01
9.772741049528121948e-02
1.909562051296234131e-01
1.014762818813323975e-01
1.095863580703735352e-01
2.237012237310409546e-01
1.217982620000839233e-01
1.316661238670349121e-01
1.627997010946273804e-01
2.754169702529907227e-01
1.590679585933685303e-01
1.972237527370452881e-01
1.363814473152160645e-01
1.265705823898315430e-01
2.887138426303863525e-01
2.306242734193801880e-01
1.489216983318328857e-01
9.232043474912643433e-02
1.795859783887863159e-01
2.091732174158096313e-01
8.780910819768905640e-02
4.705214798450469971e-01
1.155243217945098877e-01
2.299714982509613037e-01
4.645134806632995605e-01
7.982517033815383911e-02
1.267665326595306396e-01
1.597149670124053955e-01
2.502128183841705322e-01
1.113083213567733765e-01
7.797563076019287109e-02
7.007803767919540405e-02
1.328023076057434082e-01
1.118294373154640198e-01
7.786645740270614624e-02
1.559448391199111938e-01
1.417397260665893555e-01
2.053112834692001343e-01
5.457118526101112366e-02
1.772644817829132080e-01
1.015411913394927979e-01
1.139822304248809814e-01
1.492849439382553101e-01
6.417352706193923950e-02
7.224184274673461914e-02
1.164489164948463440e-01
9.111828356981277466e-02
1.292290985584259033e-01
1.646747589111328125e-01
7.381630688905715942e-02
7.709377259016036987e-02
1.336155384778976440e-01
8.246897906064987183e-02
6.981354951858520508e-02
3.178507462143898010e-02
7.504832744598388672e-02
4.777575284242630005e-02
5.607170239090919495e-02
1.042313277721405029e-01
9.873826801776885986e-02
7.231102883815765381e-02
1.430733799934387207e-01
6.321426481008529663e-02
8.816391974687576294e-02
4.187178984284400940e-02
1.352180093526840210e-01
1.059323772788047791e-01
3.644309937953948975e-01
1.181676685810089111e-01
6.682754307985305786e-02
1.016004905104637146e-01
7.927305996417999268e-02
1.822001785039901733e-01
1.621394008398056030e-01
2.830278314650058746e-02
1.288519054651260376e-01
9.359706193208694458e-02
1.831863075494766235e-01
1.551297605037689209e-01
9.466266632080078125e-02
5.512263253331184387e-02
1.812153123319149017e-02
1.196820810437202454e-01
1.394457966089248657e-01
3.349441662430763245e-02
6.883896887302398682e-02
2.597151696681976318e-01
7.368052005767822266e-02
6.443362683057785034e-02
1.553144752979278564e-01
4.807784408330917358e-02
1.309757679700851440e-01
1.636636108160018921e-01
5.126708745956420898e-02
1.004521250724792480e-01
1.327447295188903809e-01
8.328945934772491455e-02
1.100190058350563049e-01
2.636014521121978760e-01
9.933245927095413208e-02
1.297479271888732910e-01
7.498639822006225586e-02
3.607028350234031677e-02
9.894458949565887451e-02
1.711477190256118774e-01
5.596680194139480591e-02
5.590397119522094727e-02
3.315102681517601013e-02
1.161081716418266296e-01
5.867517739534378052e-02
3.009616024792194366e-02
4.765135049819946289e-02
1.367082148790359497e-01
1.985128037631511688e-02
1.171665787696838379e-01
5.897648259997367859e-02
4.314068332314491272e-02
9.820111095905303955e-02
1.454435884952545166e-01
1.147130057215690613e-01
1.843150109052658081e-01
8.767458796501159668e-02
1.106210276484489441e-01
1.178195029497146606e-01
1.168515682220458984e-01
8.738063275814056396e-02
1.406310945749282837e-01
1.014360561966896057e-01
1.392270922660827637e-01
8.866113424301147461e-02
1.261136233806610107e-01
1.057016551494598389e-01
4.457884281873703003e-02
1.499128788709640503e-01
5.680261552333831787e-02
5.112007632851600647e-02
2.367802262306213379e-01
5.079576000571250916e-02
8.533151447772979736e-02
1.025690734386444092e-01
1.116622686386108398e-01
7.464209198951721191e-02
1.088170856237411499e-01
5.007899552583694458e-02
1.665031015872955322e-01
7.717159390449523926e-02
9.940110892057418823e-02
2.703244388103485107e-01
1.774431318044662476e-01
1.587880998849868774e-01
1.518176048994064331e-01
2.026395127177238464e-02
6.222067400813102722e-02
9.494408220052719116e-02
1.860439181327819824e-01
1.767092347145080566e-01
1.209118962287902832e-02
1.840909272432327271e-01
2.625860273838043213e-01
8.179305493831634521e-02
1.001296564936637878e-01
5.680115148425102234e-02
1.662617474794387817e-01
1.102675572037696838e-01
5.993362516164779663e-02
1.315742880105972290e-01
9.648220241069793701e-02
1.192661672830581665e-01
9.210553020238876343e-02
1.269679963588714600e-01
1.798548847436904907e-01
2.328467071056365967e-01
1.676309704780578613e-01
1.951754093170166016e-01
3.132391721010208130e-02
1.501266192644834518e-02
5.638779699802398682e-02
2.165587246417999268e-01
1.837469190359115601e-01
5.588629096746444702e-02
1.240350976586341858e-01
5.693417415022850037e-02
6.975053995847702026e-02
1.676151156425476074e-01
7.991756498813629150e-02
2.235358655452728271e-01
7.079951465129852295e-02
9.786014258861541748e-02
1.304973661899566650e-02
2.512109279632568359e-01
1.407858133316040039e-01
9.942428022623062134e-02
1.971568316221237183e-01
6.914177536964416504e-02
9.134697914123535156e-02
8.925938606262207031e-02
2.847531735897064209e-01
1.772729307413101196e-01
1.822947859764099121e-01
1.305112987756729126e-01
2.318133711814880371e-01
8.069758862257003784e-02
2.098451703786849976e-01
9.543526172637939453e-02
1.711671203374862671e-01
1.402001231908798218e-01
1.167998909950256348e-01
1.969173252582550049e-01
1.564278453588485718e-01
1.178717017173767090e-01
2.855140566825866699e-01
1.039707958698272705e-01
1.166608333587646484e-01
9.433732926845550537e-02
5.397002026438713074e-02
2.040943652391433716e-01
1.445687264204025269e-01
1.287439912557601929e-01
1.066609174013137817e-01
1.475392878055572510e-01
5.308956280350685120e-02
2.365291863679885864e-01
4.496809095144271851e-02
8.972727507352828979e-02
2.840499281883239746e-01
2.461307793855667114e-01
1.058045551180839539e-01
7.169639319181442261e-02
1.436608284711837769e-01
2.829909138381481171e-02
1.741928011178970337e-01
1.580229848623275757e-01
1.223743781447410583e-01
5.600190535187721252e-02
6.979737430810928345e-02
3.147970885038375854e-02
8.839489519596099854e-02
3.317181766033172607e-02
1.299265176057815552e-01
1.582749933004379272e-01
2.160278260707855225e-01
1.514924764633178711e-01
7.900426536798477173e-02
3.557755425572395325e-02
8.186427503824234009e-02
1.690699011087417603e-01
1.372655630111694336e-01
9.003616869449615479e-02
6.527758389711380005e-02
6.893581897020339966e-02
8.270926028490066528e-02
2.779395282268524170e-01
7.243276387453079224e-02
6.471566855907440186e-02
1.889924854040145874e-01
3.411231935024261475e-01
1.809957772493362427e-01
1.599908620119094849e-01
1.045913100242614746e-01
2.654578536748886108e-02
1.767296642065048218e-01
4.005366563796997070e-02
1.927999407052993774e-01
1.273484379053115845e-01
8.020845800638198853e-02
5.119827017188072205e-02
2.426492609083652496e-02
3.293415904045104980e-01
8.742179721593856812e-02
1.740884482860565186e-01
3.685902953147888184e-01
3.716044872999191284e-02
8.147831261157989502e-02
1.902784705162048340e-01
7.502975314855575562e-02
2.106660604476928711e-01
2.050848603248596191e-01
1.892409920692443848e-01
1.453781276941299438e-01
8.868243545293807983e-02
6.024661660194396973e-02
1.135185360908508301e-01
2.540551424026489258e-01
6.544141471385955811e-02
8.496879041194915771e-02
1.557192802429199219e-01
1.911304444074630737e-01
8.162870258092880249e-02
2.837753668427467346e-02
1.081899106502532959e-01
1.590357422828674316e-01
2.535727918148040771e-01
1.299949884414672852e-01
6.138572469353675842e-02
8.557116985321044922e-02
2.749252915382385254e-01
9.939676523208618164e-02
1.321764141321182251e-01
1.460961252450942993e-01
2.060357630252838135e-01
2.065462470054626465e-01
1.337433457374572754e-01
8.966185152530670166e-02
3.768368065357208252e-02
1.800617575645446777e-01
7.361213117837905884e-02
2.251104712486267090e-01
4.849984869360923767e-02
1.728011369705200195e-01
3.770666942000389099e-02
8.850964158773422241e-02
1.047041639685630798e-01
2.208376973867416382e-01
1.809273809194564819e-01
5.044448375701904297e-02
9.096381068229675293e-02
1.757060587406158447e-01
1.281254440546035767e-01
2.664136588573455811e-01
9.927208721637725830e-02
1.359732002019882202e-01
1.922152787446975708e-01
1.945683211088180542e-01
9.389271587133407593e-02
1.941052637994289398e-02
1.243666335940361023e-01
1.227549538016319275e-01
1.396979242563247681e-01
1.220730692148208618e-01
9.901950508356094360e-02
2.585092484951019287e-01
1.197905093431472778e-01
1.034918129444122314e-01
4.109801724553108215e-02
8.792416751384735107e-02
8.521562814712524414e-02
1.180727034807205200e-01
9.902978688478469849e-02
2.985071577131748199e-02
5.165031924843788147e-02
1.383587867021560669e-01
3.539710119366645813e-02
6.885035336017608643e-02
2.342589944601058960e-01
9.677260369062423706e-02
5.674377456307411194e-02
1.105474531650543213e-01
9.221390634775161743e-02
6.312758475542068481e-02
6.978448480367660522e-02
7.375763356685638428e-02
2.357216626405715942e-01
2.775292694568634033e-01
1.482081264257431030e-01
1.039750576019287109e-01
9.382010996341705322e-02
9.431172907352447510e-02
9.181189537048339844e-02
2.004591673612594604e-01
3.297924101352691650e-01
9.768426418304443359e-02
2.207032144069671631e-01
3.094565868377685547e-01
2.518337666988372803e-01
1.585910916328430176e-01
9.599018841981887817e-02
4.490773379802703857e-02
8.573287725448608398e-02
4.988301172852516174e-02
1.338315159082412720e-01
1.168038323521614075e-01
2.223205715417861938e-01
2.183747738599777222e-01
2.236994355916976929e-01
1.509193927049636841e-01
1.306070834398269653e-01
1.947940737009048462e-01
2.708649933338165283e-01
2.144054472446441650e-01
1.049764528870582581e-01
7.528020441532135010e-02
8.217396587133407593e-02
9.707026183605194092e-02
1.861571818590164185e-01
1.475444287061691284e-01
1.743376106023788452e-01
2.484639137983322144e-01
1.199208721518516541e-01
1.962806880474090576e-01
8.859222382307052612e-02
2.058189660310745239e-01
6.489528715610504150e-02
8.368417620658874512e-02
6.617857515811920166e-02
7.300917804241180420e-02
2.236048132181167603e-01
2.779427543282508850e-02
9.468618035316467285e-02
1.072235628962516785e-01
1.975633502006530762e-01
1.393486410379409790e-01
1.017973423004150391e-01
5.438913404941558838e-02
6.568309664726257324e-02
7.949930429458618164e-02
1.434642374515533447e-01
1.318374425172805786e-01
2.340531945228576660e-01
2.793337404727935791e-01
1.713837981224060059e-01
2.017326802015304565e-01
4.604937881231307983e-02
1.211363598704338074e-01
3.293140530586242676e-01
2.866855263710021973e-01
1.440983414649963379e-01
4.142787307500839233e-02
5.627942457795143127e-02
3.179525956511497498e-02
1.166715547442436218e-01
1.899652034044265747e-01
2.839192152023315430e-01
1.485255956649780273e-01
1.057687550783157349e-01
9.915653616189956665e-02
1.576460301876068115e-01
1.062989160418510437e-01
1.414373517036437988e-01
1.157899349927902222e-01
7.917282730340957642e-02
1.755373924970626831e-01
7.822503894567489624e-02
1.009744852781295776e-01
2.684137038886547089e-02
7.620998471975326538e-02
2.318152934312820435e-01
1.323515921831130981e-01
1.492388248443603516e-01
1.533924788236618042e-01
1.369742453098297119e-01
1.001741811633110046e-01
1.510106325149536133e-01
1.611315459012985229e-01
2.310042455792427063e-02
5.996890366077423096e-02
5.275868996977806091e-02
9.188991039991378784e-02
1.751413047313690186e-01
7.380200922489166260e-02
7.632944732904434204e-02
1.479824930429458618e-01
8.978581428527832031e-02
1.109237596392631531e-01
5.646009743213653564e-02
1.828477531671524048e-02
6.562093645334243774e-02
1.958992630243301392e-01
8.868989348411560059e-02
1.922017931938171387e-01
9.165068715810775757e-02
1.310642212629318237e-01
1.022953391075134277e-01
2.733560092747211456e-02
1.180674210190773010e-01
1.578540802001953125e-01
1.659093499183654785e-01
3.442078828811645508e-01
1.669654846191406250e-01
8.480319380760192871e-02
2.613245882093906403e-02
1.956806927919387817e-01
1.353178620338439941e-01
6.797283142805099487e-02
1.170288845896720886e-01
1.194515749812126160e-01
1.125913038849830627e-01
9.058624505996704102e-02
1.973602473735809326e-01
1.875565201044082642e-01
4.886101186275482178e-02
1.204170510172843933e-01
1.014135330915451050e-01
1.735525764524936676e-02
1.818488091230392456e-01
1.677396446466445923e-01
1.671847105026245117e-01
1.152454167604446411e-01
1.399311572313308716e-01
1.135991662740707397e-01
1.408587396144866943e-01
1.604610681533813477e-01
1.062305495142936707e-01
1.628760248422622681e-01
1.487108767032623291e-01
1.295866817235946655e-01
7.200049608945846558e-02
2.103669047355651855e-01
1.547230929136276245e-01
1.521767824888229370e-01
2.461755275726318359e-02
1.321444660425186157e-01
1.663561165332794189e-01
1.191231608390808105e-01
6.531926244497299194e-02
1.160655096173286438e-01
6.101910024881362915e-02
5.939700454473495483e-02
1.303827911615371704e-01
1.396820843219757080e-01
1.523555070161819458e-01
1.534902453422546387e-01
1.786206364631652832e-01
2.170087993144989014e-01
9.411190450191497803e-02
1.765890121459960938e-01
1.355933845043182373e-01
8.671564608812332153e-02
2.250394225120544434e-01
1.030460745096206665e-01
1.290294677019119263e-01
1.739057451486587524e-01
1.917976438999176025e-01
1.003284305334091187e-01
2.154372632503509521e-01
9.007254987955093384e-02
5.257234349846839905e-02
2.146608233451843262e-01
1.300714910030364990e-01
9.155427664518356323e-02
1.306685656309127808e-01
1.464628577232360840e-01
1.518403738737106323e-01
1.417781114578247070e-01
1.703906953334808350e-01
1.706790775060653687e-01
2.310560494661331177e-01
3.555302619934082031e-01
1.490592807531356812e-01
7.326704263687133789e-02
4.357431456446647644e-02
1.363646537065505981e-01
1.962402462959289551e-01
1.139828637242317200e-01
1.907557398080825806e-01
1.029423475265502930e-01
2.593275606632232666e-01
9.345208853483200073e-02
9.556716680526733398e-02
8.908134698867797852e-02
1.011770740151405334e-01
1.416946500539779663e-01
8.115717023611068726e-02
7.803765684366226196e-02
2.116567790508270264e-01
8.284789323806762695e-02
7.665996998548507690e-02
1.986779868602752686e-01
3.633242845535278320e-02
7.670487463474273682e-02
3.567986935377120972e-02
1.457097232341766357e-01
1.726631373167037964e-01
1.820919662714004517e-01
1.606358140707015991e-01
7.828941196203231812e-02
1.851167678833007812e-01
1.067906469106674194e-01
2.069024890661239624e-01
2.025103569030761719e-01
3.390213251113891602e-01
2.386003285646438599e-01
5.807802453637123108e-02
3.432467579841613770e-01
2.071505039930343628e-01
1.738025844097137451e-01
1.139767915010452271e-01
8.212254941463470459e-02
6.447360664606094360e-02
1.321931928396224976e-01
6.200926378369331360e-02
1.169870495796203613e-01
3.232349455356597900e-01
2.950532734394073486e-01
4.363214969635009766e-02
1.295691430568695068e-01
1.905163228511810303e-01
2.907671630382537842e-01
5.160287022590637207e-02
6.960480660200119019e-02
1.378845572471618652e-01
1.826093494892120361e-01
8.245005458593368530e-02
1.702947467565536499e-01
2.466992586851119995e-01
3.141741454601287842e-01
1.028992310166358948e-01
8.193553239107131958e-02
7.848493009805679321e-02
1.323233693838119507e-01
1.520069241523742676e-01
1.238005906343460083e-01
2.421890199184417725e-01
1.311695575714111328e-01
2.005908191204071045e-01
1.754877418279647827e-01
1.308749467134475708e-01
7.329422235488891602e-02
3.093558549880981445e-01
1.531522572040557861e-01
3.526994884014129639e-01
8.100627362728118896e-02
1.148016825318336487e-01
2.447148859500885010e-01
1.724719256162643433e-01
2.164083719253540039e-01
3.829457983374595642e-02
1.439373493194580078e-01
2.777478694915771484e-01
2.626462876796722412e-01
6.161934137344360352e-02
1.368820965290069580e-01
1.354650966823101044e-02
1.743302047252655029e-01
3.133400976657867432e-01
1.265968531370162964e-01
1.819191128015518188e-01
1.676542609930038452e-01
1.358946114778518677e-01
2.479464858770370483e-01
4.123830199241638184e-01
1.133363097906112671e-01
6.840880960226058960e-02
2.872614562511444092e-01
4.252714663743972778e-02
2.674659192562103271e-01
2.151921093463897705e-01
8.772237598896026611e-02
1.243330389261245728e-01
2.089084386825561523e-01
1.138339787721633911e-01
2.160500288009643555e-01
1.219990327954292297e-01
1.801118850708007812e-01
1.589832752943038940e-01
2.372662574052810669e-01
2.020637392997741699e-01
1.130404397845268250e-01
9.399218112230300903e-02
1.925671547651290894e-01
6.921640038490295410e-02
1.157663464546203613e-01
1.385252922773361206e-01
3.291057348251342773e-01
1.351691484451293945e-01
2.105045318603515625e-01
1.026028767228126526e-01
1.373458802700042725e-01
2.724314630031585693e-01
1.879903525114059448e-01
7.627888023853302002e-02
1.239378452301025391e-01
3.990960717201232910e-01
8.294130116701126099e-02
5.311890318989753723e-02
1.449518650770187378e-01
2.292636483907699585e-01
2.194707244634628296e-01
2.378242015838623047e-01
1.487395316362380981e-01
2.051984667778015137e-01
8.718311786651611328e-02
2.167289555072784424e-01
1.525077223777770996e-01
1.291464567184448242e-01
1.657802164554595947e-01
1.612022072076797485e-01
1.952815204858779907e-01
8.267191052436828613e-02
5.393915250897407532e-02
1.940025836229324341e-01
2.961039245128631592e-01
2.446277439594268799e-01
9.464646875858306885e-02
1.494463086128234863e-01
1.182757243514060974e-01
3.160008192062377930e-01
1.152325719594955444e-01
2.361828833818435669e-01
1.658980846405029297e-01
1.154761314392089844e-01
6.548184156417846680e-02
1.826279014348983765e-01
3.131222352385520935e-02
1.734193265438079834e-01
1.879523694515228271e-01
3.190699815750122070e-01
8.706037700176239014e-02
2.156057953834533691e-01
1.946691721677780151e-01
1.038305386900901794e-01
2.911036908626556396e-01
3.542919754981994629e-01
9.470331668853759766e-02
7.110102474689483643e-02
7.928294688463211060e-02
8.618596196174621582e-02
1.731338202953338623e-01
2.865671738982200623e-02
9.105280041694641113e-02
5.153108760714530945e-02
1.304560452699661255e-01
1.530701667070388794e-01
1.510388255119323730e-01
1.772765219211578369e-01
9.446071088314056396e-02
1.727684587240219116e-01
1.255398541688919067e-01
1.347195059061050415e-01
1.431237161159515381e-01
2.142666578292846680e-01
3.018234074115753174e-01
7.841499894857406616e-02
1.637121886014938354e-01
5.582163482904434204e-02
9.362334012985229492e-02
1.113127768039703369e-01
2.108336985111236572e-01
5.420980602502822876e-02
1.025048419833183289e-01
2.627212405204772949e-01
1.385165303945541382e-01
1.444437503814697266e-01
7.817368209362030029e-02
2.843493223190307617e-01
4.737628251314163208e-02
1.494814455509185791e-01
8.732116967439651489e-02
2.120205312967300415e-01
7.704789191484451294e-02
1.382691413164138794e-01
9.243096411228179932e-02
4.174413532018661499e-02
6.578413397073745728e-02
7.982981950044631958e-02
1.538249701261520386e-01
7.616542279720306396e-02
2.290840446949005127e-01
4.548798128962516785e-02
1.605133861303329468e-01
1.054754406213760376e-01
5.797107517719268799e-02
1.026409789919853210e-01
6.514577567577362061e-02
1.762562543153762817e-01
1.367598026990890503e-01
2.212722301483154297e-01
6.099911779165267944e-02
3.748754784464836121e-02
9.246302396059036255e-02
5.561563745141029358e-02
1.859078705310821533e-01
1.628650277853012085e-01
6.267948448657989502e-02
5.111248418688774109e-02
6.066066399216651917e-02
7.977964729070663452e-02
2.149481028318405151e-01
1.037397459149360657e-01
1.554349660873413086e-01
5.971130728721618652e-02
6.795258074998855591e-02
3.754491731524467468e-02
1.828394830226898193e-01
8.180566877126693726e-02
4.974953457713127136e-02
9.293232858180999756e-02
8.997689187526702881e-02
1.501718461513519287e-01
4.460931196808815002e-02
1.356270015239715576e-01
2.525539100170135498e-01
2.411142587661743164e-01
1.919027417898178101e-01
1.297246068716049194e-01
1.548067629337310791e-01
1.000003963708877563e-01
2.539918422698974609e-01
2.422507107257843018e-01
1.998091191053390503e-01
3.055097460746765137e-01
1.712676435708999634e-01
1.809953302145004272e-01
4.510851576924324036e-02
1.181238517165184021e-01
1.886904388666152954e-01
1.368149220943450928e-01
2.450541704893112183e-01
2.067953944206237793e-01
3.657748103141784668e-01
1.088261976838111877e-01
1.034726575016975403e-01
1.912970989942550659e-01
9.313771873712539673e-02
1.250336766242980957e-01
2.617285847663879395e-01
1.223917677998542786e-01
2.245476841926574707e-01
7.938037067651748657e-02
6.699372082948684692e-02
2.497250884771347046e-01
9.583237022161483765e-02
2.819493412971496582e-01
