2.788343191146850586e+00
2.475149631500244141e+00
2.457280635833740234e+00
2.248472213745117188e+00
2.215311765670776367e+00
2.276583433151245117e+00
2.122088670730590820e+00
2.302744865417480469e+00
2.143893957138061523e+00
2.059437751770019531e+00
2.011076927185058594e+00
2.215314865112304688e+00
2.152929067611694336e+00
2.086121320724487305e+00
2.044879913330078125e+00
2.052840471267700195e+00
2.038110733032226562e+00
2.052553415298461914e+00
1.914641976356506348e+00
1.909016609191894531e+00
1.924120306968688965e+00
1.781598567962646484e+00
1.763633608818054199e+00
1.915868520736694336e+00
1.838364720344543457e+00
1.892107963562011719e+00
1.836159944534301758e+00
1.652572631835937500e+00
1.822751283645629883e+00
1.845389604568481445e+00
1.978488445281982422e+00
1.749754905700683594e+00
1.767885565757751465e+00
1.744071722030639648e+00
1.872881054878234863e+00
1.948930621147155762e+00
1.624790072441101074e+00
1.683080911636352539e+00
1.796518445014953613e+00
1.675841331481933594e+00
1.663216114044189453e+00
1.765151619911193848e+00
1.662559032440185547e+00
1.777680873870849609e+00
1.923230051994323730e+00
1.819261908531188965e+00
1.584540843963623047e+00
1.567012190818786621e+00
1.568806052207946777e+00
1.749199032783508301e+00
1.616309404373168945e+00
1.740327239036560059e+00
1.556783437728881836e+00
1.645018100738525391e+00
1.953193187713623047e+00
1.728550672531127930e+00
1.642549514770507812e+00
1.732219696044921875e+00
1.975117444992065430e+00
1.741692423820495605e+00
1.751968979835510254e+00
1.537822604179382324e+00
1.717782974243164062e+00
1.684936046600341797e+00
1.666034579277038574e+00
1.887467026710510254e+00
1.591489315032958984e+00
1.701757669448852539e+00
1.572205781936645508e+00
1.625393390655517578e+00
1.671539664268493652e+00
1.736314654350280762e+00
1.694476842880249023e+00
1.757904052734375000e+00
1.594339251518249512e+00
1.734677553176879883e+00
1.646304965019226074e+00
1.636624455451965332e+00
1.651929736137390137e+00
1.656945943832397461e+00
1.656597495079040527e+00
1.708162665367126465e+00
1.731610417366027832e+00
1.946412682533264160e+00
1.717723250389099121e+00
1.515530109405517578e+00
1.484245061874389648e+00
1.447516202926635742e+00
1.645734310150146484e+00
1.642875075340270996e+00
1.839031934738159180e+00
1.942448735237121582e+00
1.576694846153259277e+00
1.795329809188842773e+00
1.392249703407287598e+00
1.586366772651672363e+00
1.517402648925781250e+00
1.713188767433166504e+00
1.924953341484069824e+00
1.659098863601684570e+00
1.490826487541198730e+00
1.747271060943603516e+00
1.611936569213867188e+00
1.639802694320678711e+00
1.588884234428405762e+00
1.461352467536926270e+00
1.733081579208374023e+00
1.581658720970153809e+00
1.476000189781188965e+00
1.653145670890808105e+00
1.491869568824768066e+00
1.547995686531066895e+00
1.431889414787292480e+00
1.642283439636230469e+00
1.801627278327941895e+00
1.582774877548217773e+00
1.525472283363342285e+00
1.660484790802001953e+00
1.377885699272155762e+00
1.430107831954956055e+00
1.481321573257446289e+00
1.669969558715820312e+00
1.420628190040588379e+00
1.270495891571044922e+00
1.450099825859069824e+00
1.592845559120178223e+00
1.550677537918090820e+00
1.580837011337280273e+00
1.453204393386840820e+00
1.736727714538574219e+00
1.319314837455749512e+00
1.347981810569763184e+00
1.424403429031372070e+00
1.445729732513427734e+00
1.535031676292419434e+00
1.381178617477416992e+00
1.488881945610046387e+00
1.581938505172729492e+00
1.478498697280883789e+00
1.619599938392639160e+00
1.434716463088989258e+00
1.708755850791931152e+00
1.555653214454650879e+00
1.411751270294189453e+00
1.531640291213989258e+00
1.257356882095336914e+00
1.496771454811096191e+00
1.315954685211181641e+00
1.308825492858886719e+00
1.499954819679260254e+00
1.563709974288940430e+00
1.529285073280334473e+00
1.473155975341796875e+00
1.495249986648559570e+00
1.463536500930786133e+00
1.411567568778991699e+00
1.525010347366333008e+00
1.330813288688659668e+00
1.600268840789794922e+00
1.591589927673339844e+00
1.511157751083374023e+00
1.340723037719726562e+00
1.547980308532714844e+00
1.528732061386108398e+00
1.562550187110900879e+00
1.420915007591247559e+00
1.392673611640930176e+00
1.653475522994995117e+00
1.424955725669860840e+00
1.547748804092407227e+00
1.388528943061828613e+00
1.258882284164428711e+00
1.338430047035217285e+00
1.312932133674621582e+00
1.365029931068420410e+00
1.372149229049682617e+00
1.672432422637939453e+00
1.633765816688537598e+00
1.497865676879882812e+00
1.530272364616394043e+00
1.167839288711547852e+00
1.441104412078857422e+00
1.530296206474304199e+00
1.473260760307312012e+00
1.527483105659484863e+00
1.516150236129760742e+00
1.333752989768981934e+00
1.465361118316650391e+00
1.363089919090270996e+00
1.640676856040954590e+00
1.311526417732238770e+00
1.481201410293579102e+00
1.429427266120910645e+00
1.416147232055664062e+00
1.595993399620056152e+00
1.469655513763427734e+00
1.367365717887878418e+00
1.400685548782348633e+00
1.373570322990417480e+00
1.429750680923461914e+00
1.452269792556762695e+00
1.183288455009460449e+00
1.338262915611267090e+00
1.322865366935729980e+00
1.719770312309265137e+00
1.482151508331298828e+00
1.756322503089904785e+00
1.284358978271484375e+00
1.449210047721862793e+00
1.137146592140197754e+00
1.366446971893310547e+00
1.476166605949401855e+00
1.470618247985839844e+00
1.338039636611938477e+00
1.347484350204467773e+00
1.615928411483764648e+00
1.577881932258605957e+00
1.390901803970336914e+00
1.283029079437255859e+00
1.273386716842651367e+00
1.333376765251159668e+00
1.334474086761474609e+00
1.371278882026672363e+00
1.472577333450317383e+00
1.213298320770263672e+00
1.534953951835632324e+00
1.275141358375549316e+00
1.260128974914550781e+00
1.408579826354980469e+00
1.504890084266662598e+00
1.274326801300048828e+00
1.539718031883239746e+00
1.405076622962951660e+00
1.426008105278015137e+00
1.312614679336547852e+00
1.283266782760620117e+00
1.592003583908081055e+00
1.388349771499633789e+00
1.378861546516418457e+00
1.409286379814147949e+00
1.638363957405090332e+00
1.581781864166259766e+00
1.460380077362060547e+00
1.433437824249267578e+00
1.295529127120971680e+00
1.383727908134460449e+00
1.538722634315490723e+00
1.061916112899780273e+00
1.109521746635437012e+00
1.217222452163696289e+00
1.320948123931884766e+00
1.375930905342102051e+00
1.408791899681091309e+00
1.346878290176391602e+00
1.427524209022521973e+00
1.601976633071899414e+00
1.284686923027038574e+00
1.181881427764892578e+00
1.239168643951416016e+00
1.396775245666503906e+00
1.311744332313537598e+00
1.167698740959167480e+00
1.591107845306396484e+00
1.304091095924377441e+00
1.488614916801452637e+00
1.176986932754516602e+00
1.296965003013610840e+00
1.157808423042297363e+00
1.219051957130432129e+00
1.204443216323852539e+00
1.492888450622558594e+00
1.370720386505126953e+00
1.404832720756530762e+00
1.328805327415466309e+00
1.538950085639953613e+00
1.139877319335937500e+00
1.467592954635620117e+00
1.282055139541625977e+00
1.232151031494140625e+00
1.410048842430114746e+00
1.770809888839721680e+00
1.342484831809997559e+00
1.175403833389282227e+00
1.328926801681518555e+00
1.221330642700195312e+00
1.433692216873168945e+00
1.159900307655334473e+00
1.247216582298278809e+00
1.416166186332702637e+00
1.372987031936645508e+00
1.274132728576660156e+00
1.329197049140930176e+00
1.233901977539062500e+00
1.299366950988769531e+00
1.227058410644531250e+00
1.562744617462158203e+00
1.256493330001831055e+00
1.560598850250244141e+00
1.206729888916015625e+00
1.179987072944641113e+00
1.381023406982421875e+00
1.183306097984313965e+00
1.313050031661987305e+00
1.266097664833068848e+00
1.305300116539001465e+00
1.407938480377197266e+00
1.442202806472778320e+00
1.551070690155029297e+00
1.207681179046630859e+00
1.216790676116943359e+00
1.145597696304321289e+00
1.437439322471618652e+00
1.313144326210021973e+00
1.427822232246398926e+00
1.480322480201721191e+00
1.580883026123046875e+00
1.291348338127136230e+00
1.435106635093688965e+00
1.158205151557922363e+00
1.405365824699401855e+00
1.317213773727416992e+00
1.313845515251159668e+00
1.237235784530639648e+00
1.359915018081665039e+00
1.038418769836425781e+00
1.274084568023681641e+00
1.126973271369934082e+00
1.228643059730529785e+00
1.235043048858642578e+00
1.041548490524291992e+00
1.362171411514282227e+00
1.177683115005493164e+00
1.239011883735656738e+00
1.293249130249023438e+00
1.358085513114929199e+00
9.936140775680541992e-01
1.131346225738525391e+00
1.359378695487976074e+00
1.231109619140625000e+00
1.183473825454711914e+00
1.207901597023010254e+00
1.025866746902465820e+00
1.103249788284301758e+00
1.340352416038513184e+00
1.404780030250549316e+00
1.086652398109436035e+00
1.188890099525451660e+00
1.080698013305664062e+00
1.234642744064331055e+00
1.184965491294860840e+00
1.349413156509399414e+00
1.182462215423583984e+00
1.109473466873168945e+00
1.265556693077087402e+00
1.149335026741027832e+00
1.034169077873229980e+00
1.328638315200805664e+00
1.269593238830566406e+00
1.438521981239318848e+00
1.367902040481567383e+00
1.198363661766052246e+00
9.463678598403930664e-01
9.531381726264953613e-01
1.286310434341430664e+00
1.200327634811401367e+00
1.042681813240051270e+00
1.162167310714721680e+00
1.262287139892578125e+00
1.309928536415100098e+00
1.135742664337158203e+00
1.093478798866271973e+00
1.114699840545654297e+00
1.362398147583007812e+00
1.379728674888610840e+00
1.269023180007934570e+00
1.365146517753601074e+00
9.701891541481018066e-01
1.075058579444885254e+00
1.292289018630981445e+00
1.104920387268066406e+00
1.362731933593750000e+00
1.125922322273254395e+00
1.330274462699890137e+00
1.008214592933654785e+00
1.088913679122924805e+00
1.219682335853576660e+00
1.206496715545654297e+00
1.300171017646789551e+00
1.339008688926696777e+00
1.198796868324279785e+00
1.308798789978027344e+00
1.019483566284179688e+00
1.048734903335571289e+00
1.181852459907531738e+00
1.274654030799865723e+00
1.026413321495056152e+00
1.345446109771728516e+00
1.036559820175170898e+00
1.388031721115112305e+00
1.273245096206665039e+00
1.415084600448608398e+00
1.348675608634948730e+00
1.303524851799011230e+00
1.133700013160705566e+00
9.466056823730468750e-01
1.188698887825012207e+00
1.196074008941650391e+00
1.176698207855224609e+00
9.208807349205017090e-01
1.034955143928527832e+00
1.386059999465942383e+00
1.069696784019470215e+00
1.135629534721374512e+00
1.117634892463684082e+00
1.289221525192260742e+00
1.286621809005737305e+00
1.107156157493591309e+00
8.311946988105773926e-01
1.434711098670959473e+00
1.107300877571105957e+00
1.192662119865417480e+00
1.414296627044677734e+00
1.046179771423339844e+00
1.573219776153564453e+00
9.237726330757141113e-01
1.027495741844177246e+00
1.174575567245483398e+00
1.315187931060791016e+00
1.052770495414733887e+00
1.175547719001770020e+00
1.106382012367248535e+00
1.236707925796508789e+00
1.449066519737243652e+00
1.163050055503845215e+00
1.117601275444030762e+00
1.062145590782165527e+00
1.033282995223999023e+00
1.349988698959350586e+00
1.149438738822937012e+00
1.181981086730957031e+00
1.082029700279235840e+00
9.191951751708984375e-01
1.180782079696655273e+00
1.127049684524536133e+00
1.201370000839233398e+00
1.023021459579467773e+00
1.103416442871093750e+00
1.389932632446289062e+00
1.210654377937316895e+00
9.512973427772521973e-01
1.056443929672241211e+00
1.119898319244384766e+00
1.418779253959655762e+00
1.110503911972045898e+00
1.004746913909912109e+00
1.422583580017089844e+00
1.219152569770812988e+00
1.080565571784973145e+00
1.227691292762756348e+00
1.185643076896667480e+00
1.237055778503417969e+00
1.002954602241516113e+00
1.401446938514709473e+00
1.238435029983520508e+00
1.355108380317687988e+00
1.439867377281188965e+00
1.399394512176513672e+00
1.225726723670959473e+00
1.393889427185058594e+00
1.544024109840393066e+00
1.033568501472473145e+00
1.455942511558532715e+00
1.192993521690368652e+00
1.139865040779113770e+00
1.042949438095092773e+00
1.094575047492980957e+00
1.345064878463745117e+00
1.190610885620117188e+00
1.169869780540466309e+00
1.225147724151611328e+00
1.176095485687255859e+00
1.137628793716430664e+00
1.180265545845031738e+00
1.097247719764709473e+00
1.485037088394165039e+00
1.085903167724609375e+00
9.257402420043945312e-01
1.142391085624694824e+00
1.240784287452697754e+00
8.407158255577087402e-01
1.215111613273620605e+00
1.144817709922790527e+00
8.644674420356750488e-01
1.105946302413940430e+00
9.661743640899658203e-01
1.054429531097412109e+00
1.245193600654602051e+00
1.210167050361633301e+00
1.123894691467285156e+00
1.333323955535888672e+00
9.141603708267211914e-01
1.087771415710449219e+00
1.355347156524658203e+00
9.398204684257507324e-01
1.152135848999023438e+00
1.084273099899291992e+00
1.292515873908996582e+00
1.299907445907592773e+00
6.806247234344482422e-01
1.191669106483459473e+00
9.422954916954040527e-01
1.110977888107299805e+00
1.250147223472595215e+00
1.191106796264648438e+00
9.753970503807067871e-01
8.925195932388305664e-01
1.131393313407897949e+00
1.062995553016662598e+00
1.043295383453369141e+00
1.329286456108093262e+00
1.139046788215637207e+00
9.126775860786437988e-01
1.187433719635009766e+00
8.849694132804870605e-01
1.124736666679382324e+00
1.357654809951782227e+00
9.701964259147644043e-01
1.245282649993896484e+00
1.188723802566528320e+00
1.056414961814880371e+00
8.669781684875488281e-01
1.016333937644958496e+00
1.081238746643066406e+00
1.069620013236999512e+00
1.141082286834716797e+00
1.038211703300476074e+00
1.226068019866943359e+00
1.123059630393981934e+00
8.204715251922607422e-01
8.930560350418090820e-01
9.580168128013610840e-01
1.190099239349365234e+00
8.858869075775146484e-01
9.823760986328125000e-01
1.147544384002685547e+00
1.157562971115112305e+00
1.124583244323730469e+00
1.308587431907653809e+00
1.155905723571777344e+00
9.629183411598205566e-01
1.052893519401550293e+00
1.140017747879028320e+00
8.799787759780883789e-01
9.373034238815307617e-01
1.145966053009033203e+00
1.097080230712890625e+00
1.187169075012207031e+00
1.218860983848571777e+00
1.259361743927001953e+00
9.092379808425903320e-01
1.164150357246398926e+00
1.176207542419433594e+00
1.134690165519714355e+00
1.345310091972351074e+00
1.064229607582092285e+00
1.039887189865112305e+00
8.836747407913208008e-01
8.589642047882080078e-01
1.174909472465515137e+00
1.004273056983947754e+00
1.006386637687683105e+00
1.034264206886291504e+00
1.057212829589843750e+00
8.963926434516906738e-01
8.950704336166381836e-01
1.138128876686096191e+00
1.121874451637268066e+00
1.008557915687561035e+00
1.298061847686767578e+00
1.087564826011657715e+00
7.016412019729614258e-01
1.028271198272705078e+00
1.163246631622314453e+00
1.040503501892089844e+00
1.103093266487121582e+00
8.918938040733337402e-01
9.667244553565979004e-01
9.547151327133178711e-01
1.000895619392395020e+00
1.019850134849548340e+00
9.842564463615417480e-01
1.175639271736145020e+00
8.765155076980590820e-01
1.103798389434814453e+00
7.676889896392822266e-01
1.002032279968261719e+00
8.574515581130981445e-01
1.068686723709106445e+00
8.500942587852478027e-01
1.102092862129211426e+00
1.125577092170715332e+00
1.018737792968750000e+00
7.933117151260375977e-01
1.170619726181030273e+00
9.793494343757629395e-01
1.180646538734436035e+00
8.657914996147155762e-01
8.674370050430297852e-01
1.117983818054199219e+00
1.145335674285888672e+00
9.835240840911865234e-01
1.033746957778930664e+00
9.194456934928894043e-01
1.034621834754943848e+00
1.083406567573547363e+00
9.201882481575012207e-01
9.994241595268249512e-01
1.031374692916870117e+00
9.100623130798339844e-01
1.062496304512023926e+00
1.104582786560058594e+00
9.046307802200317383e-01
1.133364200592041016e+00
9.620330929756164551e-01
1.077334642410278320e+00
1.219404578208923340e+00
8.996793031692504883e-01
9.277908802032470703e-01
9.187142848968505859e-01
1.143080949783325195e+00
1.233986258506774902e+00
1.150553345680236816e+00
1.036368608474731445e+00
8.312067389488220215e-01
1.049563527107238770e+00
1.149223446846008301e+00
1.219255447387695312e+00
1.201136469841003418e+00
1.063298106193542480e+00
1.098929166793823242e+00
8.870934844017028809e-01
1.021049976348876953e+00
1.037136197090148926e+00
7.983673214912414551e-01
1.115286946296691895e+00
8.075277805328369141e-01
9.930273294448852539e-01
1.003890037536621094e+00
1.162414431571960449e+00
8.969872593879699707e-01
1.061398386955261230e+00
1.219345569610595703e+00
9.285249114036560059e-01
1.023767471313476562e+00
1.163332343101501465e+00
7.748137712478637695e-01
9.989479780197143555e-01
8.343893885612487793e-01
1.125338554382324219e+00
1.163447618484497070e+00
9.423655867576599121e-01
1.263453364372253418e+00
1.084015130996704102e+00
9.733842015266418457e-01
1.087007045745849609e+00
9.036198854446411133e-01
9.759920239448547363e-01
9.629384875297546387e-01
8.144304156303405762e-01
1.083769798278808594e+00
8.079739809036254883e-01
1.172666072845458984e+00
1.240109086036682129e+00
1.132933020591735840e+00
8.711895942687988281e-01
9.730234742164611816e-01
1.030740261077880859e+00
9.505882859230041504e-01
1.185809731483459473e+00
1.191182494163513184e+00
1.040352106094360352e+00
9.471909403800964355e-01
1.210640072822570801e+00
9.024160504341125488e-01
8.528589010238647461e-01
6.782922744750976562e-01
1.280103445053100586e+00
9.015606045722961426e-01
8.815891742706298828e-01
8.273505568504333496e-01
1.073169589042663574e+00
8.638916015625000000e-01
8.182653188705444336e-01
1.056438565254211426e+00
1.018267989158630371e+00
1.042447209358215332e+00
1.204038858413696289e+00
1.067454218864440918e+00
9.479290246963500977e-01
9.859864115715026855e-01
9.887723922729492188e-01
1.218933224678039551e+00
8.221418857574462891e-01
1.012940168380737305e+00
7.884355783462524414e-01
1.104531526565551758e+00
9.859565496444702148e-01
9.632738232612609863e-01
8.945730924606323242e-01
1.061105728149414062e+00
8.898451924324035645e-01
1.036210298538208008e+00
8.437587022781372070e-01
9.954760670661926270e-01
7.981061339378356934e-01
7.905881404876708984e-01
9.438170194625854492e-01
9.159157276153564453e-01
7.431669831275939941e-01
9.965434074401855469e-01
8.993144035339355469e-01
9.317247271537780762e-01
1.147460818290710449e+00
1.090253710746765137e+00
8.898676633834838867e-01
1.058484911918640137e+00
1.105234861373901367e+00
1.099523782730102539e+00
8.828554749488830566e-01
1.044124007225036621e+00
1.095896959304809570e+00
8.892472386360168457e-01
1.048823356628417969e+00
1.064285755157470703e+00
8.902652859687805176e-01
8.677208423614501953e-01
8.318786025047302246e-01
9.247673749923706055e-01
9.815123081207275391e-01
7.508122920989990234e-01
1.015813589096069336e+00
1.139275550842285156e+00
1.188380479812622070e+00
8.849782347679138184e-01
8.353910446166992188e-01
9.945034980773925781e-01
9.545733928680419922e-01
1.058957815170288086e+00
8.871249556541442871e-01
8.587043881416320801e-01
8.466563820838928223e-01
9.514225125312805176e-01
7.709836959838867188e-01
1.084626436233520508e+00
1.174573421478271484e+00
8.993324637413024902e-01
1.109273910522460938e+00
9.935994148254394531e-01
1.130613327026367188e+00
9.246078729629516602e-01
9.390710592269897461e-01
8.701016306877136230e-01
8.035697340965270996e-01
9.192941188812255859e-01
9.874876141548156738e-01
7.947073578834533691e-01
8.967423439025878906e-01
1.136316776275634766e+00
1.208818078041076660e+00
1.171409249305725098e+00
8.264093399047851562e-01
7.752757668495178223e-01
7.524760365486145020e-01
9.358379244804382324e-01
8.761889934539794922e-01
8.432411551475524902e-01
7.698552012443542480e-01
9.578189849853515625e-01
1.089268207550048828e+00
8.404667377471923828e-01
7.897056341171264648e-01
1.231769204139709473e+00
9.620549678802490234e-01
7.044324278831481934e-01
9.901165962219238281e-01
8.237392902374267578e-01
8.644202351570129395e-01
9.244944453239440918e-01
9.289914369583129883e-01
9.096904397010803223e-01
9.184611439704895020e-01
1.028484940528869629e+00
7.978870868682861328e-01
8.197101354598999023e-01
8.159508109092712402e-01
9.037544727325439453e-01
9.100496172904968262e-01
9.851574301719665527e-01
9.441162943840026855e-01
9.661793112754821777e-01
1.133841037750244141e+00
7.224561572074890137e-01
9.222309589385986328e-01
8.135781884193420410e-01
8.371265530586242676e-01
7.397657632827758789e-01
7.788376212120056152e-01
7.882854342460632324e-01
8.647941350936889648e-01
1.149210333824157715e+00
1.095818758010864258e+00
8.359342813491821289e-01
8.568882942199707031e-01
8.192518949508666992e-01
1.027745366096496582e+00
8.558741807937622070e-01
9.792560935020446777e-01
9.314090609550476074e-01
1.004170775413513184e+00
1.075260400772094727e+00
8.998461365699768066e-01
7.934496998786926270e-01
7.706798911094665527e-01
8.698576092720031738e-01
1.041682600975036621e+00
8.197411894798278809e-01
8.027938604354858398e-01
1.261931896209716797e+00
8.681892156600952148e-01
9.657490849494934082e-01
9.129868745803833008e-01
9.499453306198120117e-01
1.244449257850646973e+00
9.349589347839355469e-01
9.741156101226806641e-01
9.276480078697204590e-01
9.957851171493530273e-01
1.307139992713928223e+00
8.023451566696166992e-01
1.021712303161621094e+00
8.761002421379089355e-01
8.535677790641784668e-01
7.217325568199157715e-01
7.693218588829040527e-01
8.372902870178222656e-01
7.086867094039916992e-01
9.553140997886657715e-01
8.447834849357604980e-01
8.870608210563659668e-01
7.846488952636718750e-01
8.790593147277832031e-01
6.728309392929077148e-01
8.324639201164245605e-01
8.591894507408142090e-01
7.910417318344116211e-01
7.594147324562072754e-01
8.974254131317138672e-01
7.807781100273132324e-01
9.196019172668457031e-01
7.338843941688537598e-01
1.040872931480407715e+00
1.320400714874267578e+00
8.664774298667907715e-01
1.001276135444641113e+00
9.011082649230957031e-01
5.596479773521423340e-01
1.029966115951538086e+00
9.644470214843750000e-01
9.915893673896789551e-01
9.068552851676940918e-01
9.800986647605895996e-01
8.651950359344482422e-01
6.839479207992553711e-01
8.279194831848144531e-01
1.440324664115905762e+00
7.606430053710937500e-01
1.048076868057250977e+00
1.072403907775878906e+00
1.034574031829833984e+00
7.637985944747924805e-01
8.962243795394897461e-01
7.348428964614868164e-01
9.417020082473754883e-01
1.068737387657165527e+00
1.034688472747802734e+00
8.231983184814453125e-01
8.841609358787536621e-01
1.017400145530700684e+00
9.274870157241821289e-01
8.418589234352111816e-01
7.037097811698913574e-01
9.192197322845458984e-01
9.360271096229553223e-01
9.777941107749938965e-01
8.366242647171020508e-01
8.716869354248046875e-01
1.047146558761596680e+00
1.404401183128356934e+00
7.963984012603759766e-01
8.990153670310974121e-01
8.759729266166687012e-01
9.577245712280273438e-01
6.771484017372131348e-01
8.485603332519531250e-01
8.137466311454772949e-01
7.888957858085632324e-01
1.061868906021118164e+00
8.746803998947143555e-01
8.565822243690490723e-01
7.080768346786499023e-01
7.762886881828308105e-01
8.571987152099609375e-01
1.235134124755859375e+00
8.691814541816711426e-01
6.634112596511840820e-01
8.179286718368530273e-01
6.947013735771179199e-01
6.035655140876770020e-01
1.059309005737304688e+00
6.524958014488220215e-01
7.495180368423461914e-01
1.077734827995300293e+00
5.721871852874755859e-01
8.364040255546569824e-01
9.646026492118835449e-01
1.259326696395874023e+00
9.423741698265075684e-01
9.386221766471862793e-01
6.635746955871582031e-01
1.044135808944702148e+00
7.479135990142822266e-01
1.074411153793334961e+00
9.157583713531494141e-01
1.271140336990356445e+00
8.287740349769592285e-01
7.697235345840454102e-01
7.950987219810485840e-01
6.585670113563537598e-01
1.231881380081176758e+00
7.769782543182373047e-01
8.918955922126770020e-01
7.534686923027038574e-01
7.421131730079650879e-01
8.538849353790283203e-01
8.551337122917175293e-01
8.673202991485595703e-01
6.810957193374633789e-01
9.688887000083923340e-01
1.015687346458435059e+00
8.074703216552734375e-01
9.638906121253967285e-01
6.886847615242004395e-01
8.008313775062561035e-01
8.720243573188781738e-01
8.800424337387084961e-01
6.666465401649475098e-01
9.305508136749267578e-01
9.332062005996704102e-01
7.324085831642150879e-01
9.780622720718383789e-01
1.075918912887573242e+00
1.178157210350036621e+00
8.454084396362304688e-01
8.726633787155151367e-01
7.513084411621093750e-01
8.138140439987182617e-01
7.460333108901977539e-01
8.943611979484558105e-01
8.419226408004760742e-01
9.599933028221130371e-01
9.226717948913574219e-01
7.413322329521179199e-01
9.218589067459106445e-01
8.961222767829895020e-01
7.685647606849670410e-01
7.837806344032287598e-01
1.001539945602416992e+00
9.075759649276733398e-01
7.478319406509399414e-01
9.679473638534545898e-01
1.167020082473754883e+00
7.288271784782409668e-01
8.478881120681762695e-01
9.720923304557800293e-01
7.740775346755981445e-01
1.078381657600402832e+00
8.301233053207397461e-01
9.032682180404663086e-01
6.497129201889038086e-01
6.323802471160888672e-01
1.052642822265625000e+00
9.311892986297607422e-01
1.058337330818176270e+00
8.884894251823425293e-01
8.544310331344604492e-01
8.184623718261718750e-01
8.091303706169128418e-01
1.193612098693847656e+00
8.062469959259033203e-01
1.029458403587341309e+00
1.031624197959899902e+00
1.013260602951049805e+00
8.600311875343322754e-01
6.364384889602661133e-01
9.511263966560363770e-01
7.577568292617797852e-01
1.101849794387817383e+00
7.428947091102600098e-01
9.538298845291137695e-01
1.051825165748596191e+00
8.556973934173583984e-01
7.814278602600097656e-01
9.214699268341064453e-01
5.735806822776794434e-01
1.003464221954345703e+00
8.773389458656311035e-01
8.522090911865234375e-01
9.042847752571105957e-01
9.680352807044982910e-01
6.625296473503112793e-01
8.372403383255004883e-01
1.060263872146606445e+00
8.919895291328430176e-01
5.105594992637634277e-01
9.040638804435729980e-01
9.017169475555419922e-01
7.004274725914001465e-01
8.816837072372436523e-01
9.463531374931335449e-01
1.035735011100769043e+00
8.821805715560913086e-01
8.966969847679138184e-01
8.656516075134277344e-01
9.042036533355712891e-01
8.306629061698913574e-01
7.665336728096008301e-01
8.973908424377441406e-01
7.298306226730346680e-01
9.511315226554870605e-01
1.145141482353210449e+00
6.553455591201782227e-01
1.049613118171691895e+00
6.259542703628540039e-01
7.518595457077026367e-01
9.113910198211669922e-01
9.116916060447692871e-01
8.735318779945373535e-01
8.644932508468627930e-01
9.726343750953674316e-01
6.077101230621337891e-01
1.164172649383544922e+00
8.185349702835083008e-01
9.234069585800170898e-01
1.089185237884521484e+00
9.206005334854125977e-01
9.413907527923583984e-01
8.147442340850830078e-01
1.055050969123840332e+00
7.180522680282592773e-01
8.909931778907775879e-01
7.860206365585327148e-01
8.666600584983825684e-01
6.507571339607238770e-01
9.094169735908508301e-01
9.738860130310058594e-01
8.013496994972229004e-01
6.220170855522155762e-01
7.265871763229370117e-01
8.158353567123413086e-01
9.190598130226135254e-01
8.229295611381530762e-01
6.690864562988281250e-01
7.982121109962463379e-01
7.959328293800354004e-01
7.205593585968017578e-01
9.526517391204833984e-01
8.036172986030578613e-01
8.233652710914611816e-01
7.822009325027465820e-01
8.388706445693969727e-01
6.440736055374145508e-01
8.904002308845520020e-01
6.864784359931945801e-01
9.802911281585693359e-01
9.692851305007934570e-01
7.666316628456115723e-01
8.037745356559753418e-01
6.977000832557678223e-01
8.621966242790222168e-01
7.474448680877685547e-01
9.191514849662780762e-01
8.434635996818542480e-01
8.243049979209899902e-01
9.256126880645751953e-01
9.136443734169006348e-01
1.019471645355224609e+00
8.390249013900756836e-01
7.393480539321899414e-01
6.366237998008728027e-01
7.184136509895324707e-01
6.389475464820861816e-01
9.500108957290649414e-01
8.507596254348754883e-01
9.453527331352233887e-01
5.733482241630554199e-01
1.012456178665161133e+00
7.633520960807800293e-01
8.204282522201538086e-01
7.360365986824035645e-01
7.356610298156738281e-01
8.541849255561828613e-01
8.595498204231262207e-01
7.525290846824645996e-01
7.417906522750854492e-01
9.404506683349609375e-01
7.594482898712158203e-01
6.615757942199707031e-01
7.472956776618957520e-01
7.185546755790710449e-01
1.221935629844665527e+00
7.228985428810119629e-01
8.132459521293640137e-01
9.457579851150512695e-01
8.312679529190063477e-01
7.142465710639953613e-01
8.483413457870483398e-01
9.010809659957885742e-01
1.136406660079956055e+00
5.686889886856079102e-01
9.896919727325439453e-01
7.897297143936157227e-01
8.018287420272827148e-01
1.005154609680175781e+00
7.935987710952758789e-01
8.555040955543518066e-01
9.549279808998107910e-01
7.989013195037841797e-01
8.607844114303588867e-01
8.208986520767211914e-01
6.400001645088195801e-01
5.967409014701843262e-01
9.181229472160339355e-01
9.198037385940551758e-01
8.719271421432495117e-01
9.233282804489135742e-01
9.528191089630126953e-01
7.437345385551452637e-01
8.982614278793334961e-01
9.394667744636535645e-01
1.019219040870666504e+00
7.393112182617187500e-01
1.240020155906677246e+00
9.997712373733520508e-01
8.233587145805358887e-01
8.357906937599182129e-01
1.176603198051452637e+00
9.033690094947814941e-01
5.993468165397644043e-01
9.756937026977539062e-01
1.109531998634338379e+00
7.155822515487670898e-01
6.593385338783264160e-01
7.791491746902465820e-01
9.643346071243286133e-01
6.766461133956909180e-01
7.619684338569641113e-01
7.528707981109619141e-01
8.314457535743713379e-01
8.640426397323608398e-01
5.879159569740295410e-01
7.441742420196533203e-01
6.196930408477783203e-01
7.907810807228088379e-01
7.751977443695068359e-01
6.133723855018615723e-01
8.253128528594970703e-01
9.889084696769714355e-01
9.439821839332580566e-01
6.147556304931640625e-01
1.025082826614379883e+00
7.849045395851135254e-01
7.978257536888122559e-01
5.038772225379943848e-01
1.024494290351867676e+00
9.256291389465332031e-01
6.093069314956665039e-01
7.526972889900207520e-01
8.008111715316772461e-01
8.237404823303222656e-01
7.927978038787841797e-01
8.590040802955627441e-01
7.013539075851440430e-01
7.186828851699829102e-01
9.937607049942016602e-01
9.656866788864135742e-01
9.895635843276977539e-01
1.283997178077697754e+00
7.845348715782165527e-01
7.959033846855163574e-01
6.067929267883300781e-01
8.487773537635803223e-01
1.078299522399902344e+00
1.105195999145507812e+00
8.014098405838012695e-01
9.050645232200622559e-01
8.097316026687622070e-01
1.032693147659301758e+00
6.805911660194396973e-01
6.549575924873352051e-01
9.849668145179748535e-01
9.608389735221862793e-01
5.465054512023925781e-01
8.853995800018310547e-01
7.899502515792846680e-01
8.787705302238464355e-01
8.771225810050964355e-01
8.204647302627563477e-01
6.753137707710266113e-01
7.707913517951965332e-01
9.997134804725646973e-01
7.423567175865173340e-01
9.228351712226867676e-01
7.904421091079711914e-01
9.646861553192138672e-01
9.303295016288757324e-01
1.160620927810668945e+00
9.672524929046630859e-01
7.358756065368652344e-01
8.721842169761657715e-01
8.280470967292785645e-01
8.888467550277709961e-01
8.897848725318908691e-01
7.430285811424255371e-01
7.322575449943542480e-01
8.682473897933959961e-01
7.924423217773437500e-01
6.733062863349914551e-01
9.036224484443664551e-01
9.476121664047241211e-01
9.944350719451904297e-01
5.567994117736816406e-01
9.458560347557067871e-01
7.868831753730773926e-01
9.288491010665893555e-01
6.847071647644042969e-01
7.171121835708618164e-01
7.660692334175109863e-01
9.990679025650024414e-01
8.379563093185424805e-01
9.119229912757873535e-01
8.540413379669189453e-01
8.145943880081176758e-01
7.327579259872436523e-01
8.642214536666870117e-01
7.313464283943176270e-01
6.004069447517395020e-01
7.750089764595031738e-01
8.332070708274841309e-01
7.136268019676208496e-01
9.751660823822021484e-01
6.624176502227783203e-01
6.200102567672729492e-01
7.206338047981262207e-01
9.120405912399291992e-01
7.012889385223388672e-01
7.223260998725891113e-01
7.062205672264099121e-01
9.728997349739074707e-01
8.677655458450317383e-01
8.729771971702575684e-01
7.147427201271057129e-01
9.128455519676208496e-01
8.497912883758544922e-01
8.635200858116149902e-01
6.845804452896118164e-01
5.998917222023010254e-01
8.742473721504211426e-01
6.971075534820556641e-01
9.234040975570678711e-01
6.851221919059753418e-01
1.067250847816467285e+00
4.195136129856109619e-01
6.522891521453857422e-01
7.819966077804565430e-01
8.288169503211975098e-01
8.244246840476989746e-01
7.192466855049133301e-01
7.175457477569580078e-01
8.818103075027465820e-01
6.937731504440307617e-01
7.299367785453796387e-01
9.148355126380920410e-01
6.502297520637512207e-01
8.893999457359313965e-01
7.824842929840087891e-01
7.897889018058776855e-01
1.120001435279846191e+00
7.069639563560485840e-01
8.142446279525756836e-01
9.430642127990722656e-01
1.070480346679687500e+00
8.172358274459838867e-01
7.967512607574462891e-01
9.246103763580322266e-01
5.825210213661193848e-01
8.742988109588623047e-01
7.522404193878173828e-01
8.339464068412780762e-01
6.237987875938415527e-01
9.394692182540893555e-01
7.097725272178649902e-01
7.813586592674255371e-01
7.984275817871093750e-01
7.531106472015380859e-01
6.488121747970581055e-01
5.169737339019775391e-01
8.722014427185058594e-01
1.139479756355285645e+00
7.733223438262939453e-01
7.308902740478515625e-01
6.810367703437805176e-01
7.414196133613586426e-01
7.478188872337341309e-01
8.578855395317077637e-01
7.987639904022216797e-01
8.042919039726257324e-01
5.294534564018249512e-01
5.890030860900878906e-01
8.027098774909973145e-01
6.503809690475463867e-01
8.963620066642761230e-01
8.419284820556640625e-01
7.444220185279846191e-01
8.605219721794128418e-01
5.216094851493835449e-01
8.033832907676696777e-01
7.125984430313110352e-01
8.844389319419860840e-01
8.219546675682067871e-01
8.099638223648071289e-01
6.288341879844665527e-01
7.883330583572387695e-01
6.378206014633178711e-01
9.243710041046142578e-01
7.336300611495971680e-01
7.559078335762023926e-01
6.578425168991088867e-01
8.746798038482666016e-01
7.850637435913085938e-01
8.520030379295349121e-01
7.197541594505310059e-01
6.390530467033386230e-01
1.073280096054077148e+00
9.207254648208618164e-01
6.873552203178405762e-01
7.264853119850158691e-01
8.146634697914123535e-01
7.453184723854064941e-01
9.352155923843383789e-01
9.972239136695861816e-01
1.008011937141418457e+00
7.081006169319152832e-01
9.248459935188293457e-01
7.506586313247680664e-01
6.539486646652221680e-01
6.851557493209838867e-01
9.356888532638549805e-01
6.317216157913208008e-01
6.752642989158630371e-01
1.104906320571899414e+00
8.049503564834594727e-01
8.411023616790771484e-01
7.536675333976745605e-01
6.808348298072814941e-01
1.034283161163330078e+00
9.664228558540344238e-01
7.817124128341674805e-01
8.574435710906982422e-01
8.565199971199035645e-01
7.278445959091186523e-01
7.574299573898315430e-01
8.994578123092651367e-01
4.739858806133270264e-01
7.941790223121643066e-01
6.541315913200378418e-01
1.026255011558532715e+00
5.865738987922668457e-01
8.858209848403930664e-01
7.101094126701354980e-01
6.973362565040588379e-01
6.029030680656433105e-01
8.844038844108581543e-01
7.041391730308532715e-01
6.370316743850708008e-01
1.117838025093078613e+00
7.545593976974487305e-01
7.914844751358032227e-01
6.730749011039733887e-01
8.164858818054199219e-01
9.190345406532287598e-01
9.200945496559143066e-01
7.843015193939208984e-01
6.507625579833984375e-01
7.022362947463989258e-01
8.618378639221191406e-01
8.772660493850708008e-01
6.918889880180358887e-01
1.070495128631591797e+00
8.223857879638671875e-01
8.947207927703857422e-01
7.102687358856201172e-01
9.010593295097351074e-01
7.152970433235168457e-01
7.581998705863952637e-01
8.063926696777343750e-01
7.403525710105895996e-01
5.759149789810180664e-01
6.498479247093200684e-01
8.410536050796508789e-01
9.886294007301330566e-01
6.747323870658874512e-01
9.828264713287353516e-01
8.256986737251281738e-01
7.347240447998046875e-01
8.556393384933471680e-01
6.495487093925476074e-01
5.836418867111206055e-01
7.892052531242370605e-01
7.059057950973510742e-01
6.422685384750366211e-01
7.403159141540527344e-01
6.780826449394226074e-01
8.689365386962890625e-01
8.820002675056457520e-01
8.100107908248901367e-01
8.687118291854858398e-01
8.998971581459045410e-01
6.605238914489746094e-01
7.968793511390686035e-01
7.682779431343078613e-01
6.145473718643188477e-01
4.590873718261718750e-01
6.609790921211242676e-01
6.747987866401672363e-01
6.967325806617736816e-01
6.974583864212036133e-01
8.234393000602722168e-01
7.178307771682739258e-01
8.163771033287048340e-01
6.450273990631103516e-01
1.043574690818786621e+00
8.178721666336059570e-01
6.746669411659240723e-01
6.919096112251281738e-01
9.945930838584899902e-01
9.420981407165527344e-01
6.994764804840087891e-01
7.275294065475463867e-01
7.229890823364257812e-01
7.755591869354248047e-01
5.812936425209045410e-01
8.219395279884338379e-01
8.820438385009765625e-01
7.836663126945495605e-01
6.520857810974121094e-01
7.099683284759521484e-01
7.663485407829284668e-01
1.002735376358032227e+00
9.973181486129760742e-01
9.707337617874145508e-01
7.323997616767883301e-01
7.376953363418579102e-01
9.471380114555358887e-01
6.815872788429260254e-01
7.758962512016296387e-01
1.027343153953552246e+00
8.102205991744995117e-01
8.913226723670959473e-01
7.670322656631469727e-01
5.718693733215332031e-01
6.544930934906005859e-01
7.599275112152099609e-01
6.421864032745361328e-01
5.777060985565185547e-01
8.136164546012878418e-01
5.198041796684265137e-01
6.643899083137512207e-01
5.768696069717407227e-01
6.963821649551391602e-01
1.331673622131347656e+00
8.042973279953002930e-01
8.447613120079040527e-01
7.338680028915405273e-01
6.170729994773864746e-01
7.304302453994750977e-01
8.316485285758972168e-01
8.437711596488952637e-01
7.391220331192016602e-01
8.095190525054931641e-01
7.777979969978332520e-01
8.256256580352783203e-01
7.588523626327514648e-01
6.432445645332336426e-01
9.839259386062622070e-01
1.010356068611145020e+00
6.575619578361511230e-01
6.164727807044982910e-01
5.562976598739624023e-01
8.270911574363708496e-01
8.267093896865844727e-01
7.284597754478454590e-01
7.263826727867126465e-01
8.044234514236450195e-01
9.006180763244628906e-01
7.908729910850524902e-01
8.075525760650634766e-01
8.962419033050537109e-01
6.970100402832031250e-01
6.339238286018371582e-01
7.138996124267578125e-01
4.549589753150939941e-01
8.606892228126525879e-01
6.447877883911132812e-01
7.391313910484313965e-01
5.080874562263488770e-01
7.950367331504821777e-01
6.254419088363647461e-01
7.919539213180541992e-01
5.604224801063537598e-01
1.034887194633483887e+00
8.370785713195800781e-01
6.744683980941772461e-01
7.468819022178649902e-01
5.646517872810363770e-01
7.133563756942749023e-01
8.170981407165527344e-01
8.337251543998718262e-01
6.350464224815368652e-01
8.242145776748657227e-01
9.677127599716186523e-01
7.588547468185424805e-01
6.822139024734497070e-01
8.043732047080993652e-01
7.759258151054382324e-01
8.591921329498291016e-01
9.773833155632019043e-01
6.525516510009765625e-01
7.895708680152893066e-01
7.574232816696166992e-01
6.862429976463317871e-01
8.221169114112854004e-01
6.400581598281860352e-01
5.157648921012878418e-01
1.005161762237548828e+00
7.891007661819458008e-01
7.256299257278442383e-01
7.578222751617431641e-01
9.294342398643493652e-01
4.926542043685913086e-01
5.534025430679321289e-01
6.447877883911132812e-01
6.118439435958862305e-01
8.711594343185424805e-01
1.458891034126281738e+00
7.229745984077453613e-01
5.856472849845886230e-01
5.214855670928955078e-01
9.384739398956298828e-01
7.410458922386169434e-01
5.270258188247680664e-01
7.945913672447204590e-01
7.765530347824096680e-01
7.721508741378784180e-01
7.187036275863647461e-01
7.592700719833374023e-01
5.185995101928710938e-01
8.093964457511901855e-01
6.469983458518981934e-01
6.099291443824768066e-01
6.135256290435791016e-01
5.024722218513488770e-01
5.935629010200500488e-01
9.122355580329895020e-01
6.582912802696228027e-01
7.221233844757080078e-01
6.186252832412719727e-01
6.247531771659851074e-01
7.713409066200256348e-01
7.049713134765625000e-01
6.523429751396179199e-01
7.152072191238403320e-01
8.101497888565063477e-01
8.201801776885986328e-01
4.833586215972900391e-01
5.529899597167968750e-01
6.282484531402587891e-01
5.210482478141784668e-01
5.357116460800170898e-01
6.730864644050598145e-01
6.477128267288208008e-01
6.252083778381347656e-01
7.678759694099426270e-01
7.887837886810302734e-01
7.320562005043029785e-01
6.898093819618225098e-01
7.593389749526977539e-01
1.019921422004699707e+00
6.760325431823730469e-01
8.458115458488464355e-01
7.087731361389160156e-01
5.913884043693542480e-01
8.280224204063415527e-01
6.812050938606262207e-01
6.579324007034301758e-01
7.589269280433654785e-01
6.687648296356201172e-01
6.866939663887023926e-01
5.880411863327026367e-01
6.311135888099670410e-01
6.298441886901855469e-01
8.969040513038635254e-01
8.307460546493530273e-01
7.854699492454528809e-01
7.378243803977966309e-01
7.259220480918884277e-01
5.560779571533203125e-01
8.439247608184814453e-01
4.376029372215270996e-01
5.787391662597656250e-01
5.098919868469238281e-01
3.964847624301910400e-01
7.887266874313354492e-01
6.637142300605773926e-01
5.121620297431945801e-01
3.620926439762115479e-01
6.342055201530456543e-01
8.864125013351440430e-01
6.604123711585998535e-01
7.153537273406982422e-01
5.439593195915222168e-01
5.990832448005676270e-01
7.283022403717041016e-01
5.613365769386291504e-01
5.594850182533264160e-01
6.523554325103759766e-01
6.467204093933105469e-01
6.040844321250915527e-01
7.131659388542175293e-01
6.965081691741943359e-01
7.301464080810546875e-01
6.329491138458251953e-01
5.423281788825988770e-01
5.353552103042602539e-01
6.559435725212097168e-01
8.002431988716125488e-01
9.354640841484069824e-01
6.727398633956909180e-01
6.231533288955688477e-01
5.353945493698120117e-01
1.205708861351013184e+00
6.636703610420227051e-01
6.199885606765747070e-01
7.433539032936096191e-01
7.814564704895019531e-01
6.678760647773742676e-01
5.798650383949279785e-01
7.575423121452331543e-01
7.444170117378234863e-01
6.250253915786743164e-01
6.969032883644104004e-01
3.947966694831848145e-01
5.861719846725463867e-01
7.082772850990295410e-01
6.384263038635253906e-01
8.379783630371093750e-01
7.182292342185974121e-01
5.298447608947753906e-01
5.344998836517333984e-01
6.595446467399597168e-01
6.963277459144592285e-01
5.568875074386596680e-01
7.592237591743469238e-01
6.346409916877746582e-01
6.560794711112976074e-01
7.204234600067138672e-01
7.268164753913879395e-01
8.641744256019592285e-01
6.429588794708251953e-01
7.772457003593444824e-01
5.220919251441955566e-01
5.202918052673339844e-01
7.211513519287109375e-01
6.875354647636413574e-01
5.980695486068725586e-01
8.569031357765197754e-01
8.315254449844360352e-01
6.392090320587158203e-01
5.720994472503662109e-01
5.253704786300659180e-01
6.917800307273864746e-01
6.198291182518005371e-01
7.976388931274414062e-01
4.656943976879119873e-01
5.703176259994506836e-01
5.515546202659606934e-01
7.683798670768737793e-01
5.173744559288024902e-01
6.409616470336914062e-01
6.773907542228698730e-01
7.603191733360290527e-01
7.290517687797546387e-01
5.772287249565124512e-01
6.547460556030273438e-01
7.007769942283630371e-01
5.101814866065979004e-01
5.714545249938964844e-01
5.998574495315551758e-01
8.161033391952514648e-01
3.928270041942596436e-01
6.015623807907104492e-01
3.953206539154052734e-01
7.798005342483520508e-01
6.054811477661132812e-01
6.768819093704223633e-01
7.199298143386840820e-01
6.511363983154296875e-01
7.026996612548828125e-01
7.384001612663269043e-01
7.127261161804199219e-01
6.950356960296630859e-01
5.007171630859375000e-01
6.933599710464477539e-01
4.152618646621704102e-01
6.898036003112792969e-01
7.811749577522277832e-01
4.233269989490509033e-01
8.120104074478149414e-01
7.980708479881286621e-01
6.044706106185913086e-01
6.208080053329467773e-01
6.959654092788696289e-01
1.145962357521057129e+00
9.087957143783569336e-01
6.123080253601074219e-01
6.541165709495544434e-01
7.733588814735412598e-01
6.168184876441955566e-01
8.157904744148254395e-01
3.292337656021118164e-01
6.608197689056396484e-01
5.263595581054687500e-01
7.866827845573425293e-01
9.171499013900756836e-01
7.833819985389709473e-01
5.763612389564514160e-01
5.816701054573059082e-01
7.932938337326049805e-01
5.451418757438659668e-01
4.114889502525329590e-01
7.506859302520751953e-01
7.535857558250427246e-01
7.758933901786804199e-01
6.626772880554199219e-01
6.300119161605834961e-01
7.493742108345031738e-01
6.195870637893676758e-01
8.928050994873046875e-01
8.594502806663513184e-01
7.066093683242797852e-01
5.591678619384765625e-01
8.393350243568420410e-01
5.440779924392700195e-01
1.023943901062011719e+00
6.458299756050109863e-01
7.212517857551574707e-01
5.464572310447692871e-01
6.760944128036499023e-01
8.662257194519042969e-01
5.611615180969238281e-01
7.690371274948120117e-01
8.609568476676940918e-01
8.340160846710205078e-01
7.368281483650207520e-01
6.621894240379333496e-01
5.738116502761840820e-01
5.711436867713928223e-01
5.909422636032104492e-01
6.380586028099060059e-01
5.744484066963195801e-01
7.741189002990722656e-01
1.235035657882690430e+00
7.180302143096923828e-01
6.128200888633728027e-01
5.027173161506652832e-01
5.653756260871887207e-01
8.289235234260559082e-01
7.571089863777160645e-01
5.604752898216247559e-01
9.382460117340087891e-01
4.705751240253448486e-01
7.133561372756958008e-01
6.008082032203674316e-01
6.775897145271301270e-01
7.841389775276184082e-01
8.894950747489929199e-01
6.880072355270385742e-01
6.019020080566406250e-01
6.321314573287963867e-01
5.716814994812011719e-01
9.267545938491821289e-01
7.261202335357666016e-01
6.751749515533447266e-01
7.866615056991577148e-01
7.206768989562988281e-01
7.484771609306335449e-01
6.911522150039672852e-01
7.131815552711486816e-01
8.422224521636962891e-01
6.458911299705505371e-01
5.787771940231323242e-01
7.069649696350097656e-01
6.121776700019836426e-01
5.041935443878173828e-01
6.791379451751708984e-01
5.822694301605224609e-01
5.800313949584960938e-01
7.679173350334167480e-01
7.600585818290710449e-01
6.932439208030700684e-01
6.641409397125244141e-01
8.825088739395141602e-01
7.677968144416809082e-01
6.222242116928100586e-01
8.353145718574523926e-01
5.329776406288146973e-01
7.894415259361267090e-01
6.925644874572753906e-01
8.949660062789916992e-01
5.754094123840332031e-01
5.368207693099975586e-01
8.115377426147460938e-01
6.321098208427429199e-01
6.901462674140930176e-01
5.828526020050048828e-01
6.079914569854736328e-01
6.497619748115539551e-01
6.980768442153930664e-01
7.967612147331237793e-01
6.645963788032531738e-01
1.000644445419311523e+00
5.476160049438476562e-01
5.902092456817626953e-01
4.130380749702453613e-01
5.397611856460571289e-01
6.732596158981323242e-01
4.921613037586212158e-01
8.521795868873596191e-01
6.970867514610290527e-01
4.927943944931030273e-01
8.917359113693237305e-01
4.613247811794281006e-01
7.262579202651977539e-01
7.157562971115112305e-01
5.696014761924743652e-01
6.742035150527954102e-01
6.518888473510742188e-01
8.660100102424621582e-01
7.023783326148986816e-01
4.822067916393280029e-01
6.282863020896911621e-01
7.288261055946350098e-01
7.701614499092102051e-01
9.940418601036071777e-01
7.150006294250488281e-01
6.391747593879699707e-01
4.286389350891113281e-01
5.657531023025512695e-01
6.057093739509582520e-01
5.254477262496948242e-01
5.016413331031799316e-01
5.949855446815490723e-01
6.133628487586975098e-01
6.737987995147705078e-01
8.769002556800842285e-01
7.875419855117797852e-01
8.791544437408447266e-01
5.879247784614562988e-01
6.833227276802062988e-01
7.271122932434082031e-01
7.867691516876220703e-01
7.632166743278503418e-01
6.351826190948486328e-01
4.624792039394378662e-01
7.999039888381958008e-01
3.888031840324401855e-01
7.925026416778564453e-01
8.473517298698425293e-01
7.419692873954772949e-01
6.283313035964965820e-01
5.896048545837402344e-01
6.470784544944763184e-01
9.862517118453979492e-01
7.770816683769226074e-01
6.938416957855224609e-01
7.312429547309875488e-01
6.079956889152526855e-01
6.781358718872070312e-01
5.632749795913696289e-01
4.995966255664825439e-01
7.728480100631713867e-01
8.783076405525207520e-01
4.351320564746856689e-01
5.085737705230712891e-01
4.388526976108551025e-01
5.385814905166625977e-01
6.784240603446960449e-01
9.295553565025329590e-01
6.113742589950561523e-01
6.837908625602722168e-01
7.260872721672058105e-01
4.147515892982482910e-01
6.659688949584960938e-01
8.437161445617675781e-01
5.834732651710510254e-01
4.340595304965972900e-01
9.683378934860229492e-01
7.426094412803649902e-01
6.567847728729248047e-01
5.213275551795959473e-01
7.513051629066467285e-01
5.897527337074279785e-01
8.621809482574462891e-01
8.113763332366943359e-01
6.652246117591857910e-01
9.013850688934326172e-01
5.984624028205871582e-01
5.702424645423889160e-01
6.879919171333312988e-01
7.770358920097351074e-01
6.172885894775390625e-01
9.016312360763549805e-01
8.707510828971862793e-01
7.204481959342956543e-01
5.636876225471496582e-01
5.480210185050964355e-01
6.561754345893859863e-01
1.046697378158569336e+00
8.657866716384887695e-01
6.857122182846069336e-01
7.643280625343322754e-01
7.428584098815917969e-01
7.202619314193725586e-01
7.410504817962646484e-01
6.634650230407714844e-01
8.876149058341979980e-01
8.692799806594848633e-01
6.092061996459960938e-01
6.679978370666503906e-01
6.260088086128234863e-01
6.136615276336669922e-01
6.149603128433227539e-01
8.134113550186157227e-01
9.787093997001647949e-01
6.984552741050720215e-01
5.610985755920410156e-01
4.315633475780487061e-01
6.653420329093933105e-01
5.106961131095886230e-01
5.270749926567077637e-01
5.257619023323059082e-01
5.982559919357299805e-01
7.503463625907897949e-01
6.729460954666137695e-01
6.474503874778747559e-01
7.426602840423583984e-01
6.985744833946228027e-01
7.743095755577087402e-01
7.180173993110656738e-01
5.882198810577392578e-01
6.833849549293518066e-01
7.976791858673095703e-01
8.336127400398254395e-01
6.160823702812194824e-01
4.374348819255828857e-01
6.691228151321411133e-01
8.324083089828491211e-01
8.667399287223815918e-01
4.419757425785064697e-01
5.224566459655761719e-01
8.339754939079284668e-01
6.075948476791381836e-01
4.378601014614105225e-01
7.576776742935180664e-01
7.995713949203491211e-01
7.859935760498046875e-01
7.682796716690063477e-01
5.777879953384399414e-01
4.631876051425933838e-01
6.125639677047729492e-01
6.972984671592712402e-01
4.647909104824066162e-01
4.812215566635131836e-01
5.878394842147827148e-01
8.203955888748168945e-01
8.616205453872680664e-01
5.633162260055541992e-01
5.610240101814270020e-01
6.373874545097351074e-01
8.888863325119018555e-01
5.712127685546875000e-01
6.474103927612304688e-01
6.286261677742004395e-01
7.230482697486877441e-01
5.458472967147827148e-01
5.735563635826110840e-01
6.152257323265075684e-01
7.650378346443176270e-01
6.486074328422546387e-01
7.632074952125549316e-01
6.430130004882812500e-01
4.723217487335205078e-01
6.731021404266357422e-01
7.294872403144836426e-01
5.762690305709838867e-01
4.958662688732147217e-01
6.544121503829956055e-01
6.028702259063720703e-01
7.857989668846130371e-01
6.638209819793701172e-01
7.203461527824401855e-01
5.300062298774719238e-01
6.161040663719177246e-01
5.068611502647399902e-01
8.183259963989257812e-01
7.517748475074768066e-01
6.856709122657775879e-01
7.202788591384887695e-01
3.503241539001464844e-01
6.872256994247436523e-01
5.106147527694702148e-01
5.814652442932128906e-01
6.205834150314331055e-01
5.847055912017822266e-01
6.924376487731933594e-01
7.853642106056213379e-01
6.375305652618408203e-01
6.469313502311706543e-01
8.091906309127807617e-01
8.160687685012817383e-01
6.195853352546691895e-01
6.032395958900451660e-01
6.637535095214843750e-01
5.662080645561218262e-01
7.852666974067687988e-01
6.875215768814086914e-01
7.213596105575561523e-01
6.289472579956054688e-01
4.003695547580718994e-01
5.193609595298767090e-01
6.582505702972412109e-01
6.322815418243408203e-01
5.887725949287414551e-01
5.696064829826354980e-01
7.738946676254272461e-01
7.462538480758666992e-01
7.417954802513122559e-01
6.549304127693176270e-01
8.409251570701599121e-01
7.194222807884216309e-01
4.709991514682769775e-01
5.665825605392456055e-01
6.614789962768554688e-01
6.144658923149108887e-01
5.878193378448486328e-01
5.397593379020690918e-01
5.652627348899841309e-01
7.427558302879333496e-01
5.455954074859619141e-01
5.225402116775512695e-01
6.688840389251708984e-01
7.362549901008605957e-01
7.803475260734558105e-01
7.555710673332214355e-01
6.860120892524719238e-01
7.063024044036865234e-01
4.101015031337738037e-01
6.857424378395080566e-01
7.666437029838562012e-01
8.127161264419555664e-01
5.753951668739318848e-01
6.372278928756713867e-01
6.145570278167724609e-01
6.963516473770141602e-01
4.836700558662414551e-01
6.246291995048522949e-01
6.718728542327880859e-01
6.374062895774841309e-01
6.371285319328308105e-01
7.366508841514587402e-01
6.169051527976989746e-01
7.108690142631530762e-01
5.348968505859375000e-01
8.005934953689575195e-01
7.244134545326232910e-01
6.140436530113220215e-01
5.380411744117736816e-01
7.880484461784362793e-01
5.209004878997802734e-01
5.107414722442626953e-01
5.413644313812255859e-01
7.978984117507934570e-01
7.715566754341125488e-01
5.674409270286560059e-01
5.083221793174743652e-01
6.481086611747741699e-01
5.891635417938232422e-01
7.340412139892578125e-01
8.203809857368469238e-01
7.717270255088806152e-01
7.008668184280395508e-01
6.581521034240722656e-01
8.733916878700256348e-01
5.464488267898559570e-01
7.797043919563293457e-01
6.794844865798950195e-01
4.664430618286132812e-01
5.554190278053283691e-01
4.579768180847167969e-01
5.409854650497436523e-01
7.501728534698486328e-01
8.110028505325317383e-01
6.723053455352783203e-01
9.049124717712402344e-01
4.950168132781982422e-01
5.467517971992492676e-01
5.446527600288391113e-01
6.855124831199645996e-01
5.739036798477172852e-01
5.713371038436889648e-01
5.193820595741271973e-01
4.446924924850463867e-01
6.126567721366882324e-01
6.077332496643066406e-01
7.402196526527404785e-01
5.876637101173400879e-01
5.332901477813720703e-01
5.353274941444396973e-01
7.108693718910217285e-01
7.019741535186767578e-01
5.846722126007080078e-01
7.855015993118286133e-01
5.530888438224792480e-01
3.808840215206146240e-01
5.826897621154785156e-01
4.753625988960266113e-01
6.854277849197387695e-01
6.178923845291137695e-01
6.568657159805297852e-01
5.748758316040039062e-01
4.554938375949859619e-01
6.330500245094299316e-01
5.302212834358215332e-01
5.888167023658752441e-01
7.115317583084106445e-01
6.387686133384704590e-01
5.132825374603271484e-01
5.203564167022705078e-01
5.195004940032958984e-01
6.419080495834350586e-01
6.798857450485229492e-01
6.421142816543579102e-01
5.833436846733093262e-01
9.281542897224426270e-01
1.031317949295043945e+00
6.600878834724426270e-01
3.742448687553405762e-01
6.729989051818847656e-01
5.384599566459655762e-01
6.857044696807861328e-01
4.489381015300750732e-01
7.945910692214965820e-01
6.345656514167785645e-01
7.797999978065490723e-01
6.354118585586547852e-01
7.324072718620300293e-01
5.940375924110412598e-01
5.794287323951721191e-01
7.140808701515197754e-01
6.554670929908752441e-01
6.038971543312072754e-01
6.229897141456604004e-01
6.710665225982666016e-01
1.006860733032226562e+00
8.842859864234924316e-01
6.598834395408630371e-01
6.659718751907348633e-01
6.921363472938537598e-01
7.353793382644653320e-01
4.292824566364288330e-01
5.693352818489074707e-01
4.197046756744384766e-01
4.429118931293487549e-01
6.652233004570007324e-01
5.731576681137084961e-01
6.653791666030883789e-01
6.500196456909179688e-01
6.077315211296081543e-01
6.276559829711914062e-01
3.895995616912841797e-01
5.414459109306335449e-01
6.709929704666137695e-01
5.896021723747253418e-01
4.748739302158355713e-01
6.816878914833068848e-01
7.825888991355895996e-01
6.608585715293884277e-01
6.357110738754272461e-01
5.275846123695373535e-01
6.639751195907592773e-01
5.411084294319152832e-01
7.213452458381652832e-01
6.993279457092285156e-01
6.298494338989257812e-01
4.250279963016510010e-01
6.561885476112365723e-01
6.794984340667724609e-01
6.387635469436645508e-01
8.188934326171875000e-01
5.691385865211486816e-01
8.723929524421691895e-01
5.838770866394042969e-01
7.983727455139160156e-01
5.727462768554687500e-01
6.341816782951354980e-01
5.295397639274597168e-01
6.579787731170654297e-01
6.223019361495971680e-01
6.275104880332946777e-01
4.773832857608795166e-01
6.151750683784484863e-01
6.535118818283081055e-01
5.469631552696228027e-01
5.428481698036193848e-01
7.299499511718750000e-01
4.793318510055541992e-01
5.786237716674804688e-01
6.615380644798278809e-01
7.167495489120483398e-01
4.938812851905822754e-01
6.007583737373352051e-01
5.519230365753173828e-01
6.488183736801147461e-01
4.413847327232360840e-01
6.576991081237792969e-01
7.560228705406188965e-01
3.700087666511535645e-01
6.397488713264465332e-01
5.925434231758117676e-01
5.339451432228088379e-01
5.488582253456115723e-01
4.128015637397766113e-01
6.627872586250305176e-01
4.251851737499237061e-01
6.497896909713745117e-01
6.368566751480102539e-01
5.193243622779846191e-01
4.802054762840270996e-01
6.696897149085998535e-01
7.097795009613037109e-01
6.735252141952514648e-01
7.146509289741516113e-01
5.156122446060180664e-01
7.521904706954956055e-01
4.728989899158477783e-01
6.918743848800659180e-01
5.885233283042907715e-01
7.667769789695739746e-01
7.301100492477416992e-01
5.318587422370910645e-01
7.348578572273254395e-01
5.212033987045288086e-01
7.075017094612121582e-01
5.638703107833862305e-01
8.167684078216552734e-01
6.989802718162536621e-01
7.719272375106811523e-01
7.214001417160034180e-01
5.901989936828613281e-01
6.402753591537475586e-01
5.190598368644714355e-01
6.644322276115417480e-01
5.782575011253356934e-01
4.945259392261505127e-01
5.433756113052368164e-01
6.179847717285156250e-01
6.574132442474365234e-01
6.899209022521972656e-01
5.363712310791015625e-01
7.351171374320983887e-01
7.123262286186218262e-01
6.081025004386901855e-01
6.508486270904541016e-01
5.909713506698608398e-01
4.663896560668945312e-01
5.777365565299987793e-01
7.706930637359619141e-01
4.441869854927062988e-01
7.129653096199035645e-01
5.225605964660644531e-01
5.257477760314941406e-01
7.468930482864379883e-01
5.702686309814453125e-01
4.756505787372589111e-01
6.075822710990905762e-01
5.689063072204589844e-01
7.621713876724243164e-01
4.806428551673889160e-01
8.056464195251464844e-01
5.594031214714050293e-01
5.840881466865539551e-01
6.674358844757080078e-01
7.292289137840270996e-01
6.990659236907958984e-01
4.834463298320770264e-01
6.223396062850952148e-01
7.055050134658813477e-01
7.084950804710388184e-01
6.591944098472595215e-01
6.946297287940979004e-01
7.563806176185607910e-01
5.461821556091308594e-01
7.619770169258117676e-01
6.677775979042053223e-01
4.287767112255096436e-01
5.683983564376831055e-01
7.192257046699523926e-01
6.381586790084838867e-01
7.826408743858337402e-01
3.679205477237701416e-01
7.809027433395385742e-01
6.256421804428100586e-01
4.389220476150512695e-01
6.166761517524719238e-01
6.588323116302490234e-01
8.479639291763305664e-01
7.212464213371276855e-01
5.470581650733947754e-01
6.158303022384643555e-01
6.599888205528259277e-01
6.689814329147338867e-01
6.408435106277465820e-01
4.852204918861389160e-01
5.143813490867614746e-01
4.607011675834655762e-01
5.448691844940185547e-01
4.877096712589263916e-01
6.437479853630065918e-01
6.492651104927062988e-01
9.033615589141845703e-01
5.126366615295410156e-01
6.571199893951416016e-01
6.819534301757812500e-01
5.497574806213378906e-01
4.884125590324401855e-01
4.961366057395935059e-01
6.551910042762756348e-01
6.554319858551025391e-01
5.617464780807495117e-01
6.454862952232360840e-01
3.940680623054504395e-01
5.230670571327209473e-01
4.773004055023193359e-01
5.752217769622802734e-01
4.966574013233184814e-01
4.411991536617279053e-01
4.564749598503112793e-01
3.704876601696014404e-01
5.337974429130554199e-01
4.536335170269012451e-01
5.397944450378417969e-01
3.584007322788238525e-01
3.651574254035949707e-01
4.505368173122406006e-01
5.373555421829223633e-01
2.844508588314056396e-01
3.395896553993225098e-01
6.332057118415832520e-01
3.577575087547302246e-01
3.906419575214385986e-01
4.809366166591644287e-01
3.634001612663269043e-01
4.722027480602264404e-01
4.279035925865173340e-01
4.615072309970855713e-01
4.788529276847839355e-01
7.859244346618652344e-01
8.929637074470520020e-01
2.968099117279052734e-01
6.781836152076721191e-01
6.276073455810546875e-01
4.440121352672576904e-01
6.831661462783813477e-01
5.422562956809997559e-01
7.223829627037048340e-01
5.323913097381591797e-01
5.787630081176757812e-01
3.809276223182678223e-01
4.425321519374847412e-01
4.122172892093658447e-01
5.399352312088012695e-01
5.521164536476135254e-01
4.919508695602416992e-01
4.960142374038696289e-01
5.153850317001342773e-01
4.851651489734649658e-01
6.649798154830932617e-01
6.139459609985351562e-01
5.817356109619140625e-01
3.706813752651214600e-01
4.701778292655944824e-01
4.165289402008056641e-01
4.780413508415222168e-01
4.139947891235351562e-01
5.450891256332397461e-01
5.384373664855957031e-01
4.620043337345123291e-01
5.834935903549194336e-01
5.671918392181396484e-01
5.566809773445129395e-01
5.215026140213012695e-01
7.181736826896667480e-01
5.147559642791748047e-01
4.480048120021820068e-01
7.082608342170715332e-01
9.157786965370178223e-01
5.972973704338073730e-01
5.036662220954895020e-01
7.512942552566528320e-01
2.550642490386962891e-01
5.468533635139465332e-01
6.852091550827026367e-01
5.671548247337341309e-01
5.140147209167480469e-01
7.269638180732727051e-01
5.442510843276977539e-01
5.741705298423767090e-01
5.127429962158203125e-01
7.024891376495361328e-01
5.488849878311157227e-01
3.461348414421081543e-01
5.761506557464599609e-01
1.000615954399108887e+00
5.175063610076904297e-01
6.398820281028747559e-01
6.307269930839538574e-01
6.777191758155822754e-01
4.483313560485839844e-01
6.508931517601013184e-01
7.762435674667358398e-01
5.390513539314270020e-01
4.895743429660797119e-01
4.734714627265930176e-01
3.411901295185089111e-01
4.963180422782897949e-01
5.343102812767028809e-01
5.203004479408264160e-01
8.587006330490112305e-01
5.558644533157348633e-01
8.515045046806335449e-01
6.149595975875854492e-01
6.089003682136535645e-01
6.589263081550598145e-01
5.785478353500366211e-01
5.075644850730895996e-01
5.614403486251831055e-01
4.355022907257080078e-01
7.232019305229187012e-01
8.173214197158813477e-01
8.556848168373107910e-01
4.956719279289245605e-01
4.519123136997222900e-01
6.580814719200134277e-01
6.716447472572326660e-01
4.757114052772521973e-01
4.360850453376770020e-01
7.765604853630065918e-01
6.625638604164123535e-01
5.034591555595397949e-01
5.358444452285766602e-01
6.115970015525817871e-01
3.756256401538848877e-01
6.910402774810791016e-01
4.748447835445404053e-01
4.636507928371429443e-01
4.479855895042419434e-01
4.382653832435607910e-01
5.771451592445373535e-01
4.042471051216125488e-01
4.545927047729492188e-01
6.697030663490295410e-01
3.243204653263092041e-01
5.201972723007202148e-01
5.362517833709716797e-01
5.141518115997314453e-01
5.814297199249267578e-01
4.482590258121490479e-01
6.231549382209777832e-01
6.333590745925903320e-01
3.957623243331909180e-01
4.053675830364227295e-01
5.065587162971496582e-01
7.377535104751586914e-01
5.241802334785461426e-01
5.249739885330200195e-01
6.302340626716613770e-01
6.892334818840026855e-01
2.809019386768341064e-01
4.979728460311889648e-01
4.796055257320404053e-01
4.556111395359039307e-01
6.411029100418090820e-01
4.903754591941833496e-01
5.024309754371643066e-01
3.746959567070007324e-01
3.815026283264160156e-01
4.509573280811309814e-01
6.827445030212402344e-01
6.320216059684753418e-01
4.611906707286834717e-01
6.247574687004089355e-01
6.598850488662719727e-01
4.748735725879669189e-01
5.349816679954528809e-01
4.939500093460083008e-01
5.999286770820617676e-01
5.694091320037841797e-01
6.669468879699707031e-01
6.874886155128479004e-01
3.850737810134887695e-01
5.585227608680725098e-01
6.710743308067321777e-01
4.508638381958007812e-01
5.401968359947204590e-01
6.486226320266723633e-01
7.811387777328491211e-01
4.414902329444885254e-01
4.679138660430908203e-01
5.139968395233154297e-01
7.060015201568603516e-01
5.511441826820373535e-01
4.153456687927246094e-01
7.287374138832092285e-01
4.978425204753875732e-01
6.863143444061279297e-01
4.916450083255767822e-01
3.770174086093902588e-01
4.233922064304351807e-01
6.822264790534973145e-01
6.828616261482238770e-01
5.582970380783081055e-01
6.964547038078308105e-01
6.399421691894531250e-01
3.849648833274841309e-01
3.799828886985778809e-01
4.192843437194824219e-01
6.640998721122741699e-01
5.552589893341064453e-01
2.971775233745574951e-01
6.059352159500122070e-01
4.478486180305480957e-01
7.415983676910400391e-01
5.162945985794067383e-01
6.616892814636230469e-01
6.493521332740783691e-01
5.093981623649597168e-01
6.480042338371276855e-01
4.754158854484558105e-01
6.758425831794738770e-01
6.217488050460815430e-01
4.871370494365692139e-01
4.004619121551513672e-01
4.435999393463134766e-01
3.432660996913909912e-01
4.381863176822662354e-01
6.001688838005065918e-01
4.714539051055908203e-01
6.252846717834472656e-01
6.530731320381164551e-01
5.151093602180480957e-01
6.708090305328369141e-01
4.420911371707916260e-01
5.417791604995727539e-01
5.000531673431396484e-01
7.881880998611450195e-01
6.404014229774475098e-01
4.025159180164337158e-01
5.658071041107177734e-01
5.989675521850585938e-01
5.300998091697692871e-01
3.131600916385650635e-01
6.366447806358337402e-01
6.284928917884826660e-01
5.634115934371948242e-01
4.686000943183898926e-01
5.549555420875549316e-01
4.667374789714813232e-01
3.126357495784759521e-01
4.300738573074340820e-01
5.147453546524047852e-01
5.627605915069580078e-01
4.412648081779479980e-01
4.710683226585388184e-01
5.147132873535156250e-01
4.669830799102783203e-01
3.601483106613159180e-01
4.806153476238250732e-01
4.177706241607666016e-01
4.384273588657379150e-01
6.769129633903503418e-01
3.141873478889465332e-01
4.749881029129028320e-01
5.425181984901428223e-01
5.655133724212646484e-01
6.951947212219238281e-01
4.528434872627258301e-01
6.328611373901367188e-01
6.391491889953613281e-01
6.116075515747070312e-01
4.701364934444427490e-01
5.288428068161010742e-01
5.343832969665527344e-01
5.274930000305175781e-01
4.079232811927795410e-01
5.757880806922912598e-01
3.951008021831512451e-01
4.147486388683319092e-01
5.727574229240417480e-01
5.572201013565063477e-01
7.587754726409912109e-01
6.420568823814392090e-01
4.888052642345428467e-01
6.207600831985473633e-01
4.575870633125305176e-01
3.683412969112396240e-01
4.168918430805206299e-01
5.016148686408996582e-01
4.574901163578033447e-01
5.259346961975097656e-01
4.564868211746215820e-01
6.598450541496276855e-01
4.266592860221862793e-01
5.376093983650207520e-01
6.865886449813842773e-01
3.423100113868713379e-01
6.282145977020263672e-01
7.190091609954833984e-01
6.287661790847778320e-01
4.450701773166656494e-01
8.618862032890319824e-01
3.972992002964019775e-01
6.797257661819458008e-01
3.887327611446380615e-01
5.766230225563049316e-01
3.874909281730651855e-01
5.396826267242431641e-01
6.107963323593139648e-01
7.448669075965881348e-01
5.131007432937622070e-01
4.640024006366729736e-01
5.175892710685729980e-01
4.397211372852325439e-01
4.920337498188018799e-01
5.759434700012207031e-01
6.469812393188476562e-01
3.535528182983398438e-01
4.834651350975036621e-01
5.177621841430664062e-01
3.270112574100494385e-01
7.135900259017944336e-01
6.191069483757019043e-01
3.730186522006988525e-01
5.265032052993774414e-01
5.159473419189453125e-01
7.151165604591369629e-01
5.023491382598876953e-01
4.347164928913116455e-01
6.271530389785766602e-01
5.909515619277954102e-01
5.149129033088684082e-01
4.507632553577423096e-01
5.577752590179443359e-01
4.700106084346771240e-01
8.723261952400207520e-01
5.768776535987854004e-01
5.019993185997009277e-01
4.504329860210418701e-01
5.767660737037658691e-01
5.568991899490356445e-01
5.390948057174682617e-01
4.027000963687896729e-01
8.212893605232238770e-01
3.363903164863586426e-01
6.409065723419189453e-01
5.137898325920104980e-01
6.931158900260925293e-01
6.709609031677246094e-01
3.873842954635620117e-01
5.404934287071228027e-01
3.977790772914886475e-01
6.625134944915771484e-01
5.847592353820800781e-01
8.821414113044738770e-01
5.276868343353271484e-01
6.107429862022399902e-01
4.696451425552368164e-01
5.504373908042907715e-01
4.176372885704040527e-01
6.712932586669921875e-01
4.664153456687927246e-01
5.236104726791381836e-01
4.499924778938293457e-01
5.345541834831237793e-01
7.541107535362243652e-01
3.952639102935791016e-01
3.578559458255767822e-01
5.038890838623046875e-01
5.288280248641967773e-01
6.291034817695617676e-01
6.476061344146728516e-01
3.924373984336853027e-01
5.082126855850219727e-01
5.929883122444152832e-01
4.190954267978668213e-01
3.451191782951354980e-01
4.036419093608856201e-01
5.027346611022949219e-01
5.572132468223571777e-01
4.966484010219573975e-01
5.293670892715454102e-01
6.252884268760681152e-01
7.164467573165893555e-01
4.161593914031982422e-01
4.483992755413055420e-01
3.940085172653198242e-01
5.941912531852722168e-01
5.282477140426635742e-01
7.004692554473876953e-01
5.549577474594116211e-01
4.758304357528686523e-01
2.627975344657897949e-01
5.231946706771850586e-01
4.972691833972930908e-01
4.238180816173553467e-01
4.560910463333129883e-01
6.208017468452453613e-01
4.867462217807769775e-01
9.076673984527587891e-01
3.037660419940948486e-01
5.090370178222656250e-01
6.667396426200866699e-01
6.441094279289245605e-01
4.387385845184326172e-01
4.837855398654937744e-01
4.500972926616668701e-01
5.076603889465332031e-01
6.974443793296813965e-01
3.721318840980529785e-01
5.048449635505676270e-01
3.887045979499816895e-01
7.171658277511596680e-01
4.841892719268798828e-01
4.098795950412750244e-01
5.959104299545288086e-01
5.104504823684692383e-01
5.780125260353088379e-01
5.144209265708923340e-01
5.051192045211791992e-01
4.897004365921020508e-01
5.008534193038940430e-01
3.966026008129119873e-01
6.663759350776672363e-01
4.163745641708374023e-01
7.435106039047241211e-01
7.303206324577331543e-01
4.052275419235229492e-01
4.118564426898956299e-01
5.868476629257202148e-01
4.919883906841278076e-01
4.805568456649780273e-01
4.903351962566375732e-01
3.962211012840270996e-01
5.776093006134033203e-01
6.229249238967895508e-01
6.003172993659973145e-01
6.027815937995910645e-01
6.607875823974609375e-01
6.873160004615783691e-01
4.684713184833526611e-01
6.858376264572143555e-01
6.126958131790161133e-01
5.915824770927429199e-01
4.730156064033508301e-01
5.640259981155395508e-01
6.788786053657531738e-01
6.533502936363220215e-01
6.675780415534973145e-01
5.792421698570251465e-01
7.673025727272033691e-01
6.697060465812683105e-01
4.578040242195129395e-01
5.466226339340209961e-01
4.859625697135925293e-01
4.806719124317169189e-01
6.485853195190429688e-01
4.696792066097259521e-01
5.794756412506103516e-01
2.946757972240447998e-01
7.162142395973205566e-01
5.808224081993103027e-01
5.797786116600036621e-01
5.911322832107543945e-01
7.021134495735168457e-01
4.543134272098541260e-01
5.379553437232971191e-01
3.882203102111816406e-01
4.697271585464477539e-01
4.815887510776519775e-01
4.427868723869323730e-01
4.923549294471740723e-01
3.871737122535705566e-01
4.669027030467987061e-01
6.999126672744750977e-01
6.287345290184020996e-01
4.218899905681610107e-01
4.830041527748107910e-01
3.577843904495239258e-01
4.757243990898132324e-01
5.071462392807006836e-01
4.640488922595977783e-01
3.960575759410858154e-01
6.109177470207214355e-01
4.610830247402191162e-01
5.300943255424499512e-01
6.744014024734497070e-01
6.277090311050415039e-01
4.547389149665832520e-01
5.073401927947998047e-01
4.444850385189056396e-01
3.857317268848419189e-01
4.036412537097930908e-01
5.810579061508178711e-01
5.126546025276184082e-01
4.502499103546142578e-01
2.890950441360473633e-01
4.439395070075988770e-01
4.594996273517608643e-01
4.520823359489440918e-01
5.721594095230102539e-01
4.235852956771850586e-01
5.860331058502197266e-01
6.057573556900024414e-01
4.667413830757141113e-01
4.235755801200866699e-01
4.049206972122192383e-01
5.831472277641296387e-01
6.824044585227966309e-01
6.206231117248535156e-01
7.713683843612670898e-01
5.033711194992065430e-01
6.256664991378784180e-01
4.829340279102325439e-01
7.026436328887939453e-01
4.899711012840270996e-01
6.551412940025329590e-01
3.294764757156372070e-01
6.225104331970214844e-01
5.030616521835327148e-01
5.810530781745910645e-01
5.630909204483032227e-01
5.103258490562438965e-01
5.499331951141357422e-01
7.540820837020874023e-01
6.862653493881225586e-01
4.640333354473114014e-01
5.351362824440002441e-01
4.429554939270019531e-01
3.752000331878662109e-01
6.206153631210327148e-01
4.979585707187652588e-01
5.992407202720642090e-01
4.580825865268707275e-01
3.654394745826721191e-01
6.906595230102539062e-01
4.532657861709594727e-01
4.718399941921234131e-01
5.359170436859130859e-01
4.213345050811767578e-01
7.277989983558654785e-01
3.735858201980590820e-01
5.753262639045715332e-01
6.206151247024536133e-01
6.214609146118164062e-01
5.488505959510803223e-01
4.459262788295745850e-01
5.647888779640197754e-01
7.906079888343811035e-01
6.303700804710388184e-01
6.984372138977050781e-01
3.957251608371734619e-01
4.016591906547546387e-01
6.725167632102966309e-01
6.030557155609130859e-01
4.230612814426422119e-01
6.487599015235900879e-01
5.859459638595581055e-01
4.603938460350036621e-01
7.843523621559143066e-01
4.639209210872650146e-01
5.176703333854675293e-01
4.933840930461883545e-01
7.975737452507019043e-01
3.306429088115692139e-01
6.417191624641418457e-01
5.190495848655700684e-01
4.848704338073730469e-01
5.122064948081970215e-01
4.331475794315338135e-01
5.459390282630920410e-01
3.477854728698730469e-01
6.124918460845947266e-01
6.555740237236022949e-01
3.588016033172607422e-01
5.967964529991149902e-01
5.177991986274719238e-01
4.589347839355468750e-01
3.070217669010162354e-01
3.089119791984558105e-01
5.619284510612487793e-01
4.777787625789642334e-01
6.341151595115661621e-01
4.641090035438537598e-01
5.596158504486083984e-01
4.927654564380645752e-01
2.746712565422058105e-01
3.580977916717529297e-01
6.153607368469238281e-01
7.228313088417053223e-01
5.404083132743835449e-01
7.258623838424682617e-01
4.952604174613952637e-01
6.914544701576232910e-01
4.534795880317687988e-01
4.555907547473907471e-01
4.619745016098022461e-01
5.214452147483825684e-01
3.418259620666503906e-01
6.819637417793273926e-01
6.707940697669982910e-01
4.289917945861816406e-01
5.375791788101196289e-01
4.818518757820129395e-01
5.459774732589721680e-01
3.758049607276916504e-01
6.107727289199829102e-01
4.755805730819702148e-01
6.379283666610717773e-01
4.444187879562377930e-01
5.497758984565734863e-01
6.412308812141418457e-01
7.383255958557128906e-01
3.666998147964477539e-01
5.494255423545837402e-01
6.083431839942932129e-01
4.586660563945770264e-01
5.687841176986694336e-01
4.680977761745452881e-01
5.332929491996765137e-01
7.258701920509338379e-01
6.219050288200378418e-01
4.208662211894989014e-01
4.258155524730682373e-01
3.822169601917266846e-01
6.295105814933776855e-01
6.837167143821716309e-01
4.450353085994720459e-01
3.257829248905181885e-01
5.032355189323425293e-01
2.972757816314697266e-01
5.718300342559814453e-01
3.685300648212432861e-01
4.548223912715911865e-01
5.141177773475646973e-01
6.076575517654418945e-01
6.350069046020507812e-01
3.753876388072967529e-01
8.357147574424743652e-01
3.845695853233337402e-01
3.248675465583801270e-01
6.371273398399353027e-01
5.839793086051940918e-01
3.705538213253021240e-01
7.325953245162963867e-01
6.072099804878234863e-01
5.229105353355407715e-01
4.241148233413696289e-01
4.519949853420257568e-01
4.890165030956268311e-01
7.925077080726623535e-01
6.493285894393920898e-01
5.647285580635070801e-01
7.566428184509277344e-01
5.173179507255554199e-01
4.970624446868896484e-01
5.286130905151367188e-01
4.320636689662933350e-01
5.811658501625061035e-01
5.853552818298339844e-01
6.820114850997924805e-01
7.070223093032836914e-01
5.507271885871887207e-01
4.955520033836364746e-01
5.118073225021362305e-01
5.939067006111145020e-01
5.123595595359802246e-01
8.886508941650390625e-01
7.069577574729919434e-01
6.407917737960815430e-01
4.316759705543518066e-01
6.363239884376525879e-01
4.975350499153137207e-01
3.510794937610626221e-01
5.884407162666320801e-01
4.423065185546875000e-01
4.303292036056518555e-01
4.463467895984649658e-01
6.013963222503662109e-01
5.160903334617614746e-01
7.882585525512695312e-01
5.764086842536926270e-01
5.322073101997375488e-01
6.758157610893249512e-01
5.895707607269287109e-01
5.530511140823364258e-01
6.045620441436767578e-01
3.607153594493865967e-01
7.098853588104248047e-01
7.104868292808532715e-01
3.751722276210784912e-01
7.643115520477294922e-01
6.085143685340881348e-01
5.087352991104125977e-01
5.668233036994934082e-01
5.246438980102539062e-01
6.473110914230346680e-01
3.586006760597229004e-01
4.171892702579498291e-01
6.627105474472045898e-01
6.439497470855712891e-01
8.186386227607727051e-01
5.896645188331604004e-01
4.187659621238708496e-01
4.739442765712738037e-01
3.861267566680908203e-01
5.915693640708923340e-01
5.287737250328063965e-01
3.628385663032531738e-01
5.434890389442443848e-01
5.013601183891296387e-01
5.373306870460510254e-01
6.731422543525695801e-01
9.079509973526000977e-01
3.974388837814331055e-01
4.539889395236968994e-01
3.153903484344482422e-01
6.128417253494262695e-01
5.106810927391052246e-01
6.123593449592590332e-01
6.826236844062805176e-01
3.097833991050720215e-01
8.222320675849914551e-01
5.496847629547119141e-01
5.141059160232543945e-01
3.133949935436248779e-01
6.383572220802307129e-01
4.381366968154907227e-01
3.456253111362457275e-01
6.581448316574096680e-01
5.073856115341186523e-01
5.896668434143066406e-01
7.070343494415283203e-01
4.833727478981018066e-01
6.753054261207580566e-01
6.232111454010009766e-01
7.361574172973632812e-01
4.460314810276031494e-01
5.729552507400512695e-01
5.201597213745117188e-01
4.436179101467132568e-01
5.127518177032470703e-01
4.603162407875061035e-01
3.694943785667419434e-01
5.403606891632080078e-01
5.324033498764038086e-01
6.898782253265380859e-01
6.749641895294189453e-01
5.089207291603088379e-01
5.356594324111938477e-01
4.924522042274475098e-01
4.433189034461975098e-01
4.415320158004760742e-01
5.223979353904724121e-01
5.273512601852416992e-01
3.421021699905395508e-01
5.895630717277526855e-01
6.267738938331604004e-01
7.148963212966918945e-01
5.294835567474365234e-01
7.376489043235778809e-01
5.504389405250549316e-01
5.744302868843078613e-01
5.633947849273681641e-01
6.032992601394653320e-01
6.611016988754272461e-01
6.348906755447387695e-01
6.113817095756530762e-01
5.601993203163146973e-01
4.523709118366241455e-01
8.308936953544616699e-01
2.797082662582397461e-01
3.466615974903106689e-01
4.218539595603942871e-01
2.442224621772766113e-01
4.055499434471130371e-01
6.122421026229858398e-01
4.170018136501312256e-01
3.038212358951568604e-01
5.110669136047363281e-01
4.617959558963775635e-01
3.572301566600799561e-01
3.975761830806732178e-01
5.874890089035034180e-01
4.939580857753753662e-01
4.356710314750671387e-01
3.389712274074554443e-01
3.852072656154632568e-01
3.566767573356628418e-01
2.981630265712738037e-01
4.451762437820434570e-01
4.325019121170043945e-01
3.672824501991271973e-01
3.299832642078399658e-01
3.760156035423278809e-01
6.063756942749023438e-01
2.856977283954620361e-01
5.620576739311218262e-01
5.845132470130920410e-01
6.637242436408996582e-01
3.753291070461273193e-01
2.915024757385253906e-01
4.423224627971649170e-01
3.835077285766601562e-01
3.670573234558105469e-01
3.757450878620147705e-01
4.396633207798004150e-01
4.721410870552062988e-01
3.852345943450927734e-01
4.215860664844512939e-01
5.375228524208068848e-01
4.535633623600006104e-01
4.678453803062438965e-01
1.366552561521530151e-01
2.302984595298767090e-01
4.345514774322509766e-01
5.017291903495788574e-01
3.524281382560729980e-01
4.847078025341033936e-01
5.015729665756225586e-01
4.754002094268798828e-01
4.115753471851348877e-01
4.037801921367645264e-01
2.099974751472473145e-01
3.903220593929290771e-01
2.359793633222579956e-01
4.148773849010467529e-01
3.910004198551177979e-01
3.135845959186553955e-01
2.801926434040069580e-01
3.969037234783172607e-01
2.437124550342559814e-01
4.189455509185791016e-01
4.107211828231811523e-01
4.169887304306030273e-01
4.886150360107421875e-01
4.687242507934570312e-01
5.139175653457641602e-01
2.953165769577026367e-01
5.913571715354919434e-01
3.666375279426574707e-01
4.384050071239471436e-01
4.257723987102508545e-01
5.367624759674072266e-01
5.062283277511596680e-01
2.810351252555847168e-01
3.780325055122375488e-01
3.431138098239898682e-01
1.701893806457519531e-01
5.170837044715881348e-01
4.719361066818237305e-01
3.505525588989257812e-01
3.160152435302734375e-01
5.618929862976074219e-01
3.735913932323455811e-01
4.898569881916046143e-01
4.033973515033721924e-01
3.082717657089233398e-01
3.643715679645538330e-01
2.412053793668746948e-01
4.247933030128479004e-01
3.491470217704772949e-01
3.048547208309173584e-01
4.107404351234436035e-01
1.845085620880126953e-01
3.032885789871215820e-01
3.349440395832061768e-01
3.117167949676513672e-01
5.998874306678771973e-01
4.494674801826477051e-01
5.024468302726745605e-01
5.317919254302978516e-01
3.944508135318756104e-01
4.737692177295684814e-01
3.211488723754882812e-01
2.547672986984252930e-01
5.195297002792358398e-01
1.858364790678024292e-01
2.686251699924468994e-01
3.077533543109893799e-01
5.909937024116516113e-01
3.463565409183502197e-01
5.314238071441650391e-01
4.471045136451721191e-01
6.308935880661010742e-01
3.765711486339569092e-01
5.895563364028930664e-01
5.036354660987854004e-01
4.589441716670989990e-01
3.686130940914154053e-01
4.689433574676513672e-01
4.983820617198944092e-01
6.037198901176452637e-01
4.784710109233856201e-01
4.121918082237243652e-01
4.236764013767242432e-01
4.668039381504058838e-01
5.112794041633605957e-01
3.088265061378479004e-01
5.379781126976013184e-01
3.905507922172546387e-01
2.892170548439025879e-01
4.851607978343963623e-01
3.546393513679504395e-01
4.781129956245422363e-01
7.391974925994873047e-01
4.478526711463928223e-01
5.559720993041992188e-01
2.621673047542572021e-01
5.096551775932312012e-01
5.616650581359863281e-01
2.854963541030883789e-01
3.828275799751281738e-01
4.830200672149658203e-01
4.102097153663635254e-01
3.779944479465484619e-01
3.564708828926086426e-01
4.615626335144042969e-01
2.719056308269500732e-01
3.796252012252807617e-01
4.684562087059020996e-01
3.529347479343414307e-01
3.829399645328521729e-01
3.887027502059936523e-01
2.772388458251953125e-01
2.989005446434020996e-01
2.717996239662170410e-01
2.091790586709976196e-01
3.406169414520263672e-01
3.530611097812652588e-01
2.777191698551177979e-01
3.800131082534790039e-01
3.785775601863861084e-01
3.286744654178619385e-01
4.440090954303741455e-01
4.594995975494384766e-01
2.778560817241668701e-01
3.749929070472717285e-01
4.670829474925994873e-01
4.253886938095092773e-01
3.541620373725891113e-01
2.931014895439147949e-01
4.463279545307159424e-01
3.702218532562255859e-01
4.722396135330200195e-01
3.505538105964660645e-01
6.235942840576171875e-01
4.325675070285797119e-01
5.955978035926818848e-01
2.018833905458450317e-01
3.424420058727264404e-01
3.233454227447509766e-01
4.927036762237548828e-01
3.628916144371032715e-01
5.122924447059631348e-01
4.898397922515869141e-01
3.943225443363189697e-01
3.456853032112121582e-01
5.007609724998474121e-01
3.421436548233032227e-01
2.757553160190582275e-01
4.890967011451721191e-01
4.608049392700195312e-01
5.177872180938720703e-01
4.713782072067260742e-01
3.480068147182464600e-01
3.618950545787811279e-01
2.167851626873016357e-01
3.431703150272369385e-01
4.561266005039215088e-01
5.474644899368286133e-01
3.648761808872222900e-01
6.105881929397583008e-01
3.955837488174438477e-01
2.053124308586120605e-01
7.109624147415161133e-01
3.720280230045318604e-01
3.578432500362396240e-01
4.109502136707305908e-01
5.760849118232727051e-01
7.815535664558410645e-01
3.727434873580932617e-01
6.228221058845520020e-01
3.493967950344085693e-01
4.912141859531402588e-01
3.367425501346588135e-01
5.305634140968322754e-01
5.666755437850952148e-01
4.542689919471740723e-01
2.489551752805709839e-01
2.844683527946472168e-01
3.248057961463928223e-01
4.734871685504913330e-01
4.415429830551147461e-01
2.619115710258483887e-01
4.702734053134918213e-01
3.725637197494506836e-01
5.820493698120117188e-01
5.999776124954223633e-01
4.562149941921234131e-01
3.217226266860961914e-01
6.678495407104492188e-01
4.535728394985198975e-01
4.131329953670501709e-01
3.786558806896209717e-01
2.502186894416809082e-01
3.845331668853759766e-01
3.857640922069549561e-01
5.235981345176696777e-01
4.407538175582885742e-01
3.075974285602569580e-01
2.343966513872146606e-01
4.166407585144042969e-01
5.394148826599121094e-01
4.699356257915496826e-01
4.351025223731994629e-01
3.710868656635284424e-01
4.302958548069000244e-01
4.176533520221710205e-01
2.253206223249435425e-01
3.522884249687194824e-01
6.402798295021057129e-01
3.676132857799530029e-01
3.373475670814514160e-01
3.057191967964172363e-01
3.354866802692413330e-01
5.604394674301147461e-01
2.327300757169723511e-01
3.813443481922149658e-01
1.792368143796920776e-01
4.216097891330718994e-01
3.900445103645324707e-01
6.092527508735656738e-01
4.631077945232391357e-01
3.112853169441223145e-01
3.385958671569824219e-01
5.250447392463684082e-01
2.919506430625915527e-01
4.147563278675079346e-01
4.564255177974700928e-01
3.415817618370056152e-01
4.024860262870788574e-01
4.592660665512084961e-01
6.470568776130676270e-01
5.016314983367919922e-01
4.490852653980255127e-01
3.585821390151977539e-01
8.478062152862548828e-01
4.068795144557952881e-01
3.193526566028594971e-01
4.009107649326324463e-01
5.136019587516784668e-01
5.588237643241882324e-01
3.539588451385498047e-01
4.718647897243499756e-01
5.343466401100158691e-01
5.327951312065124512e-01
5.493333339691162109e-01
4.948453903198242188e-01
4.031562805175781250e-01
3.935130834579467773e-01
3.567009270191192627e-01
3.530468642711639404e-01
3.676672577857971191e-01
4.244202077388763428e-01
3.317012488842010498e-01
2.167878746986389160e-01
4.204067885875701904e-01
4.739933311939239502e-01
2.578194141387939453e-01
4.382645189762115479e-01
5.539402365684509277e-01
5.678012967109680176e-01
5.347668528556823730e-01
5.004774332046508789e-01
3.374364078044891357e-01
4.951360225677490234e-01
6.448100805282592773e-01
3.667802512645721436e-01
3.503474295139312744e-01
3.901160359382629395e-01
3.852049410343170166e-01
4.659574627876281738e-01
3.422527909278869629e-01
6.864753365516662598e-01
4.753359854221343994e-01
2.821200191974639893e-01
3.983860313892364502e-01
5.680096149444580078e-01
5.441306829452514648e-01
4.914009571075439453e-01
4.811998903751373291e-01
3.812297284603118896e-01
5.975680351257324219e-01
4.043301343917846680e-01
4.074015915393829346e-01
3.698835074901580811e-01
3.796066641807556152e-01
4.031027257442474365e-01
6.470776796340942383e-01
3.723356723785400391e-01
3.838436305522918701e-01
4.748690128326416016e-01
4.965552985668182373e-01
5.816616415977478027e-01
5.510028004646301270e-01
6.399680376052856445e-01
3.919822871685028076e-01
4.539133906364440918e-01
5.596998929977416992e-01
5.629082918167114258e-01
5.200263261795043945e-01
5.092250108718872070e-01
4.778953492641448975e-01
2.931461036205291748e-01
5.574589967727661133e-01
6.322522163391113281e-01
3.446232378482818604e-01
4.564375281333923340e-01
4.321325719356536865e-01
3.667566478252410889e-01
4.659959971904754639e-01
4.962219595909118652e-01
3.380089104175567627e-01
2.281423211097717285e-01
4.946937561035156250e-01
5.794873833656311035e-01
4.088972508907318115e-01
4.351382851600646973e-01
4.611749649047851562e-01
5.143657922744750977e-01
3.562112748622894287e-01
4.298278987407684326e-01
4.190822541713714600e-01
8.004841804504394531e-01
3.435066938400268555e-01
5.731061697006225586e-01
6.814820766448974609e-01
3.394529819488525391e-01
3.536352813243865967e-01
3.011411726474761963e-01
5.422573685646057129e-01
4.815183877944946289e-01
4.323370456695556641e-01
4.371671974658966064e-01
4.382044374942779541e-01
2.903239428997039795e-01
4.804765284061431885e-01
2.424145638942718506e-01
4.260054826736450195e-01
2.401034682989120483e-01
6.278979182243347168e-01
2.866445183753967285e-01
3.324120640754699707e-01
6.312870383262634277e-01
3.433791697025299072e-01
5.650943517684936523e-01
3.284042179584503174e-01
4.894767701625823975e-01
4.727457165718078613e-01
4.249301850795745850e-01
4.444272220134735107e-01
6.061483025550842285e-01
3.473347127437591553e-01
4.028076827526092529e-01
4.585081338882446289e-01
4.291250705718994141e-01
4.473831355571746826e-01
4.302782416343688965e-01
5.630263686180114746e-01
4.189578294754028320e-01
4.250776767730712891e-01
4.247748851776123047e-01
5.406901836395263672e-01
3.118230104446411133e-01
2.301991134881973267e-01
3.040420711040496826e-01
2.702840864658355713e-01
5.283278822898864746e-01
3.818854987621307373e-01
5.387514233589172363e-01
4.148964881896972656e-01
5.356438159942626953e-01
4.495641887187957764e-01
4.014647305011749268e-01
4.237833321094512939e-01
3.440988361835479736e-01
3.501999080181121826e-01
5.894750356674194336e-01
3.947151303291320801e-01
4.375413358211517334e-01
3.736047744750976562e-01
4.322732388973236084e-01
3.258328437805175781e-01
2.499402165412902832e-01
5.267189145088195801e-01
3.298287987709045410e-01
5.145903229713439941e-01
3.581767082214355469e-01
3.733263611793518066e-01
3.905130922794342041e-01
2.791720926761627197e-01
3.925992250442504883e-01
4.661306440830230713e-01
4.883362948894500732e-01
3.080391287803649902e-01
3.735813796520233154e-01
3.266373276710510254e-01
5.630615353584289551e-01
3.011384308338165283e-01
3.400018811225891113e-01
3.016477525234222412e-01
3.523393571376800537e-01
2.632472813129425049e-01
4.975115954875946045e-01
3.472413122653961182e-01
4.839750528335571289e-01
2.027263939380645752e-01
3.218311667442321777e-01
4.577697217464447021e-01
8.319282531738281250e-01
3.311644792556762695e-01
2.573087215423583984e-01
3.404591977596282959e-01
5.380988717079162598e-01
4.714996814727783203e-01
4.211269021034240723e-01
3.471821546554565430e-01
4.547126591205596924e-01
5.955330729484558105e-01
7.165133357048034668e-01
4.927698075771331787e-01
4.274533390998840332e-01
4.120883643627166748e-01
7.854290604591369629e-01
3.906133174896240234e-01
6.142088770866394043e-01
3.209210634231567383e-01
5.451738238334655762e-01
6.601612567901611328e-01
3.555983603000640869e-01
3.550151288509368896e-01
3.276680111885070801e-01
6.835445761680603027e-01
5.999526977539062500e-01
4.160437583923339844e-01
6.639298200607299805e-01
4.737600982189178467e-01
2.283876389265060425e-01
6.491595506668090820e-01
3.247056305408477783e-01
5.052832961082458496e-01
3.293310105800628662e-01
5.079119205474853516e-01
3.937074542045593262e-01
4.470403492450714111e-01
3.766845166683197021e-01
4.232831895351409912e-01
4.397372603416442871e-01
3.929547965526580811e-01
4.968693852424621582e-01
5.507392287254333496e-01
5.005788803100585938e-01
3.535209000110626221e-01
4.780696034431457520e-01
3.908237814903259277e-01
2.225693911314010620e-01
5.696722269058227539e-01
3.326752781867980957e-01
3.451986908912658691e-01
2.619055807590484619e-01
7.792125940322875977e-01
5.379757285118103027e-01
5.859433412551879883e-01
3.623541593551635742e-01
3.361452817916870117e-01
4.280899465084075928e-01
6.339344382286071777e-01
5.846275091171264648e-01
5.399469137191772461e-01
3.082221746444702148e-01
6.145142316818237305e-01
3.769145011901855469e-01
4.995400607585906982e-01
3.663958907127380371e-01
5.675218105316162109e-01
6.021206378936767578e-01
3.983639478683471680e-01
4.817503392696380615e-01
4.831333160400390625e-01
4.866740107536315918e-01
3.580610454082489014e-01
6.091573834419250488e-01
6.779825091361999512e-01
3.740938305854797363e-01
4.815213084220886230e-01
5.202491283416748047e-01
5.143871307373046875e-01
5.984262824058532715e-01
6.507024168968200684e-01
3.334099352359771729e-01
4.402401447296142578e-01
5.188617110252380371e-01
5.019528269767761230e-01
5.781775712966918945e-01
4.925644695758819580e-01
3.724976778030395508e-01
4.163855612277984619e-01
2.892799079418182373e-01
5.542388558387756348e-01
4.258907437324523926e-01
4.619216322898864746e-01
5.748010277748107910e-01
4.590275287628173828e-01
6.405130624771118164e-01
4.491854310035705566e-01
3.500123023986816406e-01
1.915768384933471680e-01
3.388679921627044678e-01
5.112782120704650879e-01
4.550441205501556396e-01
5.462463498115539551e-01
5.031523108482360840e-01
4.382626414299011230e-01
4.190590381622314453e-01
3.672940135002136230e-01
3.378868103027343750e-01
2.617702186107635498e-01
4.596046507358551025e-01
4.369721710681915283e-01
3.555006086826324463e-01
5.339671373367309570e-01
5.894743204116821289e-01
4.010487198829650879e-01
4.989334046840667725e-01
3.203723430633544922e-01
5.930367708206176758e-01
2.041161209344863892e-01
4.551342129707336426e-01
3.430123329162597656e-01
3.551991283893585205e-01
5.877583026885986328e-01
4.072978794574737549e-01
3.511890470981597900e-01
5.068284869194030762e-01
7.212575078010559082e-01
3.642998933792114258e-01
4.524071216583251953e-01
3.645482659339904785e-01
4.276672601699829102e-01
4.718100726604461670e-01
2.689597606658935547e-01
5.742706656455993652e-01
4.115630984306335449e-01
3.912363648414611816e-01
4.445931911468505859e-01
3.875054717063903809e-01
4.666074514389038086e-01
3.423239290714263916e-01
5.017394423484802246e-01
3.862040042877197266e-01
4.242818951606750488e-01
3.055244386196136475e-01
3.865204751491546631e-01
3.823921978473663330e-01
6.036370396614074707e-01
4.688047170639038086e-01
3.726234734058380127e-01
6.279873847961425781e-01
4.677842855453491211e-01
5.686131715774536133e-01
4.443078637123107910e-01
6.027135252952575684e-01
4.167123734951019287e-01
4.729249477386474609e-01
4.513804614543914795e-01
5.964881777763366699e-01
5.544925332069396973e-01
4.614501595497131348e-01
4.685546457767486572e-01
3.480768501758575439e-01
4.208835959434509277e-01
3.249834477901458740e-01
6.109416484832763672e-01
7.682127356529235840e-01
4.732281267642974854e-01
6.212092638015747070e-01
5.040782690048217773e-01
5.767148733139038086e-01
5.251527428627014160e-01
4.686398804187774658e-01
8.743389248847961426e-01
6.198846697807312012e-01
5.573230981826782227e-01
5.212852358818054199e-01
4.105687141418457031e-01
5.315067172050476074e-01
4.379672408103942871e-01
4.189099967479705811e-01
4.346685707569122314e-01
4.393344521522521973e-01
2.459670007228851318e-01
4.481308460235595703e-01
5.740568041801452637e-01
5.153967142105102539e-01
5.290846228599548340e-01
3.336437344551086426e-01
3.911099433898925781e-01
3.293523192405700684e-01
4.054076373577117920e-01
3.868681490421295166e-01
4.153850376605987549e-01
4.597929716110229492e-01
2.455327361822128296e-01
4.284316599369049072e-01
7.125681042671203613e-01
1.940703392028808594e-01
4.052944481372833252e-01
4.296175241470336914e-01
2.030012309551239014e-01
6.822627782821655273e-01
5.043465495109558105e-01
4.025958478450775146e-01
5.042095184326171875e-01
4.883733689785003662e-01
4.115420579910278320e-01
3.982132077217102051e-01
5.328322052955627441e-01
3.673588931560516357e-01
3.972865045070648193e-01
4.528754055500030518e-01
3.491544723510742188e-01
3.564159274101257324e-01
7.037721276283264160e-01
2.425549328327178955e-01
2.017145156860351562e-01
5.576447248458862305e-01
3.962816894054412842e-01
4.594024717807769775e-01
3.427309393882751465e-01
4.433958828449249268e-01
4.192897975444793701e-01
3.646662235260009766e-01
4.552199244499206543e-01
2.578159570693969727e-01
5.118592977523803711e-01
3.819645643234252930e-01
3.019025921821594238e-01
4.930353462696075439e-01
6.244564056396484375e-01
4.362702667713165283e-01
2.820934057235717773e-01
3.579788804054260254e-01
3.174497187137603760e-01
5.702240467071533203e-01
5.591963529586791992e-01
4.084850847721099854e-01
2.663283050060272217e-01
3.563273549079895020e-01
3.061541616916656494e-01
4.410435557365417480e-01
3.380024731159210205e-01
5.541921257972717285e-01
3.344359695911407471e-01
3.393007218837738037e-01
4.411619901657104492e-01
5.491755008697509766e-01
2.804262042045593262e-01
3.115438818931579590e-01
3.658611476421356201e-01
7.371195554733276367e-01
4.768938124179840088e-01
4.771439731121063232e-01
3.696845173835754395e-01
6.037309169769287109e-01
5.328105092048645020e-01
4.521746337413787842e-01
5.112708806991577148e-01
2.789062559604644775e-01
3.656236231327056885e-01
3.729971051216125488e-01
4.818136692047119141e-01
4.658251702785491943e-01
4.250230193138122559e-01
4.331724643707275391e-01
2.541060745716094971e-01
3.581455051898956299e-01
8.394816517829895020e-01
7.721926569938659668e-01
4.229647815227508545e-01
4.431155622005462646e-01
4.203072786331176758e-01
3.329082131385803223e-01
2.595961689949035645e-01
2.722799181938171387e-01
5.534489750862121582e-01
4.216681122779846191e-01
5.616166591644287109e-01
3.224715292453765869e-01
3.587407767772674561e-01
3.906653225421905518e-01
4.484643638134002686e-01
5.115910768508911133e-01
3.027725219726562500e-01
4.501290321350097656e-01
5.738137960433959961e-01
3.415130078792572021e-01
2.264945060014724731e-01
2.194422930479049683e-01
6.055865287780761719e-01
3.776872456073760986e-01
2.722132503986358643e-01
4.605466425418853760e-01
1.398731321096420288e-01
3.900412321090698242e-01
3.680621981620788574e-01
3.471218347549438477e-01
4.443290829658508301e-01
4.950262308120727539e-01
2.892089486122131348e-01
6.003305315971374512e-01
2.977684736251831055e-01
6.835300326347351074e-01
2.362485677003860474e-01
4.130048155784606934e-01
5.697990059852600098e-01
3.514410853385925293e-01
4.708877205848693848e-01
5.563210248947143555e-01
3.400797843933105469e-01
4.000882208347320557e-01
3.507703840732574463e-01
3.071114420890808105e-01
3.762232661247253418e-01
4.204383790493011475e-01
3.790835142135620117e-01
6.318054795265197754e-01
4.018320441246032715e-01
6.334776282310485840e-01
3.963186740875244141e-01
4.319922924041748047e-01
5.587561130523681641e-01
6.012769341468811035e-01
8.577668666839599609e-01
6.997177600860595703e-01
4.559490978717803955e-01
4.581581354141235352e-01
5.278618335723876953e-01
4.820982813835144043e-01
4.483712911605834961e-01
5.269934535026550293e-01
3.504665791988372803e-01
3.271765112876892090e-01
2.963289618492126465e-01
3.027238845825195312e-01
2.220571786165237427e-01
6.056975722312927246e-01
3.389920890331268311e-01
3.689408004283905029e-01
3.148683607578277588e-01
4.502261877059936523e-01
2.612255811691284180e-01
5.217570066452026367e-01
3.000447750091552734e-01
3.123995661735534668e-01
5.436433553695678711e-01
4.115828275680541992e-01
2.404961287975311279e-01
2.089972794055938721e-01
3.642733991146087646e-01
3.627414703369140625e-01
3.208265006542205811e-01
2.288466095924377441e-01
2.211589962244033813e-01
3.706991672515869141e-01
3.020205497741699219e-01
3.747609853744506836e-01
4.279161095619201660e-01
3.066025972366333008e-01
1.836655735969543457e-01
2.619660496711730957e-01
4.174520969390869141e-01
3.052561581134796143e-01
4.619672298431396484e-01
3.655189275741577148e-01
4.085561633110046387e-01
3.785881996154785156e-01
2.024629861116409302e-01
3.010098040103912354e-01
1.937198936939239502e-01
2.660233080387115479e-01
3.143003880977630615e-01
1.916882842779159546e-01
2.676426470279693604e-01
2.747893333435058594e-01
2.733818590641021729e-01
3.010526001453399658e-01
2.950769364833831787e-01
2.029104530811309814e-01
3.211574554443359375e-01
2.727229297161102295e-01
2.097653001546859741e-01
1.258524656295776367e-01
2.421039640903472900e-01
3.466489017009735107e-01
6.686214208602905273e-01
3.677368164062500000e-01
4.783675670623779297e-01
5.811898708343505859e-01
1.775373965501785278e-01
2.311333268880844116e-01
3.557000160217285156e-01
3.225819766521453857e-01
2.824318408966064453e-01
2.643334865570068359e-01
4.902699887752532959e-01
2.594353556632995605e-01
2.936578691005706787e-01
4.112699627876281738e-01
4.765677452087402344e-01
2.575670182704925537e-01
3.805153667926788330e-01
3.145570456981658936e-01
3.731175065040588379e-01
2.083419114351272583e-01
4.045539796352386475e-01
2.605774998664855957e-01
3.075283467769622803e-01
2.700105309486389160e-01
4.284438490867614746e-01
3.863026797771453857e-01
2.112614363431930542e-01
2.417535781860351562e-01
4.260256588459014893e-01
4.607442021369934082e-01
4.424289762973785400e-01
2.127109915018081665e-01
3.047913312911987305e-01
3.096046447753906250e-01
2.433984279632568359e-01
3.363909721374511719e-01
2.650426030158996582e-01
1.941427141427993774e-01
3.276653885841369629e-01
4.538367092609405518e-01
1.875505447387695312e-01
2.427448928356170654e-01
3.326810598373413086e-01
3.656549453735351562e-01
2.333490103483200073e-01
2.685893774032592773e-01
3.948243856430053711e-01
5.991970300674438477e-01
2.519430518150329590e-01
2.478009164333343506e-01
2.355876564979553223e-01
2.517658770084381104e-01
4.062243700027465820e-01
1.654761582612991333e-01
3.275583386421203613e-01
1.577614396810531616e-01
3.047789633274078369e-01
2.422482073307037354e-01
5.262184143066406250e-01
2.420029640197753906e-01
1.673211604356765747e-01
3.710783421993255615e-01
2.062345445156097412e-01
2.566510736942291260e-01
5.475576519966125488e-01
2.619936466217041016e-01
4.222272336483001709e-01
2.710991203784942627e-01
2.596714794635772705e-01
2.609489858150482178e-01
3.460212349891662598e-01
4.284857809543609619e-01
3.357241153717041016e-01
1.773206591606140137e-01
3.482493758201599121e-01
2.815400063991546631e-01
2.982014119625091553e-01
8.325362205505371094e-02
3.024963736534118652e-01
2.604693174362182617e-01
2.143163532018661499e-01
3.470575511455535889e-01
3.411770462989807129e-01
3.214361071586608887e-01
2.525990605354309082e-01
4.572828412055969238e-01
3.467549681663513184e-01
2.953554987907409668e-01
5.772305727005004883e-01
3.452050089836120605e-01
4.006873369216918945e-01
3.133745789527893066e-01
3.241934478282928467e-01
4.790048599243164062e-01
3.468451797962188721e-01
3.473802208900451660e-01
4.881950020790100098e-01
3.580183088779449463e-01
3.340706527233123779e-01
3.248606324195861816e-01
3.070930838584899902e-01
4.185233116149902344e-01
2.878749966621398926e-01
2.729660868644714355e-01
4.774550199508666992e-01
3.642548918724060059e-01
3.413487374782562256e-01
2.594476342201232910e-01
4.775245785713195801e-01
3.269397318363189697e-01
3.459793329238891602e-01
4.670042693614959717e-01
3.710114359855651855e-01
3.499796688556671143e-01
3.155655562877655029e-01
4.211308658123016357e-01
2.782760858535766602e-01
4.006674587726593018e-01
3.001106083393096924e-01
3.844511508941650391e-01
3.523446619510650635e-01
2.854416668415069580e-01
3.769410550594329834e-01
2.375551313161849976e-01
1.954214721918106079e-01
3.384722471237182617e-01
4.822569191455841064e-01
2.288786619901657104e-01
3.557911217212677002e-01
3.108085095882415771e-01
3.179276883602142334e-01
1.767394244670867920e-01
1.538802236318588257e-01
3.488088250160217285e-01
5.771262645721435547e-01
2.190596163272857666e-01
1.238030791282653809e-01
5.939688682556152344e-01
5.069525837898254395e-01
3.673388659954071045e-01
5.238370895385742188e-01
2.790917754173278809e-01
3.168337941169738770e-01
3.421705961227416992e-01
3.764645457267761230e-01
2.177899628877639771e-01
3.068290054798126221e-01
4.064017534255981445e-01
4.909452497959136963e-01
3.190856277942657471e-01
3.455424904823303223e-01
4.668404161930084229e-01
2.851057648658752441e-01
2.343487441539764404e-01
3.068309724330902100e-01
3.003235757350921631e-01
2.803317606449127197e-01
3.522116541862487793e-01
2.397895008325576782e-01
1.894146502017974854e-01
3.347439467906951904e-01
3.382286727428436279e-01
1.839976310729980469e-01
4.577181041240692139e-01
4.468193650245666504e-01
2.301710844039916992e-01
4.231297969818115234e-01
2.047153562307357788e-01
4.832704663276672363e-01
3.419176638126373291e-01
5.060083270072937012e-01
2.166714817285537720e-01
2.829337120056152344e-01
5.094019770622253418e-01
1.665710210800170898e-01
4.438729584217071533e-01
3.329190015792846680e-01
2.655557990074157715e-01
3.341755867004394531e-01
3.517744243144989014e-01
5.195215344429016113e-01
3.263044357299804688e-01
3.732968568801879883e-01
2.581488490104675293e-01
6.029525399208068848e-01
1.588124483823776245e-01
4.222506582736968994e-01
2.231675833463668823e-01
1.863794326782226562e-01
2.856617569923400879e-01
2.320284247398376465e-01
2.112491428852081299e-01
4.749965965747833252e-01
2.842792570590972900e-01
2.473294436931610107e-01
1.202720850706100464e-01
3.609607517719268799e-01
3.215641677379608154e-01
3.486963808536529541e-01
2.846938669681549072e-01
3.868506550788879395e-01
2.461036294698715210e-01
3.302747607231140137e-01
4.978448450565338135e-01
2.785648703575134277e-01
1.978320330381393433e-01
3.743742704391479492e-01
4.217759370803833008e-01
3.991833329200744629e-01
4.051573574542999268e-01
3.641653358936309814e-01
4.050160050392150879e-01
1.882921755313873291e-01
2.417991012334823608e-01
5.730862021446228027e-01
3.396938145160675049e-01
2.114468812942504883e-01
2.708880007266998291e-01
2.988110184669494629e-01
1.685132682323455811e-01
3.735091090202331543e-01
3.909896612167358398e-01
3.496842980384826660e-01
2.819949090480804443e-01
2.551736831665039062e-01
2.798710167407989502e-01
4.890452921390533447e-01
3.288720846176147461e-01
3.087428212165832520e-01
3.058327436447143555e-01
2.651147842407226562e-01
3.333625793457031250e-01
3.290251791477203369e-01
2.337565273046493530e-01
3.860709667205810547e-01
3.169311285018920898e-01
3.258493542671203613e-01
2.312526851892471313e-01
1.924663186073303223e-01
3.472814261913299561e-01
2.423708438873291016e-01
4.230621755123138428e-01
2.684847712516784668e-01
3.544851243495941162e-01
4.165370464324951172e-01
3.985587358474731445e-01
4.051915407180786133e-01
2.237762659788131714e-01
2.415367811918258667e-01
4.456654787063598633e-01
1.944657713174819946e-01
3.360170423984527588e-01
2.658511400222778320e-01
3.742920756340026855e-01
2.392294853925704956e-01
2.661837339401245117e-01
3.260239958763122559e-01
3.526754975318908691e-01
5.662945508956909180e-01
2.012388110160827637e-01
3.062842488288879395e-01
3.145701885223388672e-01
3.284123539924621582e-01
2.425337135791778564e-01
5.139487385749816895e-01
4.804987907409667969e-01
4.801830947399139404e-01
3.249430954456329346e-01
2.886236310005187988e-01
2.916472554206848145e-01
3.307007253170013428e-01
3.974529802799224854e-01
4.100870788097381592e-01
2.196306139230728149e-01
9.732657670974731445e-02
2.652644515037536621e-01
4.590897262096405029e-01
3.020807802677154541e-01
2.801702618598937988e-01
5.260170698165893555e-01
2.404055893421173096e-01
2.487197667360305786e-01
3.200188577175140381e-01
4.356241226196289062e-01
3.800408542156219482e-01
4.431210160255432129e-01
4.362367391586303711e-01
6.294464468955993652e-01
3.317062258720397949e-01
3.597881793975830078e-01
4.478048682212829590e-01
2.253276705741882324e-01
1.874472200870513916e-01
3.991593122482299805e-01
4.024950563907623291e-01
1.629360616207122803e-01
3.844025433063507080e-01
3.678535521030426025e-01
2.996928989887237549e-01
4.542137980461120605e-01
2.843644022941589355e-01
2.942852377891540527e-01
1.900043785572052002e-01
4.778447747230529785e-01
3.968930542469024658e-01
1.949809491634368896e-01
1.687429547309875488e-01
2.930877208709716797e-01
7.502034306526184082e-01
3.195865452289581299e-01
2.435855865478515625e-01
2.628391981124877930e-01
1.771902143955230713e-01
3.544178605079650879e-01
4.555075466632843018e-01
4.497448503971099854e-01
1.772367954254150391e-01
2.910838723182678223e-01
4.014936089515686035e-01
4.488184750080108643e-01
5.995794534683227539e-01
3.034354150295257568e-01
5.528308749198913574e-01
3.667164146900177002e-01
2.181647717952728271e-01
3.288185298442840576e-01
4.956085681915283203e-01
3.262410759925842285e-01
4.283987283706665039e-01
5.689686536788940430e-01
2.403752505779266357e-01
3.092702329158782959e-01
3.466940522193908691e-01
4.100577831268310547e-01
4.680328369140625000e-01
4.768011271953582764e-01
5.339185595512390137e-01
3.477370738983154297e-01
2.352561950683593750e-01
5.491586923599243164e-01
4.448433220386505127e-01
4.152138531208038330e-01
3.828075826168060303e-01
4.897266924381256104e-01
2.928610444068908691e-01
3.589237928390502930e-01
5.625507831573486328e-01
4.004345536231994629e-01
2.843340337276458740e-01
3.108743429183959961e-01
3.486068546772003174e-01
3.168788850307464600e-01
2.246368974447250366e-01
5.083069801330566406e-01
1.778086870908737183e-01
3.351833522319793701e-01
4.584337770938873291e-01
4.013443291187286377e-01
3.803678452968597412e-01
2.404628545045852661e-01
3.376062512397766113e-01
4.274397194385528564e-01
4.905942678451538086e-01
4.468759894371032715e-01
6.967304348945617676e-01
3.956457376480102539e-01
4.160616099834442139e-01
3.632645606994628906e-01
2.313274741172790527e-01
3.254774808883666992e-01
7.206918001174926758e-01
1.920705139636993408e-01
2.964179217815399170e-01
4.406674206256866455e-01
3.094398379325866699e-01
2.344673722982406616e-01
3.764917850494384766e-01
3.666256964206695557e-01
2.886795401573181152e-01
1.972965300083160400e-01
2.194822579622268677e-01
5.507783293724060059e-01
3.936375379562377930e-01
1.661795228719711304e-01
3.755735456943511963e-01
2.744321525096893311e-01
1.715335696935653687e-01
3.608093261718750000e-01
4.225732088088989258e-01
6.602874994277954102e-01
2.976996302604675293e-01
4.190084636211395264e-01
3.936119675636291504e-01
3.704625964164733887e-01
2.940513491630554199e-01
2.390968948602676392e-01
3.001967370510101318e-01
3.083708286285400391e-01
3.411229550838470459e-01
2.380707710981369019e-01
3.428163230419158936e-01
4.263127148151397705e-01
3.271310627460479736e-01
3.267706930637359619e-01
3.990631997585296631e-01
3.077827095985412598e-01
3.337412178516387939e-01
3.104752302169799805e-01
3.206828832626342773e-01
2.194557040929794312e-01
2.138461172580718994e-01
3.292261660099029541e-01
4.237286448478698730e-01
4.095678925514221191e-01
2.461149096488952637e-01
3.210761249065399170e-01
2.885335683822631836e-01
3.178623914718627930e-01
4.882685542106628418e-01
1.882883459329605103e-01
3.582211732864379883e-01
3.706777989864349365e-01
3.090234398841857910e-01
1.461839079856872559e-01
4.327079951763153076e-01
3.781915605068206787e-01
3.915241658687591553e-01
2.652801573276519775e-01
5.733300447463989258e-01
2.373711466789245605e-01
4.410715103149414062e-01
5.078216195106506348e-01
2.667550146579742432e-01
3.463418483734130859e-01
1.519264578819274902e-01
3.344127535820007324e-01
1.870235502719879150e-01
2.199684232473373413e-01
3.994834125041961670e-01
3.906646072864532471e-01
2.031855732202529907e-01
4.353139698505401611e-01
2.546313405036926270e-01
2.713167667388916016e-01
3.303399980068206787e-01
3.553654849529266357e-01
1.697266399860382080e-01
6.443858742713928223e-01
4.922661185264587402e-01
3.618796169757843018e-01
1.509211212396621704e-01
2.153095602989196777e-01
2.192972898483276367e-01
4.100647270679473877e-01
5.469661951065063477e-01
4.546073079109191895e-01
3.109384477138519287e-01
3.050427138805389404e-01
3.646981120109558105e-01
3.713494539260864258e-01
5.634017586708068848e-01
2.986319363117218018e-01
3.622498214244842529e-01
4.912971258163452148e-01
4.034287631511688232e-01
4.117569923400878906e-01
4.158260822296142578e-01
3.433011770248413086e-01
3.915820419788360596e-01
2.739665210247039795e-01
4.143250882625579834e-01
4.428093433380126953e-01
5.269488692283630371e-01
4.830393195152282715e-01
1.937977969646453857e-01
2.897366583347320557e-01
3.144296407699584961e-01
2.342307567596435547e-01
2.834958136081695557e-01
4.252484440803527832e-01
5.047772526741027832e-01
3.873491287231445312e-01
3.331833183765411377e-01
2.896790802478790283e-01
3.240032494068145752e-01
3.352988064289093018e-01
2.762026786804199219e-01
3.463951647281646729e-01
3.383292257785797119e-01
2.392390668392181396e-01
5.158517956733703613e-01
4.839510023593902588e-01
2.254239767789840698e-01
4.349716305732727051e-01
3.568898141384124756e-01
6.217681169509887695e-01
2.983260154724121094e-01
2.833851575851440430e-01
1.834281235933303833e-01
2.176816761493682861e-01
3.720574378967285156e-01
4.618865251541137695e-01
4.390905797481536865e-01
3.541844785213470459e-01
3.829575181007385254e-01
3.908024430274963379e-01
4.536939561367034912e-01
3.482623696327209473e-01
3.651645481586456299e-01
5.950553417205810547e-01
2.268875390291213989e-01
1.877114772796630859e-01
2.865514159202575684e-01
4.247178733348846436e-01
3.234658241271972656e-01
3.586576282978057861e-01
3.572489023208618164e-01
4.181734323501586914e-01
5.217141509056091309e-01
3.251924216747283936e-01
2.364359796047210693e-01
5.131808519363403320e-01
2.805429100990295410e-01
3.730807900428771973e-01
3.477020263671875000e-01
1.574272364377975464e-01
2.353197634220123291e-01
3.342120051383972168e-01
2.418843656778335571e-01
4.367298483848571777e-01
3.159327507019042969e-01
3.050981462001800537e-01
2.764993011951446533e-01
2.755292057991027832e-01
4.237888157367706299e-01
4.719354808330535889e-01
3.089213371276855469e-01
3.593729436397552490e-01
3.638508021831512451e-01
3.808149397373199463e-01
5.285061597824096680e-01
2.325684130191802979e-01
1.885684579610824585e-01
2.571829557418823242e-01
2.901757061481475830e-01
6.998845934867858887e-01
3.523794710636138916e-01
2.352207154035568237e-01
2.590577304363250732e-01
3.569732904434204102e-01
4.846141636371612549e-01
3.174919188022613525e-01
3.646014332771301270e-01
4.184051752090454102e-01
4.060919880867004395e-01
2.846971452236175537e-01
4.464579522609710693e-01
3.614134788513183594e-01
5.635643005371093750e-01
4.814256727695465088e-01
2.768190503120422363e-01
4.157643020153045654e-01
5.191417336463928223e-01
5.845675468444824219e-01
2.919009327888488770e-01
4.624326527118682861e-01
1.995844691991806030e-01
2.654770016670227051e-01
3.776608109474182129e-01
3.871459364891052246e-01
4.002012610435485840e-01
4.753237068653106689e-01
2.691154181957244873e-01
4.092901647090911865e-01
3.308737874031066895e-01
1.842520982027053833e-01
3.325607478618621826e-01
2.534572482109069824e-01
3.382007479667663574e-01
3.132623434066772461e-01
2.999322116374969482e-01
2.134090214967727661e-01
3.402698636054992676e-01
3.106617629528045654e-01
4.390406608581542969e-01
2.776890397071838379e-01
4.003905057907104492e-01
2.800630629062652588e-01
2.437692880630493164e-01
3.327787518501281738e-01
3.761373758316040039e-01
3.416371941566467285e-01
4.071131348609924316e-01
4.020392894744873047e-01
5.027496814727783203e-01
4.928786754608154297e-01
3.325992226600646973e-01
3.952575325965881348e-01
3.410876989364624023e-01
4.441638290882110596e-01
4.102456867694854736e-01
4.478166997432708740e-01
5.082537531852722168e-01
1.878504902124404907e-01
3.932819962501525879e-01
2.735874354839324951e-01
3.545602858066558838e-01
3.415818214416503906e-01
5.511730313301086426e-01
3.376829624176025391e-01
2.067473679780960083e-01
3.111423254013061523e-01
4.422323703765869141e-01
2.156940549612045288e-01
3.474759161472320557e-01
5.120411515235900879e-01
5.139145851135253906e-01
4.714629054069519043e-01
3.428478837013244629e-01
4.235320985317230225e-01
3.690402209758758545e-01
2.741044163703918457e-01
3.570052087306976318e-01
3.959547877311706543e-01
2.508022487163543701e-01
2.653340995311737061e-01
2.653284966945648193e-01
3.383942842483520508e-01
3.539005815982818604e-01
5.037605762481689453e-01
3.479013144969940186e-01
5.713752508163452148e-01
3.102684020996093750e-01
4.692303538322448730e-01
2.948874533176422119e-01
3.080303370952606201e-01
2.375456243753433228e-01
2.708520293235778809e-01
3.684079349040985107e-01
4.636127948760986328e-01
4.991753101348876953e-01
3.604995012283325195e-01
3.393199145793914795e-01
3.096633255481719971e-01
3.344650268554687500e-01
3.657900989055633545e-01
1.419186741113662720e-01
2.658538818359375000e-01
3.279537260532379150e-01
3.753008842468261719e-01
2.118701636791229248e-01
5.637935400009155273e-01
4.013146460056304932e-01
2.915306091308593750e-01
3.268795311450958252e-01
1.872622519731521606e-01
3.416352570056915283e-01
2.797186076641082764e-01
3.336197733879089355e-01
2.742562890052795410e-01
3.199480175971984863e-01
2.036985009908676147e-01
2.975011765956878662e-01
4.408751428127288818e-01
2.894679009914398193e-01
4.442145526409149170e-01
4.463264048099517822e-01
5.031080842018127441e-01
2.299572825431823730e-01
2.175210416316986084e-01
2.283650487661361694e-01
3.127694427967071533e-01
3.561933338642120361e-01
3.362861275672912598e-01
3.705552518367767334e-01
2.498113811016082764e-01
4.459707736968994141e-01
3.208584189414978027e-01
3.281883001327514648e-01
4.036508202552795410e-01
3.022270798683166504e-01
3.398494720458984375e-01
3.220055401325225830e-01
3.017602860927581787e-01
4.704210758209228516e-01
5.745087862014770508e-01
3.656064271926879883e-01
3.014802336692810059e-01
2.669850885868072510e-01
1.802468299865722656e-01
4.295699596405029297e-01
4.611964821815490723e-01
2.134735286235809326e-01
2.650250792503356934e-01
2.876302599906921387e-01
3.433877527713775635e-01
4.730470478534698486e-01
1.929306387901306152e-01
2.495471537113189697e-01
3.622849881649017334e-01
3.663595616817474365e-01
4.101018905639648438e-01
5.225605964660644531e-01
3.811819553375244141e-01
5.519654750823974609e-01
6.222145557403564453e-01
3.581045567989349365e-01
4.131164252758026123e-01
4.017708301544189453e-01
3.048241734504699707e-01
3.672552108764648438e-01
4.167665541172027588e-01
2.940714955329895020e-01
3.670861721038818359e-01
2.705479562282562256e-01
5.159106850624084473e-01
3.753652274608612061e-01
3.640450239181518555e-01
4.798712432384490967e-01
4.521567225456237793e-01
3.414436280727386475e-01
3.443890511989593506e-01
1.884777545928955078e-01
5.871477127075195312e-01
3.470409512519836426e-01
3.598032891750335693e-01
3.781023621559143066e-01
3.628399074077606201e-01
3.614489138126373291e-01
5.917024612426757812e-01
1.679884642362594604e-01
3.378728628158569336e-01
1.791420876979827881e-01
2.575321793556213379e-01
2.366474270820617676e-01
3.001850843429565430e-01
2.040954381227493286e-01
4.078357219696044922e-01
3.375622928142547607e-01
3.970297873020172119e-01
1.911986321210861206e-01
2.907868921756744385e-01
2.320062071084976196e-01
1.786765754222869873e-01
1.656244844198226929e-01
1.741993874311447144e-01
1.522645950317382812e-01
2.391887009143829346e-01
2.221651971340179443e-01
2.457034885883331299e-01
1.265051662921905518e-01
2.519118189811706543e-01
2.376408576965332031e-01
1.903177648782730103e-01
2.472935616970062256e-01
1.512833535671234131e-01
2.236689925193786621e-01
3.510131239891052246e-01
1.216018721461296082e-01
2.667547762393951416e-01
2.605098187923431396e-01
2.062015384435653687e-01
2.241026312112808228e-01
2.275235950946807861e-01
3.645365834236145020e-01
2.587924301624298096e-01
2.593749761581420898e-01
2.290555834770202637e-01
2.684740424156188965e-01
4.053156375885009766e-01
1.680194586515426636e-01
1.202034205198287964e-01
2.449490129947662354e-01
1.545692533254623413e-01
2.607459723949432373e-01
2.418845891952514648e-01
1.313569694757461548e-01
1.729997545480728149e-01
1.585602313280105591e-01
1.127279847860336304e-01
1.693817824125289917e-01
1.416742950677871704e-01
1.794439405202865601e-01
2.806777060031890869e-01
2.773808836936950684e-01
2.390441596508026123e-01
3.424188494682312012e-01
2.044727057218551636e-01
1.827773153781890869e-01
1.767984479665756226e-01
2.620867490768432617e-01
1.794966012239456177e-01
1.772094964981079102e-01
4.879198074340820312e-01
1.296895444393157959e-01
2.261908054351806641e-01
1.803235709667205811e-01
2.017887532711029053e-01
2.472351193428039551e-01
2.401609420776367188e-01
3.602269291877746582e-01
3.078562021255493164e-01
4.503044784069061279e-01
2.255228459835052490e-01
2.055195868015289307e-01
1.946040093898773193e-01
2.951645851135253906e-01
2.313421368598937988e-01
2.219359725713729858e-01
9.404054284095764160e-02
3.192907571792602539e-01
3.533298969268798828e-01
3.201046586036682129e-01
2.752157151699066162e-01
2.922060191631317139e-01
4.848851263523101807e-01
2.230798006057739258e-01
2.655149996280670166e-01
3.109441995620727539e-01
2.438824623823165894e-01
2.510899007320404053e-01
2.323596477508544922e-01
2.329282909631729126e-01
2.620261609554290771e-01
1.524631083011627197e-01
3.456048965454101562e-01
3.005109131336212158e-01
2.162259668111801147e-01
3.479795455932617188e-01
1.564065665006637573e-01
2.589092552661895752e-01
1.428798884153366089e-01
1.756901741027832031e-01
2.251298427581787109e-01
2.522761523723602295e-01
3.114475011825561523e-01
2.524411082267761230e-01
2.622955441474914551e-01
3.542537689208984375e-01
4.666798114776611328e-01
2.804021835327148438e-01
3.034957647323608398e-01
2.540153563022613525e-01
1.841211169958114624e-01
1.835124194622039795e-01
1.469969451427459717e-01
3.381828963756561279e-01
1.720065921545028687e-01
2.644936144351959229e-01
3.174515068531036377e-01
3.445801734924316406e-01
7.233092933893203735e-02
2.011860609054565430e-01
1.929198950529098511e-01
2.719506323337554932e-01
3.297087550163269043e-01
3.393216729164123535e-01
1.706619858741760254e-01
3.903037011623382568e-01
1.955597847700119019e-01
3.242707252502441406e-01
1.995354294776916504e-01
2.055159956216812134e-01
4.595440626144409180e-01
3.149951696395874023e-01
2.428718954324722290e-01
2.860725522041320801e-01
6.010420322418212891e-01
3.664279580116271973e-01
2.279214560985565186e-01
2.782917916774749756e-01
2.485872507095336914e-01
1.346067488193511963e-01
1.047869324684143066e-01
2.229573130607604980e-01
3.390649557113647461e-01
2.139892876148223877e-01
3.310830295085906982e-01
2.120398133993148804e-01
2.973780035972595215e-01
1.895985156297683716e-01
1.209567636251449585e-01
2.336818128824234009e-01
3.152130842208862305e-01
3.200628757476806641e-01
2.584919035434722900e-01
1.692610234022140503e-01
2.701705992221832275e-01
2.162271291017532349e-01
1.882673650979995728e-01
2.253031283617019653e-01
1.333075314760208130e-01
2.538468241691589355e-01
2.628301978111267090e-01
3.568620979785919189e-01
1.925620138645172119e-01
2.053969651460647583e-01
1.453193426132202148e-01
4.131836891174316406e-01
2.131502777338027954e-01
5.690731406211853027e-01
3.444195687770843506e-01
3.653081655502319336e-01
1.378247886896133423e-01
1.887124478816986084e-01
2.396607846021652222e-01
1.747033596038818359e-01
4.226720929145812988e-01
3.375036418437957764e-01
3.538965582847595215e-01
2.364751845598220825e-01
2.469324916601181030e-01
1.567282676696777344e-01
2.360886931419372559e-01
3.826838731765747070e-01
2.512871026992797852e-01
4.568989872932434082e-01
2.564035654067993164e-01
4.109541177749633789e-01
3.871059715747833252e-01
2.549519240856170654e-01
2.338372170925140381e-01
2.157894223928451538e-01
1.642500311136245728e-01
1.285148561000823975e-01
2.520626485347747803e-01
1.534966528415679932e-01
1.762249320745468140e-01
3.546418547630310059e-01
3.113475739955902100e-01
2.122529596090316772e-01
1.772792935371398926e-01
1.118367314338684082e-01
3.182908892631530762e-01
2.570301592350006104e-01
1.343689709901809692e-01
1.401171684265136719e-01
1.589922010898590088e-01
2.220528125762939453e-01
2.545832991600036621e-01
3.408321142196655273e-01
2.665144205093383789e-01
1.717206388711929321e-01
1.576270312070846558e-01
2.659310996532440186e-01
9.368389099836349487e-02
2.969816327095031738e-01
1.658957004547119141e-01
1.592661887407302856e-01
1.571582257747650146e-01
1.810160577297210693e-01
3.091187179088592529e-01
2.065963298082351685e-01
1.720409244298934937e-01
2.695640325546264648e-01
3.680709302425384521e-01
1.197770833969116211e-01
2.100641131401062012e-01
2.881946265697479248e-01
3.368325233459472656e-01
1.715876162052154541e-01
2.478926628828048706e-01
3.340312838554382324e-01
2.260043025016784668e-01
9.228454530239105225e-02
1.968105286359786987e-01
2.711314260959625244e-01
2.087290436029434204e-01
1.966367214918136597e-01
1.513354480266571045e-01
3.868737816810607910e-01
1.123369485139846802e-01
1.058561280369758606e-01
1.282884627580642700e-01
1.827441304922103882e-01
2.366953343152999878e-01
2.463673204183578491e-01
2.242286652326583862e-01
1.759478151798248291e-01
2.672770917415618896e-01
1.698810309171676636e-01
8.771894872188568115e-02
2.160185277462005615e-01
2.047566920518875122e-01
1.651513427495956421e-01
9.152656793594360352e-02
1.504669934511184692e-01
4.477859437465667725e-01
4.149715006351470947e-01
4.158370196819305420e-01
1.492427289485931396e-01
1.581825166940689087e-01
3.560970723628997803e-01
2.126381695270538330e-01
2.593200206756591797e-01
2.898516952991485596e-01
1.437812745571136475e-01
1.700321137905120850e-01
2.288897484540939331e-01
2.870808839797973633e-01
2.582334876060485840e-01
2.088507115840911865e-01
2.508567571640014648e-01
1.430651396512985229e-01
1.915820986032485962e-01
2.567429840564727783e-01
1.318176090717315674e-01
1.317591965198516846e-01
1.718685030937194824e-01
3.609890937805175781e-01
3.347224295139312744e-01
1.755977869033813477e-01
2.133311331272125244e-01
2.255923897027969360e-01
1.695185154676437378e-01
3.351955115795135498e-01
1.407064348459243774e-01
1.928156763315200806e-01
2.747012078762054443e-01
9.585146605968475342e-02
3.312596976757049561e-01
2.911707758903503418e-01
1.670464873313903809e-01
2.111469805240631104e-01
2.621391415596008301e-01
1.313004493713378906e-01
2.308770269155502319e-01
2.388657480478286743e-01
3.921367526054382324e-01
3.366304636001586914e-01
2.595836520195007324e-01
1.450393050909042358e-01
2.125599384307861328e-01
2.709430754184722900e-01
3.357772529125213623e-01
2.957541346549987793e-01
4.396049380302429199e-01
2.376805096864700317e-01
3.139073252677917480e-01
3.008512854576110840e-01
1.371822059154510498e-01
3.536408245563507080e-01
1.857605278491973877e-01
2.456562370061874390e-01
3.539106547832489014e-01
2.415183335542678833e-01
3.261456489562988281e-01
1.356506943702697754e-01
2.837395668029785156e-01
1.781391203403472900e-01
2.183140814304351807e-01
1.542877405881881714e-01
2.787714898586273193e-01
3.872143030166625977e-01
2.730176448822021484e-01
3.964086771011352539e-01
3.106987178325653076e-01
2.472229748964309692e-01
1.530252099037170410e-01
2.225603759288787842e-01
1.807157993316650391e-01
1.795499771833419800e-01
3.792698681354522705e-01
1.921478658914566040e-01
4.142195284366607666e-01
1.284221410751342773e-01
2.947166264057159424e-01
2.785865664482116699e-01
1.681848764419555664e-01
4.070723354816436768e-01
1.444165259599685669e-01
3.489409685134887695e-01
3.000400662422180176e-01
3.402942419052124023e-01
4.232401251792907715e-01
3.116457462310791016e-01
2.267020493745803833e-01
2.894135117530822754e-01
1.861725747585296631e-01
3.871102035045623779e-01
3.263196945190429688e-01
2.585974335670471191e-01
1.890667825937271118e-01
2.533914148807525635e-01
3.056431710720062256e-01
2.176923751831054688e-01
3.023160696029663086e-01
1.074682027101516724e-01
2.326554507017135620e-01
2.309549897909164429e-01
3.101205825805664062e-01
2.169563621282577515e-01
3.620796799659729004e-01
2.798374891281127930e-01
4.367206692695617676e-01
3.417184650897979736e-01
2.847673892974853516e-01
3.759380877017974854e-01
3.450586795806884766e-01
2.693217098712921143e-01
2.062077671289443970e-01
2.553355991840362549e-01
4.283354282379150391e-01
4.971155822277069092e-01
2.643645703792572021e-01
2.519586086273193359e-01
3.599469959735870361e-01
3.352141082286834717e-01
4.334997236728668213e-01
1.441780030727386475e-01
3.272675275802612305e-01
1.842823177576065063e-01
2.342119514942169189e-01
3.399400413036346436e-01
2.164755463600158691e-01
2.780798673629760742e-01
2.389367371797561646e-01
2.149937152862548828e-01
1.756250411272048950e-01
2.655928134918212891e-01
1.969214975833892822e-01
2.495698034763336182e-01
2.988690733909606934e-01
5.679250359535217285e-01
3.339585959911346436e-01
3.845258653163909912e-01
1.601449102163314819e-01
2.381289452314376831e-01
1.124308928847312927e-01
3.463125824928283691e-01
4.779096841812133789e-01
2.706747949123382568e-01
5.052628517150878906e-01
3.069359660148620605e-01
1.641540527343750000e-01
9.674005210399627686e-02
1.498640775680541992e-01
1.023489311337471008e-01
4.605555534362792969e-01
1.812419891357421875e-01
2.923800051212310791e-01
3.021686673164367676e-01
2.578204572200775146e-01
2.174273878335952759e-01
2.309504747390747070e-01
2.726918160915374756e-01
1.933233588933944702e-01
1.791290044784545898e-01
2.920264899730682373e-01
2.812099456787109375e-01
2.529294490814208984e-01
1.636251062154769897e-01
2.804188430309295654e-01
3.401741981506347656e-01
1.855988204479217529e-01
1.903584599494934082e-01
1.556889116764068604e-01
4.668718576431274414e-01
3.902055621147155762e-01
2.309182286262512207e-01
3.289363980293273926e-01
3.351095318794250488e-01
2.690233588218688965e-01
2.061444371938705444e-01
1.930597424507141113e-01
3.435840308666229248e-01
1.521909087896347046e-01
5.502571463584899902e-01
3.672957718372344971e-01
3.188474178314208984e-01
2.006054073572158813e-01
2.529586553573608398e-01
3.188091218471527100e-01
3.634418845176696777e-01
2.863075733184814453e-01
1.824078857898712158e-01
2.538739740848541260e-01
3.028744459152221680e-01
3.698564171791076660e-01
1.908167600631713867e-01
4.634952247142791748e-01
4.386075735092163086e-01
3.673215508460998535e-01
1.747864931821823120e-01
1.938490718603134155e-01
2.894133925437927246e-01
1.740899384021759033e-01
2.119679600000381470e-01
2.676453888416290283e-01
3.573306798934936523e-01
3.075576126575469971e-01
3.218812942504882812e-01
3.894041776657104492e-01
2.626458406448364258e-01
2.624219954013824463e-01
2.638318240642547607e-01
3.210678994655609131e-01
2.907664775848388672e-01
1.781200170516967773e-01
2.772750556468963623e-01
4.207025766372680664e-01
2.689493596553802490e-01
1.655865609645843506e-01
3.008337616920471191e-01
1.417574286460876465e-01
2.727860212326049805e-01
1.725599318742752075e-01
4.611519277095794678e-01
3.280428051948547363e-01
2.899563312530517578e-01
1.679302603006362915e-01
2.828204333782196045e-01
2.944219112396240234e-01
3.578966557979583740e-01
3.179328441619873047e-01
2.553909718990325928e-01
5.737512707710266113e-01
3.169542551040649414e-01
3.451254367828369141e-01
3.092398047447204590e-01
3.250697851181030273e-01
2.659003436565399170e-01
3.686031997203826904e-01
4.791924059391021729e-01
3.407699763774871826e-01
1.491914391517639160e-01
2.666712403297424316e-01
2.336763888597488403e-01
3.558452129364013672e-01
3.863660097122192383e-01
4.039535820484161377e-01
3.725064992904663086e-01
3.169568181037902832e-01
3.475022912025451660e-01
9.295988827943801880e-02
1.737570464611053467e-01
3.660622239112854004e-01
3.354165256023406982e-01
2.215058356523513794e-01
3.293710350990295410e-01
2.548122107982635498e-01
3.168788850307464600e-01
1.453886330127716064e-01
1.364235728979110718e-01
5.110342502593994141e-01
1.519809216260910034e-01
3.427230417728424072e-01
1.879940330982208252e-01
1.616842001676559448e-01
2.752088308334350586e-01
1.712922453880310059e-01
2.773337364196777344e-01
2.247712314128875732e-01
4.570500552654266357e-01
3.473722040653228760e-01
3.796833157539367676e-01
2.381566464900970459e-01
3.571601212024688721e-01
2.164786905050277710e-01
3.060984015464782715e-01
2.259271740913391113e-01
2.541146874427795410e-01
3.579481840133666992e-01
2.407748699188232422e-01
1.630190312862396240e-01
1.056057587265968323e-01
2.192412465810775757e-01
2.684406638145446777e-01
3.584311902523040771e-01
3.328540325164794922e-01
1.001315712928771973e-01
2.778641283512115479e-01
4.276836514472961426e-01
2.700873017311096191e-01
3.397901058197021484e-01
2.463152855634689331e-01
2.644115984439849854e-01
2.568866610527038574e-01
3.354756236076354980e-01
5.254608988761901855e-01
2.330543100833892822e-01
1.692048013210296631e-01
4.215720891952514648e-01
1.961312144994735718e-01
4.455788731575012207e-01
3.790736496448516846e-01
4.004252254962921143e-01
1.492306143045425415e-01
2.819180190563201904e-01
2.703733742237091064e-01
3.095020651817321777e-01
2.595229744911193848e-01
2.263174951076507568e-01
3.700864911079406738e-01
1.522016823291778564e-01
3.663963675498962402e-01
2.486590445041656494e-01
2.086551934480667114e-01
2.712109982967376709e-01
4.068202376365661621e-01
2.711344361305236816e-01
1.760009229183197021e-01
1.962561756372451782e-01
1.550775021314620972e-01
1.420719176530838013e-01
1.345412284135818481e-01
1.853731870651245117e-01
2.716802656650543213e-01
3.701935708522796631e-01
3.310136795043945312e-01
2.986659407615661621e-01
1.066098660230636597e-01
2.926202714443206787e-01
1.233070120215415955e-01
1.545355767011642456e-01
2.580558657646179199e-01
2.050684392452239990e-01
2.462386190891265869e-01
2.310881465673446655e-01
2.024255096912384033e-01
1.865297555923461914e-01
3.838223814964294434e-01
2.088339924812316895e-01
3.928470611572265625e-01
2.991531193256378174e-01
2.627706527709960938e-01
1.656982004642486572e-01
2.744475603103637695e-01
2.813870310783386230e-01
1.757540404796600342e-01
1.336648166179656982e-01
3.112615048885345459e-01
1.597545444965362549e-01
3.000848293304443359e-01
4.202402234077453613e-01
3.064718842506408691e-01
2.787367105484008789e-01
1.258181482553482056e-01
1.910008490085601807e-01
2.891069054603576660e-01
9.229723364114761353e-02
2.389816641807556152e-01
1.707262694835662842e-01
1.432242393493652344e-01
5.440170764923095703e-01
2.441294640302658081e-01
3.789423704147338867e-01
3.791143298149108887e-01
1.999180018901824951e-01
2.991547882556915283e-01
2.555221319198608398e-01
2.253198027610778809e-01
1.885939538478851318e-01
4.100181758403778076e-01
2.288255989551544189e-01
4.433251023292541504e-01
3.072316646575927734e-01
4.596336781978607178e-01
2.982326149940490723e-01
1.588436961174011230e-01
3.945989012718200684e-01
2.264009267091751099e-01
3.185357749462127686e-01
4.546662867069244385e-01
2.997564673423767090e-01
1.953276097774505615e-01
1.797014474868774414e-01
3.753807842731475830e-01
1.350416392087936401e-01
2.644091248512268066e-01
4.046719074249267578e-01
2.329892367124557495e-01
6.072164773941040039e-01
2.429281026124954224e-01
1.685804426670074463e-01
3.113038241863250732e-01
2.687546610832214355e-01
1.137304306030273438e-01
2.573605477809906006e-01
2.829992175102233887e-01
2.551630735397338867e-01
3.038638532161712646e-01
1.858756095170974731e-01
1.482897251844406128e-01
3.751859068870544434e-01
2.138108015060424805e-01
3.621307313442230225e-01
2.716665565967559814e-01
2.482842206954956055e-01
2.433436810970306396e-01
1.186590716242790222e-01
2.375093996524810791e-01
2.051499933004379272e-01
4.145853817462921143e-01
1.085253357887268066e-01
3.706008493900299072e-01
2.412402331829071045e-01
2.700366377830505371e-01
3.578902184963226318e-01
1.920972019433975220e-01
3.056349158287048340e-01
3.773729503154754639e-01
2.957052588462829590e-01
3.881177306175231934e-01
1.732430011034011841e-01
1.556353867053985596e-01
1.815889030694961548e-01
2.711260020732879639e-01
1.734968870878219604e-01
2.122941911220550537e-01
3.130639493465423584e-01
2.935113906860351562e-01
5.285279154777526855e-01
1.784813702106475830e-01
2.129805684089660645e-01
1.061073243618011475e-01
3.278699815273284912e-01
3.271286487579345703e-01
2.966493964195251465e-01
2.559642791748046875e-01
3.574025332927703857e-01
2.944543659687042236e-01
1.390432715415954590e-01
2.259256243705749512e-01
3.171710073947906494e-01
2.832145690917968750e-01
2.960248887538909912e-01
2.565800547599792480e-01
1.431326419115066528e-01
1.940944492816925049e-01
3.029329776763916016e-01
2.980154454708099365e-01
1.797493100166320801e-01
3.619248270988464355e-01
2.981848418712615967e-01
3.650632202625274658e-01
4.569834470748901367e-01
3.219883143901824951e-01
3.954074382781982422e-01
3.093831241130828857e-01
5.432065725326538086e-01
2.076179832220077515e-01
4.064610004425048828e-01
3.152383267879486084e-01
2.004263252019882202e-01
3.363854289054870605e-01
3.536341786384582520e-01
1.619659513235092163e-01
1.602675467729568481e-01
4.196429848670959473e-01
4.908691644668579102e-01
2.692406177520751953e-01
4.148123264312744141e-01
1.374983191490173340e-01
4.708667397499084473e-01
2.408382147550582886e-01
2.493752241134643555e-01
4.287801980972290039e-01
2.768262028694152832e-01
2.951499521732330322e-01
2.868945300579071045e-01
2.356728911399841309e-01
2.716071605682373047e-01
3.034764528274536133e-01
2.801068425178527832e-01
2.835086286067962646e-01
3.770794272422790527e-01
2.747532725334167480e-01
1.698404252529144287e-01
9.887254238128662109e-02
3.311434090137481689e-01
2.233347445726394653e-01
3.172512352466583252e-01
6.001328229904174805e-01
2.265168428421020508e-01
1.650497764348983765e-01
3.505999743938446045e-01
1.114994436502456665e-01
3.686706423759460449e-01
1.272279769182205200e-01
2.509921193122863770e-01
3.505587577819824219e-01
3.223168551921844482e-01
3.547044992446899414e-01
2.171156108379364014e-01
3.814374208450317383e-01
5.462346673011779785e-01
9.437281638383865356e-02
2.530795931816101074e-01
2.876001000404357910e-01
1.692957282066345215e-01
3.026424348354339600e-01
3.736182153224945068e-01
1.412074863910675049e-01
4.090993106365203857e-01
3.825566470623016357e-01
3.143098950386047363e-01
1.648839861154556274e-01
3.093982040882110596e-01
1.554611623287200928e-01
2.166404575109481812e-01
1.556871086359024048e-01
3.274741768836975098e-01
2.951756715774536133e-01
2.939284741878509521e-01
2.526296377182006836e-01
3.737108707427978516e-01
8.201865106821060181e-02
2.287144958972930908e-01
4.800888895988464355e-01
2.549594938755035400e-01
3.847575783729553223e-01
2.154446542263031006e-01
2.149178832769393921e-01
1.726003140211105347e-01
2.499672025442123413e-01
9.506321698427200317e-02
2.149091809988021851e-01
1.738784909248352051e-01
2.078246772289276123e-01
2.816739082336425781e-01
1.574892252683639526e-01
1.400168091058731079e-01
8.151981234550476074e-02
2.465327829122543335e-01
3.215832114219665527e-01
1.676952689886093140e-01
2.102857083082199097e-01
7.239073514938354492e-02
2.347726672887802124e-01
2.082963883876800537e-01
2.253515124320983887e-01
1.533650457859039307e-01
1.244172304868698120e-01
1.826543062925338745e-01
1.819527298212051392e-01
1.159640178084373474e-01
1.912192702293395996e-01
1.302505135536193848e-01
2.112923115491867065e-01
8.290947973728179932e-02
1.398897469043731689e-01
1.949128210544586182e-01
4.578378498554229736e-01
1.294426769018173218e-01
1.569821089506149292e-01
1.477781236171722412e-01
1.583769619464874268e-01
1.900092810392379761e-01
2.387959212064743042e-01
1.197932660579681396e-01
1.259483695030212402e-01
2.053542733192443848e-01
2.124926745891571045e-01
1.406211405992507935e-01
1.927732974290847778e-01
2.371470481157302856e-01
2.081387937068939209e-01
3.098234236240386963e-01
1.142766028642654419e-01
1.128752082586288452e-01
8.887565135955810547e-02
1.474838554859161377e-01
2.364246547222137451e-01
5.179335549473762512e-02
4.334204643964767456e-02
1.739364415407180786e-01
2.090004384517669678e-01
1.215231195092201233e-01
1.059411242604255676e-01
1.116381064057350159e-01
1.713428497314453125e-01
1.534078866243362427e-01
9.839422255754470825e-02
9.178161621093750000e-02
1.767218708992004395e-01
1.573137491941452026e-01
1.860716640949249268e-01
1.897011995315551758e-01
1.032511144876480103e-01
2.329788953065872192e-01
1.303532570600509644e-01
1.017538383603096008e-01
2.912352681159973145e-01
1.545465141534805298e-01
2.236925363540649414e-01
1.412584632635116577e-01
6.658520549535751343e-02
2.355988025665283203e-01
2.727888226509094238e-01
1.833515018224716187e-01
1.045932397246360779e-01
1.325696110725402832e-01
7.514445483684539795e-02
8.055079728364944458e-02
1.423446387052536011e-01
2.224495112895965576e-01
1.883797347545623779e-01
4.116281270980834961e-01
2.386021018028259277e-01
1.180766224861145020e-01
1.213824748992919922e-01
1.585870087146759033e-01
1.560286730527877808e-01
3.341931402683258057e-01
7.534806430339813232e-02
7.870200276374816895e-02
1.168909221887588501e-01
2.015219330787658691e-01
1.737246066331863403e-01
2.373341619968414307e-01
6.550630182027816772e-02
1.210999414324760437e-01
1.910080909729003906e-01
2.388932108879089355e-01
1.512499451637268066e-01
2.064228802919387817e-01
1.766860187053680420e-01
2.285838127136230469e-01
4.093036055564880371e-02
1.116043254733085632e-01
5.220719426870346069e-02
9.577105939388275146e-02
1.618521958589553833e-01
2.203216105699539185e-01
3.900422751903533936e-01
2.298295348882675171e-01
2.416582554578781128e-01
2.029199898242950439e-01
2.122444361448287964e-01
1.939900219440460205e-01
1.734656840562820435e-01
8.673701435327529907e-02
1.110470071434974670e-01
2.178003340959548950e-01
4.651642218232154846e-02
2.212025970220565796e-01
1.740162819623947144e-01
1.370172202587127686e-01
8.747968077659606934e-02
2.465077936649322510e-01
9.045828133821487427e-02
1.660413444042205811e-01
1.685922741889953613e-01
2.772258222103118896e-01
1.470874100923538208e-01
1.947409659624099731e-01
1.144121140241622925e-01
2.700675129890441895e-01
1.415340900421142578e-01
3.048425018787384033e-01
2.085232883691787720e-01
1.961728036403656006e-01
1.957735419273376465e-01
7.918618619441986084e-02
2.637744247913360596e-01
1.625991165637969971e-01
1.371116191148757935e-01
1.944214999675750732e-01
1.120817214250564575e-01
1.259211450815200806e-01
2.974491715431213379e-01
2.149658054113388062e-01
3.464466035366058350e-01
1.119043380022048950e-01
8.707987517118453979e-02
5.761145949363708496e-01
2.603562772274017334e-01
2.517173290252685547e-01
3.459609448909759521e-01
2.665029168128967285e-01
1.473673582077026367e-01
9.703572094440460205e-02
1.489114761352539062e-01
1.702037751674652100e-01
1.231205016374588013e-01
2.003311961889266968e-01
1.662650555372238159e-01
3.024922013282775879e-01
2.754286229610443115e-01
1.320667564868927002e-01
1.558951437473297119e-01
1.838623136281967163e-01
2.513200044631958008e-01
1.819232702255249023e-01
2.820577621459960938e-01
3.063226640224456787e-01
2.704078257083892822e-01
2.888617217540740967e-01
3.865358233451843262e-01
8.248212933540344238e-02
8.824884146451950073e-02
2.076181173324584961e-01
3.365657329559326172e-01
1.817141175270080566e-01
4.173073470592498779e-01
2.077920436859130859e-01
2.066962718963623047e-01
2.251211106777191162e-01
3.841153085231781006e-01
2.621566355228424072e-01
3.327396214008331299e-01
1.939258128404617310e-01
1.899146437644958496e-01
3.080151081085205078e-01
1.745622158050537109e-01
1.326905041933059692e-01
1.360923200845718384e-01
1.906765848398208618e-01
2.362423092126846313e-01
2.304349839687347412e-01
1.491978615522384644e-01
8.443671464920043945e-02
1.112568080425262451e-01
4.165466427803039551e-01
2.294260263442993164e-01
1.684336364269256592e-01
1.719340085983276367e-01
1.637699753046035767e-01
2.150215208530426025e-01
1.449097394943237305e-01
1.674952954053878784e-01
1.962462514638900757e-01
8.877696841955184937e-02
1.233511269092559814e-01
1.454242765903472900e-01
9.645508229732513428e-02
1.246427446603775024e-01
3.082256019115447998e-01
2.530469000339508057e-01
2.996658682823181152e-01
8.523943275213241577e-02
1.505015641450881958e-01
2.692791819572448730e-01
1.039190664887428284e-01
2.026524394750595093e-01
1.772054433822631836e-01
2.994161844253540039e-01
2.053470015525817871e-01
2.990976572036743164e-01
3.111344575881958008e-01
1.250564306974411011e-01
9.815541654825210571e-02
9.450624883174896240e-02
1.460177004337310791e-01
6.975882500410079956e-02
1.464233994483947754e-01
1.619966179132461548e-01
2.561911046504974365e-01
1.591251492500305176e-01
1.326427608728408813e-01
2.076625823974609375e-01
7.289024442434310913e-02
1.384849846363067627e-01
4.502038657665252686e-01
2.994213998317718506e-01
1.679716259241104126e-01
1.783642023801803589e-01
7.776051014661788940e-02
2.492817491292953491e-01
1.743154525756835938e-01
1.923758536577224731e-01
1.094914227724075317e-01
7.343770563602447510e-02
1.672158539295196533e-01
1.286902874708175659e-01
4.485519826412200928e-01
2.101311385631561279e-01
2.384606003761291504e-01
1.297414451837539673e-01
3.225748240947723389e-01
1.064097434282302856e-01
1.274394541978836060e-01
7.143209874629974365e-02
1.632363796234130859e-01
6.938908994197845459e-02
4.727226495742797852e-02
1.874929517507553101e-01
1.716953217983245850e-01
2.506590187549591064e-01
1.234689578413963318e-01
1.471315920352935791e-01
1.625392585992813110e-01
1.558178067207336426e-01
5.296204090118408203e-01
2.168210744857788086e-01
1.769379377365112305e-01
8.094663918018341064e-02
1.978417336940765381e-01
4.069864153861999512e-01
5.234937667846679688e-01
6.523631513118743896e-02
2.515078783035278320e-01
1.372754871845245361e-01
1.433859020471572876e-01
1.733746081590652466e-01
3.551878035068511963e-01
2.164410948753356934e-01
1.548717021942138672e-01
5.134138837456703186e-02
1.722841262817382812e-01
1.811094582080841064e-01
2.358053773641586304e-01
1.978856474161148071e-01
1.776850074529647827e-01
1.924846470355987549e-01
1.890237480401992798e-01
2.223414480686187744e-01
1.626593023538589478e-01
9.384448826313018799e-02
2.189650386571884155e-01
3.213714361190795898e-01
5.345125123858451843e-02
1.749381422996520996e-01
2.200133949518203735e-01
2.390385121107101440e-01
3.484485149383544922e-01
1.018287017941474915e-01
2.758054435253143311e-01
2.933024168014526367e-01
2.440109401941299438e-01
2.198126614093780518e-01
2.109697014093399048e-01
1.053073704242706299e-01
7.779057323932647705e-02
1.102769300341606140e-01
6.216934323310852051e-02
8.519483357667922974e-02
3.658778369426727295e-01
1.883032619953155518e-01
3.232349753379821777e-01
1.780083775520324707e-01
1.208525523543357849e-01
1.997718364000320435e-01
1.428740769624710083e-01
1.120888069272041321e-01
2.615671157836914062e-01
2.358660995960235596e-01
1.027745977044105530e-01
1.584901064634323120e-01
1.199568212032318115e-01
2.370626181364059448e-01
1.852279603481292725e-01
1.921572834253311157e-01
1.970820128917694092e-01
1.604612618684768677e-01
1.993368417024612427e-01
2.113392651081085205e-01
1.927269250154495239e-01
2.891063690185546875e-01
5.124949291348457336e-02
2.278578877449035645e-01
1.711888164281845093e-01
1.842461824417114258e-01
3.530961871147155762e-01
1.440679579973220825e-01
1.872906982898712158e-01
2.343206703662872314e-01
2.294850200414657593e-01
2.732558250427246094e-01
1.300943791866302490e-01
4.165814816951751709e-01
4.673405587673187256e-01
2.490969300270080566e-01
3.080159127712249756e-01
1.671903878450393677e-01
9.565789252519607544e-02
1.405988335609436035e-01
1.911575198173522949e-01
2.240246087312698364e-01
3.218892216682434082e-01
3.396441936492919922e-01
2.428615987300872803e-01
2.271253913640975952e-01
3.052615821361541748e-01
1.478148847818374634e-01
1.773111224174499512e-01
2.986196279525756836e-01
2.427433282136917114e-01
2.203315049409866333e-01
1.950784027576446533e-01
1.050027832388877869e-01
3.613579869270324707e-01
4.056225121021270752e-01
1.849026083946228027e-01
2.662558853626251221e-01
2.285383492708206177e-01
1.577577441930770874e-01
3.582365214824676514e-01
2.108208984136581421e-01
2.408673018217086792e-01
2.923166155815124512e-01
2.315039485692977905e-01
2.712474167346954346e-01
2.395778596401214600e-01
3.606723248958587646e-01
1.827318221330642700e-01
2.881722748279571533e-01
3.228999674320220947e-01
3.656558990478515625e-01
1.725016236305236816e-01
7.083518803119659424e-02
1.080364063382148743e-01
2.359051853418350220e-01
1.733219325542449951e-01
2.571433484554290771e-01
1.254569143056869507e-01
2.291224151849746704e-01
2.102572917938232422e-01
2.712927162647247314e-01
2.385107576847076416e-01
2.498066723346710205e-01
1.986672282218933105e-01
1.662149876356124878e-01
3.112410902976989746e-01
2.798535525798797607e-01
2.625122666358947754e-01
1.850172579288482666e-01
2.109491825103759766e-01
1.112601011991500854e-01
2.931246161460876465e-01
2.477292865514755249e-01
1.807516962289810181e-01
1.182719990611076355e-01
1.427808701992034912e-01
1.013301312923431396e-01
2.936404347419738770e-01
3.956753909587860107e-01
2.540914416313171387e-01
7.921843975782394409e-02
2.055869549512863159e-01
1.163047030568122864e-01
1.481695026159286499e-01
1.376465260982513428e-01
2.646972239017486572e-01
2.199975103139877319e-01
3.176822960376739502e-01
1.653431355953216553e-01
1.960521638393402100e-01
1.321258693933486938e-01
1.572346538305282593e-01
3.427962064743041992e-01
3.662325143814086914e-01
2.154501825571060181e-01
1.819677501916885376e-01
2.623007595539093018e-01
3.366029560565948486e-01
1.256757527589797974e-01
2.208639383316040039e-01
1.891978383064270020e-01
1.433707624673843384e-01
3.597840368747711182e-01
2.015463709831237793e-01
3.960442841053009033e-01
1.856098324060440063e-01
3.655026257038116455e-01
2.326215654611587524e-01
1.385275721549987793e-01
2.856225371360778809e-01
2.424534857273101807e-01
1.556030213832855225e-01
1.690196990966796875e-01
2.035057544708251953e-01
3.006815016269683838e-01
1.295278072357177734e-01
4.246585369110107422e-01
1.180944368243217468e-01
4.335373044013977051e-01
1.292410045862197876e-01
3.144186735153198242e-01
1.290483325719833374e-01
1.284343749284744263e-01
2.715085148811340332e-01
1.103232949972152710e-01
5.550444498658180237e-02
4.140351414680480957e-01
3.154834210872650146e-01
1.529183983802795410e-01
1.207422018051147461e-01
5.095454677939414978e-02
3.958188295364379883e-01
3.097355067729949951e-01
3.242542743682861328e-01
1.663043200969696045e-01
2.407838702201843262e-01
1.818168014287948608e-01
5.452051013708114624e-02
3.273589313030242920e-01
1.637531816959381104e-01
8.452731370925903320e-02
2.422507405281066895e-01
1.256920397281646729e-01
2.145143300294876099e-01
9.644836932420730591e-02
1.279965788125991821e-01
2.387806922197341919e-01
1.462906152009963989e-01
2.102962285280227661e-01
1.379349380731582642e-01
1.753928959369659424e-01
1.586749553680419922e-01
9.642048180103302002e-02
3.146953284740447998e-01
2.138637155294418335e-01
2.345194965600967407e-01
1.025331765413284302e-01
4.064237773418426514e-01
1.704079359769821167e-01
1.723610609769821167e-01
1.722913682460784912e-01
1.467380523681640625e-01
1.234715357422828674e-01
4.008068144321441650e-01
1.653571575880050659e-01
1.039112508296966553e-01
3.023160994052886963e-01
1.799832433462142944e-01
1.770538836717605591e-01
1.458026319742202759e-01
3.978100717067718506e-01
7.420481741428375244e-02
2.899516820907592773e-01
2.136490195989608765e-01
1.950026899576187134e-01
2.431646287441253662e-01
1.806388497352600098e-01
1.725681573152542114e-01
1.773701906204223633e-01
2.669093906879425049e-01
2.462889701128005981e-01
4.195655286312103271e-01
4.216346144676208496e-01
4.148405417799949646e-02
2.335593998432159424e-01
1.057183742523193359e-01
1.568692624568939209e-01
2.194254398345947266e-01
3.677940070629119873e-01
2.021660953760147095e-01
2.638404965400695801e-01
2.405866682529449463e-01
2.838739454746246338e-01
3.068388700485229492e-01
2.070628553628921509e-01
1.791384965181350708e-01
2.534922063350677490e-01
2.378669232130050659e-01
9.530650079250335693e-02
1.810990571975708008e-01
4.270941615104675293e-01
1.614508777856826782e-01
2.505977451801300049e-01
2.064575850963592529e-01
1.456397771835327148e-01
1.394921541213989258e-01
2.294574826955795288e-01
1.577721983194351196e-01
2.022100389003753662e-01
9.251232445240020752e-02
4.520275592803955078e-01
1.494315713644027710e-01
1.339572966098785400e-01
1.542709916830062866e-01
1.460883617401123047e-01
2.809990942478179932e-01
2.056899964809417725e-01
2.316838651895523071e-01
1.993383020162582397e-01
1.679640263319015503e-01
2.586051225662231445e-01
1.221743822097778320e-01
2.122055888175964355e-01
2.241636365652084351e-01
2.182477414608001709e-01
1.149599254131317139e-01
3.398244082927703857e-01
1.611898094415664673e-01
1.970852017402648926e-01
1.233612373471260071e-01
2.141847163438796997e-01
1.566141545772552490e-01
1.657271087169647217e-01
2.270075231790542603e-01
1.863297522068023682e-01
1.497180312871932983e-01
2.583191096782684326e-01
1.723386347293853760e-01
1.669674366712570190e-01
6.746075302362442017e-02
1.372079253196716309e-01
1.599778085947036743e-01
1.501689255237579346e-01
1.774681359529495239e-01
1.584886312484741211e-01
1.829160302877426147e-01
1.155424118041992188e-01
2.010718882083892822e-01
4.898235797882080078e-01
2.297853380441665649e-01
2.608856260776519775e-01
1.386801600456237793e-01
1.130850687623023987e-01
2.393334358930587769e-01
3.388388752937316895e-01
1.771168410778045654e-01
3.150789737701416016e-01
2.168063819408416748e-01
1.055987477302551270e-01
1.922165453433990479e-01
1.689870506525039673e-01
8.227195590734481812e-02
3.223701417446136475e-01
2.198336571455001831e-01
2.526502013206481934e-01
2.574447989463806152e-01
3.281185626983642578e-01
1.627214998006820679e-01
9.208373725414276123e-02
7.546962052583694458e-02
1.920077204704284668e-01
2.354417741298675537e-01
1.351957917213439941e-01
2.273549735546112061e-01
5.214633941650390625e-01
1.849122345447540283e-01
2.166575193405151367e-01
1.830849051475524902e-01
3.602250814437866211e-01
2.121934741735458374e-01
2.363961637020111084e-01
1.248085945844650269e-01
6.843942403793334961e-02
1.363505423069000244e-01
2.651626169681549072e-01
2.841180562973022461e-01
1.617356836795806885e-01
2.105257362127304077e-01
1.176704019308090210e-01
2.686858773231506348e-01
8.489207923412322998e-02
2.655633389949798584e-01
2.815791964530944824e-01
2.102517038583755493e-01
2.219337075948715210e-01
9.203714132308959961e-02
2.007419466972351074e-01
2.442742288112640381e-01
1.665498465299606323e-01
2.200174480676651001e-01
1.713626384735107422e-01
1.875583976507186890e-01
2.636946141719818115e-01
2.810000181198120117e-01
3.067565858364105225e-01
1.139126941561698914e-01
2.100711017847061157e-01
2.576545178890228271e-01
2.085558921098709106e-01
1.680322885513305664e-01
2.528153061866760254e-01
2.935349643230438232e-01
5.151622891426086426e-01
1.604859530925750732e-01
2.042430937290191650e-01
1.283710449934005737e-01
1.056291908025741577e-01
2.983283698558807373e-01
1.408514678478240967e-01
4.332344233989715576e-01
3.447079062461853027e-01
3.570097982883453369e-01
8.231359720230102539e-02
1.620567440986633301e-01
1.347298920154571533e-01
3.414958417415618896e-01
4.216243624687194824e-01
1.490751951932907104e-01
2.816930115222930908e-01
1.056731790304183960e-01
3.351974785327911377e-01
1.511151343584060669e-01
4.740354716777801514e-01
2.590498328208923340e-01
3.632657527923583984e-01
1.194662228226661682e-01
2.970752716064453125e-01
1.486217826604843140e-01
1.212211474776268005e-01
1.223449409008026123e-01
2.119422107934951782e-01
2.384598702192306519e-01
2.563973963260650635e-01
2.173177599906921387e-01
2.822085022926330566e-01
7.788431644439697266e-02
3.775197565555572510e-01
3.687514066696166992e-01
2.090505510568618774e-01
1.966271698474884033e-01
2.230536788702011108e-01
2.897574901580810547e-01
1.579810827970504761e-01
2.861401140689849854e-01
1.712113320827484131e-01
1.422507762908935547e-01
2.217096686363220215e-01
3.115683197975158691e-01
2.229252457618713379e-01
4.006535708904266357e-01
2.015959173440933228e-01
1.099697798490524292e-01
2.008398771286010742e-01
1.912438571453094482e-01
1.328729242086410522e-01
1.251718848943710327e-01
3.568725883960723877e-01
3.502888679504394531e-01
2.817069888114929199e-01
8.077622205018997192e-02
1.209513172507286072e-01
3.630505204200744629e-01
4.351000189781188965e-01
1.316459476947784424e-01
2.917824387550354004e-01
3.074161410331726074e-01
1.475483477115631104e-01
2.142294943332672119e-01
1.599569618701934814e-01
6.633260101079940796e-02
9.121090918779373169e-02
1.769343763589859009e-01
2.113745212554931641e-01
2.793270647525787354e-01
1.865204125642776489e-01
4.255216717720031738e-01
1.483503878116607666e-01
2.657728791236877441e-01
1.556391865015029907e-01
2.389173954725265503e-01
1.843471825122833252e-01
2.371540218591690063e-01
2.323462963104248047e-01
2.762666344642639160e-01
3.003890216350555420e-01
1.270784735679626465e-01
5.036685243248939514e-02
1.270836591720581055e-01
1.820499449968338013e-01
2.967317700386047363e-01
4.630737602710723877e-01
3.054366111755371094e-01
3.303523659706115723e-01
1.114514321088790894e-01
1.827067434787750244e-01
1.823905259370803833e-01
3.458926975727081299e-01
1.786031275987625122e-01
1.196083873510360718e-01
2.617340683937072754e-01
1.158261373639106750e-01
3.275857269763946533e-01
2.428001016378402710e-01
2.440309822559356689e-01
1.500074863433837891e-01
1.279992908239364624e-01
3.499368727207183838e-01
1.147198751568794250e-01
2.841974198818206787e-01
4.060338139533996582e-01
3.058179318904876709e-01
7.847616821527481079e-02
2.359641194343566895e-01
4.052356183528900146e-01
1.985390931367874146e-01
1.375105530023574829e-01
2.050382196903228760e-01
2.751205861568450928e-01
1.726548224687576294e-01
1.880929023027420044e-01
1.229606345295906067e-01
9.290086477994918823e-02
3.175521492958068848e-01
3.711699247360229492e-01
2.139866650104522705e-01
1.464022248983383179e-01
1.323645859956741333e-01
3.536294400691986084e-01
1.574412584304809570e-01
2.020155936479568481e-01
3.220936059951782227e-01
1.556627601385116577e-01
1.935164481401443481e-01
2.754125595092773438e-01
1.220609098672866821e-01
1.147139966487884521e-01
1.883136034011840820e-01
1.194833144545555115e-01
1.208499819040298462e-01
1.220560595393180847e-01
5.364081263542175293e-02
1.415012031793594360e-01
1.827034652233123779e-01
6.867892295122146606e-02
9.190531820058822632e-02
8.608756959438323975e-02
1.119895130395889282e-01
1.122250407934188843e-01
1.656491905450820923e-01
1.983439773321151733e-01
2.741318941116333008e-01
6.986280530691146851e-02
5.939085036516189575e-02
1.312090456485748291e-01
5.504592135548591614e-02
1.532891988754272461e-01
1.230764389038085938e-01
1.062885820865631104e-01
8.831154555082321167e-02
8.020705729722976685e-02
1.449681669473648071e-01
6.816715002059936523e-02
1.380732655525207520e-01
1.427067965269088745e-01
5.624430626630783081e-02
2.200923413038253784e-01
1.155932620167732239e-01
1.424904316663742065e-01
1.701664775609970093e-01
7.864463329315185547e-02
1.969479173421859741e-01
2.117888927459716797e-01
1.341414451599121094e-01
1.312669962644577026e-01
1.439778655767440796e-01
1.208554953336715698e-01
2.776440791785717010e-02
1.498602628707885742e-01
4.917011037468910217e-02
5.092855915427207947e-02
4.286909103393554688e-02
1.760179698467254639e-01
2.581093907356262207e-01
1.269973069429397583e-01
1.345033347606658936e-01
9.598772227764129639e-02
7.972688227891921997e-02
1.282121539115905762e-01
1.415008306503295898e-01
8.274277299642562866e-02
4.153659939765930176e-02
1.128163039684295654e-01
8.977731317281723022e-02
3.772584348917007446e-02
1.358692795038223267e-01
1.738567054271697998e-01
6.250109523534774780e-02
5.721421912312507629e-02
8.326552063226699829e-02
1.225238591432571411e-01
6.025230884552001953e-02
1.510438024997711182e-01
9.172120690345764160e-02
1.836490631103515625e-01
8.547999709844589233e-02
8.763078600168228149e-02
4.978797957301139832e-02
1.687952727079391479e-01
7.449413090944290161e-02
1.721204370260238647e-01
8.540115505456924438e-02
2.031760811805725098e-01
6.470185518264770508e-02
6.311991065740585327e-02
9.483718127012252808e-02
7.068450748920440674e-02
1.309287995100021362e-01
1.246820911765098572e-01
7.599709928035736084e-02
1.051366850733757019e-01
1.553974002599716187e-01
1.353464573621749878e-01
1.281993389129638672e-01
7.952241599559783936e-02
1.306282728910446167e-01
2.157395631074905396e-01
1.874463558197021484e-01
1.302186250686645508e-01
4.961702600121498108e-02
3.536716103553771973e-02
1.193833500146865845e-01
6.745182722806930542e-02
6.793060898780822754e-02
8.994674682617187500e-02
9.900354593992233276e-02
1.013194248080253601e-01
1.320856064558029175e-01
5.145289003849029541e-02
1.814464777708053589e-01
1.356160789728164673e-01
1.939005851745605469e-01
1.638701558113098145e-01
1.794511973857879639e-01
8.868228644132614136e-02
1.619254052639007568e-01
1.494227200746536255e-01
1.737935394048690796e-01
4.294491186738014221e-02
1.741367280483245850e-01
6.098524481058120728e-02
6.735715270042419434e-02
2.233520746231079102e-01
1.453959047794342041e-01
2.081760019063949585e-01
3.653276339173316956e-02
1.524894535541534424e-01
1.573904752731323242e-01
1.847787350416183472e-01
3.566349670290946960e-02
5.265895649790763855e-02
2.678592205047607422e-01
6.548573821783065796e-02
1.754358410835266113e-01
1.189541816711425781e-01
1.014196723699569702e-01
1.995659470558166504e-01
2.949293255805969238e-01
9.175805747509002686e-02
2.962916158139705658e-02
1.107486262917518616e-01
1.634106636047363281e-01
8.818724006414413452e-02
2.742801606655120850e-01
1.548539102077484131e-01
2.427860796451568604e-01
4.881443828344345093e-02
8.743801712989807129e-02
5.565618351101875305e-02
9.684783965349197388e-02
2.021781802177429199e-01
5.321060493588447571e-02
1.000228449702262878e-01
7.113811373710632324e-02
9.559208154678344727e-02
1.430654078722000122e-01
2.687508165836334229e-01
2.199552506208419800e-01
1.115575432777404785e-01
1.101225987076759338e-01
5.601700395345687866e-02
1.515334844589233398e-01
1.086473688483238220e-01
3.375478386878967285e-01
1.105491295456886292e-01
8.303919434547424316e-02
1.801594942808151245e-01
7.132757455110549927e-02
9.333228319883346558e-02
1.738882511854171753e-01
1.246022731065750122e-01
6.507006287574768066e-02
1.306698918342590332e-01
2.975052297115325928e-01
1.155360043048858643e-01
3.789873421192169189e-02
1.000358611345291138e-01
1.099321916699409485e-01
1.263661235570907593e-01
1.035367473959922791e-01
7.810898125171661377e-02
1.772728711366653442e-01
1.026772260665893555e-01
6.417012959718704224e-02
1.395521610975265503e-01
1.652507185935974121e-01
8.110839128494262695e-02
2.392346560955047607e-01
1.844423413276672363e-01
8.954943716526031494e-02
1.615064293146133423e-01
1.034722626209259033e-01
2.151895016431808472e-01
9.733898937702178955e-02
1.507529765367507935e-01
2.977015674114227295e-01
7.331576198339462280e-02
1.531036198139190674e-01
5.785335600376129150e-02
2.163023203611373901e-01
1.481240391731262207e-01
1.028685569763183594e-01
1.612399667501449585e-01
8.752545714378356934e-02
3.791702985763549805e-01
2.200043797492980957e-01
3.536204248666763306e-02
1.746694296598434448e-01
1.520684510469436646e-01
3.560025393962860107e-01
1.341847032308578491e-01
1.194199919700622559e-01
8.454937487840652466e-02
2.307626008987426758e-01
7.795968651771545410e-02
1.353499293327331543e-01
1.456588804721832275e-01
2.610359191894531250e-01
9.303386509418487549e-02
7.955476641654968262e-02
4.531728103756904602e-02
6.453184783458709717e-02
7.630907744169235229e-02
1.172524318099021912e-01
1.193217858672142029e-01
1.866121888160705566e-01
1.317058056592941284e-01
2.837880849838256836e-01
1.455107778310775757e-01
4.626328870654106140e-02
1.462427228689193726e-01
5.296567454934120178e-02
1.740257591009140015e-01
1.368490308523178101e-01
1.010649353265762329e-01
5.542369559407234192e-02
1.043370440602302551e-01
5.166938528418540955e-02
1.648467481136322021e-01
1.127562150359153748e-01
1.987047195434570312e-01
1.940694898366928101e-01
1.933129727840423584e-01
1.659735739231109619e-01
1.166337877511978149e-01
1.202943176031112671e-01
4.625399038195610046e-02
1.251861304044723511e-01
1.963208317756652832e-01
7.332972437143325806e-02
1.500481069087982178e-01
1.214697733521461487e-01
1.717713475227355957e-01
5.381445214152336121e-02
8.046084642410278320e-02
2.301137894392013550e-01
7.464969158172607422e-02
9.082014113664627075e-02
1.716408133506774902e-01
5.932042375206947327e-02
1.323560327291488647e-01
1.851968020200729370e-01
1.365480422973632812e-01
2.092740386724472046e-01
1.840742975473403931e-01
1.248882114887237549e-01
1.976180225610733032e-01
3.010892868041992188e-01
1.745435297489166260e-01
2.167829275131225586e-01
2.585706710815429688e-01
2.071043998003005981e-01
6.884083151817321777e-02
6.483159214258193970e-02
1.448554992675781250e-01
8.669029176235198975e-02
2.125130742788314819e-01
3.032621145248413086e-01
1.594585329294204712e-01
3.043548464775085449e-01
7.879037410020828247e-02
1.847302466630935669e-01
1.439046859741210938e-01
1.485038995742797852e-01
2.711762487888336182e-01
1.536024212837219238e-01
1.074663028120994568e-01
1.687647402286529541e-01
1.188868954777717590e-01
1.944522261619567871e-01
2.726558446884155273e-01
2.380823343992233276e-01
1.514674276113510132e-01
2.140343338251113892e-01
2.067207247018814087e-01
3.203301131725311279e-01
2.463588863611221313e-01
2.072693705558776855e-01
1.210408657789230347e-01
1.659947484731674194e-01
1.565359383821487427e-01
2.508801519870758057e-01
1.801698803901672363e-01
2.586128413677215576e-01
1.260358095169067383e-01
1.571512371301651001e-01
7.223820686340332031e-02
3.072731196880340576e-01
2.835709452629089355e-01
1.930639743804931641e-01
2.211512476205825806e-01
2.404084056615829468e-01
1.786961555480957031e-01
1.718206256628036499e-01
1.011913195252418518e-01
8.330025523900985718e-02
3.718645498156547546e-02
2.113907933235168457e-01
1.884814798831939697e-01
1.454988718032836914e-01
1.625106036663055420e-01
1.029711365699768066e-01
1.584683954715728760e-01
2.682371139526367188e-01
2.156307548284530640e-01
2.361353486776351929e-01
9.948706626892089844e-02
3.213614523410797119e-01
8.943046629428863525e-02
1.604418009519577026e-01
4.878937825560569763e-02
4.782768711447715759e-02
1.074541881680488586e-01
1.748121529817581177e-01
3.086785972118377686e-01
1.731810122728347778e-01
9.506963193416595459e-02
1.137375012040138245e-01
9.788490831851959229e-02
1.146271377801895142e-01
1.818536520004272461e-01
1.933971047401428223e-01
2.283077687025070190e-01
2.908900082111358643e-01
1.741015464067459106e-01
1.204749867320060730e-01
2.632534801959991455e-01
1.463618576526641846e-01
2.771415710449218750e-01
2.196859419345855713e-01
1.588036119937896729e-01
2.608020231127738953e-02
1.598906219005584717e-01
2.195826768875122070e-01
2.239558994770050049e-01
4.381714016199111938e-02
1.457634866237640381e-01
2.247511744499206543e-01
1.373062729835510254e-01
9.276285022497177124e-02
1.448617428541183472e-01
1.321175545454025269e-01
2.268964946269989014e-01
1.725739985704421997e-01
1.033361405134201050e-01
4.248362481594085693e-01
4.993789643049240112e-02
1.872893720865249634e-01
6.221027672290802002e-02
8.397261053323745728e-02
1.118907704949378967e-01
1.062305122613906860e-01
1.532722115516662598e-01
1.033442616462707520e-01
1.561078876256942749e-01
1.554623544216156006e-01
1.325533241033554077e-01
8.208908140659332275e-02
7.263614982366561890e-02
1.485593914985656738e-01
1.224388480186462402e-01
1.624884307384490967e-01
8.680824935436248779e-02
1.793115586042404175e-01
1.444196701049804688e-01
2.671194076538085938e-01
2.860694527626037598e-01
1.991424113512039185e-01
2.098277807235717773e-01
2.339765578508377075e-01
2.047547250986099243e-01
1.293034255504608154e-01
1.083001866936683655e-01
2.071149051189422607e-01
8.526682108640670776e-02
1.951275765895843506e-01
2.239207178354263306e-01
1.898122280836105347e-01
2.211752384901046753e-01
2.585330307483673096e-01
1.244533434510231018e-01
1.347294896841049194e-01
4.172374606132507324e-01
2.511001825332641602e-01
2.804132699966430664e-01
2.791821658611297607e-01
1.161939874291419983e-01
2.784964144229888916e-01
2.124570459127426147e-01
9.386485815048217773e-02
1.208788678050041199e-01
1.607690155506134033e-01
1.342612355947494507e-01
1.684352010488510132e-01
1.738137006759643555e-01
7.525610923767089844e-02
2.182245552539825439e-01
1.073162257671356201e-01
3.876974582672119141e-01
2.196590304374694824e-01
1.815621703863143921e-01
2.198501378297805786e-01
1.737717390060424805e-01
9.910274296998977661e-02
9.166993945837020874e-02
1.998970359563827515e-01
8.598398417234420776e-02
2.154280394315719604e-01
1.639436632394790649e-01
1.234755143523216248e-01
1.101158857345581055e-01
2.057951837778091431e-01
7.716076821088790894e-02
9.821692854166030884e-02
1.555230915546417236e-01
5.281077697873115540e-02
3.293365240097045898e-01
1.009052246809005737e-01
1.105281338095664978e-01
1.660741269588470459e-01
9.649888426065444946e-02
6.113414093852043152e-02
1.744765043258666992e-01
1.503987461328506470e-01
1.903913915157318115e-01
3.269981741905212402e-01
3.778490424156188965e-01
1.016017720103263855e-01
2.947931587696075439e-01
2.067904025316238403e-01
1.091035977005958557e-01
7.127244770526885986e-02
1.468702852725982666e-01
1.004372462630271912e-01
2.830201089382171631e-01
1.553465873003005981e-01
7.886224985122680664e-02
2.685394585132598877e-01
1.819635033607482910e-01
2.568754553794860840e-01
1.604649275541305542e-01
2.920132279396057129e-01
8.038506656885147095e-02
1.208137050271034241e-01
4.855128526687622070e-01
2.006286531686782837e-01
2.481489032506942749e-01
1.871350407600402832e-01
7.407968491315841675e-02
2.098270207643508911e-01
1.946227550506591797e-01
2.675400674343109131e-01
1.984639614820480347e-01
1.101767197251319885e-01
1.335200965404510498e-01
1.107266992330551147e-01
1.322274953126907349e-01
1.377682834863662720e-01
1.392064243555068970e-01
4.450114816427230835e-02
1.829957216978073120e-01
2.003766000270843506e-01
1.635798215866088867e-01
1.849395930767059326e-01
9.692323952913284302e-02
1.568306684494018555e-01
1.599278450012207031e-01
5.502171814441680908e-02
1.544303148984909058e-01
8.289195597171783447e-02
1.030438840389251709e-01
9.939628094434738159e-02
1.013212427496910095e-01
7.303898036479949951e-02
7.314217090606689453e-02
1.731452941894531250e-01
1.220082119107246399e-01
1.680496782064437866e-01
1.301226764917373657e-01
2.325118035078048706e-01
1.019300967454910278e-01
1.857966929674148560e-01
1.491620093584060669e-01
6.662286072969436646e-02
1.532574146986007690e-01
7.110825181007385254e-02
1.298209726810455322e-01
7.033730298280715942e-02
1.356193125247955322e-01
1.690713018178939819e-01
5.685650184750556946e-02
1.787208467721939087e-01
1.022830680012702942e-01
1.211149618029594421e-01
1.697583645582199097e-01
2.107307612895965576e-01
1.614226996898651123e-01
9.386981278657913208e-02
1.832825094461441040e-01
1.806068569421768188e-01
3.083337545394897461e-01
2.005906403064727783e-01
4.740886762738227844e-02
1.999144554138183594e-01
1.274700313806533813e-01
3.696472942829132080e-02
1.741626262664794922e-01
1.288115531206130981e-01
3.390421271324157715e-01
4.873997569084167480e-01
2.336516082286834717e-01
1.235001385211944580e-01
2.419232577085494995e-01
1.986248791217803955e-01
1.208973973989486694e-01
1.314653903245925903e-01
1.620849519968032837e-01
1.930150538682937622e-01
1.935499012470245361e-01
1.797994822263717651e-01
7.380741089582443237e-02
7.335767149925231934e-02
1.296987831592559814e-01
1.628502160310745239e-01
2.775623500347137451e-01
1.290488839149475098e-01
1.638540476560592651e-01
7.316236943006515503e-02
7.982624322175979614e-02
1.158256158232688904e-01
2.620239257812500000e-01
1.615061908960342407e-01
1.451612263917922974e-01
1.502621471881866455e-01
1.600460261106491089e-01
1.485934704542160034e-01
5.032201483845710754e-02
2.354478091001510620e-01
1.091108769178390503e-01
6.426533311605453491e-02
1.812124252319335938e-01
1.762372851371765137e-01
1.698334366083145142e-01
1.497813463211059570e-01
1.670513153076171875e-01
3.144298493862152100e-01
2.448322921991348267e-01
1.244759410619735718e-01
1.036859452724456787e-01
1.167440116405487061e-01
9.371231496334075928e-02
1.110098883509635925e-01
6.990365684032440186e-02
7.666820287704467773e-02
9.289769083261489868e-02
1.958995759487152100e-01
1.140518859028816223e-01
2.385153770446777344e-01
2.051002681255340576e-01
2.805029153823852539e-01
2.087255865335464478e-01
1.474167406558990479e-01
2.884048223495483398e-01
8.080625534057617188e-02
2.602907419204711914e-01
3.295420408248901367e-01
9.292930364608764648e-02
6.603500992059707642e-02
2.423793822526931763e-01
3.468730151653289795e-01
8.002249896526336670e-02
2.416806071996688843e-01
2.741826772689819336e-01
1.339169442653656006e-01
7.627524435520172119e-02
1.546483486890792847e-01
1.970269083976745605e-01
2.498625665903091431e-01
1.157952621579170227e-01
7.569841295480728149e-02
1.370132118463516235e-01
1.662014722824096680e-01
1.615297645330429077e-01
1.920789480209350586e-01
6.242850422859191895e-02
1.950085461139678955e-01
9.314772486686706543e-02
1.767421066761016846e-01
1.155375242233276367e-01
7.282578200101852417e-02
3.086442649364471436e-01
1.971381753683090210e-01
6.990224868059158325e-02
1.612376272678375244e-01
1.271837651729583740e-01
3.492692112922668457e-01
1.243901327252388000e-01
1.672580689191818237e-01
8.645736426115036011e-02
1.350675374269485474e-01
1.535913646221160889e-01
8.938473463058471680e-02
1.011121347546577454e-01
7.604680210351943970e-02
4.761536791920661926e-02
1.947915554046630859e-01
6.839405000209808350e-02
1.443675011396408081e-01
2.071855813264846802e-01
1.654734313488006592e-01
2.551482021808624268e-01
1.482056528329849243e-01
2.195951491594314575e-01
1.893151551485061646e-01
9.743532538414001465e-02
8.875619620084762573e-02
2.044832706451416016e-01
1.263595074415206909e-01
9.117741137742996216e-02
7.411888241767883301e-02
3.045445084571838379e-01
7.311199605464935303e-02
2.846214473247528076e-01
3.049131333827972412e-01
1.521017104387283325e-01
1.285493671894073486e-01
1.445206105709075928e-01
1.860630959272384644e-01
1.025327965617179871e-01
1.121324300765991211e-01
2.105181813240051270e-01
1.366336345672607422e-01
8.979550749063491821e-02
3.077965080738067627e-01
1.128193885087966919e-01
1.544914990663528442e-01
1.333175748586654663e-01
1.522547751665115356e-01
2.299235910177230835e-01
8.730977773666381836e-02
3.893874585628509521e-01
7.298287749290466309e-02
1.430707573890686035e-01
2.347924113273620605e-01
3.399904966354370117e-01
1.992098838090896606e-01
2.137005478143692017e-01
2.102773636579513550e-01
9.805033355951309204e-02
2.362947463989257812e-01
3.434933125972747803e-01
9.565355628728866577e-02
1.063328757882118225e-01
1.776859015226364136e-01
1.900434643030166626e-01
2.027725875377655029e-01
1.797253638505935669e-01
3.260139822959899902e-01
1.952753067016601562e-01
1.820869594812393188e-01
1.698839515447616577e-01
3.171674609184265137e-01
1.115394532680511475e-01
1.546434462070465088e-01
1.073763743042945862e-01
2.927476763725280762e-01
8.795569837093353271e-02
1.544275432825088501e-01
1.789532601833343506e-01
1.645471006631851196e-01
1.212558969855308533e-01
2.254501581192016602e-01
1.243804618716239929e-01
5.865506827831268311e-02
7.432828843593597412e-02
2.178756892681121826e-01
2.573541402816772461e-01
2.205155193805694580e-01
1.549670100212097168e-01
9.487784653902053833e-02
8.610780537128448486e-02
3.205300271511077881e-01
1.395456790924072266e-01
1.558651924133300781e-01
4.192793965339660645e-01
1.631964743137359619e-01
1.740523874759674072e-01
9.560848027467727661e-02
1.546961814165115356e-01
1.096155121922492981e-01
2.407160103321075439e-01
1.913068294525146484e-01
2.178106904029846191e-01
2.095339000225067139e-01
1.536895334720611572e-01
9.432469308376312256e-02
3.807930648326873779e-02
7.254992425441741943e-02
1.225683838129043579e-01
2.222633063793182373e-01
2.983569800853729248e-01
8.459215611219406128e-02
1.769003421068191528e-01
3.346802890300750732e-01
1.008859649300575256e-01
2.469035834074020386e-01
1.982005536556243896e-01
2.584239244461059570e-01
1.646072268486022949e-01
1.110357865691184998e-01
9.140019118785858154e-02
5.724480375647544861e-02
7.654210925102233887e-02
1.053973287343978882e-01
1.176632270216941833e-01
3.086823523044586182e-01
2.221085876226425171e-01
1.241740211844444275e-01
2.094374597072601318e-01
1.456838846206665039e-01
5.463187396526336670e-02
1.552151590585708618e-01
7.626990228891372681e-02
1.077809408307075500e-01
1.470239162445068359e-01
2.041302770376205444e-01
2.093687504529953003e-01
1.954782903194427490e-01
1.842530667781829834e-01
1.316995024681091309e-01
3.309543728828430176e-01
8.524525165557861328e-02
4.249098524451255798e-02
1.622481495141983032e-01
1.853277832269668579e-01
1.216681152582168579e-01
1.542563289403915405e-01
1.822379529476165771e-01
1.224396303296089172e-01
1.087878569960594177e-01
2.887966632843017578e-01
1.253120005130767822e-01
7.287803292274475098e-02
1.541147083044052124e-01
1.564128845930099487e-01
7.913523167371749878e-02
1.497524678707122803e-01
1.019116267561912537e-01
6.355841457843780518e-02
1.058818176388740540e-01
1.989726275205612183e-01
2.477449178695678711e-02
1.329526752233505249e-01
3.156991004943847656e-01
1.861336976289749146e-01
1.577066481113433838e-01
9.339947253465652466e-02
1.857696175575256348e-01
8.037682622671127319e-02
2.074831724166870117e-01
3.051011264324188232e-01
1.821665018796920776e-01
1.183583065867424011e-01
2.652478031814098358e-02
9.615080803632736206e-02
1.763385683298110962e-01
1.818272471427917480e-01
4.922568053007125854e-02
3.735589236021041870e-02
2.220838516950607300e-02
1.167768388986587524e-01
1.004723608493804932e-01
1.286046653985977173e-01
9.103339165449142456e-02
1.436274200677871704e-01
2.086690515279769897e-01
2.299876324832439423e-02
4.957888647913932800e-02
7.670518010854721069e-02
1.097366437315940857e-01
1.106066331267356873e-01
1.844285428524017334e-01
4.615842178463935852e-02
2.341269552707672119e-01
3.872324153780937195e-02
5.860213935375213623e-02
1.497342884540557861e-01
1.377750039100646973e-01
4.831182584166526794e-02
5.639196559786796570e-02
8.964299410581588745e-02
9.609356522560119629e-02
7.257008552551269531e-02
1.349415928125381470e-01
5.916824936866760254e-02
3.564121574163436890e-02
3.326686471700668335e-02
5.663742125034332275e-02
4.984991997480392456e-02
1.057188734412193298e-01
3.755292296409606934e-02
8.385422825813293457e-02
4.288328066468238831e-02
1.518737971782684326e-01
7.288505882024765015e-02
2.865119576454162598e-01
1.328460276126861572e-01
1.603344269096851349e-02
5.334198847413063049e-02
6.630475819110870361e-02
9.185779094696044922e-02
1.360868662595748901e-01
1.381932646036148071e-01
5.767525732517242432e-02
1.507979482412338257e-01
1.521491408348083496e-01
5.973191186785697937e-02
8.670291304588317871e-02
5.951643735170364380e-02
4.783914983272552490e-02
1.639245897531509399e-01
2.475295215845108032e-01
5.711281299591064453e-02
9.415694326162338257e-02
1.361715793609619141e-01
7.217873632907867432e-02
1.810924708843231201e-01
1.707627624273300171e-01
1.429155468940734863e-01
1.522970106452703476e-02
3.593575581908226013e-02
6.843804568052291870e-02
1.413852721452713013e-01
8.866182714700698853e-02
7.521013170480728149e-02
1.160585880279541016e-01
2.748548686504364014e-01
3.456375747919082642e-02
7.534775137901306152e-02
1.244653314352035522e-01
9.507067501544952393e-02
1.398356705904006958e-01
1.028788760304450989e-01
9.568846225738525391e-02
6.193124502897262573e-02
3.186397626996040344e-02
1.536992639303207397e-01
1.184864565730094910e-01
6.067927926778793335e-02
1.072798222303390503e-01
2.559207379817962646e-01
6.092942878603935242e-02
6.015457585453987122e-02
7.776188105344772339e-02
9.113501757383346558e-02
8.023288846015930176e-02
2.203466594219207764e-01
6.634011864662170410e-02
1.798258870840072632e-01
8.465825766324996948e-02
1.029383838176727295e-01
8.892883360385894775e-02
6.155917420983314514e-02
9.825402498245239258e-02
1.390098929405212402e-01
9.519544243812561035e-02
3.839741274714469910e-02
7.646188884973526001e-02
6.289464235305786133e-02
1.059280112385749817e-01
1.022609993815422058e-01
8.044166117906570435e-02
5.199710652232170105e-02
2.682372182607650757e-02
1.760542839765548706e-01
3.284752368927001953e-02
5.217412859201431274e-02
2.114979177713394165e-01
1.444198638200759888e-01
1.489836126565933228e-01
1.040038019418716431e-01
6.311833113431930542e-02
1.044878959655761719e-01
1.820952147245407104e-01
6.054159253835678101e-02
1.622224897146224976e-01
6.508853286504745483e-02
6.253250688314437866e-02
7.432607561349868774e-02
7.589368522167205811e-02
6.708105653524398804e-02
4.678649455308914185e-02
4.616242274641990662e-02
2.817716263234615326e-02
3.827709704637527466e-02
8.030962944030761719e-02
1.195341646671295166e-01
2.383845150470733643e-01
7.784671336412429810e-02
2.784778550267219543e-02
9.612980484962463379e-02
8.646948635578155518e-02
1.277695000171661377e-01
1.144042313098907471e-01
8.115053921937942505e-02
3.730458766222000122e-02
1.144281178712844849e-01
1.439133193343877792e-02
1.231650859117507935e-01
2.524940073490142822e-01
4.105620458722114563e-02
6.669858843088150024e-02
1.246156543493270874e-01
7.111266255378723145e-02
9.426047652959823608e-02
3.860023617744445801e-02
1.063110306859016418e-01
7.141833007335662842e-02
1.003531739115715027e-01
3.378913179039955139e-02
2.733289264142513275e-02
1.820479780435562134e-01
2.471312507987022400e-02
5.082961544394493103e-02
5.240900069475173950e-02
3.386029973626136780e-02
4.482336714863777161e-02
9.682552516460418701e-02
1.991284042596817017e-01
5.739039927721023560e-02
2.485762238502502441e-01
1.090700328350067139e-01
9.146274626255035400e-02
2.776027098298072815e-02
3.598931804299354553e-02
1.277497112751007080e-01
1.417137235403060913e-01
6.852518022060394287e-02
1.406856030225753784e-01
7.409033924341201782e-02
1.104228720068931580e-01
2.683919370174407959e-01
1.231720000505447388e-01
3.601898625493049622e-02
1.592827588319778442e-01
8.409484475851058960e-02
1.563193202018737793e-01
1.330907940864562988e-01
1.289586573839187622e-01
7.864931225776672363e-02
1.000478714704513550e-01
3.951579332351684570e-02
2.580304443836212158e-02
2.047418504953384399e-01
4.166952520608901978e-02
1.548175364732742310e-01
4.311078414320945740e-02
1.683857440948486328e-01
1.133935526013374329e-01
8.409471809864044189e-02
1.236846074461936951e-01
1.036750525236129761e-01
1.841306537389755249e-01
4.865944683551788330e-01
9.842734038829803467e-02
5.678736791014671326e-02
1.953703463077545166e-01
1.806294620037078857e-01
9.314642101526260376e-02
2.378444373607635498e-01
1.067445725202560425e-01
2.463473826646804810e-01
1.162497997283935547e-01
4.280590638518333435e-02
8.471091091632843018e-02
7.253888249397277832e-02
4.469054937362670898e-02
7.211521267890930176e-02
1.962739229202270508e-01
1.357813179492950439e-01
2.888887561857700348e-02
7.131241261959075928e-02
1.260362267494201660e-01
2.623935602605342865e-02
2.042905837297439575e-01
6.721170991659164429e-02
9.257541596889495850e-02
1.404949426651000977e-01
1.398108527064323425e-02
2.041588276624679565e-01
1.999565362930297852e-01
8.953811973333358765e-02
2.919364571571350098e-01
8.437193930149078369e-02
4.248459041118621826e-01
1.944389194250106812e-01
8.270201086997985840e-02
2.056212276220321655e-01
1.680557727813720703e-01
1.211653798818588257e-01
1.649544835090637207e-01
9.152738749980926514e-02
9.655404835939407349e-02
5.728545039892196655e-02
1.054929196834564209e-01
5.016960203647613525e-02
6.409619748592376709e-02
2.975485026836395264e-01
1.381137222051620483e-01
7.149809598922729492e-02
3.000984154641628265e-02
2.822329699993133545e-01
1.969990134239196777e-01
1.049868166446685791e-01
1.833864748477935791e-01
1.492681056261062622e-01
4.010097309947013855e-02
5.763435363769531250e-02
2.375185117125511169e-02
4.991434887051582336e-02
1.294319927692413330e-01
8.487685024738311768e-02
1.502074599266052246e-01
1.426925212144851685e-01
9.941574931144714355e-02
1.837907582521438599e-01
1.446946561336517334e-01
1.926894634962081909e-01
1.548648029565811157e-01
2.212269902229309082e-01
2.182002514600753784e-01
5.607625469565391541e-02
2.388798743486404419e-01
3.946168124675750732e-01
1.308022141456604004e-01
1.353887170553207397e-01
1.613756716251373291e-01
1.548426896333694458e-01
1.819899678230285645e-01
1.928169429302215576e-01
1.948485374450683594e-01
5.822709202766418457e-02
2.648794651031494141e-01
4.040921851992607117e-02
2.696778178215026855e-01
5.157623812556266785e-02
1.360748410224914551e-01
3.321081027388572693e-02
1.519934833049774170e-02
4.470285028219223022e-02
2.849026620388031006e-01
2.086908370256423950e-01
6.053242832422256470e-02
1.382499337196350098e-01
1.999333053827285767e-01
1.252579391002655029e-01
8.475914597511291504e-02
1.214998215436935425e-01
7.344212383031845093e-02
1.069771051406860352e-01
1.927783191204071045e-01
1.330013871192932129e-01
5.746592208743095398e-02
1.389874666929244995e-01
7.965768128633499146e-02
1.254271566867828369e-01
6.738001853227615356e-02
1.685039848089218140e-01
1.061195284128189087e-01
9.835084527730941772e-02
4.753221571445465088e-02
4.382406920194625854e-02
1.055248901247978210e-01
9.525107592344284058e-02
1.066537275910377502e-01
8.631495386362075806e-02
1.485278308391571045e-01
1.519837677478790283e-01
2.057686895132064819e-01
3.575531765818595886e-02
1.336071640253067017e-01
7.832694798707962036e-02
3.227349370718002319e-02
1.203044205904006958e-01
1.417977213859558105e-01
8.476292341947555542e-02
5.778390541672706604e-02
1.113568320870399475e-01
7.691588997840881348e-02
6.348828971385955811e-02
9.605304151773452759e-02
3.780310600996017456e-02
3.791507333517074585e-02
7.212179154157638550e-02
1.223727986216545105e-01
8.373060077428817749e-02
2.855200320482254028e-02
2.190536707639694214e-01
1.846411526203155518e-01
1.453204751014709473e-01
9.912402927875518799e-02
1.769623458385467529e-01
7.503941655158996582e-02
7.679435610771179199e-02
3.970881551504135132e-02
1.325263381004333496e-01
1.039057597517967224e-01
1.006747931241989136e-01
1.645144224166870117e-01
1.676717847585678101e-01
9.394538402557373047e-02
1.497133821249008179e-01
1.800840795040130615e-01
9.746776521205902100e-02
1.051756590604782104e-01
1.249643564224243164e-01
1.455555707216262817e-01
5.511653795838356018e-02
4.117934405803680420e-02
7.672683149576187134e-02
1.392958611249923706e-01
2.110960036516189575e-01
1.529107242822647095e-01
6.076168641448020935e-02
3.551382720470428467e-01
1.292407810688018799e-01
6.168349459767341614e-02
6.802918016910552979e-02
8.772384375333786011e-02
1.070231646299362183e-01
1.610291004180908203e-01
6.133035942912101746e-02
1.451136767864227295e-01
1.189192533493041992e-01
1.430501881986856461e-02
6.739886850118637085e-02
6.589214503765106201e-02
2.005082964897155762e-01
5.111803859472274780e-02
4.251577332615852356e-02
1.113449260592460632e-01
6.670240312814712524e-02
5.873774364590644836e-02
2.498707622289657593e-01
7.499466091394424438e-02
2.012436538934707642e-01
1.303476989269256592e-01
1.730940490961074829e-01
8.269506692886352539e-02
8.218391239643096924e-02
1.862467974424362183e-01
1.992794275283813477e-01
2.985734343528747559e-01
7.889640331268310547e-02
4.830888286232948303e-02
7.165629416704177856e-02
1.709786802530288696e-01
1.550092846155166626e-01
1.049605458974838257e-01
7.266854494810104370e-02
7.301678508520126343e-02
6.362920999526977539e-02
1.273908466100692749e-01
1.502114683389663696e-01
4.965976998209953308e-02
1.196906119585037231e-01
2.344848811626434326e-01
1.256919950246810913e-01
1.348512470722198486e-01
6.432591378688812256e-02
1.218244507908821106e-01
5.716252326965332031e-02
2.848821282386779785e-01
2.055017948150634766e-01
1.138727366924285889e-01
7.654964178800582886e-02
6.780935823917388916e-02
7.079525291919708252e-02
7.068048417568206787e-02
1.976324319839477539e-01
4.129056259989738464e-02
1.630356609821319580e-01
1.075063049793243408e-01
7.250424474477767944e-02
2.076300084590911865e-01
1.520277857780456543e-01
9.103018045425415039e-02
2.034839093685150146e-01
1.425901502370834351e-01
1.725893169641494751e-01
7.609770447015762329e-02
1.216475293040275574e-01
1.028565913438796997e-01
6.915053725242614746e-02
8.270074427127838135e-02
4.936984553933143616e-02
1.849447935819625854e-01
9.987519681453704834e-02
2.028246521949768066e-01
8.348600566387176514e-02
1.194949969649314880e-01
1.661102622747421265e-01
3.006663322448730469e-01
1.404874771833419800e-01
1.674708873033523560e-01
2.436688691377639771e-01
1.214442700147628784e-01
5.654910951852798462e-02
1.319604814052581787e-01
1.941307447850704193e-02
8.373675495386123657e-02
1.528217494487762451e-01
1.252192407846450806e-01
2.050873339176177979e-01
1.549326181411743164e-01
1.488748788833618164e-01
1.299366205930709839e-01
6.526768952608108521e-02
5.434192717075347900e-02
1.995181143283843994e-01
3.156523406505584717e-02
1.844573765993118286e-01
5.422376468777656555e-02
7.872562110424041748e-02
7.500384747982025146e-02
8.505589514970779419e-02
9.546013176441192627e-02
2.035333961248397827e-01
1.447478383779525757e-01
2.397923618555068970e-01
3.132879436016082764e-01
1.412703543901443481e-01
8.976290374994277954e-02
6.834340840578079224e-02
1.815505176782608032e-01
1.572701781988143921e-01
1.108605042099952698e-01
1.724410988390445709e-02
2.364685535430908203e-01
8.008362352848052979e-02
1.232367902994155884e-01
9.395795315504074097e-02
2.314121872186660767e-01
9.941783547401428223e-02
1.254307180643081665e-01
1.642006933689117432e-01
2.297609895467758179e-01
1.676290333271026611e-01
7.648412883281707764e-02
3.741703927516937256e-02
8.035897463560104370e-02
2.298931926488876343e-01
1.364474296569824219e-01
1.605418175458908081e-01
5.296646431088447571e-02
2.408057600259780884e-01
9.465310722589492798e-02
7.231581211090087891e-02
9.976642578840255737e-02
2.142952531576156616e-01
8.073905855417251587e-02
1.897691935300827026e-01
9.242794662714004517e-02
9.114164859056472778e-02
1.066062599420547485e-01
1.380719393491744995e-01
3.826897963881492615e-02
1.211765110492706299e-01
2.040808051824569702e-01
1.072418987751007080e-01
3.016881644725799561e-02
1.111138984560966492e-01
9.644382447004318237e-02
1.220433861017227173e-01
2.299809157848358154e-01
1.746678054332733154e-01
2.251274138689041138e-02
6.514371186494827271e-02
1.496842056512832642e-01
7.176566123962402344e-02
1.354852765798568726e-01
3.063308000564575195e-01
1.325118690729141235e-01
2.569766901433467865e-02
1.494761854410171509e-01
3.393207862973213196e-02
4.315546900033950806e-02
9.075228124856948853e-02
1.115478724241256714e-01
1.312956064939498901e-01
3.085927851498126984e-02
9.616411477327346802e-02
5.151009932160377502e-02
5.054000765085220337e-02
1.564508080482482910e-01
9.957327693700790405e-02
4.526296257972717285e-02
1.776090413331985474e-01
2.409114837646484375e-01
1.022172868251800537e-01
1.332271993160247803e-01
9.339509159326553345e-02
1.042367517948150635e-01
1.784441173076629639e-01
1.474284380674362183e-01
1.089891195297241211e-01
1.523789018392562866e-01
1.715512126684188843e-01
2.828418314456939697e-01
1.736161857843399048e-01
8.263777196407318115e-02
2.471299767494201660e-01
1.038599535822868347e-01
1.562587916851043701e-01
1.749470531940460205e-01
1.381089538335800171e-01
8.411961793899536133e-02
3.631616011261940002e-02
4.295967891812324524e-02
1.379345655441284180e-01
2.117718309164047241e-01
1.543037742376327515e-01
1.427727043628692627e-01
4.835621267557144165e-02
1.262772828340530396e-01
3.198673948645591736e-02
1.121937781572341919e-01
4.024783149361610413e-02
4.029092788696289062e-01
1.170205175876617432e-01
9.586724638938903809e-02
2.099405229091644287e-01
2.164159268140792847e-01
1.433633565902709961e-01
4.717246815562248230e-02
8.306221663951873779e-02
2.426323592662811279e-01
1.679101735353469849e-01
1.620590239763259888e-01
1.328506767749786377e-01
8.937758952379226685e-02
1.106857880949974060e-01
8.933997899293899536e-02
6.385628134012222290e-02
7.658126205205917358e-02
4.215873181819915771e-01
8.122893422842025757e-02
1.175121366977691650e-01
1.001210957765579224e-01
1.635945439338684082e-01
2.731171250343322754e-02
8.817107975482940674e-02
1.648997813463211060e-01
2.068405300378799438e-01
1.755815297365188599e-01
5.658070370554924011e-02
2.653124332427978516e-01
6.164346262812614441e-02
2.818985879421234131e-01
1.079392060637474060e-02
1.939925998449325562e-01
3.098487555980682373e-01
1.486766934394836426e-01
9.604711085557937622e-02
1.487270891666412354e-01
8.266194164752960205e-02
2.338279783725738525e-01
1.472859084606170654e-01
1.038977801799774170e-01
3.553757444024085999e-02
1.846920251846313477e-01
1.403384953737258911e-01
2.214437425136566162e-01
1.080796420574188232e-01
2.482852637767791748e-01
1.715064048767089844e-01
2.480299621820449829e-01
1.532046645879745483e-01
1.113839596509933472e-01
2.199954390525817871e-01
2.169641554355621338e-01
8.585514128208160400e-02
1.267638802528381348e-01
8.247191458940505981e-02
1.212344467639923096e-01
4.995949566364288330e-02
1.393936276435852051e-01
4.307428002357482910e-02
2.934543192386627197e-01
1.559514850378036499e-01
6.903974711894989014e-02
7.369031757116317749e-02
2.509205937385559082e-01
6.546878069639205933e-02
1.943228095769882202e-01
2.061354368925094604e-01
1.450965404510498047e-01
1.175561621785163879e-01
3.317538276314735413e-02
3.031176328659057617e-01
4.276449978351593018e-02
5.282147228717803955e-02
1.825136095285415649e-01
1.781211495399475098e-01
2.006998658180236816e-01
1.901227533817291260e-01
1.883281320333480835e-01
1.505216509103775024e-01
6.349877268075942993e-02
6.578485667705535889e-02
1.468922942876815796e-01
2.853278517723083496e-01
2.495782226324081421e-01
1.692891307175159454e-02
7.747305184602737427e-02
1.081729829311370850e-01
2.364359349012374878e-01
2.263314723968505859e-01
1.025507375597953796e-01
2.123550176620483398e-01
2.497501373291015625e-01
7.262660562992095947e-02
2.221759706735610962e-01
1.962443739175796509e-01
1.735501587390899658e-01
1.868632435798645020e-01
1.037959307432174683e-01
2.560167908668518066e-01
2.032181620597839355e-01
6.701821833848953247e-02
3.216274455189704895e-02
1.427670717239379883e-01
2.382703870534896851e-01
2.130152583122253418e-01
2.497631907463073730e-01
1.096280366182327271e-01
1.587812155485153198e-01
9.333978593349456787e-02
1.027851700782775879e-01
3.906736969947814941e-01
2.623986005783081055e-01
2.446756139397621155e-02
7.876260578632354736e-02
2.877538092434406281e-02
1.360868066549301147e-01
9.059152752161026001e-02
2.838953435420989990e-01
1.408841460943222046e-01
1.178982406854629517e-01
9.967613220214843750e-02
2.272540926933288574e-01
8.047638833522796631e-02
2.993555068969726562e-01
2.159085273742675781e-01
2.152735292911529541e-01
8.265984803438186646e-02
8.556701987981796265e-02
1.566264033317565918e-01
3.387978672981262207e-01
9.678062796592712402e-02
1.713146716356277466e-01
1.178939789533615112e-01
1.359597593545913696e-01
1.706938743591308594e-01
1.442108452320098877e-01
9.916644543409347534e-02
4.890059307217597961e-02
3.462317585945129395e-01
7.857099175453186035e-02
1.057398840785026550e-01
4.632182791829109192e-02
2.093124687671661377e-01
1.030772551894187927e-01
7.557915151119232178e-02
1.204263344407081604e-01
2.290791273117065430e-01
7.703085988759994507e-02
1.629974544048309326e-01
8.319239318370819092e-02
6.248502433300018311e-02
3.088577985763549805e-01
1.257231831550598145e-01
1.243107318878173828e-01
1.323763728141784668e-01
1.415449082851409912e-01
3.346801176667213440e-02
1.257530003786087036e-01
7.461252808570861816e-02
4.885520040988922119e-02
1.783499270677566528e-01
8.389718830585479736e-02
1.947741508483886719e-01
1.528404206037521362e-01
8.558555692434310913e-02
4.654570668935775757e-02
9.302114695310592651e-02
5.183315649628639221e-02
3.588512539863586426e-02
1.631727367639541626e-01
7.713991403579711914e-02
9.791947901248931885e-02
4.018921777606010437e-02
1.023308411240577698e-01
8.008558303117752075e-02
1.214568391442298889e-01
1.382026970386505127e-01
1.054156571626663208e-01
1.822110563516616821e-01
7.100831717252731323e-02
1.320402175188064575e-01
1.319899559020996094e-01
6.145345419645309448e-02
7.015459239482879639e-02
1.433297097682952881e-01
2.438074350357055664e-01
3.928885608911514282e-02
4.910947009921073914e-02
8.078019320964813232e-02
1.374415755271911621e-01
8.344224840402603149e-02
6.479264050722122192e-02
1.622238606214523315e-01
5.395104363560676575e-02
1.307343989610671997e-01
2.012348771095275879e-01
1.780769824981689453e-01
1.934233494102954865e-02
2.649463415145874023e-01
2.828173339366912842e-02
7.361935079097747803e-02
1.084005236625671387e-01
1.396271288394927979e-01
1.507231891155242920e-01
6.416364014148712158e-02
1.390365213155746460e-01
9.108634293079376221e-02
5.102060735225677490e-02
1.038762256503105164e-01
1.134286448359489441e-01
2.274934649467468262e-01
1.027497872710227966e-01
3.199043869972229004e-02
2.041093409061431885e-01
2.529501914978027344e-01
1.846853084862232208e-02
1.306004375219345093e-01
1.743937134742736816e-01
4.182800278067588806e-02
7.737009227275848389e-02
2.909612953662872314e-01
