2.302607536315917969e+00
2.300857305526733398e+00
2.300369024276733398e+00
2.303754806518554688e+00
2.301326274871826172e+00
2.302373170852661133e+00
2.301100969314575195e+00
2.297011137008666992e+00
2.299693822860717773e+00
2.300728559494018555e+00
2.298268318176269531e+00
2.286166667938232422e+00
2.279580831527709961e+00
2.273980855941772461e+00
2.247785091400146484e+00
2.251535415649414062e+00
2.242463111877441406e+00
2.233828783035278320e+00
2.215687036514282227e+00
2.168902158737182617e+00
2.188813924789428711e+00
2.147989988327026367e+00
2.060079813003540039e+00
2.274062156677246094e+00
2.185781240463256836e+00
2.119211196899414062e+00
2.116516590118408203e+00
2.156240463256835938e+00
2.128900527954101562e+00
2.097456455230712891e+00
2.032616615295410156e+00
2.088425159454345703e+00
2.002966165542602539e+00
2.098688840866088867e+00
2.184378147125244141e+00
2.005300045013427734e+00
2.186251163482666016e+00
2.078334808349609375e+00
1.954663515090942383e+00
2.008320808410644531e+00
2.021482467651367188e+00
2.128951549530029297e+00
1.916070938110351562e+00
2.197582721710205078e+00
1.931417226791381836e+00
2.019936323165893555e+00
1.921299457550048828e+00
2.039570331573486328e+00
2.064968585968017578e+00
2.261114597320556641e+00
2.169957399368286133e+00
2.063363790512084961e+00
2.007718086242675781e+00
2.060509681701660156e+00
2.020826816558837891e+00
1.978992700576782227e+00
2.081732988357543945e+00
2.062206745147705078e+00
2.033932685852050781e+00
2.060963153839111328e+00
2.093657970428466797e+00
1.844437122344970703e+00
2.137948989868164062e+00
1.969391703605651855e+00
1.972197890281677246e+00
1.984434008598327637e+00
2.061738014221191406e+00
2.110952854156494141e+00
1.913161516189575195e+00
1.891495466232299805e+00
1.928867459297180176e+00
1.970695257186889648e+00
1.992549896240234375e+00
1.973562121391296387e+00
1.895721912384033203e+00
1.922029137611389160e+00
1.913495421409606934e+00
2.028572797775268555e+00
1.809357166290283203e+00
2.031253814697265625e+00
1.866658806800842285e+00
2.067564725875854492e+00
2.027528047561645508e+00
1.898150682449340820e+00
1.946346759796142578e+00
1.992447257041931152e+00
1.801207661628723145e+00
2.011509418487548828e+00
2.020743608474731445e+00
1.882393240928649902e+00
2.047262430191040039e+00
2.014601469039916992e+00
1.816290140151977539e+00
1.975162625312805176e+00
1.955863356590270996e+00
2.076339483261108398e+00
2.047582626342773438e+00
1.926736712455749512e+00
1.944322347640991211e+00
2.025783777236938477e+00
1.967007398605346680e+00
2.055427551269531250e+00
1.910206317901611328e+00
1.799131274223327637e+00
1.771503329277038574e+00
1.846372842788696289e+00
1.895591616630554199e+00
1.923060178756713867e+00
1.930985212326049805e+00
1.912120342254638672e+00
1.872249960899353027e+00
1.852865099906921387e+00
2.053532123565673828e+00
1.865599989891052246e+00
1.931329965591430664e+00
1.879229784011840820e+00
1.776338458061218262e+00
1.813308119773864746e+00
1.820437550544738770e+00
1.954511642456054688e+00
1.831461191177368164e+00
1.883300304412841797e+00
1.858153223991394043e+00
1.827677607536315918e+00
1.818124532699584961e+00
2.012049913406372070e+00
1.803049325942993164e+00
1.938214540481567383e+00
2.028444051742553711e+00
1.891849875450134277e+00
1.960257887840270996e+00
1.907376885414123535e+00
1.904935121536254883e+00
2.023477315902709961e+00
1.956627130508422852e+00
2.022215366363525391e+00
2.008014678955078125e+00
2.081059932708740234e+00
1.877468466758728027e+00
1.883227586746215820e+00
1.913589596748352051e+00
1.925118207931518555e+00
1.889696121215820312e+00
1.899433135986328125e+00
1.961407303810119629e+00
1.846243023872375488e+00
1.846671462059020996e+00
1.909776806831359863e+00
1.774476051330566406e+00
1.707530736923217773e+00
1.880481958389282227e+00
1.891787648200988770e+00
2.016998052597045898e+00
1.790943622589111328e+00
1.829929947853088379e+00
1.951234340667724609e+00
1.945238471031188965e+00
1.771173954010009766e+00
1.857178211212158203e+00
1.880001425743103027e+00
1.763531088829040527e+00
1.803642749786376953e+00
1.795711636543273926e+00
1.740429759025573730e+00
1.873172760009765625e+00
1.880011200904846191e+00
1.696987271308898926e+00
1.924809694290161133e+00
1.828221321105957031e+00
1.803654074668884277e+00
1.865194201469421387e+00
1.750192880630493164e+00
1.598523497581481934e+00
1.889714479446411133e+00
1.684978842735290527e+00
1.837654232978820801e+00
1.763266086578369141e+00
1.737619161605834961e+00
1.833552718162536621e+00
1.741178154945373535e+00
1.690478920936584473e+00
1.831507444381713867e+00
1.865406155586242676e+00
1.853945493698120117e+00
1.795917630195617676e+00
1.705414056777954102e+00
1.698308706283569336e+00
1.775369882583618164e+00
1.716823220252990723e+00
1.586299538612365723e+00
1.747243404388427734e+00
1.630494475364685059e+00
1.740416646003723145e+00
1.878382921218872070e+00
1.549917101860046387e+00
1.757681488990783691e+00
1.752578377723693848e+00
1.735314249992370605e+00
1.605914831161499023e+00
1.834006190299987793e+00
1.953368663787841797e+00
1.670120239257812500e+00
1.815743923187255859e+00
1.968355298042297363e+00
1.720906376838684082e+00
1.840438842773437500e+00
1.844903230667114258e+00
1.616263151168823242e+00
1.757506847381591797e+00
1.750501513481140137e+00
1.865808725357055664e+00
1.710381984710693359e+00
1.774338483810424805e+00
1.713683485984802246e+00
1.787874817848205566e+00
1.595690727233886719e+00
1.659070968627929688e+00
1.577917218208312988e+00
1.741760373115539551e+00
1.734334945678710938e+00
1.847135066986083984e+00
1.678286671638488770e+00
1.674436450004577637e+00
1.879022359848022461e+00
1.715838074684143066e+00
1.770353436470031738e+00
1.702180624008178711e+00
1.738611698150634766e+00
1.712708592414855957e+00
1.523680686950683594e+00
1.524277210235595703e+00
2.018302440643310547e+00
1.771039962768554688e+00
1.531494021415710449e+00
1.832027196884155273e+00
1.682879567146301270e+00
1.797120928764343262e+00
1.632691502571105957e+00
1.830494642257690430e+00
1.614005446434020996e+00
1.541429519653320312e+00
1.752005577087402344e+00
1.619838118553161621e+00
1.914860844612121582e+00
1.660143971443176270e+00
1.520334005355834961e+00
1.642325043678283691e+00
1.766915678977966309e+00
1.659367442131042480e+00
1.838933467864990234e+00
1.650903105735778809e+00
1.613662004470825195e+00
1.632591962814331055e+00
1.646829128265380859e+00
1.904384016990661621e+00
1.603476524353027344e+00
1.477423787117004395e+00
1.713258862495422363e+00
1.572409868240356445e+00
1.477460741996765137e+00
1.788522720336914062e+00
1.785132169723510742e+00
1.399541735649108887e+00
1.540478110313415527e+00
1.532938480377197266e+00
1.566467523574829102e+00
1.556014776229858398e+00
1.456735253334045410e+00
1.748481035232543945e+00
1.571979761123657227e+00
1.839856863021850586e+00
1.695598244667053223e+00
1.683408021926879883e+00
1.667297720909118652e+00
1.533608198165893555e+00
1.517085909843444824e+00
1.672210097312927246e+00
1.587222337722778320e+00
1.713410854339599609e+00
1.618950724601745605e+00
1.670311331748962402e+00
1.712568283081054688e+00
1.647060871124267578e+00
1.630682826042175293e+00
1.671725392341613770e+00
1.527814269065856934e+00
1.637575149536132812e+00
1.372711300849914551e+00
1.690364956855773926e+00
1.709612011909484863e+00
1.562133789062500000e+00
1.637979865074157715e+00
1.694579601287841797e+00
1.697161078453063965e+00
2.025490999221801758e+00
1.677907466888427734e+00
1.634481191635131836e+00
1.647902369499206543e+00
1.579378366470336914e+00
1.661754131317138672e+00
1.548573970794677734e+00
1.630168795585632324e+00
1.765992045402526855e+00
1.569747447967529297e+00
1.589773893356323242e+00
1.717711091041564941e+00
1.667332768440246582e+00
1.542692422866821289e+00
1.518136739730834961e+00
1.531545400619506836e+00
1.691946268081665039e+00
1.437818288803100586e+00
1.645514369010925293e+00
1.451878547668457031e+00
1.783833384513854980e+00
1.370773077011108398e+00
1.684677004814147949e+00
1.507871270179748535e+00
1.635536313056945801e+00
1.628831982612609863e+00
1.518529891967773438e+00
1.504744529724121094e+00
1.624502658843994141e+00
1.611229062080383301e+00
1.530467033386230469e+00
1.689835429191589355e+00
1.576739788055419922e+00
1.673075199127197266e+00
1.312497258186340332e+00
1.449795126914978027e+00
1.526466727256774902e+00
1.652487874031066895e+00
1.572792768478393555e+00
1.632825493812561035e+00
1.573938250541687012e+00
1.499846458435058594e+00
1.576517939567565918e+00
1.744844913482666016e+00
1.530345201492309570e+00
1.589487671852111816e+00
1.755763292312622070e+00
1.475206732749938965e+00
1.667745947837829590e+00
1.619810819625854492e+00
1.847828984260559082e+00
1.598847627639770508e+00
1.541992187500000000e+00
1.605190157890319824e+00
1.480545997619628906e+00
1.549541473388671875e+00
1.675264239311218262e+00
1.465281844139099121e+00
1.806503534317016602e+00
1.578104019165039062e+00
1.583456873893737793e+00
1.537313222885131836e+00
1.569290518760681152e+00
1.557460188865661621e+00
1.392794489860534668e+00
1.392075061798095703e+00
1.499041080474853516e+00
1.547775745391845703e+00
1.420622825622558594e+00
1.749112725257873535e+00
1.753103375434875488e+00
1.515634536743164062e+00
1.567014813423156738e+00
1.503648400306701660e+00
1.703426003456115723e+00
1.567902922630310059e+00
1.681871175765991211e+00
1.622738718986511230e+00
1.713201403617858887e+00
1.376317024230957031e+00
1.556276559829711914e+00
1.546416997909545898e+00
1.538151621818542480e+00
1.606770873069763184e+00
1.489094972610473633e+00
1.518321275711059570e+00
1.470167398452758789e+00
1.515006303787231445e+00
1.769036531448364258e+00
1.714741945266723633e+00
1.523820519447326660e+00
1.509215116500854492e+00
1.484291315078735352e+00
1.504985809326171875e+00
1.748019456863403320e+00
1.499607920646667480e+00
1.545819163322448730e+00
1.483239293098449707e+00
1.520565509796142578e+00
1.702618837356567383e+00
1.558211445808410645e+00
1.596910476684570312e+00
1.629806280136108398e+00
1.505420565605163574e+00
1.486618518829345703e+00
1.621675014495849609e+00
1.469401478767395020e+00
1.382421016693115234e+00
1.321930885314941406e+00
1.725304245948791504e+00
1.797598600387573242e+00
1.344654679298400879e+00
1.579241871833801270e+00
1.457487702369689941e+00
1.377388119697570801e+00
1.460382580757141113e+00
1.526674985885620117e+00
1.579994320869445801e+00
1.661695122718811035e+00
1.462294578552246094e+00
1.926584005355834961e+00
1.429855823516845703e+00
1.318490982055664062e+00
1.821087956428527832e+00
1.405004382133483887e+00
1.497804641723632812e+00
1.558027625083923340e+00
1.608659505844116211e+00
1.488708496093750000e+00
1.327463746070861816e+00
1.592811465263366699e+00
1.550597548484802246e+00
1.495990633964538574e+00
1.720783114433288574e+00
1.502388715744018555e+00
1.480530261993408203e+00
1.620563149452209473e+00
1.782528996467590332e+00
1.456255555152893066e+00
1.565195560455322266e+00
1.618245363235473633e+00
1.566401720046997070e+00
1.796495437622070312e+00
1.544469118118286133e+00
1.600559711456298828e+00
1.507036089897155762e+00
1.661748766899108887e+00
1.603230357170104980e+00
1.514259099960327148e+00
1.622415781021118164e+00
1.596624374389648438e+00
1.648252964019775391e+00
1.405044674873352051e+00
1.601482391357421875e+00
1.644132733345031738e+00
1.593615770339965820e+00
1.667530298233032227e+00
1.550038933753967285e+00
1.522657036781311035e+00
1.572262167930603027e+00
1.667995810508728027e+00
1.551091074943542480e+00
1.552156925201416016e+00
1.458682060241699219e+00
1.356664538383483887e+00
1.619716405868530273e+00
1.513150691986083984e+00
1.707194209098815918e+00
1.683531403541564941e+00
1.380865097045898438e+00
1.618687868118286133e+00
1.446769714355468750e+00
1.326118588447570801e+00
1.412911772727966309e+00
1.519587874412536621e+00
1.429278016090393066e+00
1.579143285751342773e+00
1.688025355339050293e+00
1.465424418449401855e+00
1.434363126754760742e+00
1.595904469490051270e+00
1.521197199821472168e+00
1.484643340110778809e+00
1.554755210876464844e+00
1.417732954025268555e+00
1.563560366630554199e+00
1.581901192665100098e+00
1.564547657966613770e+00
1.270041704177856445e+00
1.467279076576232910e+00
1.508162856101989746e+00
1.334168434143066406e+00
1.503631711006164551e+00
1.691114187240600586e+00
1.401248097419738770e+00
1.429837703704833984e+00
1.541924834251403809e+00
1.496981143951416016e+00
1.423039317131042480e+00
1.252385973930358887e+00
1.514378547668457031e+00
1.423141002655029297e+00
1.313706278800964355e+00
1.291564106941223145e+00
1.436715245246887207e+00
1.331017136573791504e+00
1.426272392272949219e+00
1.357411384582519531e+00
1.640424728393554688e+00
1.365583419799804688e+00
1.523078560829162598e+00
1.587999224662780762e+00
1.546255111694335938e+00
1.492366552352905273e+00
1.535031080245971680e+00
1.324059247970581055e+00
1.315749645233154297e+00
1.531765818595886230e+00
1.774418830871582031e+00
1.393924117088317871e+00
1.484305262565612793e+00
1.374848604202270508e+00
1.312376379966735840e+00
1.421157956123352051e+00
1.236858963966369629e+00
1.394287347793579102e+00
1.346080064773559570e+00
1.597953796386718750e+00
1.437667846679687500e+00
1.549597024917602539e+00
1.429327845573425293e+00
1.379302024841308594e+00
1.620408296585083008e+00
1.562539815902709961e+00
1.561538100242614746e+00
1.451666593551635742e+00
1.635455369949340820e+00
1.549801588058471680e+00
1.387273788452148438e+00
1.544177174568176270e+00
1.645748615264892578e+00
1.632378935813903809e+00
1.542880415916442871e+00
1.269475579261779785e+00
1.550879716873168945e+00
1.407876729965209961e+00
1.453124284744262695e+00
1.477925658226013184e+00
1.585869669914245605e+00
1.657203793525695801e+00
1.611023545265197754e+00
1.524346232414245605e+00
1.378670811653137207e+00
1.156193256378173828e+00
1.266777753829956055e+00
1.474861383438110352e+00
1.529406905174255371e+00
1.294685602188110352e+00
1.211928248405456543e+00
1.313172578811645508e+00
1.373933076858520508e+00
1.319487690925598145e+00
1.188285350799560547e+00
1.563898563385009766e+00
1.359090805053710938e+00
1.454379439353942871e+00
1.544880628585815430e+00
1.301612377166748047e+00
1.234498262405395508e+00
1.346968889236450195e+00
1.292729973793029785e+00
1.458505392074584961e+00
1.603110313415527344e+00
1.342557907104492188e+00
1.397904276847839355e+00
1.403699636459350586e+00
1.459889531135559082e+00
1.594414591789245605e+00
1.362944841384887695e+00
1.455014824867248535e+00
1.731496214866638184e+00
1.297029733657836914e+00
1.510306119918823242e+00
1.388745784759521484e+00
1.367463111877441406e+00
1.357557177543640137e+00
1.494066119194030762e+00
1.382219314575195312e+00
1.479842185974121094e+00
1.216219186782836914e+00
1.357810378074645996e+00
1.477957248687744141e+00
1.522579908370971680e+00
1.561557054519653320e+00
1.499339580535888672e+00
1.347643136978149414e+00
1.339359402656555176e+00
1.485593557357788086e+00
1.681657791137695312e+00
1.253421425819396973e+00
1.488250494003295898e+00
1.257491827011108398e+00
1.349585056304931641e+00
1.330807089805603027e+00
1.432790637016296387e+00
1.567884325981140137e+00
1.459426283836364746e+00
1.532896637916564941e+00
1.369522690773010254e+00
1.450790882110595703e+00
1.233824014663696289e+00
1.571587920188903809e+00
1.682541728019714355e+00
1.395119667053222656e+00
1.352644920349121094e+00
1.444134712219238281e+00
1.413432121276855469e+00
1.306935310363769531e+00
1.539237380027770996e+00
1.493391871452331543e+00
1.428675651550292969e+00
1.527746200561523438e+00
1.476316213607788086e+00
1.535401105880737305e+00
1.454224824905395508e+00
1.269165158271789551e+00
1.312083721160888672e+00
1.229470133781433105e+00
1.483425021171569824e+00
1.388272881507873535e+00
1.408416152000427246e+00
1.478058695793151855e+00
1.797515392303466797e+00
1.407234907150268555e+00
1.238112926483154297e+00
1.202383041381835938e+00
1.308534860610961914e+00
1.232324004173278809e+00
1.216848373413085938e+00
1.508152127265930176e+00
1.642042994499206543e+00
1.417317986488342285e+00
1.328472733497619629e+00
1.265454292297363281e+00
1.392225980758666992e+00
1.588917136192321777e+00
1.340240597724914551e+00
1.537818193435668945e+00
1.365958929061889648e+00
1.632145404815673828e+00
1.584973335266113281e+00
1.505955338478088379e+00
1.241675853729248047e+00
1.423686742782592773e+00
1.388892650604248047e+00
1.391442179679870605e+00
1.388548254966735840e+00
1.332312583923339844e+00
1.496922612190246582e+00
1.415941238403320312e+00
1.421220541000366211e+00
1.202463984489440918e+00
1.548981308937072754e+00
1.454008102416992188e+00
1.336406946182250977e+00
1.368781089782714844e+00
1.812560796737670898e+00
1.736892938613891602e+00
1.279746890068054199e+00
1.407152414321899414e+00
1.587846279144287109e+00
1.450259566307067871e+00
1.515563726425170898e+00
1.644275784492492676e+00
1.572322010993957520e+00
1.461000084877014160e+00
1.377967000007629395e+00
1.625523567199707031e+00
1.472703933715820312e+00
1.313893318176269531e+00
1.378178000450134277e+00
1.504078149795532227e+00
1.267785072326660156e+00
1.300923824310302734e+00
1.410690069198608398e+00
1.485418438911437988e+00
1.316717863082885742e+00
1.553261518478393555e+00
1.220042705535888672e+00
1.395626783370971680e+00
1.231627702713012695e+00
1.323933005332946777e+00
1.279629230499267578e+00
1.608685731887817383e+00
1.403491377830505371e+00
1.513698101043701172e+00
1.534990787506103516e+00
1.383632183074951172e+00
1.266339302062988281e+00
1.471677422523498535e+00
1.365680813789367676e+00
1.311125636100769043e+00
1.306264162063598633e+00
1.333879590034484863e+00
1.508155345916748047e+00
1.468995809555053711e+00
1.559245347976684570e+00
1.338437557220458984e+00
1.353419065475463867e+00
1.491287112236022949e+00
1.382740139961242676e+00
1.574803829193115234e+00
1.321333408355712891e+00
1.314817428588867188e+00
1.479269027709960938e+00
1.611357331275939941e+00
1.419403314590454102e+00
1.266559720039367676e+00
1.244199633598327637e+00
1.223911404609680176e+00
1.458164930343627930e+00
1.159229993820190430e+00
1.238531827926635742e+00
1.276132941246032715e+00
1.311645030975341797e+00
1.499769449234008789e+00
1.488903760910034180e+00
1.290027379989624023e+00
1.245042562484741211e+00
1.197057247161865234e+00
1.129186630249023438e+00
1.171025991439819336e+00
1.497466802597045898e+00
1.298536300659179688e+00
1.344962120056152344e+00
1.548896074295043945e+00
1.403677701950073242e+00
1.271664023399353027e+00
1.199261426925659180e+00
1.393834471702575684e+00
1.764640212059020996e+00
1.303821206092834473e+00
1.517882347106933594e+00
1.340565919876098633e+00
1.326390862464904785e+00
1.444696664810180664e+00
1.363763213157653809e+00
1.370754718780517578e+00
1.414250850677490234e+00
1.251950144767761230e+00
1.453398466110229492e+00
1.456104397773742676e+00
1.356100320816040039e+00
1.393821120262145996e+00
1.227892160415649414e+00
1.364676713943481445e+00
1.551404476165771484e+00
1.494565129280090332e+00
1.267694473266601562e+00
1.398457884788513184e+00
1.331574678421020508e+00
1.492932438850402832e+00
1.247639060020446777e+00
1.159083247184753418e+00
1.665685653686523438e+00
1.283225536346435547e+00
1.368595719337463379e+00
1.162145256996154785e+00
1.378422498703002930e+00
1.388091325759887695e+00
1.429807305335998535e+00
1.515067577362060547e+00
1.125880599021911621e+00
1.354039192199707031e+00
1.466004729270935059e+00
1.142997026443481445e+00
1.362405538558959961e+00
1.271244049072265625e+00
1.248965144157409668e+00
1.120354652404785156e+00
1.423076272010803223e+00
1.227028846740722656e+00
1.298369884490966797e+00
1.114483118057250977e+00
1.544452548027038574e+00
1.305474996566772461e+00
1.284661173820495605e+00
1.371738195419311523e+00
1.423084855079650879e+00
1.224411725997924805e+00
1.530441522598266602e+00
1.086172223091125488e+00
1.274661064147949219e+00
1.112340807914733887e+00
1.349064350128173828e+00
1.347483277320861816e+00
1.504184007644653320e+00
1.356564044952392578e+00
1.448013186454772949e+00
1.206900358200073242e+00
1.343563437461853027e+00
1.440879344940185547e+00
1.276089906692504883e+00
1.582678794860839844e+00
1.253268599510192871e+00
1.447985410690307617e+00
1.328729867935180664e+00
1.180380821228027344e+00
1.395078539848327637e+00
1.284474253654479980e+00
1.397483587265014648e+00
1.465713739395141602e+00
1.213717937469482422e+00
1.401316642761230469e+00
1.225844621658325195e+00
1.509265184402465820e+00
1.071868896484375000e+00
1.163264751434326172e+00
1.271381735801696777e+00
1.385998725891113281e+00
1.744982242584228516e+00
1.378788113594055176e+00
1.468522071838378906e+00
1.179728865623474121e+00
1.499329924583435059e+00
1.409596920013427734e+00
1.367597818374633789e+00
1.316321969032287598e+00
1.317032217979431152e+00
1.284669995307922363e+00
1.333465337753295898e+00
1.390801548957824707e+00
1.065026044845581055e+00
1.358098030090332031e+00
1.306473851203918457e+00
1.405617475509643555e+00
1.245451807975769043e+00
1.324996829032897949e+00
1.243768215179443359e+00
1.302682995796203613e+00
1.255858659744262695e+00
1.118569016456604004e+00
1.224783062934875488e+00
1.424264430999755859e+00
1.179191470146179199e+00
1.146768808364868164e+00
1.344350218772888184e+00
1.246634960174560547e+00
1.384803533554077148e+00
1.351787209510803223e+00
1.223532915115356445e+00
1.223339796066284180e+00
1.421267986297607422e+00
1.148347496986389160e+00
1.163946390151977539e+00
1.210313081741333008e+00
1.239293932914733887e+00
1.099056601524353027e+00
1.359793066978454590e+00
1.379517555236816406e+00
1.201223254203796387e+00
1.213105082511901855e+00
1.043648362159729004e+00
1.323947191238403320e+00
1.414309263229370117e+00
1.366291761398315430e+00
1.407015800476074219e+00
1.207134008407592773e+00
1.288985967636108398e+00
1.216102004051208496e+00
1.435867667198181152e+00
1.233220577239990234e+00
1.320128798484802246e+00
1.206944227218627930e+00
1.305213570594787598e+00
1.455410003662109375e+00
1.236685633659362793e+00
1.201511621475219727e+00
1.371217727661132812e+00
1.164326906204223633e+00
1.509229421615600586e+00
1.151042103767395020e+00
1.024207592010498047e+00
1.214326620101928711e+00
1.337223172187805176e+00
1.273470520973205566e+00
1.216566324234008789e+00
1.506840467453002930e+00
1.072533726692199707e+00
1.262618541717529297e+00
1.174089193344116211e+00
1.204703211784362793e+00
1.248432993888854980e+00
1.191343188285827637e+00
1.163221120834350586e+00
1.258560419082641602e+00
1.325187921524047852e+00
1.325581550598144531e+00
1.141161799430847168e+00
1.426993012428283691e+00
1.382790684700012207e+00
1.329155802726745605e+00
1.128132581710815430e+00
1.175473570823669434e+00
1.290042400360107422e+00
1.340318441390991211e+00
1.388320207595825195e+00
1.318554162979125977e+00
1.112940788269042969e+00
1.215444445610046387e+00
1.246155261993408203e+00
1.147173166275024414e+00
1.260774135589599609e+00
1.158596992492675781e+00
1.357518434524536133e+00
1.321057081222534180e+00
1.586399555206298828e+00
1.248668551445007324e+00
1.308847188949584961e+00
1.291097164154052734e+00
1.211906313896179199e+00
1.210718393325805664e+00
1.415624976158142090e+00
1.605244278907775879e+00
1.274321436882019043e+00
1.412811636924743652e+00
1.186776638031005859e+00
1.410535097122192383e+00
1.278654336929321289e+00
1.382756233215332031e+00
1.375269174575805664e+00
1.075708150863647461e+00
1.412681102752685547e+00
1.385156154632568359e+00
1.233424425125122070e+00
1.402831792831420898e+00
1.394099950790405273e+00
1.296801924705505371e+00
1.373498678207397461e+00
1.164286136627197266e+00
1.158061146736145020e+00
1.303046703338623047e+00
1.307433724403381348e+00
1.321125745773315430e+00
1.321473360061645508e+00
1.108426332473754883e+00
1.207208752632141113e+00
1.323689222335815430e+00
1.443298459053039551e+00
1.406069636344909668e+00
1.180851936340332031e+00
1.250824689865112305e+00
1.200077891349792480e+00
1.126590132713317871e+00
1.243277192115783691e+00
1.212235689163208008e+00
1.306277275085449219e+00
1.379114151000976562e+00
1.343239784240722656e+00
1.178359270095825195e+00
1.281425237655639648e+00
1.289666056632995605e+00
1.350870966911315918e+00
1.477063775062561035e+00
1.203867793083190918e+00
1.124372601509094238e+00
1.247180461883544922e+00
1.094941020011901855e+00
9.973404407501220703e-01
1.270946502685546875e+00
1.239599823951721191e+00
1.244218230247497559e+00
1.202774882316589355e+00
1.186123609542846680e+00
1.163675546646118164e+00
1.147334218025207520e+00
1.080410718917846680e+00
1.394986033439636230e+00
1.321016907691955566e+00
1.081023812294006348e+00
1.169122695922851562e+00
1.292502045631408691e+00
1.362137794494628906e+00
1.094331979751586914e+00
1.194238185882568359e+00
1.295491695404052734e+00
1.591590166091918945e+00
1.409198760986328125e+00
1.415516018867492676e+00
1.407140970230102539e+00
1.064017772674560547e+00
1.422889113426208496e+00
1.152698040008544922e+00
1.215754628181457520e+00
1.222985267639160156e+00
1.217981815338134766e+00
1.366832137107849121e+00
1.442335247993469238e+00
1.096927523612976074e+00
1.167148709297180176e+00
1.065729379653930664e+00
1.252246975898742676e+00
1.215280294418334961e+00
1.468438148498535156e+00
1.293242335319519043e+00
1.076619744300842285e+00
1.218546748161315918e+00
1.403163909912109375e+00
1.195708513259887695e+00
1.321995258331298828e+00
1.053632140159606934e+00
1.105971574783325195e+00
1.221659779548645020e+00
1.621440410614013672e+00
1.372231960296630859e+00
1.158692359924316406e+00
1.201659560203552246e+00
1.190316915512084961e+00
1.171237349510192871e+00
1.222747445106506348e+00
1.130260825157165527e+00
1.178596258163452148e+00
1.293505311012268066e+00
1.293368458747863770e+00
1.278984904289245605e+00
1.224073648452758789e+00
1.321257829666137695e+00
1.120842933654785156e+00
1.254790425300598145e+00
1.400257468223571777e+00
1.087689518928527832e+00
1.012945055961608887e+00
1.031490325927734375e+00
1.298376560211181641e+00
1.291265368461608887e+00
1.192517995834350586e+00
1.239115953445434570e+00
1.206843852996826172e+00
1.051597595214843750e+00
9.073919653892517090e-01
1.271447777748107910e+00
1.126081347465515137e+00
1.193141102790832520e+00
1.266694903373718262e+00
1.104893445968627930e+00
1.337258458137512207e+00
1.223584771156311035e+00
9.214401245117187500e-01
1.010796666145324707e+00
1.451592922210693359e+00
1.225376009941101074e+00
1.151752710342407227e+00
1.179312229156494141e+00
1.203911423683166504e+00
1.337050199508666992e+00
1.013210415840148926e+00
1.181951165199279785e+00
1.364139437675476074e+00
1.241319656372070312e+00
1.117960691452026367e+00
1.204756736755371094e+00
1.155243515968322754e+00
1.344501018524169922e+00
1.201011419296264648e+00
1.374952316284179688e+00
1.400044083595275879e+00
1.190942168235778809e+00
1.312887787818908691e+00
1.105491042137145996e+00
1.135403752326965332e+00
1.057964563369750977e+00
1.408340692520141602e+00
1.249905824661254883e+00
1.039782047271728516e+00
1.476107597351074219e+00
1.026337742805480957e+00
1.169683218002319336e+00
1.180233955383300781e+00
1.085520148277282715e+00
1.193589925765991211e+00
1.113324046134948730e+00
1.532793641090393066e+00
1.365497589111328125e+00
1.551580667495727539e+00
1.189027070999145508e+00
1.552119016647338867e+00
1.298206329345703125e+00
1.318831682205200195e+00
1.237429261207580566e+00
1.254404544830322266e+00
1.193701028823852539e+00
1.311520218849182129e+00
1.253288388252258301e+00
1.296720385551452637e+00
8.303815722465515137e-01
1.414304494857788086e+00
1.328562736511230469e+00
1.180478692054748535e+00
1.041677594184875488e+00
1.388338088989257812e+00
9.861416220664978027e-01
1.194207906723022461e+00
1.364346265792846680e+00
1.054918169975280762e+00
1.272569775581359863e+00
9.774686694145202637e-01
1.044353604316711426e+00
1.168217897415161133e+00
1.328986644744873047e+00
1.390532135963439941e+00
1.487524271011352539e+00
1.097394943237304688e+00
1.110167264938354492e+00
1.068738937377929688e+00
1.177241206169128418e+00
1.301868438720703125e+00
1.176704645156860352e+00
1.170366168022155762e+00
1.342400312423706055e+00
1.080319643020629883e+00
1.155371785163879395e+00
1.043331384658813477e+00
1.102449893951416016e+00
1.468419551849365234e+00
1.375485420227050781e+00
1.062945961952209473e+00
1.174204111099243164e+00
1.071772813796997070e+00
1.051644325256347656e+00
1.423442721366882324e+00
1.107139348983764648e+00
1.143257737159729004e+00
9.546737074851989746e-01
1.285451412200927734e+00
1.116314172744750977e+00
1.191131711006164551e+00
1.327029109001159668e+00
1.118945956230163574e+00
9.830856323242187500e-01
1.489494323730468750e+00
1.477914929389953613e+00
1.014611005783081055e+00
1.053633928298950195e+00
1.158343553543090820e+00
1.275861263275146484e+00
1.291550993919372559e+00
1.326703548431396484e+00
1.378792643547058105e+00
1.203336477279663086e+00
1.378790378570556641e+00
1.081373214721679688e+00
1.313914537429809570e+00
1.261719822883605957e+00
1.485547184944152832e+00
9.744926095008850098e-01
1.317862153053283691e+00
1.146262168884277344e+00
8.469884395599365234e-01
1.222688555717468262e+00
1.179001331329345703e+00
1.081176996231079102e+00
1.293817877769470215e+00
1.439131975173950195e+00
1.075257658958435059e+00
1.053199410438537598e+00
9.989882707595825195e-01
1.216838717460632324e+00
1.249778628349304199e+00
9.256361722946166992e-01
1.127256274223327637e+00
1.281572580337524414e+00
1.222173810005187988e+00
1.112500548362731934e+00
1.213755846023559570e+00
1.259209871292114258e+00
9.958031177520751953e-01
1.133236408233642578e+00
1.553956985473632812e+00
9.674962759017944336e-01
1.102769970893859863e+00
1.156992793083190918e+00
1.101535916328430176e+00
1.190466761589050293e+00
1.192990422248840332e+00
1.154463410377502441e+00
1.324637889862060547e+00
1.327119946479797363e+00
1.184221744537353516e+00
1.195857644081115723e+00
1.385326385498046875e+00
1.194033741950988770e+00
9.958496689796447754e-01
9.785217642784118652e-01
1.197626233100891113e+00
1.106750845909118652e+00
1.227024912834167480e+00
1.112628817558288574e+00
1.314752221107482910e+00
1.225941896438598633e+00
1.140932917594909668e+00
1.243532419204711914e+00
1.165586948394775391e+00
1.135997772216796875e+00
1.274381637573242188e+00
1.227847337722778320e+00
1.203399062156677246e+00
1.395188689231872559e+00
8.577848076820373535e-01
1.147140264511108398e+00
9.652761220932006836e-01
1.023010134696960449e+00
8.845169544219970703e-01
1.143969774246215820e+00
1.304673075675964355e+00
1.127158045768737793e+00
1.313647508621215820e+00
9.147343039512634277e-01
1.066749215126037598e+00
9.891930222511291504e-01
1.106062412261962891e+00
1.269455313682556152e+00
1.094806313514709473e+00
1.065554738044738770e+00
1.085982322692871094e+00
1.243771910667419434e+00
1.090723037719726562e+00
1.206097126007080078e+00
1.098309040069580078e+00
1.180545687675476074e+00
1.075486660003662109e+00
1.204011797904968262e+00
9.596812725067138672e-01
1.222290039062500000e+00
1.462544441223144531e+00
1.203871726989746094e+00
1.017898082733154297e+00
1.135915279388427734e+00
1.382367968559265137e+00
1.072007894515991211e+00
1.219223499298095703e+00
1.116608738899230957e+00
1.097199916839599609e+00
1.304986000061035156e+00
1.103396892547607422e+00
1.165444731712341309e+00
1.045084118843078613e+00
9.943139553070068359e-01
1.089928388595581055e+00
1.415710091590881348e+00
1.110707759857177734e+00
1.122771739959716797e+00
1.032413125038146973e+00
1.066982388496398926e+00
1.325315475463867188e+00
8.465718030929565430e-01
1.066194415092468262e+00
1.315784454345703125e+00
1.112916231155395508e+00
1.184822559356689453e+00
1.294680356979370117e+00
1.151489734649658203e+00
1.278043270111083984e+00
1.146906018257141113e+00
1.091640233993530273e+00
1.255981564521789551e+00
1.468928575515747070e+00
1.256312608718872070e+00
9.303322434425354004e-01
1.117478728294372559e+00
1.013618826866149902e+00
1.115851283073425293e+00
1.212194323539733887e+00
9.891566634178161621e-01
1.216161012649536133e+00
1.184375286102294922e+00
8.613600730895996094e-01
9.199607372283935547e-01
1.254902243614196777e+00
1.035839557647705078e+00
1.284238815307617188e+00
1.127773404121398926e+00
1.208472251892089844e+00
1.103234052658081055e+00
8.273087143898010254e-01
1.045437097549438477e+00
9.451686143875122070e-01
1.265214204788208008e+00
8.413914442062377930e-01
1.276533603668212891e+00
9.427996873855590820e-01
1.155443191528320312e+00
1.177006721496582031e+00
8.984346985816955566e-01
9.420052766799926758e-01
1.094226479530334473e+00
1.257342457771301270e+00
9.298437833786010742e-01
1.376577377319335938e+00
1.083619832992553711e+00
1.038691878318786621e+00
1.070394277572631836e+00
1.093651413917541504e+00
1.141478538513183594e+00
1.370790243148803711e+00
1.021989464759826660e+00
1.053219318389892578e+00
1.189672827720642090e+00
1.205615758895874023e+00
1.100787639617919922e+00
1.036768913269042969e+00
1.088996529579162598e+00
1.076172232627868652e+00
1.029777050018310547e+00
1.400459408760070801e+00
1.083953022956848145e+00
1.058125495910644531e+00
1.357040524482727051e+00
1.198974132537841797e+00
1.282053709030151367e+00
1.119807124137878418e+00
1.107376098632812500e+00
9.906036853790283203e-01
1.254480242729187012e+00
9.971343874931335449e-01
1.320238709449768066e+00
1.177251458168029785e+00
1.031108140945434570e+00
1.145126581192016602e+00
1.219965696334838867e+00
1.279098868370056152e+00
1.010228276252746582e+00
1.019384264945983887e+00
1.027740478515625000e+00
1.035572290420532227e+00
9.783853888511657715e-01
1.050955295562744141e+00
9.029040932655334473e-01
1.324407577514648438e+00
1.435774564743041992e+00
1.098778247833251953e+00
1.118383407592773438e+00
1.098916172981262207e+00
9.830511212348937988e-01
1.124567508697509766e+00
1.095159888267517090e+00
1.000876069068908691e+00
9.978229999542236328e-01
1.001219511032104492e+00
9.860739111900329590e-01
1.125266671180725098e+00
1.158279299736022949e+00
1.063800930976867676e+00
1.172434806823730469e+00
1.271173596382141113e+00
1.129940271377563477e+00
1.062310934066772461e+00
9.690735340118408203e-01
1.242577195167541504e+00
1.061800599098205566e+00
1.083091497421264648e+00
9.679794311523437500e-01
1.172530412673950195e+00
1.175559163093566895e+00
1.117889165878295898e+00
1.264808177947998047e+00
1.202059745788574219e+00
1.160261869430541992e+00
8.640527129173278809e-01
9.984682798385620117e-01
1.051832675933837891e+00
1.067792296409606934e+00
1.284321188926696777e+00
1.124147057533264160e+00
1.026081681251525879e+00
9.228320717811584473e-01
1.205280184745788574e+00
1.144838333129882812e+00
1.060045599937438965e+00
9.837082624435424805e-01
1.147241830825805664e+00
9.633795022964477539e-01
1.060254812240600586e+00
9.131145477294921875e-01
1.256306052207946777e+00
8.769717812538146973e-01
1.030992627143859863e+00
1.400335073471069336e+00
1.328042387962341309e+00
1.233330130577087402e+00
1.247141599655151367e+00
1.212786793708801270e+00
1.214763402938842773e+00
1.138046503067016602e+00
1.034635424613952637e+00
8.371094465255737305e-01
1.066996693611145020e+00
1.247800946235656738e+00
1.099286556243896484e+00
1.334489703178405762e+00
1.031118750572204590e+00
1.112367630004882812e+00
1.027884602546691895e+00
1.153026819229125977e+00
1.074606776237487793e+00
9.149522185325622559e-01
1.189115881919860840e+00
9.553562402725219727e-01
1.075922846794128418e+00
9.917085766792297363e-01
1.163793087005615234e+00
1.100665092468261719e+00
1.029531002044677734e+00
1.174075007438659668e+00
1.453563928604125977e+00
9.855784773826599121e-01
1.062932372093200684e+00
1.067795753479003906e+00
1.138803601264953613e+00
9.504206180572509766e-01
8.901959061622619629e-01
1.077067255973815918e+00
8.937713503837585449e-01
1.353958845138549805e+00
9.475015401840209961e-01
1.266380190849304199e+00
1.053236246109008789e+00
1.035018324851989746e+00
1.093837976455688477e+00
1.205412507057189941e+00
1.278769731521606445e+00
1.132770776748657227e+00
1.021309494972229004e+00
1.252219080924987793e+00
1.286229014396667480e+00
1.165408134460449219e+00
1.379661321640014648e+00
1.118561863899230957e+00
9.791839122772216797e-01
9.085452556610107422e-01
1.239770293235778809e+00
1.278868079185485840e+00
1.259253382682800293e+00
8.095569610595703125e-01
9.500496983528137207e-01
8.687441349029541016e-01
1.078684568405151367e+00
1.067904949188232422e+00
1.365265727043151855e+00
1.069549083709716797e+00
1.208653450012207031e+00
1.006029486656188965e+00
1.166145682334899902e+00
9.701624512672424316e-01
1.275272607803344727e+00
9.942021369934082031e-01
1.376753926277160645e+00
1.285271525382995605e+00
9.861278533935546875e-01
1.045285344123840332e+00
9.776827096939086914e-01
1.314433693885803223e+00
1.038055896759033203e+00
1.239094257354736328e+00
1.184782266616821289e+00
9.987511038780212402e-01
1.023332476615905762e+00
8.731914162635803223e-01
1.070271968841552734e+00
1.065235137939453125e+00
1.035322904586791992e+00
8.625414967536926270e-01
1.071864604949951172e+00
1.192100644111633301e+00
9.502341747283935547e-01
9.802377223968505859e-01
1.077049732208251953e+00
1.131883025169372559e+00
1.059185385704040527e+00
1.198022842407226562e+00
9.121153354644775391e-01
9.239637851715087891e-01
1.140598177909851074e+00
1.248237252235412598e+00
1.076276302337646484e+00
9.991579055786132812e-01
1.289540052413940430e+00
1.164455056190490723e+00
1.062601923942565918e+00
1.255579590797424316e+00
9.831069111824035645e-01
1.173560738563537598e+00
1.190521359443664551e+00
1.291435241699218750e+00
1.007353425025939941e+00
1.011893153190612793e+00
1.125612616539001465e+00
1.013017654418945312e+00
9.723031520843505859e-01
1.091420888900756836e+00
9.605721235275268555e-01
7.633681297302246094e-01
1.195838928222656250e+00
1.202752709388732910e+00
1.199956536293029785e+00
1.005396246910095215e+00
9.386705756187438965e-01
1.057169675827026367e+00
1.121599435806274414e+00
1.176960706710815430e+00
1.047214031219482422e+00
1.127073049545288086e+00
1.130478858947753906e+00
1.007171034812927246e+00
9.634802937507629395e-01
1.145924210548400879e+00
1.108361244201660156e+00
9.949392676353454590e-01
9.162889719009399414e-01
8.873727321624755859e-01
1.092442274093627930e+00
1.019539833068847656e+00
8.850603699684143066e-01
1.107847929000854492e+00
1.147295355796813965e+00
1.001646399497985840e+00
1.126146435737609863e+00
1.002934932708740234e+00
8.853478431701660156e-01
1.303149223327636719e+00
1.253856658935546875e+00
9.754796028137207031e-01
8.610695004463195801e-01
1.164422750473022461e+00
1.199162244796752930e+00
1.017209768295288086e+00
8.025079965591430664e-01
1.034777045249938965e+00
1.068528294563293457e+00
1.130856633186340332e+00
1.058612465858459473e+00
1.025114417076110840e+00
1.245293498039245605e+00
1.051149845123291016e+00
1.287633299827575684e+00
1.215036153793334961e+00
9.580353498458862305e-01
8.368153572082519531e-01
1.065970897674560547e+00
1.256480455398559570e+00
9.286497235298156738e-01
1.073391437530517578e+00
9.647140502929687500e-01
1.219513893127441406e+00
1.010551333427429199e+00
9.411590099334716797e-01
1.224639654159545898e+00
1.083477377891540527e+00
1.312536478042602539e+00
9.410077333450317383e-01
9.229556322097778320e-01
1.069285750389099121e+00
1.067930817604064941e+00
1.065473556518554688e+00
1.046709537506103516e+00
1.127067804336547852e+00
1.272497892379760742e+00
1.240855216979980469e+00
1.162083029747009277e+00
9.123564362525939941e-01
1.784092187881469727e+00
8.244242072105407715e-01
1.049831509590148926e+00
9.269218444824218750e-01
1.226459741592407227e+00
8.540693521499633789e-01
9.069327712059020996e-01
1.217654228210449219e+00
1.000915288925170898e+00
1.168764472007751465e+00
9.324967861175537109e-01
1.044659972190856934e+00
1.027146339416503906e+00
1.031358122825622559e+00
9.912456870079040527e-01
1.232098817825317383e+00
1.167708873748779297e+00
8.577581644058227539e-01
1.046002626419067383e+00
8.566648960113525391e-01
7.285890579223632812e-01
1.205045580863952637e+00
1.048084497451782227e+00
1.281149148941040039e+00
1.337684273719787598e+00
1.164626717567443848e+00
8.278973698616027832e-01
8.460059762001037598e-01
9.313127994537353516e-01
9.649357795715332031e-01
1.109779119491577148e+00
1.332542657852172852e+00
1.057944536209106445e+00
1.150020360946655273e+00
1.010302543640136719e+00
1.076770424842834473e+00
1.309896707534790039e+00
9.657809138298034668e-01
1.027680158615112305e+00
1.084517478942871094e+00
8.916295766830444336e-01
9.159306287765502930e-01
1.192146778106689453e+00
1.053538560867309570e+00
1.374459981918334961e+00
9.991149902343750000e-01
1.032429456710815430e+00
1.037189006805419922e+00
1.061603188514709473e+00
1.127250671386718750e+00
9.005241394042968750e-01
1.152781486511230469e+00
1.179900765419006348e+00
7.447364330291748047e-01
1.023002266883850098e+00
8.764382004737854004e-01
9.562340974807739258e-01
7.827662229537963867e-01
1.015325188636779785e+00
1.281435847282409668e+00
9.207733869552612305e-01
9.624633789062500000e-01
1.181321740150451660e+00
1.176097512245178223e+00
1.279457569122314453e+00
8.292241096496582031e-01
1.003951191902160645e+00
8.710811138153076172e-01
9.861605763435363770e-01
1.042399525642395020e+00
1.047778010368347168e+00
1.121625304222106934e+00
1.030495524406433105e+00
9.183489680290222168e-01
9.822839498519897461e-01
1.131443500518798828e+00
1.024104118347167969e+00
8.894425034523010254e-01
1.043712854385375977e+00
7.986637353897094727e-01
1.195694804191589355e+00
9.676584601402282715e-01
1.033267855644226074e+00
1.061652898788452148e+00
9.052628874778747559e-01
9.267831444740295410e-01
8.594934344291687012e-01
1.441445350646972656e+00
8.905601501464843750e-01
9.566561579704284668e-01
8.726928234100341797e-01
9.584107398986816406e-01
8.672915101051330566e-01
9.085336923599243164e-01
1.002429723739624023e+00
9.099212884902954102e-01
1.009842514991760254e+00
1.015893816947937012e+00
8.942234516143798828e-01
1.163827300071716309e+00
1.066650032997131348e+00
9.074895381927490234e-01
1.215526938438415527e+00
9.779843091964721680e-01
1.085356235504150391e+00
9.081141352653503418e-01
8.708885908126831055e-01
8.982086181640625000e-01
8.206523060798645020e-01
1.046023964881896973e+00
9.167320132255554199e-01
8.396394252777099609e-01
7.844792008399963379e-01
9.466518163681030273e-01
9.694899320602416992e-01
9.300760626792907715e-01
9.309660792350769043e-01
9.722308516502380371e-01
9.802521467208862305e-01
1.055109977722167969e+00
8.320692777633666992e-01
8.654594421386718750e-01
1.175792574882507324e+00
1.048663735389709473e+00
1.036335587501525879e+00
9.974294304847717285e-01
9.383674860000610352e-01
7.797215580940246582e-01
8.259315490722656250e-01
1.178606867790222168e+00
1.091787338256835938e+00
1.262862920761108398e+00
1.155789017677307129e+00
1.132154345512390137e+00
1.084139347076416016e+00
1.248029112815856934e+00
1.223616719245910645e+00
1.122286915779113770e+00
1.057885646820068359e+00
1.135921001434326172e+00
1.116022348403930664e+00
8.084715008735656738e-01
9.493070244789123535e-01
9.613442420959472656e-01
8.871164917945861816e-01
1.066515803337097168e+00
1.040407538414001465e+00
9.543451070785522461e-01
9.032757878303527832e-01
8.398417830467224121e-01
7.747189402580261230e-01
1.063888192176818848e+00
9.654113054275512695e-01
8.310927152633666992e-01
1.240570068359375000e+00
1.109055757522583008e+00
1.142734646797180176e+00
9.313800334930419922e-01
7.575381398200988770e-01
9.504215121269226074e-01
9.797108173370361328e-01
1.045189023017883301e+00
1.273557543754577637e+00
1.296609878540039062e+00
1.044978737831115723e+00
1.090845108032226562e+00
1.109655141830444336e+00
1.043203353881835938e+00
8.423801660537719727e-01
1.210612893104553223e+00
8.979089856147766113e-01
1.180109143257141113e+00
1.303460001945495605e+00
9.613580107688903809e-01
1.107082962989807129e+00
9.343072772026062012e-01
1.069929003715515137e+00
1.163724899291992188e+00
9.919349551200866699e-01
9.647036790847778320e-01
9.846751689910888672e-01
9.815472364425659180e-01
7.431365251541137695e-01
8.995394110679626465e-01
1.014200091361999512e+00
8.282865881919860840e-01
1.064607739448547363e+00
8.465560078620910645e-01
1.081265449523925781e+00
1.150330901145935059e+00
1.056941509246826172e+00
1.061081171035766602e+00
7.772628664970397949e-01
8.843833208084106445e-01
1.141129970550537109e+00
9.650446176528930664e-01
1.050781130790710449e+00
9.722290635108947754e-01
8.260964751243591309e-01
9.251773357391357422e-01
1.028033614158630371e+00
1.042799115180969238e+00
1.177645683288574219e+00
8.171939849853515625e-01
8.758956193923950195e-01
1.115155458450317383e+00
9.150753617286682129e-01
1.118521094322204590e+00
1.410472512245178223e+00
9.397852420806884766e-01
1.047283649444580078e+00
8.972737789154052734e-01
1.316178321838378906e+00
9.232272505760192871e-01
1.156832575798034668e+00
1.055436611175537109e+00
8.506262302398681641e-01
9.695973992347717285e-01
9.051756262779235840e-01
1.105577349662780762e+00
9.621875882148742676e-01
9.757189750671386719e-01
1.009567975997924805e+00
1.060881614685058594e+00
1.091057896614074707e+00
1.098289728164672852e+00
9.712312817573547363e-01
9.687191843986511230e-01
9.817785024642944336e-01
9.891284108161926270e-01
1.135834455490112305e+00
9.613432884216308594e-01
1.132446646690368652e+00
9.721649289131164551e-01
8.485883474349975586e-01
1.080675601959228516e+00
1.155584692955017090e+00
8.172802925109863281e-01
8.150013685226440430e-01
8.345782756805419922e-01
1.120344161987304688e+00
1.094304442405700684e+00
9.590033888816833496e-01
7.866477370262145996e-01
8.711898326873779297e-01
1.008057713508605957e+00
9.193088412284851074e-01
1.037409186363220215e+00
8.395456075668334961e-01
1.119334340095520020e+00
1.045848250389099121e+00
9.846308827400207520e-01
1.133879065513610840e+00
9.871349334716796875e-01
8.813279867172241211e-01
9.391779303550720215e-01
1.111624002456665039e+00
9.546296000480651855e-01
8.360268473625183105e-01
9.787013530731201172e-01
1.011948227882385254e+00
9.775056838989257812e-01
8.398994803428649902e-01
9.209928512573242188e-01
9.276445508003234863e-01
1.024310350418090820e+00
1.055771589279174805e+00
9.613670706748962402e-01
1.002774357795715332e+00
1.021965503692626953e+00
1.022658705711364746e+00
1.287052989006042480e+00
1.196566224098205566e+00
9.652709960937500000e-01
9.486277103424072266e-01
1.019647836685180664e+00
8.805312514305114746e-01
1.008947372436523438e+00
1.225642323493957520e+00
9.422973990440368652e-01
9.225883483886718750e-01
8.576962947845458984e-01
8.998298645019531250e-01
8.786848187446594238e-01
7.254298925399780273e-01
1.240728020668029785e+00
7.483080625534057617e-01
8.314098119735717773e-01
9.437845945358276367e-01
9.066760540008544922e-01
1.197862863540649414e+00
9.494180679321289062e-01
9.213613271713256836e-01
8.756078481674194336e-01
9.036775231361389160e-01
8.819479346275329590e-01
1.079807758331298828e+00
1.196974515914916992e+00
8.725421428680419922e-01
9.717414379119873047e-01
1.060572504997253418e+00
9.421175122261047363e-01
8.670293688774108887e-01
9.873788356781005859e-01
1.171453356742858887e+00
8.142185211181640625e-01
1.081050395965576172e+00
7.537806630134582520e-01
1.044948816299438477e+00
1.086416244506835938e+00
8.887354135513305664e-01
1.067716717720031738e+00
1.056020259857177734e+00
1.036316394805908203e+00
6.200951933860778809e-01
8.298751711845397949e-01
1.342381238937377930e+00
8.651460409164428711e-01
8.006122708320617676e-01
7.924537062644958496e-01
9.295260906219482422e-01
1.020984888076782227e+00
8.803611397743225098e-01
8.964194655418395996e-01
7.979916334152221680e-01
9.302174448966979980e-01
1.005669355392456055e+00
9.893078207969665527e-01
8.551427125930786133e-01
7.450587749481201172e-01
8.237174153327941895e-01
9.931354522705078125e-01
9.307189583778381348e-01
1.175685524940490723e+00
7.982633709907531738e-01
9.399973750114440918e-01
1.103396177291870117e+00
9.607846140861511230e-01
9.241872429847717285e-01
9.874333143234252930e-01
7.772534489631652832e-01
8.013267517089843750e-01
1.002955794334411621e+00
8.105437159538269043e-01
1.231366753578186035e+00
1.144029498100280762e+00
8.270658254623413086e-01
9.150032401084899902e-01
9.902545809745788574e-01
8.436354994773864746e-01
8.163831830024719238e-01
8.342550396919250488e-01
8.086258769035339355e-01
9.176197648048400879e-01
8.909518718719482422e-01
9.679393768310546875e-01
1.170118927955627441e+00
1.091389298439025879e+00
9.753422737121582031e-01
9.484271407127380371e-01
1.057258248329162598e+00
1.001027584075927734e+00
1.044881701469421387e+00
8.213003277778625488e-01
9.799094200134277344e-01
9.548096656799316406e-01
9.530882239341735840e-01
1.027100086212158203e+00
1.174158334732055664e+00
1.019970297813415527e+00
9.799324274063110352e-01
1.280884981155395508e+00
9.645590186119079590e-01
8.451381921768188477e-01
1.198523521423339844e+00
9.883334636688232422e-01
9.670991897583007812e-01
8.676570653915405273e-01
1.264347553253173828e+00
1.026883721351623535e+00
9.868793487548828125e-01
1.137470006942749023e+00
1.266976594924926758e+00
8.091111779212951660e-01
9.617243409156799316e-01
9.617750048637390137e-01
1.003329992294311523e+00
1.013478398323059082e+00
7.970809936523437500e-01
1.109734177589416504e+00
8.395826816558837891e-01
8.470624089241027832e-01
1.201725482940673828e+00
9.395267963409423828e-01
1.116021752357482910e+00
8.784431219100952148e-01
8.108127713203430176e-01
1.014542222023010254e+00
8.863578438758850098e-01
9.218873977661132812e-01
9.628979563713073730e-01
8.006615042686462402e-01
1.167026162147521973e+00
1.026760220527648926e+00
8.712823390960693359e-01
9.004456400871276855e-01
1.151713252067565918e+00
1.052514910697937012e+00
9.338909387588500977e-01
1.021997451782226562e+00
1.056356787681579590e+00
8.159329295158386230e-01
9.880956411361694336e-01
7.869908213615417480e-01
1.090698480606079102e+00
9.023236036300659180e-01
9.630916714668273926e-01
9.204511046409606934e-01
7.823117971420288086e-01
9.412959814071655273e-01
1.012152314186096191e+00
9.010789394378662109e-01
9.824748635292053223e-01
9.863948822021484375e-01
8.583916425704956055e-01
9.868627190589904785e-01
7.818727493286132812e-01
9.305698871612548828e-01
7.027230262756347656e-01
1.060173034667968750e+00
8.425586819648742676e-01
8.422693014144897461e-01
1.242218494415283203e+00
7.630423903465270996e-01
7.808808088302612305e-01
1.014968037605285645e+00
9.341400265693664551e-01
9.023454189300537109e-01
1.101109266281127930e+00
1.080874919891357422e+00
1.058060646057128906e+00
1.005414724349975586e+00
1.312155604362487793e+00
7.143243551254272461e-01
9.577080607414245605e-01
1.145869851112365723e+00
9.912335276603698730e-01
1.160064339637756348e+00
1.388544201850891113e+00
9.437925815582275391e-01
9.812204241752624512e-01
9.908626079559326172e-01
1.111436843872070312e+00
8.383325338363647461e-01
1.220572590827941895e+00
9.594164490699768066e-01
1.161061167716979980e+00
9.646178483963012695e-01
9.676550626754760742e-01
8.189699053764343262e-01
7.402585744857788086e-01
8.553169965744018555e-01
9.663830399513244629e-01
8.614042997360229492e-01
7.923035621643066406e-01
9.367510676383972168e-01
7.867396473884582520e-01
1.242470622062683105e+00
1.097543358802795410e+00
1.073380827903747559e+00
8.167095780372619629e-01
7.057140469551086426e-01
9.319267272949218750e-01
9.369068741798400879e-01
8.022534847259521484e-01
9.474689960479736328e-01
9.653185606002807617e-01
8.177633881568908691e-01
9.923971891403198242e-01
6.298577785491943359e-01
1.087450623512268066e+00
8.895662426948547363e-01
1.007326602935791016e+00
1.037205934524536133e+00
1.191625237464904785e+00
9.786220192909240723e-01
1.094987988471984863e+00
8.260262608528137207e-01
7.462642788887023926e-01
8.763127923011779785e-01
1.014049649238586426e+00
9.882233142852783203e-01
1.015586972236633301e+00
1.081512808799743652e+00
9.219665527343750000e-01
1.075734138488769531e+00
1.032874107360839844e+00
1.015175819396972656e+00
7.157493233680725098e-01
1.155308842658996582e+00
1.142769694328308105e+00
9.284194707870483398e-01
8.587108850479125977e-01
1.034617185592651367e+00
1.149403214454650879e+00
9.296977519989013672e-01
1.081696867942810059e+00
7.646620869636535645e-01
6.533334851264953613e-01
7.431247830390930176e-01
9.789330959320068359e-01
9.822165966033935547e-01
8.791083097457885742e-01
7.850594520568847656e-01
7.851030826568603516e-01
1.101082086563110352e+00
7.015804052352905273e-01
9.645002484321594238e-01
9.414734840393066406e-01
9.273254871368408203e-01
1.466941714286804199e+00
9.898225665092468262e-01
9.223151206970214844e-01
9.905162453651428223e-01
1.314844965934753418e+00
9.798375368118286133e-01
7.075595855712890625e-01
9.628252983093261719e-01
9.180122613906860352e-01
9.231854677200317383e-01
9.830807447433471680e-01
1.051742553710937500e+00
1.179682374000549316e+00
8.949015736579895020e-01
9.053801894187927246e-01
1.071229696273803711e+00
1.138292789459228516e+00
1.115385890007019043e+00
9.029252529144287109e-01
8.317526578903198242e-01
1.040722131729125977e+00
9.046210646629333496e-01
9.206388592720031738e-01
9.458901286125183105e-01
1.006750822067260742e+00
9.865330457687377930e-01
1.107002377510070801e+00
8.086634874343872070e-01
8.826621770858764648e-01
7.690433263778686523e-01
8.173787593841552734e-01
1.063739061355590820e+00
8.763735890388488770e-01
9.508299827575683594e-01
9.652791023254394531e-01
1.071077466011047363e+00
8.492165207862854004e-01
1.117337703704833984e+00
9.458446502685546875e-01
1.148825287818908691e+00
1.057128906250000000e+00
9.572875499725341797e-01
1.133227467536926270e+00
9.304303526878356934e-01
9.364683628082275391e-01
9.778887629508972168e-01
1.078500866889953613e+00
1.035255432128906250e+00
8.913266658782958984e-01
9.612473845481872559e-01
8.543251752853393555e-01
8.828610181808471680e-01
7.315480709075927734e-01
9.435856342315673828e-01
1.208185195922851562e+00
8.441677689552307129e-01
9.492372870445251465e-01
8.507333993911743164e-01
8.151777982711791992e-01
1.020172476768493652e+00
8.413754701614379883e-01
1.105385422706604004e+00
1.050284981727600098e+00
7.802639007568359375e-01
9.400609135627746582e-01
1.084034204483032227e+00
8.271027207374572754e-01
9.630843997001647949e-01
8.303912878036499023e-01
9.329091310501098633e-01
9.358351230621337891e-01
1.092438220977783203e+00
1.027074694633483887e+00
9.155398607254028320e-01
9.073311686515808105e-01
8.227334022521972656e-01
8.423842191696166992e-01
8.653884530067443848e-01
8.143028616905212402e-01
6.860828399658203125e-01
6.845874786376953125e-01
8.991889953613281250e-01
1.100964546203613281e+00
7.763662338256835938e-01
7.903562784194946289e-01
1.036750435829162598e+00
8.632843494415283203e-01
1.091610193252563477e+00
8.863794207572937012e-01
6.296815872192382812e-01
9.843488335609436035e-01
8.547570109367370605e-01
8.472988605499267578e-01
8.634558320045471191e-01
9.149109125137329102e-01
1.074590921401977539e+00
6.510252356529235840e-01
9.852609038352966309e-01
9.123439788818359375e-01
9.912804961204528809e-01
8.070712685585021973e-01
8.822373747825622559e-01
9.564029574394226074e-01
9.244426488876342773e-01
1.003666639328002930e+00
7.991089224815368652e-01
8.346207737922668457e-01
1.016758203506469727e+00
1.043154239654541016e+00
8.378707170486450195e-01
7.213010787963867188e-01
8.652433156967163086e-01
7.115038037300109863e-01
1.031473517417907715e+00
8.927348852157592773e-01
7.932277917861938477e-01
8.990513086318969727e-01
7.394857406616210938e-01
9.804775118827819824e-01
8.650488257408142090e-01
9.528726339340209961e-01
9.709335565567016602e-01
8.815975189208984375e-01
8.890099525451660156e-01
7.618530392646789551e-01
7.883354425430297852e-01
9.126232266426086426e-01
7.294372320175170898e-01
9.380329847335815430e-01
7.278033494949340820e-01
8.897365331649780273e-01
9.084283709526062012e-01
1.040758967399597168e+00
1.243601560592651367e+00
7.831602096557617188e-01
8.097081780433654785e-01
6.529935598373413086e-01
9.723576903343200684e-01
9.213942289352416992e-01
7.767401337623596191e-01
9.439061880111694336e-01
8.334285616874694824e-01
9.967008829116821289e-01
7.036684751510620117e-01
7.599979043006896973e-01
7.936269640922546387e-01
9.521406888961791992e-01
9.883636236190795898e-01
9.638296961784362793e-01
8.938969373703002930e-01
9.991449117660522461e-01
8.101871013641357422e-01
9.415244460105895996e-01
7.013044357299804688e-01
7.913305759429931641e-01
9.182700514793395996e-01
8.950757980346679688e-01
8.949022889137268066e-01
8.811361789703369141e-01
1.006150126457214355e+00
7.884253263473510742e-01
8.837567567825317383e-01
9.340017437934875488e-01
8.950347900390625000e-01
1.165681123733520508e+00
9.933979511260986328e-01
8.482788205146789551e-01
8.705617189407348633e-01
1.030607581138610840e+00
1.212625741958618164e+00
8.179251551628112793e-01
9.198380112648010254e-01
1.210678458213806152e+00
9.371553659439086914e-01
7.482264637947082520e-01
9.638453125953674316e-01
6.721000671386718750e-01
1.003115653991699219e+00
8.106256127357482910e-01
5.745081901550292969e-01
1.005677223205566406e+00
1.122199177742004395e+00
9.013421535491943359e-01
9.314717054367065430e-01
6.732739806175231934e-01
9.906089305877685547e-01
1.107847452163696289e+00
9.880202412605285645e-01
9.734430313110351562e-01
1.013278841972351074e+00
9.359923601150512695e-01
1.012402892112731934e+00
9.928291440010070801e-01
1.064468622207641602e+00
1.178973913192749023e+00
7.260110378265380859e-01
8.827473521232604980e-01
8.128893375396728516e-01
9.071983098983764648e-01
8.933706283569335938e-01
1.067502617835998535e+00
9.357500672340393066e-01
1.013189792633056641e+00
7.736661434173583984e-01
8.799334764480590820e-01
7.624768018722534180e-01
9.637686014175415039e-01
1.017762899398803711e+00
9.048950076103210449e-01
8.325788974761962891e-01
1.060953140258789062e+00
8.509227037429809570e-01
9.694645404815673828e-01
7.397388219833374023e-01
8.918089270591735840e-01
7.411603927612304688e-01
8.049259781837463379e-01
7.661890387535095215e-01
9.196913242340087891e-01
1.085766077041625977e+00
8.788028955459594727e-01
8.421438336372375488e-01
9.190089702606201172e-01
9.559069275856018066e-01
7.419094443321228027e-01
9.190171957015991211e-01
7.291001081466674805e-01
1.030674219131469727e+00
7.331071496009826660e-01
8.606985807418823242e-01
7.873185276985168457e-01
8.181548714637756348e-01
8.286921381950378418e-01
7.290608882904052734e-01
9.284295439720153809e-01
1.126540660858154297e+00
8.585633039474487305e-01
7.403590679168701172e-01
1.024758696556091309e+00
8.010918498039245605e-01
6.817966699600219727e-01
1.013497233390808105e+00
9.890170097351074219e-01
9.332562088966369629e-01
9.930104017257690430e-01
9.530628919601440430e-01
9.646872878074645996e-01
7.864010334014892578e-01
1.045416474342346191e+00
4.981480836868286133e-01
7.799264192581176758e-01
8.786397576332092285e-01
7.940341234207153320e-01
9.169629812240600586e-01
1.005123734474182129e+00
9.093284010887145996e-01
8.884802460670471191e-01
7.209246754646301270e-01
1.151507973670959473e+00
8.397394418716430664e-01
8.723725676536560059e-01
8.619077801704406738e-01
9.473955631256103516e-01
7.768146395683288574e-01
9.159583449363708496e-01
7.548354864120483398e-01
9.289780259132385254e-01
7.370690107345581055e-01
8.037138581275939941e-01
9.590204358100891113e-01
8.529051542282104492e-01
7.281842231750488281e-01
1.074475288391113281e+00
8.535895347595214844e-01
8.805227279663085938e-01
9.184175133705139160e-01
8.520719408988952637e-01
9.295306205749511719e-01
8.996011018753051758e-01
7.676703333854675293e-01
7.095010280609130859e-01
8.720363974571228027e-01
9.111723303794860840e-01
9.106062054634094238e-01
6.155112385749816895e-01
7.564371824264526367e-01
4.821042120456695557e-01
8.133348822593688965e-01
9.866861701011657715e-01
5.942173004150390625e-01
7.373325824737548828e-01
5.969655513763427734e-01
6.782289743423461914e-01
7.178022861480712891e-01
6.569644808769226074e-01
8.401954174041748047e-01
9.875517487525939941e-01
7.805199623107910156e-01
7.462516427040100098e-01
8.817204833030700684e-01
4.429149329662322998e-01
8.750252723693847656e-01
7.690227031707763672e-01
7.291773557662963867e-01
9.180417060852050781e-01
8.840634226799011230e-01
8.712707757949829102e-01
7.409286499023437500e-01
7.741248607635498047e-01
7.069011926651000977e-01
7.015156149864196777e-01
6.982604265213012695e-01
8.298019766807556152e-01
1.278168082237243652e+00
9.066566228866577148e-01
9.004300236701965332e-01
7.372310757637023926e-01
8.463205695152282715e-01
8.022454380989074707e-01
9.268356561660766602e-01
9.426361918449401855e-01
8.296806812286376953e-01
7.861474156379699707e-01
6.015577912330627441e-01
7.175903916358947754e-01
7.355446219444274902e-01
9.151456356048583984e-01
1.076036930084228516e+00
1.042317628860473633e+00
7.640088200569152832e-01
9.242868423461914062e-01
9.930862188339233398e-01
6.160597205162048340e-01
8.336270451545715332e-01
7.191976904869079590e-01
7.574404478073120117e-01
9.198989272117614746e-01
8.267177939414978027e-01
6.332535743713378906e-01
7.669194340705871582e-01
6.740686297416687012e-01
7.484210729598999023e-01
8.548237681388854980e-01
9.614164829254150391e-01
8.298473358154296875e-01
7.820333242416381836e-01
7.668701410293579102e-01
8.129203915596008301e-01
1.044689655303955078e+00
1.157395362854003906e+00
1.129657864570617676e+00
7.930691242218017578e-01
6.503584384918212891e-01
8.679777979850769043e-01
8.336329460144042969e-01
9.022691249847412109e-01
7.040196657180786133e-01
8.564558625221252441e-01
9.920037984848022461e-01
6.336500048637390137e-01
7.903710603713989258e-01
9.117619991302490234e-01
8.389574289321899414e-01
7.656803131103515625e-01
8.952458500862121582e-01
7.591450214385986328e-01
8.725298643112182617e-01
6.776169538497924805e-01
9.641589522361755371e-01
8.484599590301513672e-01
7.196905612945556641e-01
5.830236673355102539e-01
6.844071149826049805e-01
8.627425432205200195e-01
6.231427788734436035e-01
9.519446492195129395e-01
6.116733551025390625e-01
8.643000125885009766e-01
7.823973298072814941e-01
8.930018544197082520e-01
6.160761713981628418e-01
8.149366974830627441e-01
6.935712695121765137e-01
1.045084714889526367e+00
9.267597198486328125e-01
8.730630874633789062e-01
8.794460892677307129e-01
9.009048342704772949e-01
7.154806852340698242e-01
7.157260775566101074e-01
8.096483945846557617e-01
9.242307543754577637e-01
8.350818157196044922e-01
1.024796366691589355e+00
7.791401147842407227e-01
1.003542900085449219e+00
5.784236788749694824e-01
6.445550322532653809e-01
7.757558822631835938e-01
9.686969518661499023e-01
7.188387513160705566e-01
1.070535302162170410e+00
8.033629059791564941e-01
7.580847144126892090e-01
6.330203413963317871e-01
8.284124135971069336e-01
1.082652091979980469e+00
8.455829024314880371e-01
9.439811706542968750e-01
9.860837459564208984e-01
7.092588543891906738e-01
7.363846898078918457e-01
6.799508333206176758e-01
8.735119104385375977e-01
9.004188776016235352e-01
7.324644327163696289e-01
9.070206284523010254e-01
6.384455561637878418e-01
8.428757190704345703e-01
1.124329090118408203e+00
1.074138164520263672e+00
6.788103580474853516e-01
6.839219331741333008e-01
7.776779532432556152e-01
6.768629550933837891e-01
7.485449910163879395e-01
8.026627898216247559e-01
5.245020389556884766e-01
6.649495959281921387e-01
7.494087219238281250e-01
7.534455657005310059e-01
7.720186114311218262e-01
7.366006970405578613e-01
6.082888841629028320e-01
9.735078811645507812e-01
8.566888570785522461e-01
6.204479932785034180e-01
8.515797853469848633e-01
6.546462178230285645e-01
5.899017453193664551e-01
8.241485953330993652e-01
6.077017784118652344e-01
6.034389138221740723e-01
1.004070758819580078e+00
7.449774742126464844e-01
7.459433078765869141e-01
6.655194163322448730e-01
8.629217743873596191e-01
8.049024343490600586e-01
9.410126209259033203e-01
8.706063628196716309e-01
7.591110467910766602e-01
8.872985839843750000e-01
7.684260010719299316e-01
7.158991694450378418e-01
6.721493601799011230e-01
8.353623747825622559e-01
9.554398059844970703e-01
8.341913223266601562e-01
8.131060600280761719e-01
7.462457418441772461e-01
7.241044044494628906e-01
8.220778107643127441e-01
8.005139231681823730e-01
1.140168786048889160e+00
1.031416416168212891e+00
9.422292113304138184e-01
7.265352606773376465e-01
6.820908784866333008e-01
5.763048529624938965e-01
7.478939890861511230e-01
8.243284821510314941e-01
4.332031011581420898e-01
8.922432661056518555e-01
7.334175109863281250e-01
8.063771724700927734e-01
8.392434716224670410e-01
8.925515413284301758e-01
8.754076957702636719e-01
8.254534006118774414e-01
6.472200155258178711e-01
9.396048188209533691e-01
8.100442290306091309e-01
8.645362854003906250e-01
8.289704322814941406e-01
8.980034589767456055e-01
9.075409770011901855e-01
9.551585912704467773e-01
7.288495898246765137e-01
6.494175195693969727e-01
9.016684889793395996e-01
7.701812982559204102e-01
8.960329294204711914e-01
9.147701263427734375e-01
9.715489149093627930e-01
1.019744634628295898e+00
7.355225682258605957e-01
7.503601908683776855e-01
8.595756292343139648e-01
8.913972377777099609e-01
9.324217438697814941e-01
7.493903636932373047e-01
5.954906940460205078e-01
6.799253225326538086e-01
8.614561557769775391e-01
8.744274377822875977e-01
5.446987152099609375e-01
8.774756193161010742e-01
9.133021831512451172e-01
6.854727268218994141e-01
1.039360761642456055e+00
7.593850493431091309e-01
8.657853603363037109e-01
7.105407118797302246e-01
8.123144507408142090e-01
1.071249365806579590e+00
8.707060217857360840e-01
5.770158171653747559e-01
8.805063366889953613e-01
8.099501729011535645e-01
6.690688729286193848e-01
8.369193673133850098e-01
8.757371306419372559e-01
8.372678756713867188e-01
8.799265027046203613e-01
9.527967572212219238e-01
1.147388696670532227e+00
8.311086297035217285e-01
7.237332463264465332e-01
8.508812189102172852e-01
7.988414764404296875e-01
8.285907506942749023e-01
9.580639004707336426e-01
7.265480756759643555e-01
6.933661103248596191e-01
9.833550453186035156e-01
7.451284527778625488e-01
6.357988119125366211e-01
8.105714321136474609e-01
1.164342284202575684e+00
9.801059365272521973e-01
1.053991198539733887e+00
7.714305520057678223e-01
8.655028343200683594e-01
6.174694299697875977e-01
7.171168327331542969e-01
7.596742510795593262e-01
7.705097794532775879e-01
1.076548337936401367e+00
7.896227240562438965e-01
8.155652880668640137e-01
7.192807793617248535e-01
7.729056477546691895e-01
9.554007649421691895e-01
6.897178888320922852e-01
7.294908761978149414e-01
8.363888859748840332e-01
7.330601811408996582e-01
5.956321954727172852e-01
6.469294428825378418e-01
6.451058387756347656e-01
6.827793121337890625e-01
9.551139473915100098e-01
7.592663168907165527e-01
6.559388041496276855e-01
7.325840592384338379e-01
7.289090752601623535e-01
8.741034269332885742e-01
1.022476077079772949e+00
7.205705046653747559e-01
9.234473705291748047e-01
7.725355625152587891e-01
7.854813933372497559e-01
9.130274653434753418e-01
7.455999255180358887e-01
6.142092347145080566e-01
7.835929989814758301e-01
6.476839184761047363e-01
8.690817356109619141e-01
8.428685069084167480e-01
6.758557558059692383e-01
8.437452912330627441e-01
8.397697806358337402e-01
7.884348630905151367e-01
4.750466644763946533e-01
1.017718315124511719e+00
6.995130777359008789e-01
9.276905059814453125e-01
6.055662035942077637e-01
6.905269026756286621e-01
8.107987046241760254e-01
7.505724430084228516e-01
5.668322443962097168e-01
7.034648656845092773e-01
6.703681945800781250e-01
7.550870180130004883e-01
9.483492374420166016e-01
6.115168333053588867e-01
6.649280190467834473e-01
7.155784964561462402e-01
7.859578132629394531e-01
9.939368963241577148e-01
6.783398389816284180e-01
5.980693697929382324e-01
8.776021599769592285e-01
9.552139639854431152e-01
6.167820692062377930e-01
7.200825214385986328e-01
9.494032263755798340e-01
6.389821767807006836e-01
6.170177459716796875e-01
6.597101092338562012e-01
5.092858076095581055e-01
7.751646041870117188e-01
1.207923531532287598e+00
1.032901048660278320e+00
9.001162052154541016e-01
8.532036542892456055e-01
6.439346671104431152e-01
8.772653937339782715e-01
8.115010261535644531e-01
8.780753016471862793e-01
9.241353273391723633e-01
6.643951535224914551e-01
7.364744544029235840e-01
7.705479264259338379e-01
8.453406095504760742e-01
6.567680835723876953e-01
7.207059860229492188e-01
6.364011168479919434e-01
7.362915277481079102e-01
8.598724007606506348e-01
8.495705127716064453e-01
7.429237365722656250e-01
7.636400461196899414e-01
6.666991114616394043e-01
8.372808694839477539e-01
7.770277857780456543e-01
5.390526652336120605e-01
8.068622350692749023e-01
7.545762062072753906e-01
9.211130142211914062e-01
7.503540515899658203e-01
7.434471845626831055e-01
8.817555308341979980e-01
7.346237897872924805e-01
7.039261460304260254e-01
7.919313907623291016e-01
6.078789830207824707e-01
6.577445268630981445e-01
7.751940488815307617e-01
8.382584452629089355e-01
9.297540783882141113e-01
9.396300315856933594e-01
7.724894881248474121e-01
7.268915176391601562e-01
9.740262031555175781e-01
7.777035236358642578e-01
8.351610302925109863e-01
1.057636499404907227e+00
6.158264875411987305e-01
7.427547574043273926e-01
6.028338670730590820e-01
6.142789125442504883e-01
8.926576375961303711e-01
5.702531337738037109e-01
8.515520691871643066e-01
7.076795697212219238e-01
7.506336569786071777e-01
8.731458783149719238e-01
7.054325342178344727e-01
6.914398670196533203e-01
1.114981889724731445e+00
8.621967434883117676e-01
7.366936206817626953e-01
7.169278860092163086e-01
1.037696599960327148e+00
8.304292559623718262e-01
9.028998017311096191e-01
8.010331392288208008e-01
8.993275761604309082e-01
8.185971379280090332e-01
8.449712395668029785e-01
7.544961571693420410e-01
7.165511846542358398e-01
8.755887746810913086e-01
6.516960859298706055e-01
6.011305451393127441e-01
7.882558703422546387e-01
7.359577417373657227e-01
9.933305382728576660e-01
1.052326202392578125e+00
7.987462282180786133e-01
9.585161805152893066e-01
7.391254901885986328e-01
6.870085000991821289e-01
6.877963542938232422e-01
1.013356685638427734e+00
7.723430991172790527e-01
6.619135141372680664e-01
6.305956244468688965e-01
9.120268821716308594e-01
6.894099116325378418e-01
7.896889448165893555e-01
6.125046014785766602e-01
6.230024695396423340e-01
8.372906446456909180e-01
9.528206586837768555e-01
7.993953824043273926e-01
6.988955736160278320e-01
8.596238493919372559e-01
8.299784064292907715e-01
8.581657409667968750e-01
1.025234103202819824e+00
9.774225354194641113e-01
6.552741527557373047e-01
6.701866984367370605e-01
1.098591685295104980e+00
9.174916744232177734e-01
8.366677165031433105e-01
1.029294133186340332e+00
9.166131019592285156e-01
4.897285997867584229e-01
6.919854283332824707e-01
8.304574489593505859e-01
8.884921073913574219e-01
7.314181923866271973e-01
7.769352793693542480e-01
1.044332385063171387e+00
9.111590981483459473e-01
5.008740425109863281e-01
8.521599769592285156e-01
8.548256754875183105e-01
8.252660632133483887e-01
7.124614715576171875e-01
8.876423835754394531e-01
6.735527515411376953e-01
8.752169609069824219e-01
8.069241642951965332e-01
5.225360989570617676e-01
1.186595797538757324e+00
6.096886992454528809e-01
7.413709163665771484e-01
6.847981214523315430e-01
5.102080106735229492e-01
6.526795625686645508e-01
7.173759341239929199e-01
9.203474521636962891e-01
1.152384042739868164e+00
1.019524931907653809e+00
6.219246983528137207e-01
8.888369798660278320e-01
6.308310627937316895e-01
9.314559698104858398e-01
1.014554738998413086e+00
7.190341949462890625e-01
7.210183143615722656e-01
7.285866141319274902e-01
6.229077577590942383e-01
7.473111748695373535e-01
6.453235149383544922e-01
6.063724756240844727e-01
6.706437468528747559e-01
1.059281945228576660e+00
7.693576216697692871e-01
1.080687642097473145e+00
7.014211416244506836e-01
1.049131155014038086e+00
7.211667895317077637e-01
1.020821452140808105e+00
6.554739475250244141e-01
7.305536270141601562e-01
9.444745182991027832e-01
8.732585906982421875e-01
7.527052164077758789e-01
8.301643729209899902e-01
6.834229826927185059e-01
7.070716619491577148e-01
7.250586748123168945e-01
8.749800324440002441e-01
6.730575561523437500e-01
8.711678385734558105e-01
8.514094352722167969e-01
7.037050127983093262e-01
9.257508516311645508e-01
5.770145058631896973e-01
5.224881768226623535e-01
7.475573420524597168e-01
7.785636186599731445e-01
8.072398900985717773e-01
7.253079414367675781e-01
6.294374465942382812e-01
9.748744368553161621e-01
7.600934505462646484e-01
6.605099439620971680e-01
6.478496789932250977e-01
8.070408105850219727e-01
7.722889184951782227e-01
7.894910573959350586e-01
6.290695071220397949e-01
6.119920015335083008e-01
6.421332955360412598e-01
8.316771388053894043e-01
6.365288496017456055e-01
7.745175957679748535e-01
8.879435658454895020e-01
6.795719265937805176e-01
6.875470876693725586e-01
8.890825510025024414e-01
6.511330604553222656e-01
8.108081817626953125e-01
1.016243219375610352e+00
9.590752124786376953e-01
8.919318914413452148e-01
7.853955626487731934e-01
9.608778357505798340e-01
8.694904446601867676e-01
9.108522534370422363e-01
8.121415376663208008e-01
7.979214787483215332e-01
7.364858984947204590e-01
7.906813621520996094e-01
7.976770997047424316e-01
8.073083758354187012e-01
8.059334754943847656e-01
6.454681754112243652e-01
8.869915604591369629e-01
6.714359521865844727e-01
5.953999757766723633e-01
6.395292878150939941e-01
8.584390878677368164e-01
7.466527223587036133e-01
5.804398655891418457e-01
8.654702901840209961e-01
7.540173530578613281e-01
8.782889246940612793e-01
7.158601284027099609e-01
9.659141898155212402e-01
7.528546452522277832e-01
1.126449227333068848e+00
7.375882863998413086e-01
8.710384964942932129e-01
6.818920373916625977e-01
5.458277463912963867e-01
1.178002476692199707e+00
8.079013824462890625e-01
7.600413560867309570e-01
5.924166440963745117e-01
8.097291588783264160e-01
8.848424553871154785e-01
6.732002496719360352e-01
9.271245598793029785e-01
7.612808346748352051e-01
6.438946127891540527e-01
8.079171180725097656e-01
6.709962487220764160e-01
1.002601861953735352e+00
6.929090619087219238e-01
9.061954617500305176e-01
1.033114790916442871e+00
6.838470697402954102e-01
7.911110520362854004e-01
8.522630333900451660e-01
8.783715963363647461e-01
9.101864695549011230e-01
7.335526943206787109e-01
8.568287491798400879e-01
6.360123157501220703e-01
6.963582634925842285e-01
1.102654337882995605e+00
6.065915822982788086e-01
8.487935066223144531e-01
6.637857556343078613e-01
8.245608806610107422e-01
7.269296646118164062e-01
7.657745480537414551e-01
9.552854895591735840e-01
4.857520461082458496e-01
7.455794811248779297e-01
5.713093280792236328e-01
8.190795183181762695e-01
6.696466803550720215e-01
7.468958497047424316e-01
8.043543696403503418e-01
7.816854119300842285e-01
8.683038949966430664e-01
7.652722001075744629e-01
6.954779028892517090e-01
6.657160520553588867e-01
7.929899692535400391e-01
8.247018456459045410e-01
6.522291898727416992e-01
8.958806991577148438e-01
7.157274484634399414e-01
9.237626194953918457e-01
9.915030598640441895e-01
5.261669754981994629e-01
7.190139293670654297e-01
5.667414665222167969e-01
9.874656200408935547e-01
6.492807269096374512e-01
7.408789396286010742e-01
7.633909583091735840e-01
6.857211589813232422e-01
7.779696583747863770e-01
8.710643649101257324e-01
6.589821577072143555e-01
7.257910966873168945e-01
6.654334068298339844e-01
6.279411315917968750e-01
8.946024775505065918e-01
8.727840185165405273e-01
8.420332670211791992e-01
6.371857523918151855e-01
6.858724355697631836e-01
6.871749162673950195e-01
8.661786317825317383e-01
7.027972340583801270e-01
6.760282516479492188e-01
5.927550196647644043e-01
7.734875082969665527e-01
6.902881860733032227e-01
8.418717980384826660e-01
6.791889667510986328e-01
6.265444159507751465e-01
7.490453720092773438e-01
9.257299900054931641e-01
8.919575214385986328e-01
9.969117641448974609e-01
5.401315689086914062e-01
6.746184825897216797e-01
6.586421728134155273e-01
9.123503565788269043e-01
6.447960138320922852e-01
1.001968622207641602e+00
9.536217451095581055e-01
7.371972203254699707e-01
8.217534422874450684e-01
7.603102326393127441e-01
5.746623277664184570e-01
5.926359295845031738e-01
6.713233590126037598e-01
4.740653038024902344e-01
6.993658542633056641e-01
6.213868260383605957e-01
7.935488820075988770e-01
7.124843597412109375e-01
9.180029034614562988e-01
7.989210486412048340e-01
5.661265254020690918e-01
6.368756294250488281e-01
6.707015633583068848e-01
6.650395393371582031e-01
5.647504329681396484e-01
8.133422136306762695e-01
5.788129568099975586e-01
6.642121076583862305e-01
7.298833131790161133e-01
1.069914340972900391e+00
7.526444196701049805e-01
7.409615516662597656e-01
6.081874966621398926e-01
6.027733087539672852e-01
8.229245543479919434e-01
6.630713939666748047e-01
9.257839322090148926e-01
6.975822448730468750e-01
8.103893995285034180e-01
6.451150774955749512e-01
7.628782987594604492e-01
8.025799989700317383e-01
8.569129705429077148e-01
6.443854570388793945e-01
8.088351488113403320e-01
4.663970768451690674e-01
5.500838756561279297e-01
5.950559377670288086e-01
7.402681708335876465e-01
7.480990290641784668e-01
8.790043592453002930e-01
8.492780327796936035e-01
7.906401157379150391e-01
5.577204227447509766e-01
7.108641862869262695e-01
8.689802289009094238e-01
7.594909071922302246e-01
6.850268244743347168e-01
6.242809295654296875e-01
8.306448459625244141e-01
9.025760293006896973e-01
7.197407484054565430e-01
7.042392492294311523e-01
7.449996471405029297e-01
9.035707116127014160e-01
5.733624696731567383e-01
6.476382613182067871e-01
6.433293819427490234e-01
6.531993150711059570e-01
1.000365376472473145e+00
5.173687338829040527e-01
7.003247141838073730e-01
8.010584712028503418e-01
7.451021075248718262e-01
7.059994935989379883e-01
5.080075263977050781e-01
5.969702005386352539e-01
6.196170449256896973e-01
8.186105489730834961e-01
6.867778301239013672e-01
7.970588803291320801e-01
1.079683542251586914e+00
6.105905175209045410e-01
8.239797949790954590e-01
8.395371437072753906e-01
9.677746295928955078e-01
9.350543618202209473e-01
6.245635747909545898e-01
8.734994530677795410e-01
6.598045825958251953e-01
7.306611537933349609e-01
9.368036985397338867e-01
6.457539200782775879e-01
8.528723120689392090e-01
8.038358688354492188e-01
6.001960039138793945e-01
7.120855450630187988e-01
9.722039699554443359e-01
1.088155269622802734e+00
9.376563429832458496e-01
7.902865409851074219e-01
7.548141479492187500e-01
7.884760499000549316e-01
7.768549919128417969e-01
6.778337359428405762e-01
9.467328190803527832e-01
7.858918905258178711e-01
8.515060544013977051e-01
7.258437275886535645e-01
7.568525075912475586e-01
9.165189266204833984e-01
6.072611808776855469e-01
7.130300402641296387e-01
6.192942857742309570e-01
8.127289414405822754e-01
1.158257246017456055e+00
4.598381519317626953e-01
5.854339599609375000e-01
5.600957870483398438e-01
6.527013182640075684e-01
7.293244600296020508e-01
4.569716751575469971e-01
9.149964451789855957e-01
5.891512632369995117e-01
7.044624686241149902e-01
6.401528716087341309e-01
6.101543307304382324e-01
6.466188430786132812e-01
6.544728279113769531e-01
5.926570296287536621e-01
6.778917908668518066e-01
7.887892127037048340e-01
6.023095250129699707e-01
6.617771983146667480e-01
5.424274206161499023e-01
3.537436723709106445e-01
6.700734496116638184e-01
4.273321032524108887e-01
6.542575359344482422e-01
6.486996412277221680e-01
6.373724937438964844e-01
5.253119468688964844e-01
6.257781982421875000e-01
4.372594654560089111e-01
6.313692927360534668e-01
6.575192213058471680e-01
5.474257469177246094e-01
8.011697530746459961e-01
6.652665734291076660e-01
5.860552787780761719e-01
7.221512198448181152e-01
5.642862319946289062e-01
6.275995373725891113e-01
7.968453168869018555e-01
7.617766857147216797e-01
7.565931677818298340e-01
9.386450052261352539e-01
5.724852681159973145e-01
8.530203104019165039e-01
7.011400461196899414e-01
6.383411288261413574e-01
6.644535064697265625e-01
4.926473200321197510e-01
6.093445420265197754e-01
5.482906699180603027e-01
7.488653063774108887e-01
7.561733126640319824e-01
5.613850355148315430e-01
6.420704126358032227e-01
8.330597281455993652e-01
6.864215135574340820e-01
6.508342027664184570e-01
7.356344461441040039e-01
8.104102611541748047e-01
5.496900677680969238e-01
5.576369762420654297e-01
7.279382348060607910e-01
4.660440981388092041e-01
6.347252726554870605e-01
5.651045441627502441e-01
6.680125594139099121e-01
8.143292069435119629e-01
7.588020563125610352e-01
8.294429183006286621e-01
5.903534293174743652e-01
5.525501370429992676e-01
5.148526430130004883e-01
9.106205105781555176e-01
7.408651709556579590e-01
6.172339916229248047e-01
6.128244996070861816e-01
7.524818181991577148e-01
6.344702243804931641e-01
4.716626405715942383e-01
5.842882394790649414e-01
7.673427462577819824e-01
7.611853480339050293e-01
5.925354957580566406e-01
5.302765965461730957e-01
5.303766131401062012e-01
4.691518247127532959e-01
6.692134141921997070e-01
5.594397187232971191e-01
7.443808913230895996e-01
1.090474367141723633e+00
6.197558641433715820e-01
6.453894376754760742e-01
5.992063879966735840e-01
6.580780744552612305e-01
7.581076622009277344e-01
8.169592022895812988e-01
6.075332164764404297e-01
8.254532814025878906e-01
5.943812727928161621e-01
9.087310433387756348e-01
6.744765639305114746e-01
4.845227003097534180e-01
6.984402537345886230e-01
5.570227503776550293e-01
7.052525877952575684e-01
5.177001953125000000e-01
4.487221539020538330e-01
6.191099286079406738e-01
6.233041882514953613e-01
5.390368103981018066e-01
7.521305680274963379e-01
3.546955585479736328e-01
5.320701599121093750e-01
6.135401129722595215e-01
4.506256878376007080e-01
7.326509952545166016e-01
5.180085897445678711e-01
8.096209168434143066e-01
8.164808750152587891e-01
5.862761139869689941e-01
5.570408701896667480e-01
5.399419069290161133e-01
6.569447517395019531e-01
7.058414816856384277e-01
5.957515239715576172e-01
6.404882669448852539e-01
7.872950434684753418e-01
6.562808752059936523e-01
5.173305869102478027e-01
7.296925783157348633e-01
7.462191581726074219e-01
6.147803664207458496e-01
7.363725900650024414e-01
4.174487292766571045e-01
6.036345362663269043e-01
6.784516572952270508e-01
7.687253952026367188e-01
5.054954290390014648e-01
6.121462583541870117e-01
7.354281544685363770e-01
7.972277998924255371e-01
4.903985857963562012e-01
8.312397599220275879e-01
6.098208427429199219e-01
6.606371402740478516e-01
7.758840322494506836e-01
4.724344015121459961e-01
6.598488688468933105e-01
6.495673060417175293e-01
7.659727334976196289e-01
6.900461316108703613e-01
5.822590589523315430e-01
7.110791206359863281e-01
6.744505763053894043e-01
6.907999515533447266e-01
5.591396093368530273e-01
4.861635863780975342e-01
7.757446169853210449e-01
6.119135022163391113e-01
9.088025689125061035e-01
6.820287108421325684e-01
5.973591208457946777e-01
3.856529593467712402e-01
6.657284498214721680e-01
5.770065784454345703e-01
5.909419059753417969e-01
5.705204010009765625e-01
8.159928321838378906e-01
7.355039119720458984e-01
6.089510321617126465e-01
7.051876783370971680e-01
6.406233310699462891e-01
7.312565445899963379e-01
7.718423008918762207e-01
5.324752330780029297e-01
6.156032681465148926e-01
8.546349406242370605e-01
5.550119876861572266e-01
7.313938140869140625e-01
5.421959757804870605e-01
5.113378167152404785e-01
6.526610255241394043e-01
4.571130275726318359e-01
7.677707672119140625e-01
7.697089910507202148e-01
7.003898620605468750e-01
7.596469521522521973e-01
7.311466336250305176e-01
5.758116841316223145e-01
7.053150534629821777e-01
5.908664464950561523e-01
8.226634860038757324e-01
4.418758153915405273e-01
7.564870715141296387e-01
5.848140716552734375e-01
5.196456313133239746e-01
5.279834270477294922e-01
8.061463832855224609e-01
8.138008713722229004e-01
6.447421908378601074e-01
7.552320957183837891e-01
6.941020488739013672e-01
6.099917888641357422e-01
4.725738763809204102e-01
5.788378119468688965e-01
4.172110557556152344e-01
4.810488224029541016e-01
5.805105566978454590e-01
5.138401985168457031e-01
7.781997323036193848e-01
6.283937692642211914e-01
6.177800893783569336e-01
7.223193645477294922e-01
8.447083234786987305e-01
5.265311598777770996e-01
5.420225262641906738e-01
7.110216617584228516e-01
3.593617379665374756e-01
5.715234875679016113e-01
7.094712853431701660e-01
7.130452394485473633e-01
8.038825392723083496e-01
7.404051423072814941e-01
6.989808082580566406e-01
4.180691838264465332e-01
7.153903245925903320e-01
7.376990914344787598e-01
4.876888692378997803e-01
7.860056757926940918e-01
6.589806675910949707e-01
6.421554684638977051e-01
6.407882571220397949e-01
8.077101707458496094e-01
7.634339332580566406e-01
5.161266922950744629e-01
8.077832460403442383e-01
6.739963889122009277e-01
6.369855999946594238e-01
7.362779974937438965e-01
8.313524723052978516e-01
5.365939140319824219e-01
6.191269755363464355e-01
4.631832838058471680e-01
7.020905613899230957e-01
6.680960655212402344e-01
6.119890809059143066e-01
8.958286643028259277e-01
5.715098977088928223e-01
6.504746079444885254e-01
4.990526735782623291e-01
7.711735367774963379e-01
6.059217453002929688e-01
5.115013122558593750e-01
7.480410933494567871e-01
9.626216292381286621e-01
4.634730815887451172e-01
6.651117801666259766e-01
5.915088653564453125e-01
6.450430750846862793e-01
8.247193098068237305e-01
8.986461758613586426e-01
8.018214702606201172e-01
6.786149740219116211e-01
5.791756510734558105e-01
7.091051340103149414e-01
7.390649914741516113e-01
6.700248122215270996e-01
8.727823495864868164e-01
7.152561545372009277e-01
6.180000305175781250e-01
6.474834084510803223e-01
7.623546123504638672e-01
5.576448440551757812e-01
7.787140011787414551e-01
6.724766492843627930e-01
5.535945296287536621e-01
5.265691876411437988e-01
4.568059444427490234e-01
6.159590482711791992e-01
7.086473703384399414e-01
3.602487146854400635e-01
6.921516060829162598e-01
7.046694755554199219e-01
5.844516158103942871e-01
5.237176418304443359e-01
7.303183674812316895e-01
1.027407407760620117e+00
6.856302022933959961e-01
8.143178224563598633e-01
5.906491279602050781e-01
7.670699954032897949e-01
4.544675052165985107e-01
6.983752250671386719e-01
4.979986250400543213e-01
7.129644751548767090e-01
6.335352063179016113e-01
6.095874905586242676e-01
5.993239283561706543e-01
5.645258426666259766e-01
8.385246396064758301e-01
5.100533962249755859e-01
5.958491563796997070e-01
7.423294782638549805e-01
5.402597188949584961e-01
6.646184325218200684e-01
6.612218022346496582e-01
6.607497930526733398e-01
4.383453428745269775e-01
4.588910043239593506e-01
5.585223436355590820e-01
7.675423622131347656e-01
7.411052584648132324e-01
4.555362761020660400e-01
8.115234971046447754e-01
7.772520184516906738e-01
7.218055725097656250e-01
6.752509474754333496e-01
4.915980994701385498e-01
6.188452243804931641e-01
7.151892781257629395e-01
7.088801264762878418e-01
6.128898859024047852e-01
5.103622078895568848e-01
5.533984899520874023e-01
4.221627116203308105e-01
5.989435315132141113e-01
5.572779774665832520e-01
5.901688933372497559e-01
6.519685387611389160e-01
4.093815982341766357e-01
5.578839778900146484e-01
5.814626812934875488e-01
5.601640939712524414e-01
5.668234825134277344e-01
7.016351819038391113e-01
5.195969343185424805e-01
7.966263890266418457e-01
7.040669918060302734e-01
5.438787341117858887e-01
5.358474254608154297e-01
6.859898567199707031e-01
6.012821197509765625e-01
5.666086077690124512e-01
7.011092305183410645e-01
8.608598709106445312e-01
6.495084166526794434e-01
6.630647182464599609e-01
7.007403373718261719e-01
7.254216074943542480e-01
4.084437489509582520e-01
6.721569895744323730e-01
8.103358745574951172e-01
5.621482729911804199e-01
8.787735104560852051e-01
9.092625975608825684e-01
5.364553928375244141e-01
7.493422627449035645e-01
4.492642283439636230e-01
4.933676719665527344e-01
6.887646913528442383e-01
7.145884037017822266e-01
7.717637419700622559e-01
7.684847116470336914e-01
6.475900411605834961e-01
5.429088473320007324e-01
6.196911931037902832e-01
5.966059565544128418e-01
6.841466426849365234e-01
5.394751429557800293e-01
8.304978013038635254e-01
4.078826606273651123e-01
1.023199200630187988e+00
5.578514337539672852e-01
7.608035802841186523e-01
8.426405787467956543e-01
7.287255525588989258e-01
6.210306882858276367e-01
8.028137087821960449e-01
4.951963126659393311e-01
6.396070718765258789e-01
5.686280131340026855e-01
8.167644739151000977e-01
7.396548390388488770e-01
5.754565000534057617e-01
7.418454289436340332e-01
6.699346899986267090e-01
6.349691748619079590e-01
5.752964019775390625e-01
7.206673622131347656e-01
5.595055222511291504e-01
6.707207560539245605e-01
8.707712292671203613e-01
6.171429753303527832e-01
7.965667247772216797e-01
7.297258377075195312e-01
5.790897011756896973e-01
6.939916014671325684e-01
7.998867630958557129e-01
5.833615660667419434e-01
5.661833286285400391e-01
6.686719655990600586e-01
8.308864235877990723e-01
5.557119250297546387e-01
7.617411613464355469e-01
4.694118499755859375e-01
6.063798069953918457e-01
6.816692352294921875e-01
6.114176511764526367e-01
5.636860728263854980e-01
5.239829421043395996e-01
6.438913345336914062e-01
5.665919780731201172e-01
4.148727059364318848e-01
5.912727117538452148e-01
4.693382084369659424e-01
8.157534003257751465e-01
4.267675876617431641e-01
6.193063855171203613e-01
4.052162170410156250e-01
5.247637033462524414e-01
6.523889899253845215e-01
6.867088079452514648e-01
6.061199307441711426e-01
3.941373825073242188e-01
6.528352499008178711e-01
5.787519812583923340e-01
5.477236509323120117e-01
5.059931874275207520e-01
7.854761481285095215e-01
6.012120246887207031e-01
5.963868498802185059e-01
8.883910775184631348e-01
9.046252965927124023e-01
8.026910424232482910e-01
5.085746049880981445e-01
7.222122550010681152e-01
8.174014091491699219e-01
5.316835641860961914e-01
6.553712487220764160e-01
7.404365539550781250e-01
5.495846867561340332e-01
6.664825081825256348e-01
5.855753421783447266e-01
7.565311789512634277e-01
5.400371551513671875e-01
4.793107509613037109e-01
6.770290732383728027e-01
6.444403529167175293e-01
8.131597638130187988e-01
6.386632323265075684e-01
5.329086780548095703e-01
6.998181939125061035e-01
6.568179130554199219e-01
9.019810557365417480e-01
8.835574984550476074e-01
4.914682805538177490e-01
7.166596651077270508e-01
7.158510684967041016e-01
6.527938246726989746e-01
4.871312081813812256e-01
6.883262395858764648e-01
5.390868186950683594e-01
5.641058683395385742e-01
7.074225544929504395e-01
6.202821731567382812e-01
4.438952207565307617e-01
8.867131471633911133e-01
5.741446614265441895e-01
4.350313842296600342e-01
5.554316043853759766e-01
6.308284997940063477e-01
7.118098735809326172e-01
6.913244724273681641e-01
4.326425492763519287e-01
5.880042910575866699e-01
5.474515557289123535e-01
6.960805654525756836e-01
5.908179879188537598e-01
6.711226701736450195e-01
8.228241205215454102e-01
6.356471180915832520e-01
5.146102905273437500e-01
6.528233885765075684e-01
6.806341409683227539e-01
9.522465467453002930e-01
6.155381798744201660e-01
9.112234711647033691e-01
7.275687456130981445e-01
6.056995987892150879e-01
8.960647583007812500e-01
6.214100122451782227e-01
6.201399564743041992e-01
5.972209572792053223e-01
4.358712136745452881e-01
6.208630204200744629e-01
8.603271245956420898e-01
6.101549863815307617e-01
5.705567598342895508e-01
8.597177267074584961e-01
4.965847730636596680e-01
7.393085956573486328e-01
4.824206829071044922e-01
6.200550794601440430e-01
6.961933970451354980e-01
6.352434158325195312e-01
6.522952914237976074e-01
5.831247568130493164e-01
9.009492993354797363e-01
4.905710518360137939e-01
6.173542141914367676e-01
6.673430800437927246e-01
6.611090898513793945e-01
6.146742105484008789e-01
6.857845783233642578e-01
5.303696990013122559e-01
7.075749039649963379e-01
5.831139683723449707e-01
6.480214595794677734e-01
4.981460273265838623e-01
5.220651030540466309e-01
6.861916184425354004e-01
8.759108781814575195e-01
6.476380228996276855e-01
6.713387370109558105e-01
6.450225114822387695e-01
5.612732172012329102e-01
5.898930430412292480e-01
7.006805539131164551e-01
4.723726212978363037e-01
6.075521111488342285e-01
8.300333023071289062e-01
8.267921209335327148e-01
5.582761168479919434e-01
6.423012614250183105e-01
4.848765432834625244e-01
5.867834091186523438e-01
6.443513035774230957e-01
5.306969285011291504e-01
6.314397454261779785e-01
5.463282465934753418e-01
5.082823634147644043e-01
5.026590228080749512e-01
4.855605065822601318e-01
6.087474822998046875e-01
5.713697671890258789e-01
6.310945153236389160e-01
5.795556902885437012e-01
6.038954257965087891e-01
4.539512097835540771e-01
5.863937735557556152e-01
5.100436806678771973e-01
5.603902935981750488e-01
5.614933967590332031e-01
7.609159946441650391e-01
7.176190018653869629e-01
5.252444148063659668e-01
5.244598388671875000e-01
5.963583588600158691e-01
8.263525366783142090e-01
5.646460056304931641e-01
5.729596018791198730e-01
5.193507671356201172e-01
6.995172500610351562e-01
1.073615908622741699e+00
3.138834536075592041e-01
7.035123109817504883e-01
8.733811974525451660e-01
8.442870378494262695e-01
6.700922250747680664e-01
7.231833934783935547e-01
7.866463661193847656e-01
7.488999962806701660e-01
6.478256583213806152e-01
8.440271615982055664e-01
9.801033735275268555e-01
6.282358765602111816e-01
6.032236218452453613e-01
6.653274297714233398e-01
4.837189912796020508e-01
6.003590822219848633e-01
6.254576444625854492e-01
7.406092882156372070e-01
5.763292908668518066e-01
8.522666096687316895e-01
4.455285370349884033e-01
6.983882188796997070e-01
5.853212475776672363e-01
5.372059345245361328e-01
8.301925659179687500e-01
4.357628524303436279e-01
7.895583510398864746e-01
4.745359122753143311e-01
4.855775237083435059e-01
6.707628369331359863e-01
9.989053010940551758e-01
5.531305074691772461e-01
6.693153381347656250e-01
6.199182271957397461e-01
5.640044808387756348e-01
6.568146347999572754e-01
5.466187000274658203e-01
6.101534962654113770e-01
4.505099058151245117e-01
7.857505679130554199e-01
5.110291838645935059e-01
5.480748414993286133e-01
7.412767410278320312e-01
6.464495658874511719e-01
6.177935600280761719e-01
6.863729357719421387e-01
7.426907420158386230e-01
8.142780065536499023e-01
7.721571326255798340e-01
5.759421586990356445e-01
5.264656543731689453e-01
7.884649634361267090e-01
6.474471688270568848e-01
5.482773184776306152e-01
5.618340373039245605e-01
4.622539877891540527e-01
6.854922175407409668e-01
7.274937629699707031e-01
6.579081416130065918e-01
5.723298192024230957e-01
5.579273104667663574e-01
6.463485956192016602e-01
5.896568298339843750e-01
6.626462340354919434e-01
7.574893832206726074e-01
6.019449830055236816e-01
6.637803912162780762e-01
5.867896676063537598e-01
6.548065543174743652e-01
8.150918483734130859e-01
6.694068312644958496e-01
4.607219994068145752e-01
7.018466591835021973e-01
4.450312554836273193e-01
3.473705053329467773e-01
5.681039690971374512e-01
5.419642925262451172e-01
6.309618949890136719e-01
7.968302369117736816e-01
5.297874808311462402e-01
5.433685779571533203e-01
6.764760017395019531e-01
6.293275952339172363e-01
4.984436035156250000e-01
6.146137118339538574e-01
7.909414768218994141e-01
5.147711634635925293e-01
6.529579162597656250e-01
4.123690128326416016e-01
5.760646462440490723e-01
7.083222270011901855e-01
5.800411105155944824e-01
6.908774375915527344e-01
5.356231927871704102e-01
6.284416913986206055e-01
8.847646713256835938e-01
7.153794765472412109e-01
6.282442808151245117e-01
6.497722864151000977e-01
5.459453463554382324e-01
7.847574949264526367e-01
9.439383149147033691e-01
6.362503170967102051e-01
2.967185080051422119e-01
5.930439829826354980e-01
3.536354899406433105e-01
5.550891160964965820e-01
5.936647057533264160e-01
4.201582372188568115e-01
7.061622142791748047e-01
8.069046139717102051e-01
6.938052177429199219e-01
5.841888785362243652e-01
4.686730504035949707e-01
6.945786476135253906e-01
6.878684163093566895e-01
5.885929465293884277e-01
7.147945165634155273e-01
7.625166773796081543e-01
5.963732004165649414e-01
4.377598762512207031e-01
6.863850951194763184e-01
5.530732870101928711e-01
5.794522762298583984e-01
5.645562410354614258e-01
3.900309801101684570e-01
7.439147830009460449e-01
4.569244384765625000e-01
6.840243339538574219e-01
9.942797422409057617e-01
6.264630556106567383e-01
4.682171940803527832e-01
5.007953643798828125e-01
6.360796689987182617e-01
4.498047530651092529e-01
8.337611556053161621e-01
8.326966762542724609e-01
5.699837803840637207e-01
7.758229374885559082e-01
5.659180879592895508e-01
6.057340502738952637e-01
4.657812714576721191e-01
6.202760934829711914e-01
7.183728218078613281e-01
5.240967273712158203e-01
6.194366216659545898e-01
8.443574309349060059e-01
5.465217232704162598e-01
6.838620305061340332e-01
4.925203621387481689e-01
7.705862522125244141e-01
5.985634326934814453e-01
3.404180109500885010e-01
4.664500355720520020e-01
6.451110839843750000e-01
5.083333253860473633e-01
5.076010227203369141e-01
7.795143127441406250e-01
6.152986884117126465e-01
4.382217824459075928e-01
8.020856380462646484e-01
6.130959987640380859e-01
7.317040562629699707e-01
3.926884829998016357e-01
6.110357046127319336e-01
8.567880988121032715e-01
6.117947697639465332e-01
7.448844909667968750e-01
4.204038679599761963e-01
7.432088851928710938e-01
5.978555679321289062e-01
4.166168272495269775e-01
6.404926180839538574e-01
8.394493460655212402e-01
4.755257964134216309e-01
6.307628750801086426e-01
5.977156162261962891e-01
5.369600057601928711e-01
6.653838753700256348e-01
6.336665749549865723e-01
7.553527951240539551e-01
5.520635843276977539e-01
6.241444349288940430e-01
7.585947513580322266e-01
7.555758357048034668e-01
6.449175477027893066e-01
4.334810376167297363e-01
6.528342962265014648e-01
7.161977887153625488e-01
4.774689078330993652e-01
4.151832461357116699e-01
6.981375217437744141e-01
6.338504552841186523e-01
5.534557104110717773e-01
5.857009887695312500e-01
7.101740837097167969e-01
6.449654102325439453e-01
4.638302624225616455e-01
7.365522980690002441e-01
7.505106329917907715e-01
5.111225247383117676e-01
6.544759869575500488e-01
5.566802024841308594e-01
6.938524246215820312e-01
5.039191842079162598e-01
4.537135064601898193e-01
9.028332233428955078e-01
5.029660463333129883e-01
4.754651486873626709e-01
6.626803278923034668e-01
4.377700388431549072e-01
5.175022482872009277e-01
6.708747148513793945e-01
6.274877786636352539e-01
5.001563429832458496e-01
5.723832249641418457e-01
5.542566776275634766e-01
6.234058141708374023e-01
9.635889530181884766e-01
5.343753695487976074e-01
3.962932229042053223e-01
3.769216537475585938e-01
6.619502305984497070e-01
5.271406173706054688e-01
5.290657877922058105e-01
5.032002925872802734e-01
6.275790333747863770e-01
4.765075147151947021e-01
7.307997941970825195e-01
5.835254788398742676e-01
4.756140708923339844e-01
6.158543229103088379e-01
4.340584576129913330e-01
5.259408354759216309e-01
4.684070646762847900e-01
5.615871548652648926e-01
5.558701753616333008e-01
5.930203199386596680e-01
8.781948685646057129e-01
6.266807913780212402e-01
4.124041497707366943e-01
6.573505997657775879e-01
5.611464381217956543e-01
5.139337778091430664e-01
4.574518501758575439e-01
5.606089830398559570e-01
5.411119461059570312e-01
4.481858313083648682e-01
2.211110889911651611e-01
4.267578125000000000e-01
5.592684745788574219e-01
3.332345485687255859e-01
4.344702661037445068e-01
4.011759757995605469e-01
7.867643833160400391e-01
4.013747870922088623e-01
4.583911597728729248e-01
4.753027856349945068e-01
3.603757023811340332e-01
1.038911581039428711e+00
7.382353544235229492e-01
4.299202859401702881e-01
5.270292758941650391e-01
5.241671800613403320e-01
3.765746355056762695e-01
5.141634941101074219e-01
4.514959454536437988e-01
7.942454218864440918e-01
4.484994411468505859e-01
4.855368435382843018e-01
3.848735988140106201e-01
4.456719756126403809e-01
4.750830233097076416e-01
3.747167587280273438e-01
4.828129708766937256e-01
5.861508846282958984e-01
4.398045539855957031e-01
4.450286328792572021e-01
6.325333118438720703e-01
5.187555551528930664e-01
4.572589397430419922e-01
5.270611643791198730e-01
5.989291071891784668e-01
5.000188946723937988e-01
5.228751301765441895e-01
2.969597280025482178e-01
4.288567602634429932e-01
5.604197382926940918e-01
5.708799958229064941e-01
5.584200024604797363e-01
3.188101947307586670e-01
4.867922365665435791e-01
5.741108655929565430e-01
4.776201844215393066e-01
4.526373147964477539e-01
4.243153631687164307e-01
3.964686393737792969e-01
3.800890445709228516e-01
4.941449463367462158e-01
3.199830949306488037e-01
2.789762616157531738e-01
6.328896880149841309e-01
3.685665726661682129e-01
3.757307827472686768e-01
4.808092415332794189e-01
3.773362934589385986e-01
4.931206405162811279e-01
5.679012537002563477e-01
4.029709696769714355e-01
5.846351981163024902e-01
4.434201419353485107e-01
3.876354694366455078e-01
5.991587638854980469e-01
3.701625466346740723e-01
5.745228528976440430e-01
3.444482982158660889e-01
3.367682099342346191e-01
5.096677541732788086e-01
4.789671301841735840e-01
5.749517679214477539e-01
4.925789237022399902e-01
6.775938272476196289e-01
4.127686321735382080e-01
4.937183558940887451e-01
5.930547714233398438e-01
6.413383483886718750e-01
3.627921044826507568e-01
6.465855836868286133e-01
6.988302469253540039e-01
6.028417348861694336e-01
3.076462149620056152e-01
2.608307003974914551e-01
3.560594618320465088e-01
5.265567302703857422e-01
4.867129623889923096e-01
4.411086738109588623e-01
4.225587546825408936e-01
4.761000275611877441e-01
4.361940622329711914e-01
1.963877528905868530e-01
5.160164237022399902e-01
5.950616002082824707e-01
3.517562448978424072e-01
6.148470044136047363e-01
3.192167878150939941e-01
5.532438158988952637e-01
3.866548240184783936e-01
6.965999603271484375e-01
4.621258676052093506e-01
4.956682622432708740e-01
5.098357796669006348e-01
7.130012512207031250e-01
5.261682271957397461e-01
5.645713806152343750e-01
5.795163512229919434e-01
5.914568901062011719e-01
7.230084538459777832e-01
5.521504282951354980e-01
5.626469850540161133e-01
5.349475741386413574e-01
4.978379011154174805e-01
5.080835819244384766e-01
3.802824020385742188e-01
3.731943964958190918e-01
6.250892281532287598e-01
4.266369342803955078e-01
4.193110167980194092e-01
4.268315434455871582e-01
4.942599534988403320e-01
4.598754346370697021e-01
5.568325519561767578e-01
2.950677871704101562e-01
7.741136550903320312e-01
3.355162143707275391e-01
4.848959445953369141e-01
8.213732838630676270e-01
4.427056014537811279e-01
6.947436332702636719e-01
6.627815961837768555e-01
5.252641439437866211e-01
8.447896242141723633e-01
6.733657717704772949e-01
3.393982946872711182e-01
6.301750540733337402e-01
4.730932414531707764e-01
6.531395912170410156e-01
4.040012657642364502e-01
6.660619378089904785e-01
5.531221032142639160e-01
7.253675460815429688e-01
5.750609040260314941e-01
5.531492233276367188e-01
3.463445007801055908e-01
5.509760379791259766e-01
4.554079771041870117e-01
6.958141922950744629e-01
6.455489993095397949e-01
7.255669236183166504e-01
5.086576342582702637e-01
4.436573088169097900e-01
5.049837231636047363e-01
4.542021155357360840e-01
5.867128372192382812e-01
3.746871948242187500e-01
4.857540130615234375e-01
5.212445259094238281e-01
5.153763294219970703e-01
4.252566397190093994e-01
4.150421619415283203e-01
6.341547369956970215e-01
4.521361589431762695e-01
4.482305943965911865e-01
5.187461972236633301e-01
3.622206747531890869e-01
5.068028569221496582e-01
4.289422929286956787e-01
6.314855813980102539e-01
5.450637936592102051e-01
3.871324062347412109e-01
5.689594745635986328e-01
4.463197290897369385e-01
4.586633443832397461e-01
4.837218225002288818e-01
3.755333125591278076e-01
5.953305363655090332e-01
3.815662562847137451e-01
5.724753737449645996e-01
3.634427785873413086e-01
3.042322695255279541e-01
4.446371793746948242e-01
3.446634411811828613e-01
6.094191670417785645e-01
7.026345133781433105e-01
4.283493161201477051e-01
3.508997261524200439e-01
3.809714913368225098e-01
6.981762051582336426e-01
4.004821777343750000e-01
4.020953476428985596e-01
6.158528923988342285e-01
5.303044319152832031e-01
6.335718631744384766e-01
4.540797770023345947e-01
5.382853746414184570e-01
6.029024124145507812e-01
4.280174672603607178e-01
6.251720786094665527e-01
4.335543811321258545e-01
3.817191421985626221e-01
4.520713388919830322e-01
4.517311453819274902e-01
5.268582701683044434e-01
4.127510786056518555e-01
4.499163925647735596e-01
5.446648001670837402e-01
3.922471702098846436e-01
7.039060592651367188e-01
3.196938037872314453e-01
4.402264952659606934e-01
7.192658782005310059e-01
5.655180811882019043e-01
6.591520309448242188e-01
6.008527874946594238e-01
5.468279123306274414e-01
5.728870034217834473e-01
4.348348677158355713e-01
5.837832689285278320e-01
6.921539902687072754e-01
4.693333506584167480e-01
4.187212586402893066e-01
4.951963424682617188e-01
5.711500644683837891e-01
3.916285336017608643e-01
5.415518879890441895e-01
3.750254511833190918e-01
5.950114130973815918e-01
5.184832811355590820e-01
6.878137588500976562e-01
5.286453962326049805e-01
5.664719343185424805e-01
4.292186796665191650e-01
5.172591209411621094e-01
5.928888320922851562e-01
5.109346508979797363e-01
3.896522223949432373e-01
5.868283510208129883e-01
5.777606368064880371e-01
6.429481506347656250e-01
6.215939521789550781e-01
5.655879378318786621e-01
3.688656687736511230e-01
5.359356403350830078e-01
4.672033190727233887e-01
5.938467383384704590e-01
5.506792664527893066e-01
4.501127600669860840e-01
6.861229538917541504e-01
2.931631207466125488e-01
4.561218917369842529e-01
4.404191374778747559e-01
3.827253878116607666e-01
4.468760788440704346e-01
5.301162600517272949e-01
4.974668323993682861e-01
4.928341507911682129e-01
5.013686418533325195e-01
5.465822219848632812e-01
5.291705727577209473e-01
6.158474683761596680e-01
5.632744431495666504e-01
4.408502876758575439e-01
5.556508302688598633e-01
4.766899943351745605e-01
5.171808600425720215e-01
4.055309891700744629e-01
5.251986384391784668e-01
7.795397639274597168e-01
5.638120770454406738e-01
5.533097386360168457e-01
4.616118967533111572e-01
6.121383905410766602e-01
4.844168126583099365e-01
5.914307832717895508e-01
6.365366578102111816e-01
5.151112079620361328e-01
6.857740283012390137e-01
5.775910615921020508e-01
4.994292855262756348e-01
5.590798258781433105e-01
3.667259812355041504e-01
5.870684385299682617e-01
7.024706006050109863e-01
5.123708248138427734e-01
4.695940315723419189e-01
4.807820320129394531e-01
5.619355440139770508e-01
5.254992842674255371e-01
3.581607341766357422e-01
3.516068160533905029e-01
3.312412798404693604e-01
5.600422024726867676e-01
5.613825917243957520e-01
5.175681114196777344e-01
5.054965615272521973e-01
5.999738574028015137e-01
4.433433413505554199e-01
6.110272407531738281e-01
6.166524887084960938e-01
4.543484747409820557e-01
4.356486797332763672e-01
5.065193772315979004e-01
4.306625723838806152e-01
5.669344663619995117e-01
5.553643107414245605e-01
5.462386608123779297e-01
4.032783806324005127e-01
4.350920021533966064e-01
6.202688813209533691e-01
4.709382057189941406e-01
4.126705825328826904e-01
4.218385219573974609e-01
3.939760923385620117e-01
4.296392798423767090e-01
6.395503878593444824e-01
4.262897968292236328e-01
4.471631646156311035e-01
4.780049026012420654e-01
5.160504579544067383e-01
5.345150232315063477e-01
4.095299541950225830e-01
3.582801222801208496e-01
3.740950226783752441e-01
5.793054699897766113e-01
3.602023124694824219e-01
5.668708086013793945e-01
5.411556363105773926e-01
4.471454322338104248e-01
6.257198452949523926e-01
6.742992401123046875e-01
4.732211530208587646e-01
6.285740137100219727e-01
4.076215922832489014e-01
5.383537411689758301e-01
4.844630658626556396e-01
4.719124734401702881e-01
3.788246810436248779e-01
4.186452925205230713e-01
6.997092962265014648e-01
4.474879503250122070e-01
4.548884928226470947e-01
4.154522418975830078e-01
5.601847767829895020e-01
3.955316841602325439e-01
6.463116407394409180e-01
3.430556952953338623e-01
5.284484028816223145e-01
3.930069506168365479e-01
6.092403531074523926e-01
4.627314805984497070e-01
3.531775772571563721e-01
3.637313246726989746e-01
3.887188136577606201e-01
3.405137360095977783e-01
4.939582049846649170e-01
3.855758905410766602e-01
4.952851533889770508e-01
3.112910687923431396e-01
6.626945734024047852e-01
6.150319576263427734e-01
6.212376952171325684e-01
3.072443306446075439e-01
5.840310454368591309e-01
4.328772127628326416e-01
3.342549502849578857e-01
4.543136060237884521e-01
4.871916174888610840e-01
4.698172211647033691e-01
5.136488080024719238e-01
3.394232392311096191e-01
3.606942296028137207e-01
4.126573204994201660e-01
5.273965001106262207e-01
5.384240150451660156e-01
4.383292496204376221e-01
7.160368561744689941e-01
3.941027522087097168e-01
5.436560511589050293e-01
7.094891667366027832e-01
5.231145024299621582e-01
5.144001841545104980e-01
3.637318015098571777e-01
6.649098992347717285e-01
5.296336412429809570e-01
5.808476805686950684e-01
4.430941045284271240e-01
5.004638433456420898e-01
2.715952694416046143e-01
3.897605836391448975e-01
5.927212238311767578e-01
4.922335445880889893e-01
4.220345616340637207e-01
3.438834547996520996e-01
4.256938099861145020e-01
3.235008418560028076e-01
5.595974922180175781e-01
6.634769439697265625e-01
4.397812187671661377e-01
7.159379720687866211e-01
3.595772087574005127e-01
6.270250082015991211e-01
5.295750498771667480e-01
6.067432165145874023e-01
4.704775512218475342e-01
4.791162908077239990e-01
6.383106112480163574e-01
5.729106068611145020e-01
7.014421820640563965e-01
6.131668686866760254e-01
7.983213067054748535e-01
5.876311659812927246e-01
5.055108666419982910e-01
4.800596833229064941e-01
2.903928458690643311e-01
5.942166447639465332e-01
3.356833159923553467e-01
6.012473106384277344e-01
5.714890360832214355e-01
6.167826652526855469e-01
5.423392653465270996e-01
4.165332019329071045e-01
7.714926600456237793e-01
3.435998857021331787e-01
6.355577707290649414e-01
4.452333152294158936e-01
4.290598630905151367e-01
3.826940357685089111e-01
4.349629878997802734e-01
4.308007657527923584e-01
5.243599414825439453e-01
3.608313202857971191e-01
6.949324607849121094e-01
4.064168930053710938e-01
4.948709607124328613e-01
5.475502014160156250e-01
6.090311408042907715e-01
4.582268893718719482e-01
5.617910623550415039e-01
4.647034406661987305e-01
5.027011036872863770e-01
5.745934844017028809e-01
5.901789069175720215e-01
3.345261812210083008e-01
5.589480400085449219e-01
6.412007808685302734e-01
5.129691958427429199e-01
3.712608218193054199e-01
6.604117751121520996e-01
6.534468531608581543e-01
6.351091265678405762e-01
4.280267655849456787e-01
5.181256532669067383e-01
4.404808878898620605e-01
4.754832983016967773e-01
5.379777550697326660e-01
6.195090413093566895e-01
5.228841900825500488e-01
2.896234691143035889e-01
4.044983685016632080e-01
3.839999139308929443e-01
2.963852584362030029e-01
5.587474107742309570e-01
5.755441784858703613e-01
3.968620002269744873e-01
2.314235717058181763e-01
4.264642000198364258e-01
6.555039882659912109e-01
4.802575409412384033e-01
5.270864963531494141e-01
4.740323722362518311e-01
3.498808145523071289e-01
6.193530559539794922e-01
2.679570019245147705e-01
3.303288817405700684e-01
5.111516714096069336e-01
6.087574958801269531e-01
6.042803525924682617e-01
6.248139739036560059e-01
4.685018062591552734e-01
5.079935193061828613e-01
3.873740434646606445e-01
5.857051610946655273e-01
4.844503402709960938e-01
3.796832859516143799e-01
3.917079567909240723e-01
4.807355105876922607e-01
4.551795721054077148e-01
4.896521568298339844e-01
4.973971843719482422e-01
6.537333726882934570e-01
5.936602354049682617e-01
6.690145134925842285e-01
7.289595603942871094e-01
5.547081232070922852e-01
6.028921008110046387e-01
3.883285224437713623e-01
5.570264458656311035e-01
3.039979636669158936e-01
3.841302394866943359e-01
4.114965498447418213e-01
4.406176805496215820e-01
5.343143939971923828e-01
5.541791319847106934e-01
4.270773231983184814e-01
4.773921072483062744e-01
6.487426757812500000e-01
4.908179342746734619e-01
3.478187918663024902e-01
4.696589708328247070e-01
5.286450982093811035e-01
4.246177971363067627e-01
5.460026264190673828e-01
6.033625602722167969e-01
5.717190504074096680e-01
5.981214046478271484e-01
5.256211161613464355e-01
4.296290576457977295e-01
3.708526194095611572e-01
5.233652591705322266e-01
3.459495007991790771e-01
4.788764417171478271e-01
5.016774535179138184e-01
3.079025149345397949e-01
2.962121069431304932e-01
8.380435705184936523e-01
7.784969806671142578e-01
6.035655736923217773e-01
4.583571553230285645e-01
5.242441296577453613e-01
5.824376940727233887e-01
4.367213547229766846e-01
6.172259449958801270e-01
5.031659603118896484e-01
7.144653797149658203e-01
5.753611922264099121e-01
5.586542487144470215e-01
6.489925384521484375e-01
4.816988408565521240e-01
4.612277150154113770e-01
4.728563129901885986e-01
4.408615827560424805e-01
5.137441754341125488e-01
5.767925977706909180e-01
5.248726010322570801e-01
7.699483633041381836e-01
6.491537094116210938e-01
2.493398785591125488e-01
3.215531110763549805e-01
4.823507070541381836e-01
6.200265288352966309e-01
7.222834229469299316e-01
5.343362092971801758e-01
5.113854408264160156e-01
4.189118742942810059e-01
6.947169303894042969e-01
6.321862936019897461e-01
4.095041751861572266e-01
6.530226469039916992e-01
3.615858852863311768e-01
7.130768895149230957e-01
4.509353339672088623e-01
5.613295435905456543e-01
4.699116051197052002e-01
4.903566539287567139e-01
5.442939400672912598e-01
5.325819849967956543e-01
4.756634533405303955e-01
5.908389687538146973e-01
3.172320127487182617e-01
4.193806946277618408e-01
4.356617927551269531e-01
4.720303714275360107e-01
4.683650732040405273e-01
4.129019081592559814e-01
6.119254827499389648e-01
6.037461161613464355e-01
3.611829280853271484e-01
5.797983407974243164e-01
5.597769618034362793e-01
7.304484844207763672e-01
6.498963832855224609e-01
4.875515997409820557e-01
5.144993662834167480e-01
6.437126994132995605e-01
3.377802968025207520e-01
4.335857331752777100e-01
7.497893571853637695e-01
4.008716940879821777e-01
3.806770145893096924e-01
4.104191660881042480e-01
6.112003326416015625e-01
5.978553891181945801e-01
5.172609090805053711e-01
5.945881605148315430e-01
5.401064157485961914e-01
3.226657211780548096e-01
4.044892191886901855e-01
5.731927156448364258e-01
5.800899863243103027e-01
5.195245146751403809e-01
5.074152350425720215e-01
5.283923745155334473e-01
6.710614562034606934e-01
5.623192191123962402e-01
5.626691579818725586e-01
4.742395877838134766e-01
6.575757265090942383e-01
7.496260404586791992e-01
4.825491607189178467e-01
5.212992429733276367e-01
3.617527782917022705e-01
5.735830068588256836e-01
7.862319946289062500e-01
4.757963120937347412e-01
4.666816294193267822e-01
4.621515572071075439e-01
5.746755599975585938e-01
5.014948844909667969e-01
4.638629853725433350e-01
4.822826683521270752e-01
4.639053046703338623e-01
5.561976432800292969e-01
6.486175656318664551e-01
6.030838489532470703e-01
3.081688582897186279e-01
4.465292692184448242e-01
4.726937115192413330e-01
4.872148931026458740e-01
4.863944351673126221e-01
5.554723739624023438e-01
6.496171355247497559e-01
3.737855255603790283e-01
5.277172923088073730e-01
5.380276441574096680e-01
6.669667959213256836e-01
6.073025465011596680e-01
4.947735667228698730e-01
4.135330915451049805e-01
4.705020785331726074e-01
4.787979125976562500e-01
3.285741508007049561e-01
6.862363219261169434e-01
4.026944339275360107e-01
5.378301739692687988e-01
4.409319758415222168e-01
4.479500651359558105e-01
7.263428568840026855e-01
4.049006700515747070e-01
4.917030334472656250e-01
5.420764684677124023e-01
4.289372563362121582e-01
5.913944244384765625e-01
6.198197603225708008e-01
5.231514573097229004e-01
7.011557221412658691e-01
4.289492070674896240e-01
4.240227937698364258e-01
3.898629546165466309e-01
5.112604498863220215e-01
7.589286565780639648e-01
5.445775389671325684e-01
4.182367622852325439e-01
4.351365864276885986e-01
3.208658099174499512e-01
6.853099465370178223e-01
4.755532443523406982e-01
3.585380017757415771e-01
5.955729484558105469e-01
5.595248341560363770e-01
3.364489674568176270e-01
6.379930377006530762e-01
5.348427891731262207e-01
5.249281525611877441e-01
3.449980914592742920e-01
5.733686089515686035e-01
4.872453212738037109e-01
4.018438756465911865e-01
4.221101999282836914e-01
5.316105484962463379e-01
2.549752593040466309e-01
3.967748880386352539e-01
4.213332533836364746e-01
3.756800889968872070e-01
3.330489397048950195e-01
5.209481716156005859e-01
4.413774907588958740e-01
6.742352843284606934e-01
4.152102768421173096e-01
3.474267125129699707e-01
5.913156867027282715e-01
6.697633862495422363e-01
4.246300160884857178e-01
4.796627163887023926e-01
3.587627112865447998e-01
5.213938355445861816e-01
4.717501103878021240e-01
5.075869560241699219e-01
3.898140192031860352e-01
5.603951215744018555e-01
6.719809770584106445e-01
5.090019106864929199e-01
4.988245964050292969e-01
4.788673818111419678e-01
6.225495338439941406e-01
6.560459136962890625e-01
4.504029750823974609e-01
4.428415596485137939e-01
3.999482989311218262e-01
6.246410012245178223e-01
6.764087080955505371e-01
4.002702534198760986e-01
5.543432831764221191e-01
5.179169774055480957e-01
4.802705049514770508e-01
3.991523087024688721e-01
4.498410522937774658e-01
3.810590207576751709e-01
4.525481164455413818e-01
4.751030504703521729e-01
7.088579535484313965e-01
5.481591820716857910e-01
5.092574954032897949e-01
6.836587786674499512e-01
4.904943108558654785e-01
3.606732487678527832e-01
3.247503042221069336e-01
3.774248659610748291e-01
4.813849329948425293e-01
4.105573892593383789e-01
4.115040600299835205e-01
5.040826201438903809e-01
4.657737612724304199e-01
5.187698602676391602e-01
3.856999576091766357e-01
5.577644109725952148e-01
4.976735115051269531e-01
5.136564970016479492e-01
5.191448330879211426e-01
3.773017227649688721e-01
5.527174472808837891e-01
5.081626772880554199e-01
5.713938474655151367e-01
4.979362487792968750e-01
6.304205060005187988e-01
4.021578431129455566e-01
4.373797774314880371e-01
2.920685708522796631e-01
5.112709403038024902e-01
4.955864250659942627e-01
6.543306708335876465e-01
5.620493292808532715e-01
1.957906782627105713e-01
5.067501664161682129e-01
5.935479402542114258e-01
2.628914117813110352e-01
3.541863560676574707e-01
4.991326332092285156e-01
3.478649854660034180e-01
3.812856674194335938e-01
5.539408922195434570e-01
4.853442013263702393e-01
4.397012293338775635e-01
6.379921436309814453e-01
2.945884466171264648e-01
3.658759891986846924e-01
4.401222765445709229e-01
2.825952470302581787e-01
3.917782902717590332e-01
3.005056083202362061e-01
2.237508296966552734e-01
2.810733616352081299e-01
3.331695795059204102e-01
3.889975249767303467e-01
3.725485801696777344e-01
2.178957611322402954e-01
2.080977559089660645e-01
3.555862009525299072e-01
3.349877893924713135e-01
3.384831547737121582e-01
2.120573967695236206e-01
3.106850981712341309e-01
5.121679902076721191e-01
2.955108582973480225e-01
3.061302900314331055e-01
4.325713813304901123e-01
2.635263204574584961e-01
3.515104353427886963e-01
4.357626736164093018e-01
2.076398432254791260e-01
2.954693734645843506e-01
4.453831613063812256e-01
4.111525416374206543e-01
4.544108211994171143e-01
1.815733015537261963e-01
4.482418894767761230e-01
3.368038535118103027e-01
3.566013872623443604e-01
2.603606283664703369e-01
2.409975379705429077e-01
2.751637697219848633e-01
2.791583240032196045e-01
3.583005666732788086e-01
3.248961567878723145e-01
2.590601742267608643e-01
4.351294338703155518e-01
3.725084364414215088e-01
1.687845438718795776e-01
4.672695398330688477e-01
3.458372056484222412e-01
3.863551616668701172e-01
4.377081394195556641e-01
3.616793751716613770e-01
6.176581978797912598e-01
3.170906603336334229e-01
4.238549768924713135e-01
3.959981501102447510e-01
4.930238723754882812e-01
3.431308269500732422e-01
2.881917059421539307e-01
7.223153114318847656e-01
3.128958046436309814e-01
2.228915095329284668e-01
4.305437803268432617e-01
2.657119929790496826e-01
3.115549981594085693e-01
2.954634726047515869e-01
3.358817696571350098e-01
3.885788619518280029e-01
4.373818039894104004e-01
4.827519357204437256e-01
3.790475428104400635e-01
3.967722356319427490e-01
4.755115807056427002e-01
4.317027330398559570e-01
2.560040354728698730e-01
2.191659957170486450e-01
4.511460363864898682e-01
3.495985865592956543e-01
4.248292744159698486e-01
3.144259154796600342e-01
2.716977000236511230e-01
1.974503099918365479e-01
3.290929794311523438e-01
3.447238802909851074e-01
3.751136660575866699e-01
4.107227623462677002e-01
2.237742543220520020e-01
2.748174667358398438e-01
2.877556085586547852e-01
2.700701951980590820e-01
5.909433960914611816e-01
3.714862465858459473e-01
4.092640578746795654e-01
5.466361641883850098e-01
3.547236025333404541e-01
2.556280195713043213e-01
3.010238111019134521e-01
3.389032185077667236e-01
3.864051401615142822e-01
2.723481655120849609e-01
4.363952875137329102e-01
4.901333749294281006e-01
4.393783509731292725e-01
3.464837372303009033e-01
2.452307939529418945e-01
4.312893152236938477e-01
5.926312804222106934e-01
3.909045457839965820e-01
4.338482916355133057e-01
2.836524844169616699e-01
2.584965825080871582e-01
2.537920176982879639e-01
2.664974629878997803e-01
3.321233093738555908e-01
2.913258671760559082e-01
4.439781010150909424e-01
2.362987846136093140e-01
4.073543250560760498e-01
3.358443677425384521e-01
5.675513744354248047e-01
3.372826576232910156e-01
4.699998199939727783e-01
4.942429661750793457e-01
2.764149308204650879e-01
2.053074836730957031e-01
2.055120170116424561e-01
4.939458966255187988e-01
4.245765209197998047e-01
2.254449725151062012e-01
4.668019711971282959e-01
2.666190266609191895e-01
4.411203265190124512e-01
3.357421755790710449e-01
1.546173691749572754e-01
3.162737786769866943e-01
3.590606749057769775e-01
4.544497728347778320e-01
2.448181509971618652e-01
3.754047453403472900e-01
5.550976395606994629e-01
3.149947226047515869e-01
2.543990612030029297e-01
3.351153731346130371e-01
4.087636470794677734e-01
2.763209939002990723e-01
3.047277927398681641e-01
4.088676869869232178e-01
3.733584582805633545e-01
2.524587213993072510e-01
3.507265448570251465e-01
6.922607421875000000e-01
3.082643151283264160e-01
1.621199399232864380e-01
2.816266715526580811e-01
3.740954697132110596e-01
5.515984296798706055e-01
3.428371250629425049e-01
3.742587566375732422e-01
3.534729778766632080e-01
5.427106022834777832e-01
3.600548803806304932e-01
2.872094511985778809e-01
6.453067064285278320e-01
4.830213189125061035e-01
2.897987961769104004e-01
3.078849017620086670e-01
3.913047015666961670e-01
2.372339367866516113e-01
2.677437365055084229e-01
2.323354035615921021e-01
2.367917150259017944e-01
5.220149755477905273e-01
3.561832606792449951e-01
3.139787316322326660e-01
3.571003675460815430e-01
2.118902355432510376e-01
2.941532731056213379e-01
3.808069527149200439e-01
4.936374723911285400e-01
2.994415462017059326e-01
3.296471834182739258e-01
5.588878989219665527e-01
4.607463181018829346e-01
3.187526464462280273e-01
4.291910529136657715e-01
3.763481080532073975e-01
4.225752055644989014e-01
2.645693421363830566e-01
4.608201384544372559e-01
5.907107591629028320e-01
3.578011095523834229e-01
3.858449757099151611e-01
4.905547499656677246e-01
5.650843381881713867e-01
2.924452126026153564e-01
4.327227771282196045e-01
3.999562561511993408e-01
3.133287131786346436e-01
2.170788049697875977e-01
3.750931024551391602e-01
2.885483205318450928e-01
3.679401278495788574e-01
4.270999729633331299e-01
3.298990428447723389e-01
5.007712244987487793e-01
3.402442634105682373e-01
3.808534145355224609e-01
5.335701107978820801e-01
2.668212950229644775e-01
2.895126938819885254e-01
3.609066903591156006e-01
2.378903627395629883e-01
3.545797467231750488e-01
4.255123436450958252e-01
4.927572309970855713e-01
4.273020029067993164e-01
2.685475051403045654e-01
4.341903924942016602e-01
4.927766323089599609e-01
4.615204334259033203e-01
2.335308194160461426e-01
3.890774548053741455e-01
4.351954758167266846e-01
2.313655614852905273e-01
2.613688707351684570e-01
2.523899972438812256e-01
4.397256970405578613e-01
4.843179881572723389e-01
4.677355587482452393e-01
4.885142445564270020e-01
6.848016977310180664e-01
3.667930364608764648e-01
2.931957244873046875e-01
5.455403923988342285e-01
2.778791487216949463e-01
5.569984912872314453e-01
3.274110853672027588e-01
3.389651179313659668e-01
4.785140454769134521e-01
3.838886916637420654e-01
3.481272757053375244e-01
4.023309648036956787e-01
3.726107180118560791e-01
2.762319147586822510e-01
3.373660147190093994e-01
5.402212142944335938e-01
3.194677233695983887e-01
4.974093139171600342e-01
1.708193272352218628e-01
3.459988832473754883e-01
4.363328218460083008e-01
4.442422091960906982e-01
1.896178424358367920e-01
4.015700221061706543e-01
4.607124924659729004e-01
6.176766157150268555e-01
5.252508521080017090e-01
3.696710169315338135e-01
4.192507565021514893e-01
2.271784245967864990e-01
4.450479149818420410e-01
5.021745562553405762e-01
3.198033869266510010e-01
4.478938877582550049e-01
4.079721868038177490e-01
4.400201141834259033e-01
4.411795735359191895e-01
4.875075221061706543e-01
3.684596717357635498e-01
3.713296949863433838e-01
3.899838924407958984e-01
4.340537488460540771e-01
2.851650714874267578e-01
2.951788604259490967e-01
3.580438494682312012e-01
3.493162691593170166e-01
3.969332277774810791e-01
2.737395167350769043e-01
5.776414275169372559e-01
3.137178421020507812e-01
4.238915443420410156e-01
2.692702412605285645e-01
2.048011869192123413e-01
2.362032234668731689e-01
3.645169734954833984e-01
5.207187533378601074e-01
6.258953809738159180e-01
3.683247268199920654e-01
3.296707272529602051e-01
4.223929345607757568e-01
4.582232236862182617e-01
3.572837114334106445e-01
4.318034946918487549e-01
4.432760775089263916e-01
3.290425240993499756e-01
3.999773859977722168e-01
2.334393113851547241e-01
4.008880257606506348e-01
3.303499817848205566e-01
3.601752519607543945e-01
4.399629235267639160e-01
1.938715577125549316e-01
4.171029925346374512e-01
2.225097566843032837e-01
4.370016753673553467e-01
3.760519325733184814e-01
3.130577206611633301e-01
1.830871254205703735e-01
2.903786599636077881e-01
2.260999530553817749e-01
4.153022766113281250e-01
5.092855691909790039e-01
1.427586674690246582e-01
3.117113113403320312e-01
3.324425816535949707e-01
4.146381020545959473e-01
4.667621254920959473e-01
3.744487464427947998e-01
2.549559473991394043e-01
3.204557299613952637e-01
1.608267128467559814e-01
3.689319193363189697e-01
3.017584681510925293e-01
3.731970489025115967e-01
4.301027655601501465e-01
4.309395551681518555e-01
5.820915699005126953e-01
4.406665861606597900e-01
2.874532938003540039e-01
4.599374532699584961e-01
6.005724072456359863e-01
3.931646943092346191e-01
5.892786383628845215e-01
3.517496287822723389e-01
5.385502576828002930e-01
4.962257742881774902e-01
5.405350327491760254e-01
6.341737508773803711e-01
3.258496820926666260e-01
3.024338185787200928e-01
3.394264876842498779e-01
2.688845694065093994e-01
3.512855470180511475e-01
5.277249813079833984e-01
3.781905472278594971e-01
3.767838180065155029e-01
5.483503341674804688e-01
2.533094286918640137e-01
4.922658801078796387e-01
5.421901345252990723e-01
3.603881597518920898e-01
3.325385153293609619e-01
5.759890079498291016e-01
3.156815767288208008e-01
2.116215527057647705e-01
5.961572527885437012e-01
3.392158746719360352e-01
5.275760889053344727e-01
2.355242818593978882e-01
3.770201504230499268e-01
3.561870455741882324e-01
5.477180480957031250e-01
2.841336727142333984e-01
4.687555432319641113e-01
3.222707211971282959e-01
4.657023251056671143e-01
4.316265583038330078e-01
3.569650650024414062e-01
3.146487176418304443e-01
3.858914673328399658e-01
3.811794817447662354e-01
4.792777597904205322e-01
3.116277456283569336e-01
4.002852439880371094e-01
4.028608500957489014e-01
3.486785590648651123e-01
5.041348338127136230e-01
4.912907481193542480e-01
4.265841245651245117e-01
5.089304447174072266e-01
2.687616646289825439e-01
3.362762629985809326e-01
3.153662979602813721e-01
4.527798295021057129e-01
2.912374138832092285e-01
4.765554368495941162e-01
4.295254349708557129e-01
3.200261592864990234e-01
4.460765421390533447e-01
3.014718592166900635e-01
2.879813909530639648e-01
5.202009081840515137e-01
3.173303306102752686e-01
2.047451138496398926e-01
5.616897344589233398e-01
5.855361223220825195e-01
2.822763323783874512e-01
4.056327342987060547e-01
2.793840169906616211e-01
3.587184250354766846e-01
5.246210694313049316e-01
4.483382999897003174e-01
3.193073570728302002e-01
3.548251986503601074e-01
4.367465674877166748e-01
5.905818939208984375e-01
3.906831741333007812e-01
4.448060989379882812e-01
2.675026655197143555e-01
5.274958610534667969e-01
5.747005939483642578e-01
3.307639956474304199e-01
5.036245584487915039e-01
3.320717513561248779e-01
4.956256151199340820e-01
4.249558746814727783e-01
2.792725265026092529e-01
3.416167497634887695e-01
3.649710714817047119e-01
2.759918868541717529e-01
3.909671902656555176e-01
5.368833541870117188e-01
3.497277200222015381e-01
2.408556193113327026e-01
2.386665344238281250e-01
3.616494536399841309e-01
5.532838702201843262e-01
5.169729590415954590e-01
3.556047677993774414e-01
4.383767545223236084e-01
2.935844659805297852e-01
3.692349195480346680e-01
3.780641853809356689e-01
3.542478978633880615e-01
5.827836990356445312e-01
3.809708356857299805e-01
3.382741808891296387e-01
2.924617230892181396e-01
4.419210851192474365e-01
4.128985404968261719e-01
2.874987125396728516e-01
3.290798664093017578e-01
5.100333690643310547e-01
3.356446921825408936e-01
3.089214861392974854e-01
4.633776843547821045e-01
5.010915994644165039e-01
5.316100120544433594e-01
4.018588364124298096e-01
3.012119531631469727e-01
5.245932340621948242e-01
4.680068790912628174e-01
3.352405428886413574e-01
4.903872907161712646e-01
3.934811651706695557e-01
4.009855985641479492e-01
5.424925088882446289e-01
2.432766556739807129e-01
4.778876602649688721e-01
4.413324296474456787e-01
3.702672421932220459e-01
5.609121322631835938e-01
5.266419649124145508e-01
4.400025010108947754e-01
2.645812034606933594e-01
2.166428714990615845e-01
6.612651944160461426e-01
6.128877997398376465e-01
3.780284225940704346e-01
2.270649820566177368e-01
3.815683126449584961e-01
5.096629858016967773e-01
3.445544242858886719e-01
3.496840000152587891e-01
3.767898380756378174e-01
3.753555715084075928e-01
2.417802363634109497e-01
5.674552917480468750e-01
4.711246788501739502e-01
6.250016093254089355e-01
2.157538086175918579e-01
3.984334170818328857e-01
5.276656150817871094e-01
2.911982238292694092e-01
3.972861468791961670e-01
3.288765251636505127e-01
3.001854121685028076e-01
3.415018618106842041e-01
2.893652319908142090e-01
1.702715903520584106e-01
4.795372486114501953e-01
4.597032368183135986e-01
3.691529035568237305e-01
2.776786386966705322e-01
5.027903914451599121e-01
4.936791062355041504e-01
4.218280613422393799e-01
3.705402016639709473e-01
5.647322535514831543e-01
3.885906040668487549e-01
2.308130562305450439e-01
3.174434006214141846e-01
3.530812561511993408e-01
3.792842626571655273e-01
2.337616831064224243e-01
3.462946116924285889e-01
3.000876307487487793e-01
3.155108094215393066e-01
3.373024165630340576e-01
3.296222388744354248e-01
4.811198711395263672e-01
5.374609231948852539e-01
3.218655586242675781e-01
2.877166569232940674e-01
3.789086043834686279e-01
3.605037033557891846e-01
1.809989362955093384e-01
3.449070155620574951e-01
4.788861274719238281e-01
3.617365360260009766e-01
4.569273293018341064e-01
3.445102572441101074e-01
3.835815191268920898e-01
3.742741346359252930e-01
3.264521658420562744e-01
4.770820140838623047e-01
2.404342740774154663e-01
5.676425695419311523e-01
5.990152359008789062e-01
3.949951827526092529e-01
4.200856387615203857e-01
3.825167417526245117e-01
3.289634287357330322e-01
2.811408340930938721e-01
4.934013485908508301e-01
3.702692091464996338e-01
3.828018307685852051e-01
4.732959866523742676e-01
3.262230753898620605e-01
3.464189767837524414e-01
3.773231208324432373e-01
3.053626716136932373e-01
3.716050386428833008e-01
3.648442327976226807e-01
4.588866233825683594e-01
4.346665441989898682e-01
3.720305562019348145e-01
2.573015093803405762e-01
4.126528799533843994e-01
3.220472931861877441e-01
2.977552413940429688e-01
4.059551954269409180e-01
3.729804456233978271e-01
5.289043784141540527e-01
3.144198060035705566e-01
3.568941950798034668e-01
4.236279428005218506e-01
3.797762691974639893e-01
5.628311634063720703e-01
2.935045063495635986e-01
3.906768858432769775e-01
3.759126365184783936e-01
3.011490702629089355e-01
3.659483194351196289e-01
5.077708959579467773e-01
5.198484063148498535e-01
4.184862673282623291e-01
1.858086735010147095e-01
4.918099641799926758e-01
4.659197330474853516e-01
3.889988064765930176e-01
2.795090675354003906e-01
5.625734925270080566e-01
3.023020625114440918e-01
4.685494899749755859e-01
5.014513731002807617e-01
2.625525891780853271e-01
4.424670934677124023e-01
2.569079697132110596e-01
1.959342360496520996e-01
4.893086254596710205e-01
2.730080187320709229e-01
4.685414433479309082e-01
5.980111360549926758e-01
2.641808688640594482e-01
3.201040923595428467e-01
2.215257883071899414e-01
3.816309571266174316e-01
3.228228986263275146e-01
5.168319940567016602e-01
4.649161100387573242e-01
3.519115746021270752e-01
2.719623148441314697e-01
4.023841917514801025e-01
3.797656595706939697e-01
4.540644884109497070e-01
4.072151482105255127e-01
4.260667264461517334e-01
4.142901301383972168e-01
3.268346488475799561e-01
3.406741023063659668e-01
4.087415635585784912e-01
4.391186833381652832e-01
4.634705781936645508e-01
4.375123679637908936e-01
3.204340040683746338e-01
3.455910682678222656e-01
4.178027808666229248e-01
3.028807342052459717e-01
4.529284238815307617e-01
4.335002899169921875e-01
2.789606153964996338e-01
5.810692310333251953e-01
3.997173011302947998e-01
2.742416262626647949e-01
5.049363374710083008e-01
5.357024073600769043e-01
3.739489912986755371e-01
4.139372110366821289e-01
2.945099174976348877e-01
2.624816000461578369e-01
2.709836065769195557e-01
3.776399791240692139e-01
5.186020731925964355e-01
3.360571265220642090e-01
2.901775538921356201e-01
3.123280405998229980e-01
4.196336269378662109e-01
2.000803053379058838e-01
3.183484673500061035e-01
4.840213656425476074e-01
5.036116838455200195e-01
6.454609036445617676e-01
4.426131844520568848e-01
3.444546163082122803e-01
4.643045067787170410e-01
2.686733603477478027e-01
4.211139976978302002e-01
3.615699410438537598e-01
3.747170269489288330e-01
3.926144540309906006e-01
4.456818997859954834e-01
4.908244013786315918e-01
4.230616986751556396e-01
3.325252532958984375e-01
3.563916087150573730e-01
2.642706334590911865e-01
1.369206756353378296e-01
2.652120590209960938e-01
4.829845428466796875e-01
6.046472191810607910e-01
3.318545818328857422e-01
6.284143328666687012e-01
4.288351833820343018e-01
3.502560853958129883e-01
4.257225692272186279e-01
4.115535020828247070e-01
3.325243890285491943e-01
3.128613233566284180e-01
6.076102852821350098e-01
3.270708620548248291e-01
4.359304308891296387e-01
4.686767458915710449e-01
2.026344835758209229e-01
4.114489853382110596e-01
4.616624712944030762e-01
3.804170489311218262e-01
3.346818089485168457e-01
3.611143231391906738e-01
4.262315332889556885e-01
3.140867948532104492e-01
3.704410195350646973e-01
2.712071239948272705e-01
4.124226868152618408e-01
2.589984536170959473e-01
4.406367540359497070e-01
3.068972826004028320e-01
2.878510057926177979e-01
3.158802688121795654e-01
2.018526792526245117e-01
3.920640349388122559e-01
3.658420741558074951e-01
3.525730669498443604e-01
3.834614157676696777e-01
5.397295355796813965e-01
3.815849423408508301e-01
4.512209594249725342e-01
2.469373345375061035e-01
2.629237771034240723e-01
4.074474275112152100e-01
6.777971386909484863e-01
3.646888136863708496e-01
2.097249478101730347e-01
2.457815557718276978e-01
3.334886133670806885e-01
2.141602635383605957e-01
4.953504204750061035e-01
3.695454299449920654e-01
4.569841623306274414e-01
4.353948533535003662e-01
3.459688127040863037e-01
3.285634815692901611e-01
5.103920102119445801e-01
4.373152852058410645e-01
2.363707721233367920e-01
3.288833200931549072e-01
3.895157873630523682e-01
3.530063927173614502e-01
3.494081199169158936e-01
4.869597554206848145e-01
3.536619544029235840e-01
3.031073212623596191e-01
4.088529348373413086e-01
4.840556681156158447e-01
5.778888463973999023e-01
4.121017456054687500e-01
5.623943805694580078e-01
5.421521067619323730e-01
4.591645896434783936e-01
5.383135676383972168e-01
3.309471607208251953e-01
5.205312967300415039e-01
3.740559816360473633e-01
3.793362975120544434e-01
7.415625452995300293e-01
6.540725231170654297e-01
3.008981049060821533e-01
4.078887403011322021e-01
3.997911512851715088e-01
4.585086703300476074e-01
2.518331408500671387e-01
2.968318760395050049e-01
4.298114478588104248e-01
4.072775542736053467e-01
2.424383461475372314e-01
4.996619820594787598e-01
3.265604674816131592e-01
3.851779103279113770e-01
1.926501542329788208e-01
4.126288890838623047e-01
1.459730863571166992e-01
4.078139066696166992e-01
4.056428074836730957e-01
3.685371875762939453e-01
4.699653089046478271e-01
3.741191625595092773e-01
3.707670271396636963e-01
4.911649823188781738e-01
2.993966341018676758e-01
3.201891183853149414e-01
4.169965982437133789e-01
5.357124209403991699e-01
5.071020126342773438e-01
3.948681354522705078e-01
4.366360604763031006e-01
2.834290564060211182e-01
2.770306766033172607e-01
4.758696854114532471e-01
4.594758152961730957e-01
3.970759212970733643e-01
2.977697551250457764e-01
3.219308257102966309e-01
3.514231145381927490e-01
2.539962232112884521e-01
2.396972030401229858e-01
5.413468480110168457e-01
3.268873989582061768e-01
5.046303868293762207e-01
3.840503692626953125e-01
3.613608777523040771e-01
3.770235180854797363e-01
5.091660022735595703e-01
4.615203738212585449e-01
4.379310905933380127e-01
3.508352041244506836e-01
1.340398043394088745e-01
3.222532272338867188e-01
1.588878482580184937e-01
3.367828130722045898e-01
2.106430679559707642e-01
1.677033156156539917e-01
4.888564348220825195e-01
3.341006636619567871e-01
1.292662322521209717e-01
2.655663192272186279e-01
3.697983026504516602e-01
2.158980518579483032e-01
2.370998412370681763e-01
2.254517823457717896e-01
2.070162296295166016e-01
1.659368574619293213e-01
1.708544939756393433e-01
2.124644070863723755e-01
2.846890985965728760e-01
1.519393324851989746e-01
1.805666685104370117e-01
3.079215884208679199e-01
1.882119774818420410e-01
1.798489242792129517e-01
2.319209128618240356e-01
3.432135581970214844e-01
2.222866714000701904e-01
2.983500361442565918e-01
3.376307785511016846e-01
1.967120468616485596e-01
2.126519531011581421e-01
2.819516062736511230e-01
1.583885252475738525e-01
4.080997705459594727e-01
2.794579267501831055e-01
3.000028133392333984e-01
3.348489105701446533e-01
2.149601578712463379e-01
3.136757016181945801e-01
2.935917079448699951e-01
1.438389271497726440e-01
1.918775141239166260e-01
3.561732769012451172e-01
2.230393290519714355e-01
2.505440115928649902e-01
2.498177587985992432e-01
2.167985290288925171e-01
3.307625055313110352e-01
2.773362696170806885e-01
1.698269844055175781e-01
2.353625148534774780e-01
3.779912590980529785e-01
3.578920066356658936e-01
1.688992232084274292e-01
2.723966538906097412e-01
2.306628972291946411e-01
2.096847742795944214e-01
2.349430024623870850e-01
2.537042796611785889e-01
2.896372675895690918e-01
3.599723875522613525e-01
3.227716386318206787e-01
2.679861783981323242e-01
2.009932845830917358e-01
1.826684772968292236e-01
2.421821355819702148e-01
2.335458546876907349e-01
2.887622714042663574e-01
2.022245079278945923e-01
2.784749865531921387e-01
1.527998000383377075e-01
3.521282672882080078e-01
4.203101694583892822e-01
1.438689976930618286e-01
3.326593041419982910e-01
1.075403392314910889e-01
4.237613081932067871e-01
1.819433569908142090e-01
2.952058613300323486e-01
2.412020564079284668e-01
2.700991928577423096e-01
3.323638439178466797e-01
2.210911065340042114e-01
3.005119860172271729e-01
2.014150023460388184e-01
2.107927054166793823e-01
3.867059350013732910e-01
3.998198509216308594e-01
1.345761418342590332e-01
3.155972957611083984e-01
3.430177569389343262e-01
2.444685399532318115e-01
3.091555833816528320e-01
5.195085406303405762e-01
2.267143130302429199e-01
2.451574355363845825e-01
4.863449633121490479e-01
2.989272475242614746e-01
2.859602570533752441e-01
3.674846291542053223e-01
3.271397650241851807e-01
2.079486399888992310e-01
3.164063394069671631e-01
3.447133898735046387e-01
2.856393754482269287e-01
1.646769493818283081e-01
1.882491111755371094e-01
2.861865162849426270e-01
1.904365122318267822e-01
1.965816617012023926e-01
2.704105973243713379e-01
4.278526008129119873e-01
2.412209808826446533e-01
1.400421857833862305e-01
2.613753974437713623e-01
3.465073108673095703e-01
3.071880042552947998e-01
3.568860590457916260e-01
7.470189779996871948e-02
3.949343264102935791e-01
2.464337050914764404e-01
1.357618123292922974e-01
3.791309893131256104e-01
2.627028226852416992e-01
3.016564548015594482e-01
3.238290250301361084e-01
2.347990721464157104e-01
1.444408595561981201e-01
2.954422235488891602e-01
3.511697947978973389e-01
2.292730808258056641e-01
2.433339059352874756e-01
3.685281872749328613e-01
1.429475545883178711e-01
3.161179125308990479e-01
3.999209105968475342e-01
1.198424696922302246e-01
2.678849399089813232e-01
2.537681758403778076e-01
1.883051246404647827e-01
2.072665393352508545e-01
2.367392778396606445e-01
3.240018486976623535e-01
2.330047041177749634e-01
4.045641720294952393e-01
1.756313294172286987e-01
1.634982228279113770e-01
1.270563900470733643e-01
2.685112059116363525e-01
2.700409889221191406e-01
2.464924901723861694e-01
3.989076316356658936e-01
1.186141595244407654e-01
1.779389083385467529e-01
1.574552059173583984e-01
1.603486090898513794e-01
1.695652157068252563e-01
1.876568347215652466e-01
3.749592304229736328e-01
1.808283478021621704e-01
2.219146043062210083e-01
1.887841224670410156e-01
4.801295101642608643e-01
3.568295836448669434e-01
3.240375518798828125e-01
2.685744166374206543e-01
3.060407042503356934e-01
3.509705960750579834e-01
2.518468797206878662e-01
1.911163032054901123e-01
3.208924531936645508e-01
3.413245081901550293e-01
1.939281225204467773e-01
2.326813638210296631e-01
2.685842514038085938e-01
2.439450323581695557e-01
3.139702081680297852e-01
1.603580564260482788e-01
2.416455447673797607e-01
3.092356920242309570e-01
2.970543503761291504e-01
4.337888360023498535e-01
2.572813034057617188e-01
2.074710130691528320e-01
2.859582304954528809e-01
2.684695124626159668e-01
2.421486526727676392e-01
3.981500267982482910e-01
2.247226089239120483e-01
3.286919593811035156e-01
3.059114217758178711e-01
2.890014350414276123e-01
3.853262960910797119e-01
3.417364954948425293e-01
2.194781452417373657e-01
1.139037683606147766e-01
2.045074105262756348e-01
2.554824352264404297e-01
3.128361403942108154e-01
2.030748128890991211e-01
2.385248392820358276e-01
1.909098625183105469e-01
2.253556400537490845e-01
1.607111245393753052e-01
2.092728465795516968e-01
3.086319565773010254e-01
3.358891010284423828e-01
2.420812547206878662e-01
3.786117732524871826e-01
1.761280745267868042e-01
1.897823661565780640e-01
2.741798460483551025e-01
5.334030985832214355e-01
4.293623566627502441e-01
1.253314316272735596e-01
3.739401400089263916e-01
1.802586019039154053e-01
2.514927685260772705e-01
3.071775436401367188e-01
1.380116045475006104e-01
3.382486402988433838e-01
3.759040236473083496e-01
1.605975329875946045e-01
2.338963896036148071e-01
3.335329592227935791e-01
2.919726669788360596e-01
2.199372202157974243e-01
2.964764833450317383e-01
1.876536309719085693e-01
2.515673935413360596e-01
3.064547181129455566e-01
3.801399767398834229e-01
2.270533293485641479e-01
3.722518682479858398e-01
3.288459777832031250e-01
3.346675038337707520e-01
2.426646351814270020e-01
2.620370984077453613e-01
1.025019958615303040e-01
1.930392831563949585e-01
3.146107196807861328e-01
2.536651790142059326e-01
4.198310971260070801e-01
2.629355788230895996e-01
2.472196966409683228e-01
1.311986148357391357e-01
2.541733086109161377e-01
2.824939489364624023e-01
1.640647500753402710e-01
2.597396671772003174e-01
4.128592610359191895e-01
3.386584818363189697e-01
1.037700921297073364e-01
3.593887388706207275e-01
2.023818343877792358e-01
1.820010989904403687e-01
2.952261269092559814e-01
2.590390443801879883e-01
1.426176875829696655e-01
3.916617035865783691e-01
3.625952005386352539e-01
2.429645955562591553e-01
4.401394724845886230e-01
2.134541869163513184e-01
2.697533667087554932e-01
3.104242682456970215e-01
3.675118386745452881e-01
3.326450884342193604e-01
2.216783910989761353e-01
1.383746713399887085e-01
1.929785460233688354e-01
3.173051774501800537e-01
2.006754130125045776e-01
3.280968070030212402e-01
4.769861102104187012e-01
2.358894944190979004e-01
2.563904225826263428e-01
3.283197283744812012e-01
2.350499778985977173e-01
2.075003981590270996e-01
1.293749064207077026e-01
2.793246209621429443e-01
3.235247731208801270e-01
9.083457291126251221e-02
2.667988836765289307e-01
2.021703124046325684e-01
5.556063652038574219e-01
2.152182459831237793e-01
1.653173416852951050e-01
3.645744025707244873e-01
3.615181446075439453e-01
3.247504234313964844e-01
4.007595777511596680e-01
2.100419402122497559e-01
2.533251643180847168e-01
3.021385073661804199e-01
2.461005747318267822e-01
2.914274334907531738e-01
2.407857030630111694e-01
2.489838451147079468e-01
2.386869937181472778e-01
3.443906307220458984e-01
3.425742089748382568e-01
4.474701881408691406e-01
2.461155205965042114e-01
1.442056447267532349e-01
1.958120763301849365e-01
2.520738840103149414e-01
3.804712295532226562e-01
2.123206555843353271e-01
4.796799421310424805e-01
1.860533356666564941e-01
1.783926337957382202e-01
2.478448003530502319e-01
3.201737403869628906e-01
2.829614579677581787e-01
1.917090117931365967e-01
3.185081183910369873e-01
2.579743266105651855e-01
3.831974864006042480e-01
3.423987030982971191e-01
4.138204455375671387e-01
3.166796565055847168e-01
1.735256761312484741e-01
1.827841103076934814e-01
2.908775210380554199e-01
1.726346462965011597e-01
2.953524291515350342e-01
2.159269452095031738e-01
1.913304477930068970e-01
2.978725433349609375e-01
2.249038815498352051e-01
4.625743329524993896e-01
2.452630996704101562e-01
4.038919210433959961e-01
3.796163499355316162e-01
3.868557214736938477e-01
3.626114130020141602e-01
1.345497965812683105e-01
2.044628560543060303e-01
3.319073617458343506e-01
1.452111303806304932e-01
1.789448857307434082e-01
1.301858574151992798e-01
3.029983341693878174e-01
1.478961408138275146e-01
3.083241879940032959e-01
2.538475990295410156e-01
2.423424273729324341e-01
2.167430371046066284e-01
1.174486801028251648e-01
1.956739872694015503e-01
2.978166043758392334e-01
1.094123646616935730e-01
3.582935333251953125e-01
1.436325460672378540e-01
1.853129565715789795e-01
4.319277107715606689e-01
2.443497478961944580e-01
2.460041791200637817e-01
2.485543638467788696e-01
1.986453533172607422e-01
4.344430863857269287e-01
2.792883217334747314e-01
3.535220921039581299e-01
2.696864604949951172e-01
1.726299822330474854e-01
1.430495232343673706e-01
3.138709962368011475e-01
2.976744174957275391e-01
2.352058887481689453e-01
1.746376007795333862e-01
2.807803750038146973e-01
3.111040592193603516e-01
3.399145007133483887e-01
2.118148654699325562e-01
2.975244224071502686e-01
3.109423518180847168e-01
6.253384947776794434e-01
1.706641018390655518e-01
1.600596308708190918e-01
2.047688961029052734e-01
2.387579977512359619e-01
3.215429782867431641e-01
2.726777493953704834e-01
2.574734389781951904e-01
1.929731667041778564e-01
1.467950195074081421e-01
2.683806717395782471e-01
2.337709516286849976e-01
2.488612383604049683e-01
1.871632188558578491e-01
3.919693231582641602e-01
9.557191282510757446e-02
2.899502217769622803e-01
3.087958693504333496e-01
3.268766701221466064e-01
9.688523411750793457e-02
3.207237720489501953e-01
1.769111156463623047e-01
1.999085098505020142e-01
1.951524764299392700e-01
4.978619515895843506e-01
3.917168378829956055e-01
2.465680837631225586e-01
5.252032876014709473e-01
3.083079755306243896e-01
1.962135583162307739e-01
3.250119090080261230e-01
2.055296301841735840e-01
3.303169310092926025e-01
2.895101606845855713e-01
2.131606936454772949e-01
5.216535925865173340e-01
5.375798344612121582e-01
3.399889469146728516e-01
4.318301379680633545e-01
3.249068260192871094e-01
4.030702412128448486e-01
3.675319552421569824e-01
2.877718210220336914e-01
2.668158113956451416e-01
2.529459595680236816e-01
2.549219727516174316e-01
2.561875283718109131e-01
1.539632827043533325e-01
2.021910101175308228e-01
2.393412292003631592e-01
2.478567957878112793e-01
2.970919311046600342e-01
2.510788440704345703e-01
1.962414532899856567e-01
3.455144464969635010e-01
3.940455913543701172e-01
2.694643437862396240e-01
1.276905387639999390e-01
3.004399240016937256e-01
2.161486148834228516e-01
2.786940932273864746e-01
3.681340217590332031e-01
2.253514528274536133e-01
2.830557227134704590e-01
2.293983548879623413e-01
1.855996102094650269e-01
4.329860508441925049e-01
2.758139371871948242e-01
2.343832999467849731e-01
1.888350099325180054e-01
2.022261023521423340e-01
3.363064229488372803e-01
2.074811458587646484e-01
4.220061600208282471e-01
4.350634813308715820e-01
2.398539334535598755e-01
1.255838721990585327e-01
2.614053785800933838e-01
3.046417236328125000e-01
3.534365594387054443e-01
2.782193422317504883e-01
3.749208748340606689e-01
1.406591236591339111e-01
3.720971941947937012e-01
3.436879217624664307e-01
2.744201421737670898e-01
4.590533077716827393e-01
2.797011137008666992e-01
1.811919361352920532e-01
1.991848796606063843e-01
4.951340556144714355e-01
2.712889611721038818e-01
1.582772135734558105e-01
2.105179876089096069e-01
1.990535110235214233e-01
2.240877449512481689e-01
4.685958921909332275e-01
3.175888657569885254e-01
2.338565438985824585e-01
2.809666693210601807e-01
1.900189667940139771e-01
3.073239922523498535e-01
2.408932149410247803e-01
2.882505059242248535e-01
2.423614561557769775e-01
2.373247295618057251e-01
2.443115413188934326e-01
1.743564307689666748e-01
3.517106473445892334e-01
3.491650223731994629e-01
3.079689741134643555e-01
2.265601903200149536e-01
3.730711340904235840e-01
2.880075275897979736e-01
3.421730995178222656e-01
2.670685350894927979e-01
2.741107046604156494e-01
4.703376293182373047e-01
2.135470658540725708e-01
3.645640015602111816e-01
2.697649598121643066e-01
3.481785953044891357e-01
3.519242405891418457e-01
2.651768922805786133e-01
1.960255503654479980e-01
3.264590501785278320e-01
4.415125846862792969e-01
1.298846602439880371e-01
2.826861441135406494e-01
2.358848303556442261e-01
1.976121068000793457e-01
3.574099540710449219e-01
3.569801449775695801e-01
3.093181252479553223e-01
4.408804774284362793e-01
2.289091050624847412e-01
2.298796772956848145e-01
3.025204837322235107e-01
3.524937033653259277e-01
3.613412380218505859e-01
4.477344453334808350e-01
1.746863275766372681e-01
3.074129521846771240e-01
2.981522977352142334e-01
3.565931916236877441e-01
3.389152288436889648e-01
1.608901470899581909e-01
3.388283550739288330e-01
1.929427087306976318e-01
3.208906650543212891e-01
5.309020280838012695e-01
1.758758872747421265e-01
2.534059882164001465e-01
2.218285202980041504e-01
2.502094805240631104e-01
3.890258669853210449e-01
1.780120432376861572e-01
1.732433438301086426e-01
2.952686846256256104e-01
3.001587092876434326e-01
3.048410117626190186e-01
2.010945826768875122e-01
3.699131011962890625e-01
3.344938158988952637e-01
3.941856920719146729e-01
2.826803326606750488e-01
2.844968736171722412e-01
3.692035675048828125e-01
2.353877574205398560e-01
2.849783897399902344e-01
3.158964514732360840e-01
2.976324856281280518e-01
1.453824788331985474e-01
4.091664552688598633e-01
3.218174278736114502e-01
2.427440434694290161e-01
3.392837941646575928e-01
2.903748750686645508e-01
2.015172243118286133e-01
2.397944629192352295e-01
2.949939072132110596e-01
1.836061924695968628e-01
4.729885756969451904e-01
4.096770882606506348e-01
2.163837999105453491e-01
4.228556156158447266e-01
2.130288332700729370e-01
3.207254111766815186e-01
3.066289126873016357e-01
3.150856792926788330e-01
2.670720219612121582e-01
3.336646258831024170e-01
2.575913965702056885e-01
1.936341673135757446e-01
1.632887572050094604e-01
3.216447532176971436e-01
4.412776231765747070e-01
2.670495510101318359e-01
2.879244089126586914e-01
2.377358227968215942e-01
2.029151022434234619e-01
2.805145680904388428e-01
2.254172861576080322e-01
3.835132420063018799e-01
2.084774971008300781e-01
2.712642252445220947e-01
2.346312105655670166e-01
2.216279655694961548e-01
3.054367601871490479e-01
2.253156304359436035e-01
2.075272798538208008e-01
3.569696545600891113e-01
4.130171835422515869e-01
3.985172510147094727e-01
1.730842888355255127e-01
3.081240952014923096e-01
2.136660516262054443e-01
3.947164714336395264e-01
3.476485908031463623e-01
2.759725749492645264e-01
3.226714134216308594e-01
1.981341242790222168e-01
2.734982371330261230e-01
2.757536470890045166e-01
3.896428644657135010e-01
3.474929034709930420e-01
1.616453528404235840e-01
2.398326545953750610e-01
2.477569729089736938e-01
2.129920572042465210e-01
1.832919120788574219e-01
2.271333485841751099e-01
4.087671041488647461e-01
3.141509294509887695e-01
3.721691668033599854e-01
3.869600594043731689e-01
1.841900199651718140e-01
1.965466439723968506e-01
3.261489570140838623e-01
3.172090053558349609e-01
3.316873311996459961e-01
2.994806170463562012e-01
2.532563507556915283e-01
3.355572521686553955e-01
1.221934258937835693e-01
2.405853569507598877e-01
3.619211018085479736e-01
3.478547930717468262e-01
1.824016124010086060e-01
3.292869031429290771e-01
3.295621275901794434e-01
2.584632337093353271e-01
2.015630304813385010e-01
1.962347179651260376e-01
1.639285236597061157e-01
1.697640419006347656e-01
1.481203287839889526e-01
3.262032568454742432e-01
2.309142053127288818e-01
2.568931877613067627e-01
3.091421425342559814e-01
3.449046015739440918e-01
2.827577888965606689e-01
2.086104303598403931e-01
4.238183200359344482e-01
2.625938057899475098e-01
1.741085499525070190e-01
2.467351555824279785e-01
2.055627405643463135e-01
2.339104413986206055e-01
3.797353208065032959e-01
3.197414577007293701e-01
2.387633323669433594e-01
2.549861669540405273e-01
3.077853620052337646e-01
4.172159135341644287e-01
2.059467136859893799e-01
2.691578567028045654e-01
2.632384002208709717e-01
1.605141311883926392e-01
3.250373005867004395e-01
2.964044511318206787e-01
4.190978705883026123e-01
2.892241477966308594e-01
2.029102891683578491e-01
4.591144621372222900e-01
3.518635928630828857e-01
1.957829594612121582e-01
4.493504762649536133e-01
2.958014011383056641e-01
1.919953823089599609e-01
2.404003888368606567e-01
4.404644668102264404e-01
2.420716583728790283e-01
2.400804013013839722e-01
3.157162964344024658e-01
1.185252591967582703e-01
2.860556840896606445e-01
2.341153770685195923e-01
4.119389057159423828e-01
2.993611097335815430e-01
2.446620166301727295e-01
2.166198492050170898e-01
2.756201624870300293e-01
2.404559105634689331e-01
2.643495202064514160e-01
1.463384330272674561e-01
2.147943824529647827e-01
2.266523838043212891e-01
1.861531883478164673e-01
1.526110321283340454e-01
3.135112524032592773e-01
5.990055799484252930e-01
1.875271648168563843e-01
2.861975729465484619e-01
1.584736257791519165e-01
3.440782427787780762e-01
1.610259711742401123e-01
1.795520782470703125e-01
4.790947139263153076e-01
2.025506496429443359e-01
2.045675814151763916e-01
3.053842484951019287e-01
3.953358232975006104e-01
2.185652703046798706e-01
3.596191406250000000e-01
4.384521543979644775e-01
3.165572583675384521e-01
3.062618076801300049e-01
2.740834653377532959e-01
1.925899237394332886e-01
1.832762360572814941e-01
1.899135559797286987e-01
4.399226605892181396e-01
2.792455852031707764e-01
2.719948589801788330e-01
1.872048676013946533e-01
2.241664081811904907e-01
2.858535349369049072e-01
1.247276514768600464e-01
2.401719689369201660e-01
2.750222980976104736e-01
2.612996399402618408e-01
2.820288538932800293e-01
3.757667839527130127e-01
2.946912944316864014e-01
1.829939037561416626e-01
1.964897066354751587e-01
2.107232362031936646e-01
2.139405608177185059e-01
3.319076299667358398e-01
2.151780575513839722e-01
2.266978174448013306e-01
2.505248486995697021e-01
4.268697500228881836e-01
3.288832604885101318e-01
3.090052008628845215e-01
3.732543289661407471e-01
9.538827091455459595e-02
1.966111660003662109e-01
8.137585967779159546e-02
2.700594365596771240e-01
3.291605412960052490e-01
2.210402488708496094e-01
2.866666615009307861e-01
2.089570760726928711e-01
1.925250291824340820e-01
2.951889336109161377e-01
3.672581315040588379e-01
3.506737947463989258e-01
2.303474843502044678e-01
3.747874498367309570e-01
2.458692193031311035e-01
3.092480301856994629e-01
2.757202386856079102e-01
2.583173215389251709e-01
3.069200813770294189e-01
3.491336703300476074e-01
1.557520329952239990e-01
2.754357457160949707e-01
2.825820446014404297e-01
3.735992014408111572e-01
2.700771987438201904e-01
2.849441468715667725e-01
2.529568374156951904e-01
2.631587684154510498e-01
4.081989526748657227e-01
1.750831902027130127e-01
1.493552774190902710e-01
4.202692210674285889e-01
6.288325786590576172e-01
2.037978917360305786e-01
3.782350718975067139e-01
2.163126170635223389e-01
3.593200743198394775e-01
4.509389400482177734e-01
5.041121840476989746e-01
1.697267442941665649e-01
3.289147019386291504e-01
4.961687028408050537e-01
4.157865941524505615e-01
2.924284934997558594e-01
4.767876267433166504e-01
1.176174432039260864e-01
1.120534241199493408e-01
2.620208561420440674e-01
4.782711267471313477e-01
2.648933827877044678e-01
2.462943494319915771e-01
1.676546931266784668e-01
2.097932845354080200e-01
4.082603454589843750e-01
1.661389321088790894e-01
8.692199736833572388e-02
2.885197401046752930e-01
1.798752397298812866e-01
2.269012778997421265e-01
2.304899692535400391e-01
2.556228637695312500e-01
2.478568106889724731e-01
2.626643776893615723e-01
2.942870259284973145e-01
2.319840192794799805e-01
7.980628311634063721e-02
1.565572917461395264e-01
1.882609724998474121e-01
1.421235799789428711e-01
1.120261400938034058e-01
2.411085069179534912e-01
2.100413292646408081e-01
1.324546039104461670e-01
2.764086127281188965e-01
4.413469433784484863e-01
1.888947784900665283e-01
2.213705927133560181e-01
3.145275712013244629e-01
1.185322403907775879e-01
1.713506430387496948e-01
8.634865283966064453e-02
2.077843993902206421e-01
2.520845532417297363e-01
2.288841605186462402e-01
2.454936951398849487e-01
1.563190519809722900e-01
2.099409997463226318e-01
8.526242524385452271e-02
1.654302775859832764e-01
1.447824686765670776e-01
1.508101373910903931e-01
1.410223692655563354e-01
1.626876145601272583e-01
1.377681642770767212e-01
9.045699983835220337e-02
1.429776549339294434e-01
1.088941171765327454e-01
1.086217761039733887e-01
2.205208688974380493e-01
1.408268511295318604e-01
2.048597335815429688e-01
8.989723026752471924e-02
1.401464194059371948e-01
1.413882523775100708e-01
1.207404732704162598e-01
8.096253871917724609e-02
1.120565608143806458e-01
1.090470552444458008e-01
8.317609876394271851e-02
2.132721394300460815e-01
1.856835186481475830e-01
2.199328541755676270e-01
2.410154193639755249e-01
1.583847105503082275e-01
1.344539821147918701e-01
5.822161957621574402e-02
3.775140941143035889e-01
1.174886599183082581e-01
1.420631408691406250e-01
1.664447933435440063e-01
1.924494355916976929e-01
2.217253446578979492e-01
1.353353261947631836e-01
2.010310739278793335e-01
1.001129895448684692e-01
1.280707716941833496e-01
1.309693604707717896e-01
8.685320615768432617e-02
2.126108109951019287e-01
1.315522938966751099e-01
1.015737876296043396e-01
1.269243955612182617e-01
2.313989400863647461e-01
8.026966452598571777e-02
1.584485024213790894e-01
2.055883109569549561e-01
1.330944597721099854e-01
1.538884341716766357e-01
3.494582176208496094e-01
2.502928972244262695e-01
8.277665823698043823e-02
2.259932458400726318e-01
1.153885349631309509e-01
6.766616553068161011e-02
2.212233692407608032e-01
7.327065616846084595e-02
1.461807340383529663e-01
1.476245969533920288e-01
1.809859722852706909e-01
6.169455870985984802e-02
2.132523655891418457e-01
1.297216266393661499e-01
2.212435454130172729e-01
1.445120424032211304e-01
2.175412625074386597e-01
1.599824428558349609e-01
2.013479322195053101e-01
1.061045154929161072e-01
1.630531549453735352e-01
1.342248469591140747e-01
1.581334620714187622e-01
1.051115319132804871e-01
2.208396792411804199e-01
1.903337091207504272e-01
1.190263926982879639e-01
1.400793194770812988e-01
2.276638001203536987e-01
2.120535671710968018e-01
1.380410045385360718e-01
1.913353353738784790e-01
2.116246372461318970e-01
1.965523511171340942e-01
2.104490846395492554e-01
1.304659545421600342e-01
2.631590366363525391e-01
8.448961377143859863e-02
9.185070544481277466e-02
2.134771645069122314e-01
8.601538836956024170e-02
1.770130842924118042e-01
1.027970165014266968e-01
3.077818453311920166e-01
1.806565970182418823e-01
1.546958982944488525e-01
2.375885546207427979e-01
2.083303034305572510e-01
2.107126116752624512e-01
3.349321484565734863e-01
3.077798485755920410e-01
2.124822437763214111e-01
1.548939347267150879e-01
1.041388139128684998e-01
1.018713712692260742e-01
1.328896433115005493e-01
2.463093400001525879e-01
1.978076547384262085e-01
1.736391484737396240e-01
2.149665504693984985e-01
1.092185825109481812e-01
2.484600543975830078e-01
1.570054441690444946e-01
1.065063178539276123e-01
2.431831508874893188e-01
2.297979593276977539e-01
1.646026372909545898e-01
1.005098074674606323e-01
1.080356165766716003e-01
1.062622517347335815e-01
1.863378882408142090e-01
1.580238789319992065e-01
2.320883572101593018e-01
9.608146548271179199e-02
1.324975788593292236e-01
1.194404289126396179e-01
2.220707237720489502e-01
1.607724279165267944e-01
1.610341072082519531e-01
1.394221931695938110e-01
8.720096945762634277e-02
2.316971868276596069e-01
4.385877400636672974e-02
1.771097928285598755e-01
1.610437184572219849e-01
1.759870499372482300e-01
7.199004292488098145e-02
2.237526774406433105e-01
4.459411650896072388e-02
2.545674443244934082e-01
1.792453527450561523e-01
1.649990826845169067e-01
8.629550784826278687e-02
1.547785550355911255e-01
1.943110972642898560e-01
5.217123776674270630e-02
1.256321817636489868e-01
1.292726099491119385e-01
9.313404560089111328e-02
8.035798370838165283e-02
1.365737617015838623e-01
2.848373055458068848e-01
3.725222647190093994e-01
1.315214633941650391e-01
1.514231860637664795e-01
9.512883424758911133e-02
1.545207947492599487e-01
2.476262301206588745e-01
1.033020764589309692e-01
2.896968126296997070e-01
1.741088032722473145e-01
1.866497993469238281e-01
1.654834300279617310e-01
1.052843779325485229e-01
3.745796084403991699e-01
1.341653168201446533e-01
5.546879023313522339e-02
2.272799760103225708e-01
2.737950086593627930e-01
2.819690108299255371e-01
2.033893316984176636e-01
9.220825880765914917e-02
1.727894395589828491e-01
1.544005423784255981e-01
3.605819940567016602e-01
1.748686879873275757e-01
3.313325047492980957e-01
1.596262603998184204e-01
1.916726231575012207e-01
1.023986786603927612e-01
1.453116089105606079e-01
2.571619153022766113e-01
1.265744715929031372e-01
2.465526610612869263e-01
2.248329073190689087e-01
1.407961696386337280e-01
1.835081726312637329e-01
4.587525427341461182e-01
2.997854053974151611e-01
1.740531921386718750e-01
3.786052167415618896e-01
2.715266346931457520e-01
1.776656508445739746e-01
2.486498802900314331e-01
2.197815626859664917e-01
1.518003642559051514e-01
1.181954666972160339e-01
1.198007091879844666e-01
2.019081711769104004e-01
3.961336910724639893e-01
1.433932483196258545e-01
3.167268335819244385e-01
2.182780057191848755e-01
2.392200678586959839e-01
1.526867896318435669e-01
1.138885691761970520e-01
1.403596699237823486e-01
2.458814531564712524e-01
1.850723624229431152e-01
2.611071765422821045e-01
1.569958031177520752e-01
1.894302219152450562e-01
1.695119291543960571e-01
1.394657194614410400e-01
1.281500607728958130e-01
1.509316116571426392e-01
9.507241100072860718e-02
1.946550905704498291e-01
8.799628913402557373e-02
1.479476392269134521e-01
1.710252761840820312e-01
8.941014111042022705e-02
1.856557130813598633e-01
1.053887009620666504e-01
2.440947741270065308e-01
1.664492636919021606e-01
2.219065427780151367e-01
3.684422373771667480e-01
1.914089769124984741e-01
1.637329906225204468e-01
1.483206450939178467e-01
2.556926608085632324e-01
3.137314915657043457e-01
1.094839647412300110e-01
2.692761123180389404e-01
1.846912205219268799e-01
3.357561230659484863e-01
1.565068215131759644e-01
2.092160731554031372e-01
2.900111675262451172e-01
1.615844219923019409e-01
1.557786166667938232e-01
2.189094424247741699e-01
3.055396974086761475e-01
9.882548451423645020e-02
1.912827193737030029e-01
2.568508088588714600e-01
1.504954099655151367e-01
3.084758222103118896e-01
2.921240329742431641e-01
2.007790058851242065e-01
3.599585592746734619e-01
1.128660812973976135e-01
1.237050592899322510e-01
2.277737855911254883e-01
1.726291477680206299e-01
1.028054133057594299e-01
1.642322242259979248e-01
1.511261165142059326e-01
2.888655364513397217e-01
9.238573908805847168e-02
1.861004680395126343e-01
1.220137327909469604e-01
7.637260109186172485e-02
2.205086499452590942e-01
1.672081202268600464e-01
2.441329807043075562e-01
1.220281869173049927e-01
1.075283735990524292e-01
1.509795188903808594e-01
1.527153104543685913e-01
2.447743415832519531e-01
1.321715414524078369e-01
1.756503582000732422e-01
1.195489242672920227e-01
7.586238533258438110e-02
1.703110635280609131e-01
1.719939559698104858e-01
9.172958880662918091e-02
2.202089875936508179e-01
1.196991279721260071e-01
1.583144217729568481e-01
1.062986552715301514e-01
2.076583355665206909e-01
1.265834420919418335e-01
4.648917615413665771e-01
1.049856841564178467e-01
2.322526127099990845e-01
1.813873201608657837e-01
1.813220232725143433e-01
2.494929283857345581e-01
1.476034522056579590e-01
2.290896922349929810e-01
1.792751401662826538e-01
2.402673959732055664e-01
1.544596552848815918e-01
2.095895856618881226e-01
1.158977150917053223e-01
4.541457295417785645e-01
1.392653733491897583e-01
8.854968100786209106e-02
2.535997927188873291e-01
1.114008203148841858e-01
6.460009515285491943e-02
2.850515246391296387e-01
7.492377609014511108e-02
1.624482572078704834e-01
1.346992105245590210e-01
1.583969742059707642e-01
1.610573977231979370e-01
1.579962819814682007e-01
1.321917027235031128e-01
1.325313895940780640e-01
1.216994076967239380e-01
1.330750137567520142e-01
1.794182658195495605e-01
8.496340364217758179e-02
1.735179126262664795e-01
2.849764823913574219e-01
1.214552596211433411e-01
2.950123548507690430e-01
3.991304636001586914e-01
1.630836129188537598e-01
9.627974778413772583e-02
1.905898153781890869e-01
2.692093253135681152e-01
1.057626754045486450e-01
1.544878184795379639e-01
1.355111002922058105e-01
1.943254023790359497e-01
3.553863167762756348e-01
2.288932949304580688e-01
1.078762337565422058e-01
7.197117060422897339e-02
7.316755503416061401e-02
8.006369322538375854e-02
9.167940914630889893e-02
5.493597313761711121e-02
1.496555507183074951e-01
1.112219020724296570e-01
1.542888134717941284e-01
1.908535957336425781e-01
6.674490869045257568e-02
2.478516995906829834e-01
1.514492332935333252e-01
1.993578672409057617e-01
2.772990763187408447e-01
1.827387660741806030e-01
6.220691651105880737e-02
1.276841759681701660e-01
3.090524077415466309e-01
1.570594906806945801e-01
2.141065299510955811e-01
1.631790399551391602e-01
1.033939942717552185e-01
1.281427145004272461e-01
1.837526708841323853e-01
1.696671992540359497e-01
2.219971865415573120e-01
3.580311834812164307e-01
2.421533912420272827e-01
1.803374737501144409e-01
2.353676557540893555e-01
1.164207160472869873e-01
1.776941716670989990e-01
1.599805504083633423e-01
1.449564397335052490e-01
1.815908849239349365e-01
2.285871803760528564e-01
1.661969721317291260e-01
2.231952846050262451e-01
1.412746608257293701e-01
7.722825556993484497e-02
2.565013170242309570e-01
2.014792710542678833e-01
2.069475799798965454e-01
1.524128615856170654e-01
2.086497694253921509e-01
2.252901196479797363e-01
1.479264795780181885e-01
1.759606599807739258e-01
2.849179208278656006e-01
1.454213112592697144e-01
2.895365953445434570e-01
1.590819656848907471e-01
1.664067804813385010e-01
1.994644850492477417e-01
1.123921498656272888e-01
1.613440662622451782e-01
1.558017432689666748e-01
2.340760827064514160e-01
1.944409012794494629e-01
2.239702790975570679e-01
1.772217154502868652e-01
2.889440059661865234e-01
2.638704478740692139e-01
1.166962459683418274e-01
1.351449787616729736e-01
8.128461986780166626e-02
2.128793895244598389e-01
1.837243139743804932e-01
1.628671288490295410e-01
1.074394881725311279e-01
1.031504943966865540e-01
2.413428723812103271e-01
1.014181748032569885e-01
1.733308434486389160e-01
1.051092147827148438e-01
2.403623908758163452e-01
1.793474256992340088e-01
1.086886450648307800e-01
1.344564408063888550e-01
2.333515286445617676e-01
1.208930164575576782e-01
9.713143855333328247e-02
8.750087767839431763e-02
1.381612420082092285e-01
2.992956638336181641e-01
1.079305484890937805e-01
2.164472937583923340e-01
1.398952454328536987e-01
1.333205103874206543e-01
1.066462621092796326e-01
2.031585127115249634e-01
1.688889414072036743e-01
2.415991425514221191e-01
1.948737800121307373e-01
2.368219047784805298e-01
1.534508019685745239e-01
1.025671139359474182e-01
3.111751079559326172e-01
2.093916833400726318e-01
1.246152371168136597e-01
2.761200070381164551e-01
1.126268059015274048e-01
2.833712995052337646e-01
1.969804763793945312e-01
9.314218163490295410e-02
1.002577394247055054e-01
1.741545647382736206e-01
1.353701800107955933e-01
1.502840518951416016e-01
1.442362964153289795e-01
2.266739904880523682e-01
1.668387949466705322e-01
2.237901836633682251e-01
1.186797544360160828e-01
3.103316426277160645e-01
1.429670006036758423e-01
2.546783089637756348e-01
1.586060374975204468e-01
2.151673585176467896e-01
1.260537952184677124e-01
1.434388756752014160e-01
1.040451303124427795e-01
1.361013799905776978e-01
9.981525689363479614e-02
2.059354782104492188e-01
2.705622315406799316e-01
2.544596195220947266e-01
1.634207218885421753e-01
1.445803642272949219e-01
2.823918759822845459e-01
1.360032260417938232e-01
1.952802091836929321e-01
2.360341399908065796e-01
1.949531435966491699e-01
1.402253359556198120e-01
2.255676686763763428e-01
2.566944658756256104e-01
2.181180566549301147e-01
9.993914514780044556e-02
1.982324421405792236e-01
3.018044829368591309e-01
3.238468766212463379e-01
1.419219076633453369e-01
2.203814834356307983e-01
2.066316008567810059e-01
3.272324502468109131e-01
2.643375694751739502e-01
2.977021336555480957e-01
1.283092647790908813e-01
4.314846992492675781e-01
1.617397367954254150e-01
2.757138013839721680e-01
2.152157425880432129e-01
3.086427450180053711e-01
3.304603695869445801e-01
2.020945549011230469e-01
1.893716007471084595e-01
2.461703717708587646e-01
4.003678262233734131e-01
3.741405308246612549e-01
2.898326814174652100e-01
1.627307832241058350e-01
1.074215546250343323e-01
1.549924463033676147e-01
2.852425873279571533e-01
1.270775347948074341e-01
2.934415638446807861e-01
2.109081149101257324e-01
1.440127491950988770e-01
1.942143738269805908e-01
1.316784918308258057e-01
2.663966715335845947e-01
1.875100582838058472e-01
1.553312093019485474e-01
1.873100250959396362e-01
3.325910568237304688e-01
1.957355141639709473e-01
1.149095371365547180e-01
1.135036051273345947e-01
5.199282169342041016e-01
1.952682584524154663e-01
1.544969677925109863e-01
2.706645131111145020e-01
6.603176146745681763e-02
1.796590238809585571e-01
2.997588515281677246e-01
2.070796191692352295e-01
2.452424913644790649e-01
2.480257898569107056e-01
1.884446591138839722e-01
1.415143609046936035e-01
2.165070474147796631e-01
1.875677704811096191e-01
2.246546000242233276e-01
2.262172996997833252e-01
1.319629400968551636e-01
1.774644702672958374e-01
2.021173685789108276e-01
2.104459851980209351e-01
2.533179521560668945e-01
1.766871958971023560e-01
2.549111545085906982e-01
2.568002939224243164e-01
1.797411143779754639e-01
8.827365189790725708e-02
1.662083417177200317e-01
3.093079626560211182e-01
1.502358913421630859e-01
9.593608230352401733e-02
1.930099427700042725e-01
1.482211202383041382e-01
1.693042069673538208e-01
3.404829800128936768e-01
1.636765152215957642e-01
3.365089893341064453e-01
2.523527443408966064e-01
2.347174435853958130e-01
1.868596822023391724e-01
2.120948880910873413e-01
1.972649842500686646e-01
1.733177602291107178e-01
1.823572218418121338e-01
2.816763222217559814e-01
1.937744915485382080e-01
9.835837036371231079e-02
9.671378880739212036e-02
3.155321776866912842e-01
3.122754991054534912e-01
1.621756255626678467e-01
1.722209304571151733e-01
1.268710345029830933e-01
3.107590377330780029e-01
1.771980524063110352e-01
1.049219444394111633e-01
2.531829178333282471e-01
2.591756284236907959e-01
1.144035756587982178e-01
3.518421947956085205e-01
2.485586702823638916e-01
1.316068917512893677e-01
2.313698977231979370e-01
5.162407830357551575e-02
1.525469273328781128e-01
1.992079168558120728e-01
1.182720810174942017e-01
1.446985304355621338e-01
1.283396780490875244e-01
2.853511869907379150e-01
2.776196599006652832e-01
1.616852730512619019e-01
9.174308180809020996e-02
3.322618305683135986e-01
7.361619174480438232e-02
1.414531171321868896e-01
1.548914462327957153e-01
1.464976519346237183e-01
3.602209985256195068e-01
1.564793735742568970e-01
2.261335551738739014e-01
1.452557593584060669e-01
2.727185189723968506e-01
2.189574092626571655e-01
1.483730971813201904e-01
2.576536834239959717e-01
2.542644143104553223e-01
1.956523954868316650e-01
2.959163486957550049e-01
1.726640164852142334e-01
2.302279323339462280e-01
3.590313196182250977e-01
4.352031946182250977e-01
1.734072715044021606e-01
1.582886576652526855e-01
2.928236722946166992e-01
2.279678732156753540e-01
3.865722715854644775e-01
2.640409767627716064e-01
1.018246933817863464e-01
2.159718126058578491e-01
2.994380295276641846e-01
1.850777417421340942e-01
2.440970838069915771e-01
1.577211171388626099e-01
1.128083914518356323e-01
4.046848416328430176e-01
1.185639575123786926e-01
2.079491168260574341e-01
3.849104642868041992e-01
2.139834314584732056e-01
1.586863696575164795e-01
1.708740293979644775e-01
2.069275528192520142e-01
1.371097415685653687e-01
2.120207846164703369e-01
7.413829118013381958e-02
2.253464162349700928e-01
1.602828055620193481e-01
2.798194885253906250e-01
3.848364055156707764e-01
1.031103283166885376e-01
1.837676316499710083e-01
3.352577090263366699e-01
2.053355425596237183e-01
1.984943747520446777e-01
3.365749418735504150e-01
2.069691270589828491e-01
2.517101168632507324e-01
1.159501448273658752e-01
2.331712245941162109e-01
3.265759050846099854e-01
1.937063187360763550e-01
3.938825726509094238e-01
2.011555731296539307e-01
2.949169576168060303e-01
1.233589127659797668e-01
2.564305961132049561e-01
2.197434753179550171e-01
2.230173051357269287e-01
1.334550231695175171e-01
2.401495575904846191e-01
1.692505329847335815e-01
1.045730262994766235e-01
1.487254649400711060e-01
1.812254339456558228e-01
1.371121704578399658e-01
2.331077903509140015e-01
7.094763964414596558e-02
1.629783660173416138e-01
1.333039849996566772e-01
2.807380855083465576e-01
1.804533749818801880e-01
4.348893761634826660e-01
4.555675983428955078e-01
4.831670224666595459e-01
1.167262196540832520e-01
2.929258942604064941e-01
2.962507605552673340e-01
2.709501683712005615e-01
3.295160531997680664e-01
2.795501351356506348e-01
1.749965399503707886e-01
3.179901540279388428e-01
2.189730405807495117e-01
2.136657834053039551e-01
2.194628417491912842e-01
2.914648652076721191e-01
2.405895739793777466e-01
1.144841387867927551e-01
2.380909621715545654e-01
2.053336799144744873e-01
3.673576116561889648e-01
2.964829802513122559e-01
1.514404267072677612e-01
1.696124225854873657e-01
2.493908405303955078e-01
3.684639334678649902e-01
3.259865641593933105e-01
2.263481765985488892e-01
3.644848763942718506e-01
1.997405737638473511e-01
1.208765506744384766e-01
2.361993044614791870e-01
1.959967613220214844e-01
1.905045658349990845e-01
2.754350006580352783e-01
1.832483112812042236e-01
2.634255886077880859e-01
2.270278632640838623e-01
1.568375527858734131e-01
1.269024908542633057e-01
1.200776770710945129e-01
2.512635886669158936e-01
1.381838917732238770e-01
2.101424783468246460e-01
1.251588314771652222e-01
2.084810137748718262e-01
3.091946244239807129e-01
3.443485796451568604e-01
1.911593377590179443e-01
8.983126282691955566e-02
1.604115813970565796e-01
1.661407798528671265e-01
1.400189250707626343e-01
3.176424503326416016e-01
3.334451913833618164e-01
2.862617969512939453e-01
1.549653261899948120e-01
2.027783989906311035e-01
1.640357822179794312e-01
7.616739720106124878e-02
3.061151206493377686e-01
1.726863235235214233e-01
1.062068417668342590e-01
2.421456277370452881e-01
3.038910925388336182e-01
8.339675515890121460e-02
2.313973307609558105e-01
1.441576778888702393e-01
1.875745207071304321e-01
1.750352829694747925e-01
1.680482625961303711e-01
1.921613812446594238e-01
1.872495263814926147e-01
2.502279579639434814e-01
1.791374236345291138e-01
3.322307467460632324e-01
1.189276725053787231e-01
1.680343151092529297e-01
1.864008009433746338e-01
1.925193965435028076e-01
1.588909924030303955e-01
1.152035519480705261e-01
4.387519881129264832e-02
1.517723053693771362e-01
1.315230280160903931e-01
3.480238616466522217e-01
6.979368627071380615e-02
8.995978534221649170e-02
8.978402614593505859e-02
1.215579137206077576e-01
2.386327981948852539e-01
1.325598359107971191e-01
1.871643066406250000e-01
6.885675340890884399e-02
3.876262158155441284e-02
1.359930783510208130e-01
1.087925881147384644e-01
7.728735357522964478e-02
1.550803482532501221e-01
7.278782874345779419e-02
1.216123700141906738e-01
6.140630319714546204e-02
5.227723345160484314e-02
9.713517874479293823e-02
1.249062642455101013e-01
1.256969422101974487e-01
1.351849734783172607e-01
7.845412939786911011e-02
1.856271177530288696e-01
4.161932691931724548e-02
9.130153805017471313e-02
9.699219465255737305e-02
1.471824198961257935e-01
1.107508465647697449e-01
8.654543012380599976e-02
8.747688680887222290e-02
4.681641608476638794e-02
6.744667887687683105e-02
1.510978788137435913e-01
3.500227630138397217e-02
6.933499872684478760e-02
6.833067536354064941e-02
3.798413649201393127e-02
1.039941981434822083e-01
3.014072217047214508e-02
1.964852958917617798e-01
4.992986842989921570e-02
7.007461041212081909e-02
9.490689635276794434e-02
2.663708478212356567e-02
1.422950476408004761e-01
1.522020902484655380e-02
5.402889475226402283e-02
6.881146878004074097e-02
1.580644100904464722e-01
6.963474303483963013e-02
1.674696058034896851e-01
4.679936915636062622e-02
9.665636718273162842e-02
8.202858269214630127e-02
1.730882078409194946e-01
2.680985443294048309e-02
7.994994521141052246e-02
4.071572795510292053e-02
7.788667082786560059e-02
8.261476457118988037e-02
6.694993376731872559e-02
6.988286972045898438e-02
1.942582428455352783e-01
1.212674006819725037e-02
1.044174097478389740e-02
1.151087060570716858e-01
1.117169559001922607e-01
5.227303877472877502e-02
1.396370679140090942e-01
1.561008244752883911e-01
4.127487912774085999e-02
5.812470614910125732e-02
2.011414803564548492e-02
5.342166498303413391e-02
1.509011089801788330e-01
5.809117853641510010e-02
6.263206154108047485e-02
1.956909596920013428e-01
5.852960795164108276e-02
9.053830802440643311e-02
2.480540052056312561e-02
3.882350772619247437e-02
1.529836952686309814e-01
6.633999198675155640e-02
4.190194606781005859e-02
1.776109784841537476e-01
6.805502623319625854e-02
9.077567607164382935e-02
1.634173393249511719e-01
1.618192493915557861e-01
1.030652076005935669e-01
7.340580970048904419e-02
8.228548616170883179e-02
7.285941392183303833e-02
4.258336126804351807e-02
6.437490880489349365e-02
7.159693539142608643e-02
1.030661612749099731e-01
7.104097306728363037e-02
5.170962959527969360e-02
6.046422943472862244e-02
1.479435116052627563e-01
1.908965557813644409e-01
1.654250621795654297e-01
1.432472616434097290e-01
5.048596486449241638e-02
1.164553686976432800e-01
1.106720790266990662e-01
1.379510313272476196e-01
9.439394623041152954e-02
1.169754043221473694e-01
6.341475993394851685e-02
3.901657834649085999e-02
6.823288649320602417e-02
6.973874568939208984e-02
1.759757846593856812e-01
7.676637917757034302e-02
1.633693873882293701e-01
4.869767278432846069e-02
7.056896388530731201e-02
1.208939999341964722e-01
8.778818696737289429e-02
5.325360968708992004e-02
1.820854246616363525e-01
3.321580216288566589e-02
4.769393801689147949e-02
1.995246559381484985e-01
1.118426993489265442e-01
1.171699613332748413e-01
1.002430319786071777e-01
7.296143472194671631e-02
8.069016784429550171e-02
1.260146349668502808e-01
8.636470139026641846e-02
4.897469654679298401e-02
6.338950991630554199e-02
7.392278313636779785e-02
3.314706683158874512e-02
1.435036063194274902e-01
1.404779106378555298e-01
7.645712792873382568e-02
1.388680189847946167e-01
9.502220153808593750e-02
9.251624345779418945e-02
1.103947013616561890e-01
2.126901745796203613e-01
1.216963082551956177e-01
9.834081679582595825e-02
6.161163002252578735e-02
1.924472153186798096e-01
1.207787021994590759e-01
1.201591044664382935e-01
6.546075642108917236e-02
7.878594845533370972e-02
1.181131899356842041e-01
1.172623485326766968e-01
2.422484159469604492e-01
2.322148382663726807e-01
2.364249825477600098e-01
7.464890182018280029e-02
1.643168628215789795e-01
2.317045629024505615e-01
1.814421266317367554e-01
1.767510026693344116e-01
1.388864070177078247e-01
1.241054907441139221e-01
1.099674627184867859e-01
2.113765031099319458e-01
1.260988414287567139e-01
1.073754206299781799e-01
3.352634236216545105e-02
1.072080731391906738e-01
1.060785353183746338e-01
2.008433640003204346e-01
1.454466879367828369e-01
6.109255179762840271e-02
1.117399334907531738e-01
8.471802622079849243e-02
1.187294796109199524e-01
8.353959769010543823e-02
2.095115333795547485e-01
1.522594988346099854e-01
7.419275492429733276e-02
5.129329115152359009e-02
7.564898580312728882e-02
8.666764944791793823e-02
1.314149796962738037e-01
2.596046924591064453e-01
6.477585434913635254e-02
6.267034262418746948e-02
1.911084502935409546e-01
1.762372404336929321e-01
5.526474118232727051e-02
9.207856655120849609e-02
1.948603540658950806e-01
1.831810176372528076e-01
4.177658632397651672e-02
9.068942070007324219e-02
8.959395438432693481e-02
3.662714362144470215e-02
9.567227214574813843e-02
4.957531765103340149e-02
1.063649505376815796e-01
3.975944221019744873e-02
5.970379337668418884e-02
3.362710401415824890e-02
2.269752621650695801e-01
8.682753890752792358e-02
9.672635793685913086e-02
4.290277883410453796e-02
8.783823996782302856e-02
1.319534033536911011e-01
1.577547043561935425e-01
3.060714341700077057e-02
8.370811492204666138e-02
8.439024537801742554e-02
1.834216564893722534e-01
1.721565425395965576e-01
9.636301547288894653e-02
2.163160294294357300e-01
5.237622186541557312e-02
6.829126924276351929e-02
7.123292237520217896e-02
1.506577432155609131e-01
1.491830348968505859e-01
8.408369123935699463e-02
7.820390164852142334e-02
1.285481452941894531e-01
1.561977267265319824e-01
1.130937337875366211e-01
6.752391904592514038e-02
6.560180336236953735e-02
4.217501357197761536e-02
1.091335192322731018e-01
1.002802327275276184e-01
1.257655024528503418e-01
1.114414632320404053e-01
3.294563293457031250e-02
2.205365598201751709e-01
2.026803940534591675e-01
1.648908406496047974e-01
6.280962377786636353e-02
8.360133320093154907e-02
1.338476985692977905e-01
1.875333040952682495e-01
6.699407100677490234e-02
1.710151582956314087e-01
4.048411920666694641e-02
1.635412722826004028e-01
5.318234488368034363e-02
9.367463737726211548e-02
5.593071132898330688e-02
1.133161112666130066e-01
2.753308117389678955e-01
5.110960081219673157e-02
7.930266857147216797e-02
1.222004219889640808e-01
1.154119670391082764e-01
1.759479045867919922e-01
1.137710362672805786e-01
8.414359390735626221e-02
1.443378627300262451e-01
1.577661931514739990e-01
1.932141780853271484e-01
2.009520679712295532e-01
1.028603687882423401e-01
7.533684372901916504e-02
8.450207859277725220e-02
4.772366583347320557e-02
1.586609333753585815e-01
8.443394303321838379e-02
1.167908906936645508e-01
1.935824751853942871e-01
2.542258799076080322e-01
1.480014771223068237e-01
5.024287849664688110e-02
1.320086419582366943e-01
2.500677667558193207e-02
1.821057498455047607e-01
2.121693193912506104e-01
1.390943974256515503e-01
1.080349162220954895e-01
3.825855255126953125e-02
7.849562168121337891e-02
3.035264313220977783e-01
5.059402808547019958e-02
2.578033208847045898e-01
1.322579830884933472e-01
1.244687139987945557e-01
1.748915910720825195e-01
1.404212564229965210e-01
9.150800853967666626e-02
6.526742130517959595e-02
1.564885079860687256e-01
1.030422374606132507e-01
1.367572993040084839e-01
1.516848206520080566e-01
1.621847450733184814e-01
7.819569855928421021e-02
7.058775424957275391e-02
2.739822864532470703e-01
7.103716582059860229e-02
1.028229966759681702e-01
1.078472957015037537e-01
1.283752471208572388e-01
1.562189757823944092e-01
4.570056870579719543e-02
1.516706347465515137e-01
5.928865075111389160e-02
8.084335923194885254e-02
8.853591978549957275e-02
1.172128319740295410e-01
8.279212564229965210e-02
1.287270933389663696e-01
1.614918559789657593e-01
1.386423408985137939e-01
1.413622498512268066e-01
5.683218687772750854e-02
2.258418202400207520e-01
1.865188032388687134e-01
7.503379136323928833e-02
5.994559079408645630e-02
1.454986333847045898e-01
6.920439749956130981e-02
5.563949421048164368e-02
7.785269618034362793e-02
2.023488730192184448e-01
1.671146303415298462e-01
2.238622456789016724e-01
6.759734451770782471e-02
1.606501787900924683e-01
8.891183882951736450e-02
5.422309041023254395e-02
1.410903930664062500e-01
8.304454386234283447e-02
1.050675213336944580e-01
7.351983338594436646e-02
7.706133276224136353e-02
7.688093185424804688e-02
9.948449581861495972e-02
8.036974817514419556e-02
9.490156918764114380e-02
4.834681376814842224e-02
1.821423880755901337e-02
1.270380616188049316e-01
1.583412885665893555e-01
1.587186008691787720e-01
1.372416168451309204e-01
9.396526217460632324e-02
2.266504913568496704e-01
4.476626217365264893e-02
5.521750450134277344e-02
1.239862293004989624e-01
1.259655803442001343e-01
1.113653630018234253e-01
5.526142939925193787e-02
1.114722043275833130e-01
1.019725352525711060e-01
5.608724057674407959e-02
6.134590506553649902e-02
6.405474245548248291e-02
1.413784027099609375e-01
2.340300381183624268e-01
5.281985923647880554e-02
9.243219345808029175e-02
9.584885835647583008e-02
2.860322296619415283e-01
2.033846825361251831e-01
1.892304718494415283e-01
2.113794088363647461e-01
9.295812249183654785e-02
6.560213118791580200e-02
4.405169561505317688e-02
1.390014737844467163e-01
2.872395217418670654e-01
1.331944763660430908e-01
3.110775649547576904e-01
1.105818822979927063e-01
1.290620267391204834e-01
5.974363535642623901e-02
1.006448864936828613e-01
1.570722758769989014e-01
1.439596265554428101e-01
2.316323518753051758e-01
8.617282658815383911e-02
1.749806404113769531e-01
3.040600419044494629e-01
1.581250429153442383e-01
8.831624686717987061e-02
4.753840342164039612e-02
1.919461041688919067e-01
2.625651061534881592e-01
1.346486955881118774e-01
1.455773264169692993e-01
2.613919675350189209e-01
2.519283294677734375e-01
1.088882088661193848e-01
9.102793782949447632e-02
3.145851790904998779e-01
9.964137524366378784e-02
1.600608676671981812e-01
2.078413963317871094e-01
1.231720596551895142e-01
1.836942732334136963e-01
1.133577972650527954e-01
1.633270382881164551e-01
3.050009012222290039e-01
2.113196402788162231e-01
1.349834054708480835e-01
1.963331699371337891e-01
1.788532137870788574e-01
1.203503832221031189e-01
8.996216952800750732e-02
2.168802022933959961e-01
1.008484214544296265e-01
1.757827848196029663e-01
1.622840762138366699e-01
2.062904536724090576e-01
7.830040901899337769e-02
1.255648583173751831e-01
1.359589993953704834e-01
1.071512028574943542e-01
6.023347377777099609e-02
9.842585027217864990e-02
5.862334743142127991e-02
1.197818890213966370e-01
1.535047143697738647e-01
3.293150663375854492e-01
2.547610104084014893e-01
8.338889479637145996e-02
2.043060511350631714e-01
7.309213280677795410e-02
4.607219994068145752e-02
8.743762224912643433e-02
2.138200104236602783e-01
1.644107550382614136e-01
1.494940519332885742e-01
1.240491941571235657e-01
1.026771068572998047e-01
7.094839215278625488e-02
7.350467890501022339e-02
1.496049165725708008e-01
6.444894522428512573e-02
7.912267744541168213e-02
1.203071624040603638e-01
7.706438750028610229e-02
8.237929642200469971e-02
8.015960454940795898e-02
6.286011636257171631e-02
3.220900893211364746e-02
1.875235885381698608e-01
6.989817321300506592e-02
1.061676293611526489e-01
1.053763553500175476e-02
5.736818164587020874e-02
1.285808980464935303e-01
9.748151898384094238e-02
1.258201003074645996e-01
1.883965432643890381e-01
6.646010279655456543e-02
1.567575484514236450e-01
1.240116283297538757e-01
2.187859565019607544e-01
1.492387801408767700e-01
8.321516960859298706e-02
6.759750843048095703e-02
6.507295370101928711e-02
1.397259980440139771e-01
1.963208317756652832e-01
1.352866888046264648e-01
1.079798191785812378e-01
2.358869016170501709e-01
1.186254769563674927e-01
1.643220633268356323e-01
1.276375055313110352e-01
1.217616423964500427e-01
7.670288532972335815e-02
1.379724293947219849e-01
1.097596213221549988e-01
1.585404127836227417e-01
2.157714366912841797e-01
1.439436227083206177e-01
1.205961108207702637e-01
2.467021644115447998e-01
5.631928145885467529e-02
5.271382257342338562e-02
1.486478745937347412e-01
2.119492590427398682e-01
3.032903186976909637e-02
7.773169875144958496e-02
8.178719133138656616e-02
1.365452855825424194e-01
9.371562302112579346e-02
2.137050032615661621e-01
1.258151829242706299e-01
1.842299550771713257e-01
1.958811432123184204e-01
1.303611099720001221e-01
1.248594820499420166e-01
3.132389187812805176e-01
2.419142723083496094e-01
7.348046451807022095e-02
2.436786293983459473e-01
9.896527975797653198e-02
1.338188946247100830e-01
1.103386804461479187e-01
2.070997059345245361e-01
1.254775673151016235e-01
1.620268374681472778e-01
2.160626202821731567e-01
9.989483654499053955e-02
9.302114695310592651e-02
8.894815295934677124e-02
1.672429889440536499e-01
1.520712375640869141e-01
1.203229799866676331e-01
2.498793900012969971e-01
1.988310962915420532e-01
9.868267178535461426e-02
1.282692849636077881e-01
1.223856434226036072e-01
4.788281768560409546e-02
1.017629653215408325e-01
1.133226454257965088e-01
2.178628593683242798e-01
1.138119697570800781e-01
9.882380813360214233e-02
1.550170183181762695e-01
1.716079115867614746e-01
7.915789633989334106e-02
7.919043302536010742e-02
1.832090765237808228e-01
9.426108002662658691e-02
2.201099544763565063e-01
1.706945896148681641e-01
8.287208527326583862e-02
8.414889872074127197e-02
8.376421779394149780e-02
1.937367320060729980e-01
2.019151151180267334e-01
1.118016466498374939e-01
1.828451305627822876e-01
1.554060578346252441e-01
1.302919536828994751e-01
1.191988438367843628e-01
2.005592435598373413e-01
1.046547889709472656e-01
1.476693004369735718e-01
5.362862721085548401e-02
1.014642342925071716e-01
1.426435858011245728e-01
1.071876063942909241e-01
3.559738397598266602e-01
1.004910692572593689e-01
2.492733597755432129e-01
2.504525482654571533e-01
8.517558872699737549e-02
1.068669781088829041e-01
1.116292327642440796e-01
2.435411214828491211e-01
5.329259485006332397e-02
1.691977977752685547e-01
1.431146562099456787e-01
8.455066382884979248e-02
1.517952233552932739e-01
9.493333846330642700e-02
1.230805292725563049e-01
9.882266819477081299e-02
9.493782371282577515e-02
1.702335923910140991e-01
8.415856212377548218e-02
1.268095970153808594e-01
6.902743875980377197e-02
1.761201471090316772e-01
1.796783804893493652e-01
8.704639226198196411e-02
6.117266789078712463e-02
1.316196918487548828e-01
4.506216570734977722e-02
1.672942787408828735e-01
1.151622384786605835e-01
5.369672551751136780e-02
7.299564033746719360e-02
1.372248977422714233e-01
6.544921547174453735e-02
6.400616466999053955e-02
1.105816438794136047e-01
1.300702542066574097e-01
1.535005122423171997e-01
3.561325669288635254e-01
1.429679095745086670e-01
9.856177121400833130e-02
1.545784771442413330e-01
1.119369566440582275e-01
6.193905696272850037e-02
1.937033385038375854e-01
9.250698238611221313e-02
1.087281554937362671e-01
3.297145366668701172e-01
1.091822981834411621e-01
1.675574928522109985e-01
6.588917970657348633e-02
3.397254347801208496e-01
6.860186904668807983e-02
1.665933877229690552e-01
2.366415560245513916e-01
1.608378887176513672e-01
7.702303677797317505e-02
1.032588481903076172e-01
2.580904960632324219e-01
1.411740779876708984e-01
3.572899103164672852e-02
2.525078058242797852e-01
1.005575582385063171e-01
2.346659451723098755e-01
2.261757254600524902e-01
1.770884394645690918e-01
1.750141382217407227e-01
1.426060646772384644e-01
2.991232462227344513e-02
1.081538498401641846e-01
1.279390156269073486e-01
1.491918861865997314e-01
5.906753614544868469e-02
5.644004046916961670e-02
3.727262020111083984e-01
1.880804300308227539e-01
7.218156754970550537e-02
6.297446042299270630e-02
6.575077027082443237e-02
2.525064349174499512e-01
1.193412318825721741e-01
1.449091434478759766e-01
1.358998119831085205e-01
6.754775345325469971e-02
1.215323731303215027e-01
1.617033332586288452e-01
1.421696394681930542e-01
1.606776118278503418e-01
6.310123950242996216e-02
1.386925876140594482e-01
1.519270092248916626e-01
1.240976899862289429e-01
1.932839304208755493e-01
1.614746004343032837e-01
2.155401557683944702e-01
9.727510809898376465e-02
1.813089102506637573e-01
8.193685114383697510e-02
1.107000783085823059e-01
5.114404857158660889e-02
7.469312101602554321e-02
2.061988264322280884e-01
1.923789680004119873e-01
3.630337119102478027e-01
1.194622442126274109e-01
1.455532014369964600e-01
2.101326584815979004e-01
2.637628912925720215e-01
9.285715967416763306e-02
2.159861028194427490e-01
6.535831093788146973e-02
2.306898683309555054e-01
7.358735054731369019e-02
1.947332024574279785e-01
1.335666626691818237e-01
1.040733754634857178e-01
1.047830432653427124e-01
2.354920506477355957e-01
8.480830490589141846e-02
1.421062350273132324e-01
3.425247967243194580e-01
1.411735415458679199e-01
9.876713901758193970e-02
2.416979223489761353e-01
1.306495815515518188e-01
1.856494098901748657e-01
1.719833761453628540e-01
6.861484795808792114e-02
2.848720550537109375e-01
4.664069786667823792e-02
1.257710456848144531e-01
1.704523712396621704e-01
1.575734615325927734e-01
4.233114421367645264e-02
1.162801310420036316e-01
8.839465677738189697e-02
1.092516854405403137e-01
2.207074761390686035e-01
9.986322373151779175e-02
7.799278944730758667e-02
2.637714743614196777e-01
1.132753863930702209e-01
1.785148382186889648e-01
2.118297964334487915e-01
1.788303703069686890e-01
1.481605768203735352e-01
1.220979467034339905e-01
1.137347668409347534e-01
7.743380218744277954e-02
2.599810957908630371e-01
9.045191109180450439e-02
1.303460001945495605e-01
1.029794961214065552e-01
7.653784751892089844e-02
1.382004320621490479e-01
1.923858672380447388e-01
1.641227602958679199e-01
6.435360014438629150e-02
8.620338886976242065e-02
1.427699029445648193e-01
8.555696159601211548e-02
2.001284062862396240e-01
9.483278542757034302e-02
1.164036616683006287e-01
1.672983020544052124e-01
1.959107965230941772e-01
1.036576852202415466e-01
8.693666756153106689e-02
2.126109451055526733e-01
1.177438646554946899e-01
8.271933346986770630e-02
9.143911302089691162e-02
1.695332378149032593e-01
9.369216859340667725e-02
1.072821766138076782e-01
1.762285083532333374e-01
1.677705198526382446e-01
1.350565552711486816e-01
2.411536276340484619e-01
1.940076053142547607e-01
1.096994280815124512e-01
1.443217396736145020e-01
7.583639770746231079e-02
3.963641822338104248e-02
1.061642169952392578e-01
2.500639855861663818e-01
8.647193759679794312e-02
9.648531675338745117e-02
1.499990671873092651e-01
2.420214116573333740e-01
1.304645538330078125e-01
1.721642613410949707e-01
2.260287255048751831e-01
2.399038374423980713e-01
3.607722371816635132e-02
6.988128423690795898e-01
1.957124173641204834e-01
1.350942850112915039e-01
2.267068475484848022e-01
3.922034427523612976e-02
1.448500007390975952e-01
1.100232452154159546e-01
2.743513286113739014e-01
1.746309399604797363e-01
1.800353229045867920e-01
2.302530407905578613e-01
7.283104211091995239e-02
1.030043214559555054e-01
2.174931913614273071e-01
7.952751219272613525e-02
2.085752189159393311e-01
9.384748339653015137e-02
8.618573099374771118e-02
2.084178477525711060e-02
3.129472434520721436e-01
2.134536206722259521e-01
9.466122835874557495e-02
1.419244706630706787e-01
1.634069681167602539e-01
3.046869337558746338e-01
7.879194617271423340e-02
